identityName,licensorId,appearances,styleGuideCount,propertyCode,propertyRule,propertyReason
Batman aka Bruce Wayne,2,33,12,BM,REVIEWED_FRANCHISE_RULE,
Jason Voorhees,2,23,12,FT,MAJORITY_OF_APPEARANCES,
BATMAN,2,20,17,BM,REVIEWED_FRANCHISE_RULE,
BATMOBILE,2,19,11,BM,MOST_SPECIFIC_CODE,
Catwoman,2,18,14,BM,REVIEWED_FRANCHISE_RULE,
Superman,2,18,13,SM,MAJORITY_OF_APPEARANCES,
BANE,2,13,12,BM,REVIEWED_FRANCHISE_RULE,
Harley Quinn aka Dr. Harleen Francis Quinzel,2,12,12,HQ,REVIEWED_FRANCHISE_RULE,
Joker,2,12,12,JK,REVIEWED_FRANCHISE_RULE,
Marvel Logo,3,12,12,SP,MAJORITY_OF_APPEARANCES,
Wonder Woman aka Princess Diana aka Diana Prince,2,12,10,WW,REVIEWED_FRANCHISE_RULE,
Albus Dumbledore,2,11,10,HP,SINGLE_CANDIDATE,
COMMISSIONER GORDON,2,11,9,BM,MOST_SPECIFIC_CODE,
No Reportable Elements,2,11,1,BM,SINGLE_CANDIDATE,
Scarecrow,2,11,10,BM,MAJORITY_OF_APPEARANCES,
ALFRED,2,10,9,BM,MOST_SPECIFIC_CODE,
Flash,2,10,10,FS,REVIEWED_FRANCHISE_RULE,
Killer Croc,2,10,9,BM,REVIEWED_FRANCHISE_RULE,
MR. FREEZE,2,10,10,BM,MAJORITY_OF_APPEARANCES,
Bilbo Baggins,2,9,6,LR,SINGLE_CANDIDATE,
Elrond,2,9,6,LR,SINGLE_CANDIDATE,
Galadriel,2,9,6,LR,SINGLE_CANDIDATE,
Gandalf,2,9,6,LR,SINGLE_CANDIDATE,
Legolas,2,9,6,LR,SINGLE_CANDIDATE,
NIGHTWING,2,9,9,BM,MOST_SPECIFIC_CODE,
POISON IVY,2,9,9,BM,REVIEWED_FRANCHISE_RULE,
Riddler,2,9,9,BM,REVIEWED_FRANCHISE_RULE,
Robin aka Dick Grayson,2,9,8,BM,REVIEWED_FRANCHISE_RULE,
Ron Weasley,2,9,8,HP,SINGLE_CANDIDATE,
Saruman,2,9,6,LR,SINGLE_CANDIDATE,
Two-Face,2,9,8,BM,MOST_SPECIFIC_CODE,
Aquaman aka Arthur Curry,2,8,6,AQ,REVIEWED_FRANCHISE_RULE,
BATGIRL,2,8,8,BM,MOST_SPECIFIC_CODE,
Doctor Octopus,3,8,8,SP,REVIEWED_FRANCHISE_RULE,
Harry Potter,2,8,7,HP,SINGLE_CANDIDATE,
Hawkgirl,2,8,6,SM,MOST_SPECIFIC_CODE,
Hermione Granger,2,8,7,HP,SINGLE_CANDIDATE,
Hogwarts Express,2,8,8,HP,SINGLE_CANDIDATE,
Neo,2,8,4,,NO_PROPERTY_CANDIDATE,
Penguin,2,8,7,BM,REVIEWED_FRANCHISE_RULE,
Spider-Man,3,8,8,SP,REVIEWED_FRANCHISE_RULE,
Wolverine,3,8,6,WR,REVIEWED_FRANCHISE_RULE,
Wonder Woman,2,8,8,WW,REVIEWED_FRANCHISE_RULE,
Draco Malfoy,2,7,7,HP,SINGLE_CANDIDATE,
Krypto,2,7,7,SM,REVIEWED_FRANCHISE_RULE,
Lex Luthor,2,7,7,SM,REVIEWED_FRANCHISE_RULE,
Miles Morales,3,7,7,SP,MAJORITY_OF_APPEARANCES,
Rubeus Hagrid,2,7,7,HP,SINGLE_CANDIDATE,
Sandman,3,7,7,SP,REVIEWED_FRANCHISE_RULE,
Supergirl,2,7,7,SG,REVIEWED_FRANCHISE_RULE,
Trinity,2,7,5,JG,SINGLE_CANDIDATE,
Ant-Man,3,6,5,AV,REVIEWED_FRANCHISE_RULE,
Aragorn,2,6,3,LR,SINGLE_CANDIDATE,
Arwen,2,6,3,LR,SINGLE_CANDIDATE,
Black Adam,2,6,4,BP,MAJORITY_OF_APPEARANCES,
Black Panther,3,6,6,BP,REVIEWED_FRANCHISE_RULE,
Boromir,2,6,3,LR,SINGLE_CANDIDATE,
Captain America,3,6,6,CA,REVIEWED_FRANCHISE_RULE,
Cheetah,2,6,6,WW,REVIEWED_FRANCHISE_RULE,
Deadpool,3,6,6,DP,REVIEWED_FRANCHISE_RULE,
Denethor,2,6,3,LR,SINGLE_CANDIDATE,
Dr. Doom,3,6,6,,NEEDS_HUMAN,"Equally specific, equally frequent property codes: FFF, MU"
Dr. Strange,3,6,6,DR,REVIEWED_FRANCHISE_RULE,
Electro,3,6,6,SP,REVIEWED_FRANCHISE_RULE,
Eowyn,2,6,3,LR,SINGLE_CANDIDATE,
Faramir,2,6,3,LR,SINGLE_CANDIDATE,
Ford Anglia,2,6,6,HP,SINGLE_CANDIDATE,
George Weasley,2,6,6,HP,SINGLE_CANDIDATE,
Ghost-Spider,3,6,6,SP,REVIEWED_FRANCHISE_RULE,
Gimli,2,6,3,LR,SINGLE_CANDIDATE,
Ginny Weasley,2,6,6,HP,SINGLE_CANDIDATE,
Green Goblin,3,6,6,SP,REVIEWED_FRANCHISE_RULE,
Green Lantern,2,6,6,GN,REVIEWED_FRANCHISE_RULE,
Hawkman,2,6,5,BP,MOST_SPECIFIC_CODE,
Hulk,3,6,6,HU,REVIEWED_FRANCHISE_RULE,
Iron Man,3,6,6,RM,REVIEWED_FRANCHISE_RULE,
Katana,2,6,6,JG,MOST_SPECIFIC_CODE,
Lizard,3,6,6,SP,REVIEWED_FRANCHISE_RULE,
Lois Lane,2,6,6,SM,MAJORITY_OF_APPEARANCES,
Loki,3,6,6,LK,REVIEWED_FRANCHISE_RULE,
Man-Bat,2,6,5,BM,MOST_SPECIFIC_CODE,
Mera,2,6,5,AQ,MAJORITY_OF_APPEARANCES,
Merry,2,6,3,LR,SINGLE_CANDIDATE,
Morpheus,2,6,4,,NO_PROPERTY_CANDIDATE,
Neville Longbottom,2,6,6,HP,SINGLE_CANDIDATE,
Nick Fury,3,6,5,AV,REVIEWED_FRANCHISE_RULE,
Pippin,2,6,3,LR,SINGLE_CANDIDATE,
Ra's Al Ghul,2,6,6,BM,MAJORITY_OF_APPEARANCES,
Remus Lupin,2,6,6,HP,SINGLE_CANDIDATE,
Rhino,3,6,6,SP,REVIEWED_FRANCHISE_RULE,
Samwise Gamgee,2,6,3,LR,SINGLE_CANDIDATE,
Scarlet Witch,3,6,6,AV,REVIEWED_FRANCHISE_RULE,
Severus Snape,2,6,6,HP,SINGLE_CANDIDATE,
Sirius Black,2,6,6,HP,SINGLE_CANDIDATE,
Smaug,2,6,3,,NO_PROPERTY_CANDIDATE,
Solomon Grundy,2,6,6,BM,REVIEWED_FRANCHISE_RULE,
Thanos,3,6,6,TN,REVIEWED_FRANCHISE_RULE,
Theoden,2,6,3,LR,SINGLE_CANDIDATE,
Vulture,3,6,6,SP,REVIEWED_FRANCHISE_RULE,
Wormtongue,2,6,3,LR,SINGLE_CANDIDATE,
Agent Smith,2,5,3,,NO_PROPERTY_CANDIDATE,
Amanda Waller,2,5,5,BM,MOST_SPECIFIC_CODE,
Avengers Logo,3,5,5,AV,REVIEWED_FRANCHISE_RULE,
Batgirl aka Barbara Gordon,2,5,5,BM,REVIEWED_FRANCHISE_RULE,
Beast,3,5,5,XM,REVIEWED_FRANCHISE_RULE,
Black Cat,3,5,5,,NEEDS_HUMAN,"Equally specific, equally frequent property codes: MU, SP"
Black Manta,2,5,5,AQ,REVIEWED_FRANCHISE_RULE,
Black Widow,3,5,5,BW,REVIEWED_FRANCHISE_RULE,
Bruce Wayne,2,5,5,BM,SINGLE_CANDIDATE,
Cable,3,5,4,XM,MAJORITY_OF_APPEARANCES,
Captain Marvel,3,5,5,CM,REVIEWED_FRANCHISE_RULE,
Carnage,3,5,5,VN,REVIEWED_FRANCHISE_RULE,
Clayface,2,5,5,BM,MOST_SPECIFIC_CODE,
"Cyborg aka Victor ""Vic"" Stone",2,5,5,JG,REVIEWED_FRANCHISE_RULE,
Darkseid,2,5,5,JG,REVIEWED_FRANCHISE_RULE,
Doomsday,2,5,5,SM,REVIEWED_FRANCHISE_RULE,
Drax,3,5,5,GG,REVIEWED_FRANCHISE_RULE,
Dudley Dursley,2,5,5,HP,SINGLE_CANDIDATE,
Falcon,3,5,5,CA,REVIEWED_FRANCHISE_RULE,
Fang,2,5,5,HP,SINGLE_CANDIDATE,
Frodo,2,5,5,LR,SINGLE_CANDIDATE,
Gamora,3,5,5,GG,REVIEWED_FRANCHISE_RULE,
General Zod,2,5,5,,NEEDS_HUMAN,"Equally specific, equally frequent property codes: FS, SM"
Gollum,2,5,5,LR,SINGLE_CANDIDATE,
Groot,3,5,5,GR,REVIEWED_FRANCHISE_RULE,
Guardians of the Galaxy Logo,3,5,5,GG,REVIEWED_FRANCHISE_RULE,
Hawkeye,3,5,5,AV,REVIEWED_FRANCHISE_RULE,
Hedwig,2,5,5,HP,SINGLE_CANDIDATE,
Infinity Gauntlet,3,5,5,TN,REVIEWED_FRANCHISE_RULE,
Jack o Lantern,3,5,5,SP,REVIEWED_FRANCHISE_RULE,
Jade,2,5,4,MB,MAJORITY_OF_APPEARANCES,
Kraven the Hunter,3,5,5,SP,REVIEWED_FRANCHISE_RULE,
Lobo,2,5,4,SG,MAJORITY_OF_APPEARANCES,
Magneto,3,5,5,XM,REVIEWED_FRANCHISE_RULE,
Max,2,5,4,,NEEDS_HUMAN,"Equally specific, equally frequent property codes: BM, LB, WT"
Mrs. Norris,2,5,5,HP,SINGLE_CANDIDATE,
Mysterio,3,5,5,SP,REVIEWED_FRANCHISE_RULE,
Nebula,3,5,5,GG,REVIEWED_FRANCHISE_RULE,
Niobe,2,5,3,,NO_PROPERTY_CANDIDATE,
Nova,3,5,4,,NEEDS_HUMAN,"Equally specific, equally frequent property codes: MU, SP"
Peter Parker,3,5,5,SP,MAJORITY_OF_APPEARANCES,
Red Hood,2,5,4,BM,MOST_SPECIFIC_CODE,
Rocket Raccoon,3,5,5,RR,REVIEWED_FRANCHISE_RULE,
Shazam!,2,5,4,JG,MOST_SPECIFIC_CODE,
She-Hulk,3,5,5,HU,REVIEWED_FRANCHISE_RULE,
Silver Surfer,3,5,5,,NEEDS_HUMAN,"Equally specific, equally frequent property codes: FFF, MU"
Spider Woman,3,5,5,SP,REVIEWED_FRANCHISE_RULE,
Spider-Ham,3,5,5,SP,REVIEWED_FRANCHISE_RULE,
Spider-Man 2099,3,5,5,SP,REVIEWED_FRANCHISE_RULE,
Star-Lord,3,5,5,GG,REVIEWED_FRANCHISE_RULE,
Steve Trevor,2,5,4,WW,MOST_SPECIFIC_CODE,
Storm,3,5,5,XM,REVIEWED_FRANCHISE_RULE,
Sunspot,3,5,5,XM,REVIEWED_FRANCHISE_RULE,
The Joker,2,5,4,BM,SINGLE_CANDIDATE,
Thor,3,5,5,TH,REVIEWED_FRANCHISE_RULE,
Ultron,3,5,5,AV,REVIEWED_FRANCHISE_RULE,
Venom,3,5,5,VN,REVIEWED_FRANCHISE_RULE,
Vision,3,5,5,AV,REVIEWED_FRANCHISE_RULE,
Voldemort,2,5,5,HP,SINGLE_CANDIDATE,
Winter Soldier,3,5,5,CA,REVIEWED_FRANCHISE_RULE,
A.I.M.,3,4,4,AV,REVIEWED_FRANCHISE_RULE,
Abomination,3,4,4,HU,REVIEWED_FRANCHISE_RULE,
Angel,3,4,4,XM,REVIEWED_FRANCHISE_RULE,
Aragog,2,4,4,HP,SINGLE_CANDIDATE,
Argus Filch,2,4,4,HP,SINGLE_CANDIDATE,
Arnim Zola,3,4,4,,NEEDS_HUMAN,"Equally specific, equally frequent property codes: CA, MU, SP"
BATWING,2,4,4,BM,MAJORITY_OF_APPEARANCES,
BEETLEJUICE,2,4,3,BJ,SINGLE_CANDIDATE,
Bill Weasley,2,4,4,HP,SINGLE_CANDIDATE,
Blade,3,4,4,MU,MOST_SPECIFIC_CODE,
Blue Beetle,2,4,4,JG,SINGLE_CANDIDATE,
Bumblebee,2,4,4,JG,SINGLE_CANDIDATE,
Collector,3,4,4,GG,REVIEWED_FRANCHISE_RULE,
Colossus,3,4,4,XM,REVIEWED_FRANCHISE_RULE,
Cosmo,3,4,4,GG,REVIEWED_FRANCHISE_RULE,
Cyclops,3,4,4,XM,REVIEWED_FRANCHISE_RULE,
Daredevil,3,4,4,MU,MOST_SPECIFIC_CODE,
Deadshot,2,4,4,BM,MOST_SPECIFIC_CODE,
Dobby,2,4,4,HP,SINGLE_CANDIDATE,
Doctor Fate,2,4,2,BP,MOST_SPECIFIC_CODE,
Fawkes,2,4,4,HP,SINGLE_CANDIDATE,
Fluffy,2,4,4,HP,SINGLE_CANDIDATE,
Fred Weasley,2,4,4,HP,SINGLE_CANDIDATE,
Gambit,3,4,4,XM,REVIEWED_FRANCHISE_RULE,
Ghost Rider,3,4,4,MU,MOST_SPECIFIC_CODE,
Green Arrow,2,4,4,JG,REVIEWED_FRANCHISE_RULE,
Gwen Stacy,3,4,4,SP,MAJORITY_OF_APPEARANCES,
Hela,3,4,4,TH,REVIEWED_FRANCHISE_RULE,
Hippolyta,2,4,3,WW,SINGLE_CANDIDATE,
Hydra,3,4,4,,NEEDS_HUMAN,"Equally specific, equally frequent property codes: MU, SP"
Hydro Man,3,4,4,,NEEDS_HUMAN,"Equally specific, equally frequent property codes: MU, SP"
Iron Fist,3,4,4,,NEEDS_HUMAN,"Equally specific, equally frequent property codes: MU, SP"
Iron Spider-Man,3,4,4,SP,REVIEWED_FRANCHISE_RULE,
Jean Grey,3,4,3,,NEEDS_HUMAN,"Equally specific, equally frequent property codes: MU, XM"
Kang,3,4,4,AV,REVIEWED_FRANCHISE_RULE,
Kingpin,3,4,4,,NEEDS_HUMAN,"Equally specific, equally frequent property codes: MU, SP"
M.O.D.O.K,3,4,4,AV,REVIEWED_FRANCHISE_RULE,
Marvel Girl,3,4,4,XM,REVIEWED_FRANCHISE_RULE,
Maxwell Lord,2,4,4,,NEEDS_HUMAN,"Equally specific, equally frequent property codes: SG, SM, WW"
Minerva Mcgonagall,2,4,4,HP,SINGLE_CANDIDATE,
Mole Man,3,4,4,,NEEDS_HUMAN,"Equally specific, equally frequent property codes: FFF, MU, SP"
Moloid,3,4,4,,NEEDS_HUMAN,"Equally specific, equally frequent property codes: FFF, MU, SP"
Morbius,3,4,4,SP,REVIEWED_FRANCHISE_RULE,
Mr. Fantastic,3,4,3,MU,MOST_SPECIFIC_CODE,
Ms. Marvel (Kamala Khan),3,4,4,MU,MOST_SPECIFIC_CODE,
Namor,3,4,4,,NEEDS_HUMAN,"Equally specific, equally frequent property codes: FFF, MU"
Nightcrawler,3,4,4,XM,REVIEWED_FRANCHISE_RULE,
Norbert,2,4,4,HP,SINGLE_CANDIDATE,
Oliver Wood,2,4,4,HP,SINGLE_CANDIDATE,
Peter Pettigrew,2,4,4,HP,SINGLE_CANDIDATE,
Petunia Dursley,2,4,4,HP,SINGLE_CANDIDATE,
Phil Coulson,3,4,4,,NEEDS_HUMAN,"Equally specific, equally frequent property codes: MU, SP"
Prowler,3,4,4,SP,REVIEWED_FRANCHISE_RULE,
Quicksilver,3,4,4,,NEEDS_HUMAN,"Equally specific, equally frequent property codes: MU, XM"
Raven,2,4,4,JG,SINGLE_CANDIDATE,
Red Hulk,3,4,4,HU,REVIEWED_FRANCHISE_RULE,
ROBIN,2,4,4,BM,SINGLE_CANDIDATE,
Ronan the Accuser,3,4,4,GG,REVIEWED_FRANCHISE_RULE,
S.H.I.E.L.D.,3,4,4,AV,REVIEWED_FRANCHISE_RULE,
Scabbers,2,4,4,HP,SINGLE_CANDIDATE,
Scarlet Spider Ben Reilly,3,4,4,SP,REVIEWED_FRANCHISE_RULE,
Scorpion,3,4,4,SP,REVIEWED_FRANCHISE_RULE,
Shocker,3,4,4,SP,REVIEWED_FRANCHISE_RULE,
Silk,3,4,4,SP,REVIEWED_FRANCHISE_RULE,
Sinestro,2,4,4,GN,REVIEWED_FRANCHISE_RULE,
Spider-Girl,3,4,4,SP,REVIEWED_FRANCHISE_RULE,
Spider-Girl (Anya Corazon),3,4,4,SP,REVIEWED_FRANCHISE_RULE,
Spider-Gwen,3,4,4,SP,MAJORITY_OF_APPEARANCES,
Spider-Man (India),3,4,4,SP,MAJORITY_OF_APPEARANCES,
Spider-Man Noir,3,4,4,SP,MAJORITY_OF_APPEARANCES,
Spot,3,4,4,SP,REVIEWED_FRANCHISE_RULE,
Starfire,2,4,4,JG,SINGLE_CANDIDATE,
Sunfire,3,4,4,XM,REVIEWED_FRANCHISE_RULE,
Superboy,2,4,4,SM,MOST_SPECIFIC_CODE,
Thunderbird,3,4,4,XM,REVIEWED_FRANCHISE_RULE,
Trapster,3,4,4,,NEEDS_HUMAN,"Equally specific, equally frequent property codes: FFF, MU, SP"
Troll,2,4,4,HP,SINGLE_CANDIDATE,
Ultimate Spider-Man Morales,3,4,4,SP,REVIEWED_FRANCHISE_RULE,
Vernon Dursley,2,4,4,HP,SINGLE_CANDIDATE,
War Machine,3,4,4,RM,REVIEWED_FRANCHISE_RULE,
Wasp,3,4,4,AV,REVIEWED_FRANCHISE_RULE,
"Watson, Mary Jane",3,4,4,SP,REVIEWED_FRANCHISE_RULE,
Werewolf By Night,3,4,4,,NEEDS_HUMAN,"Equally specific, equally frequent property codes: MU, SP"
White Tiger,3,4,4,,NEEDS_HUMAN,"Equally specific, equally frequent property codes: MU, SP"
X-23,3,4,4,WR,REVIEWED_FRANCHISE_RULE,
X-Men Logo,3,4,4,XM,REVIEWED_FRANCHISE_RULE,
Yellowjacket,3,4,4,AV,REVIEWED_FRANCHISE_RULE,
Yondu,3,4,4,GG,REVIEWED_FRANCHISE_RULE,
Zatanna aka Zatanna Zatara,2,4,4,BM,MOST_SPECIFIC_CODE,
Agent Venom,3,3,3,VN,REVIEWED_FRANCHISE_RULE,
Agony (Symbiote,3,3,3,,NEEDS_HUMAN,"Equally specific, equally frequent property codes: MU, SP"
Alfred Pennyworth,2,3,3,BM,SINGLE_CANDIDATE,
Alicia Spinnet,2,3,3,HP,SINGLE_CANDIDATE,
America Chavez,3,3,3,MU,MOST_SPECIFIC_CODE,
Angelina Johnson,2,3,3,HP,SINGLE_CANDIDATE,
Annihilus,3,3,3,MU,MOST_SPECIFIC_CODE,
Antiope,2,3,2,WW,SINGLE_CANDIDATE,
Apocalypse,3,3,3,XM,REVIEWED_FRANCHISE_RULE,
Archangel,3,3,3,XM,REVIEWED_FRANCHISE_RULE,
Ares,2,3,3,JG,SINGLE_CANDIDATE,
Atrocitus,2,3,3,GN,MOST_SPECIFIC_CODE,
Aunt Marge Dursley,2,3,3,HP,SINGLE_CANDIDATE,
Authur Weasley,2,3,3,HP,SINGLE_CANDIDATE,
Azog,2,3,3,,NO_PROPERTY_CANDIDATE,
Azog as voiced by Manu Bennett,2,3,3,,NO_PROPERTY_CANDIDATE,
Bain,2,3,3,,NO_PROPERTY_CANDIDATE,
Balin,2,3,3,,NO_PROPERTY_CANDIDATE,
Bard,2,3,3,,NO_PROPERTY_CANDIDATE,
Basilisk,2,3,3,HP,SINGLE_CANDIDATE,
BATBOAT,2,3,3,BM,SINGLE_CANDIDATE,
BATCYCLE,2,3,3,BM,SINGLE_CANDIDATE,
Bellatrix Lestrange,2,3,3,HP,SINGLE_CANDIDATE,
Beorn,2,3,3,,NO_PROPERTY_CANDIDATE,
Bifur-dwarf,2,3,3,,NO_PROPERTY_CANDIDATE,
Big Barda,2,3,3,SM,MOST_SPECIFIC_CODE,
Black Costume Spider-Man,3,3,3,,NEEDS_HUMAN,"Equally specific, equally frequent property codes: MU, SP"
Black Mask,2,3,3,BM,SINGLE_CANDIDATE,
Blackfire,2,3,3,BM,SINGLE_CANDIDATE,
Bofur,2,3,3,,NO_PROPERTY_CANDIDATE,
Boggart,2,3,3,HP,SINGLE_CANDIDATE,
Bolg,2,3,3,,NO_PROPERTY_CANDIDATE,
Bombur-dwarf,2,3,3,,NO_PROPERTY_CANDIDATE,
Brainiac,2,3,3,SM,REVIEWED_FRANCHISE_RULE,
Buckbeak,2,3,3,HP,SINGLE_CANDIDATE,
Cap-Wolf,3,3,3,CA,REVIEWED_FRANCHISE_RULE,
Captain America (Sam Wilson),3,3,3,CA,REVIEWED_FRANCHISE_RULE,
Captain Cold,2,3,3,FS,REVIEWED_FRANCHISE_RULE,
Charlie,2,3,3,WW,SINGLE_CANDIDATE,
Charlie Weasley,2,3,3,HP,SINGLE_CANDIDATE,
Cho Chang,2,3,3,HP,SINGLE_CANDIDATE,
Cirdain,2,3,3,LR,SINGLE_CANDIDATE,
Crookshanks,2,3,3,HP,SINGLE_CANDIDATE,
Crossbones,3,3,3,CA,REVIEWED_FRANCHISE_RULE,
Deathstroke the Terminator,2,3,3,BM,MOST_SPECIFIC_CODE,
Dementor,2,3,3,HP,SINGLE_CANDIDATE,
Demon,2,3,3,A9,SINGLE_CANDIDATE,
Diana Prince,2,3,3,WW,MAJORITY_OF_APPEARANCES,
Doctor Light,2,3,2,JG,SINGLE_CANDIDATE,
Domino,3,3,3,,NEEDS_HUMAN,"Equally specific, equally frequent property codes: DP, MU, XM"
Dori-dwarf,2,3,3,,NO_PROPERTY_CANDIDATE,
Dorothy,2,3,1,WZ,SINGLE_CANDIDATE,
Dwalin,2,3,3,,NO_PROPERTY_CANDIDATE,
Emma Frost,3,3,3,XM,MAJORITY_OF_APPEARANCES,
Erik Killmonger,3,3,3,,NEEDS_HUMAN,"Equally specific, equally frequent property codes: BP, MU"
Ernie Prang,2,3,3,HP,SINGLE_CANDIDATE,
Errol,2,3,3,HP,SINGLE_CANDIDATE,
Fat Lady,2,3,3,HP,MAJORITY_OF_APPEARANCES,
Father Gordon,2,3,3,C3,MAJORITY_OF_APPEARANCES,
Fili,2,3,3,,NO_PROPERTY_CANDIDATE,
Fimbul,2,3,3,,NO_PROPERTY_CANDIDATE,
Frankenstein`s Monster,3,3,2,SP,MAJORITY_OF_APPEARANCES,
Franklin Richards,3,3,3,MU,MOST_SPECIFIC_CODE,
Freddy Freeman,2,3,2,,NO_PROPERTY_CANDIDATE,
Frodo Baggins,2,3,3,LR,SINGLE_CANDIDATE,
Galactus,3,3,3,,NEEDS_HUMAN,"Equally specific, equally frequent property codes: FFF, MU"
Giant Man,3,3,3,AV,REVIEWED_FRANCHISE_RULE,
Giganta,2,3,3,JG,SINGLE_CANDIDATE,
Gizmo,2,3,3,,NO_PROPERTY_CANDIDATE,
Gloin-dwarf,2,3,3,,NO_PROPERTY_CANDIDATE,
Gorilla Grodd,2,3,3,FS,MOST_SPECIFIC_CODE,
Granny Goodness,2,3,3,SM,MOST_SPECIFIC_CODE,
Green Lantern aka Alan Scott,2,3,3,GN,REVIEWED_FRANCHISE_RULE,
Grim,2,3,3,HP,SINGLE_CANDIDATE,
Hal Jordan,2,3,3,GN,MOST_SPECIFIC_CODE,
Hammerhead,3,3,3,SP,MAJORITY_OF_APPEARANCES,
Hank Pym,3,3,3,MU,MOST_SPECIFIC_CODE,
Harley Quinn,2,3,3,BM,SINGLE_CANDIDATE,
Havok,3,3,3,XM,REVIEWED_FRANCHISE_RULE,
Hercules,3,3,3,AV,REVIEWED_FRANCHISE_RULE,
Hippogriff,2,3,3,HP,SINGLE_CANDIDATE,
Hobgoblin,3,3,3,SP,REVIEWED_FRANCHISE_RULE,
Hogwarts Students,2,3,3,HP,SINGLE_CANDIDATE,
Hulkbuster Armor Iron Man,3,3,3,RM,REVIEWED_FRANCHISE_RULE,
Human Torch,3,3,3,MU,MOST_SPECIFIC_CODE,
Iceman,3,3,3,,NEEDS_HUMAN,"Equally specific, equally frequent property codes: MU, XM"
Invisible Woman,3,3,3,MU,MOST_SPECIFIC_CODE,
Jackal,3,3,3,SP,REVIEWED_FRANCHISE_RULE,
"Jameson, J. Jonah",3,3,3,SP,REVIEWED_FRANCHISE_RULE,
Jarvis,3,3,3,AV,REVIEWED_FRANCHISE_RULE,
Jeff the Land Shark,3,3,3,MU,MOST_SPECIFIC_CODE,
Jessica Cruz,2,3,3,GN,MOST_SPECIFIC_CODE,
Jubilee,3,3,3,XM,REVIEWED_FRANCHISE_RULE,
Juggernaut,3,3,3,XM,REVIEWED_FRANCHISE_RULE,
Katie Bell,2,3,3,HP,SINGLE_CANDIDATE,
Kid Flash,2,3,3,FS,MOST_SPECIFIC_CODE,
Kili,2,3,3,,NO_PROPERTY_CANDIDATE,
King Nereus,2,3,2,AQ,SINGLE_CANDIDATE,
King Shark,2,3,3,BM,MOST_SPECIFIC_CODE,
Kitty Pryde,3,3,3,XM,MAJORITY_OF_APPEARANCES,
Klaw,3,3,3,BP,REVIEWED_FRANCHISE_RULE,
Lady Spider,3,3,3,,NEEDS_HUMAN,"Equally specific, equally frequent property codes: MU, SP"
Leader,3,3,3,HU,REVIEWED_FRANCHISE_RULE,
Lena Luthor,2,3,3,,NEEDS_HUMAN,"Equally specific, equally frequent property codes: SG, SM"
Livewire,2,3,3,BM,MOST_SPECIFIC_CODE,
Lockjaw,3,3,3,MU,MOST_SPECIFIC_CODE,
Lucius Fox,2,3,3,BM,SINGLE_CANDIDATE,
Luke Cage,3,3,3,,NEEDS_HUMAN,"Equally specific, equally frequent property codes: MU, SP"
Luna Lovegood,2,3,3,HP,SINGLE_CANDIDATE,
LYDIA,2,3,2,BJ,SINGLE_CANDIDATE,
Madame Poppy Pomfrey,2,3,3,HP,SINGLE_CANDIDATE,
Man-Thing,3,3,3,,NEEDS_HUMAN,"Equally specific, equally frequent property codes: MU, SP"
Mandrake,2,3,3,HP,SINGLE_CANDIDATE,
Mantis,3,3,3,GG,REVIEWED_FRANCHISE_RULE,
Maria Hill,3,3,3,MU,MOST_SPECIFIC_CODE,
Martha Kent,2,3,3,,NEEDS_HUMAN,"Equally specific, equally frequent property codes: BM, SM"
Martian Manhunter,2,3,3,JG,SINGLE_CANDIDATE,
Master of Laketown,2,3,3,,NO_PROPERTY_CANDIDATE,
May Parker,3,3,3,SP,MAJORITY_OF_APPEARANCES,
Mcnair (The Executioner),2,3,3,HP,SINGLE_CANDIDATE,
Miguel O`Hara,3,3,2,SP,SINGLE_CANDIDATE,
Miss Martian,2,3,3,JG,SINGLE_CANDIDATE,
Mister Terrific,2,3,2,SM,MOST_SPECIFIC_CODE,
Moaning Myrtle,2,3,3,HP,SINGLE_CANDIDATE,
Molly Weasley,2,3,3,HP,SINGLE_CANDIDATE,
Mongul,2,3,3,,NEEDS_HUMAN,"Equally specific, equally frequent property codes: GN, SM"
Moody,2,3,3,HP,SINGLE_CANDIDATE,
Moon Knight,3,3,3,MK,REVIEWED_FRANCHISE_RULE,
Morlun,3,3,3,,NEEDS_HUMAN,"Equally specific, equally frequent property codes: MU, SP"
Newt Scamander,2,3,3,,NO_PROPERTY_CANDIDATE,
Nori-dwarf,2,3,3,,NO_PROPERTY_CANDIDATE,
Nymphadora Tonks,2,3,3,HP,SINGLE_CANDIDATE,
Ocean Master,2,3,3,AQ,MOST_SPECIFIC_CODE,
Oin-dwarf,2,3,3,,NO_PROPERTY_CANDIDATE,
Okoye,3,3,3,BP,REVIEWED_FRANCHISE_RULE,
Oracle,2,3,3,BM,SINGLE_CANDIDATE,
Ori,2,3,3,,NO_PROPERTY_CANDIDATE,
ORM,2,3,2,AQ,SINGLE_CANDIDATE,
OTHER,2,3,3,,NEEDS_HUMAN,"Equally specific, equally frequent property codes: BM, LT"
Other Related Characters,2,3,3,,NEEDS_HUMAN,"Equally specific, equally frequent property codes: BM, SM, WW"
Owl,2,3,3,HP,SINGLE_CANDIDATE,
Padfoot,2,3,3,HP,SINGLE_CANDIDATE,
Parasite,2,3,2,SM,MOST_SPECIFIC_CODE,
Perry White,2,3,3,,NEEDS_HUMAN,"Equally specific, equally frequent property codes: BM, SM"
Phoenix,3,3,3,,NEEDS_HUMAN,"Equally specific, equally frequent property codes: MU, XM"
Pixies,2,3,3,HP,SINGLE_CANDIDATE,
Polaris,3,3,3,XM,REVIEWED_FRANCHISE_RULE,
Prof. Flitwick,2,3,3,HP,SINGLE_CANDIDATE,
Professor X,3,3,3,,NEEDS_HUMAN,"Equally specific, equally frequent property codes: MU, XM"
Prongs,2,3,3,HP,SINGLE_CANDIDATE,
Psylocke,3,3,3,,NEEDS_HUMAN,"Equally specific, equally frequent property codes: MU, XM"
Punisher,3,3,3,PU,REVIEWED_FRANCHISE_RULE,
Quake,3,3,3,AV,REVIEWED_FRANCHISE_RULE,
Quidditch Players,2,3,3,HP,SINGLE_CANDIDATE,
Quinjet,3,3,3,AV,REVIEWED_FRANCHISE_RULE,
Radagast,2,3,3,,NO_PROPERTY_CANDIDATE,
Red Skull,3,3,3,CA,REVIEWED_FRANCHISE_RULE,
Red Tornado,2,3,3,JG,MOST_SPECIFIC_CODE,
Reed Richards,3,3,3,,NEEDS_HUMAN,"Equally specific, equally frequent property codes: FFF, MU"
Reverse Flash,2,3,3,FS,REVIEWED_FRANCHISE_RULE,
Rogue,3,3,3,XM,REVIEWED_FRANCHISE_RULE,
Sauron,2,3,3,LR,SINGLE_CANDIDATE,
Scarlet Spider,3,3,3,,NEEDS_HUMAN,"Equally specific, equally frequent property codes: MU, SP"
Scorpion,2,3,3,MB,SINGLE_CANDIDATE,
Scream,3,3,3,MU,MOST_SPECIFIC_CODE,
Sentinel,3,3,3,XM,REVIEWED_FRANCHISE_RULE,
Shang-Chi,3,3,2,MU,MOST_SPECIFIC_CODE,
Shuri,3,3,3,BP,REVIEWED_FRANCHISE_RULE,
Sibyll Trelawney,2,3,3,HP,SINGLE_CANDIDATE,
Silver Banshee,2,3,2,SM,MOST_SPECIFIC_CODE,
Silver Sable,3,3,3,,NEEDS_HUMAN,"Equally specific, equally frequent property codes: MU, SP"
Sir Cadogan,2,3,3,HP,SINGLE_CANDIDATE,
Slugs,2,3,3,HP,SINGLE_CANDIDATE,
SP,3,3,3,,NEEDS_HUMAN,"Equally specific, equally frequent property codes: MG, MU, SP"
Spider-Punk,3,3,3,,NEEDS_HUMAN,"Equally specific, equally frequent property codes: MU, SP"
Spider-X,3,3,3,,NEEDS_HUMAN,"Equally specific, equally frequent property codes: MU, SP"
Spyder-Knight,3,3,3,SP,REVIEWED_FRANCHISE_RULE,
Squirrel Girl,3,3,3,AV,REVIEWED_FRANCHISE_RULE,
Stan Shunpike,2,3,3,HP,SINGLE_CANDIDATE,
Stark Industries,3,3,3,RM,REVIEWED_FRANCHISE_RULE,
Steve Rogers,3,3,3,,NEEDS_HUMAN,"Equally specific, equally frequent property codes: CA, MU"
Sub-Zero,2,3,3,MB,SINGLE_CANDIDATE,
Superior Spider-Man,3,3,3,SP,REVIEWED_FRANCHISE_RULE,
Superior Venom,3,3,3,,NEEDS_HUMAN,"Equally specific, equally frequent property codes: MU, SP"
T`Challa,3,3,3,BP,REVIEWED_FRANCHISE_RULE,
Talia al Ghul,2,3,3,BM,MOST_SPECIFIC_CODE,
Talon,2,3,3,BM,MOST_SPECIFIC_CODE,
Task Master,3,3,3,AV,REVIEWED_FRANCHISE_RULE,
Tauriel,2,3,3,,NO_PROPERTY_CANDIDATE,
The Fat Lady,2,3,3,HP,SINGLE_CANDIDATE,
Thing,3,3,3,MU,MOST_SPECIFIC_CODE,
Thorin,2,3,3,,NO_PROPERTY_CANDIDATE,
Thranduil,2,3,3,,NO_PROPERTY_CANDIDATE,
Tigra,3,3,3,AV,REVIEWED_FRANCHISE_RULE,
Tippy-Toe,3,3,3,MU,MOST_SPECIFIC_CODE,
Title Treatment,2,3,3,BM,MAJORITY_OF_APPEARANCES,
Tony Stark,3,3,3,,NEEDS_HUMAN,"Equally specific, equally frequent property codes: MU, RM"
Toyman,2,3,3,,NEEDS_HUMAN,"Equally specific, equally frequent property codes: BA, SM"
Trigon,2,3,3,JG,SINGLE_CANDIDATE,
Valeria Richards,3,3,3,MU,MOST_SPECIFIC_CODE,
Valkyrie,3,3,3,TH,REVIEWED_FRANCHISE_RULE,
Wildcat,2,3,2,JG,SINGLE_CANDIDATE,
Witch-king of Angmar,2,3,3,LR,SINGLE_CANDIDATE,
Wonder Man,3,3,3,AV,REVIEWED_FRANCHISE_RULE,
Wraith,3,3,3,,NEEDS_HUMAN,"Equally specific, equally frequent property codes: MU, SP"
Wrecker,3,3,3,AV,REVIEWED_FRANCHISE_RULE,
"""Cowboy"" Bob Orton",12,2,1,WSU,SINGLE_CANDIDATE,
1602 Spider-Man,3,2,2,SP,MOST_SPECIFIC_CODE,
2211 Spider-Man,3,2,2,,NEEDS_HUMAN,"Equally specific, equally frequent property codes: MU, SP"
Abomination ( Marvel Studios: The Infinity Saga ),3,2,2,,NO_PROPERTY_CANDIDATE,
Absorbing Man,3,2,2,AV,REVIEWED_FRANCHISE_RULE,
Abyss,3,2,2,,NEEDS_HUMAN,"Equally specific, equally frequent property codes: MU, XM"
Ace,2,2,2,PW,SINGLE_CANDIDATE,
ADAM,2,2,1,BJ,SINGLE_CANDIDATE,
Adam Warlock,3,2,2,,NEEDS_HUMAN,"Equally specific, equally frequent property codes: GG, MU"
Adam Warlock ( Marvel Studios` GOTG Vol. 3 ),3,2,2,,NO_PROPERTY_CANDIDATE,
Adult Eugene,2,2,2,,NO_PROPERTY_CANDIDATE,
Adult Freddy,2,2,2,,NO_PROPERTY_CANDIDATE,
Adult Pedro,2,2,2,,NO_PROPERTY_CANDIDATE,
Agent Thompson,2,2,2,,NO_PROPERTY_CANDIDATE,
Albus Dumbledore (Character),2,2,2,HP,SINGLE_CANDIDATE,
Alex Wilder,3,2,2,MU,MOST_SPECIFIC_CODE,
Alexander,2,2,2,WT,SINGLE_CANDIDATE,
Alexander Luthor,2,2,2,SM,MOST_SPECIFIC_CODE,
Alfrid,2,2,2,,NO_PROPERTY_CANDIDATE,
Alicia Masters,3,2,2,,NEEDS_HUMAN,"Equally specific, equally frequent property codes: FFF, MU"
Allah,2,2,2,,NO_PROPERTY_CANDIDATE,
Amadeus Cho,3,2,2,,NEEDS_HUMAN,"Equally specific, equally frequent property codes: MU, SP"
Ammit ( MS Disney Plus TV Shows ),1,2,2,,NO_PROPERTY_CANDIDATE,
Angela,3,2,2,MU,MOST_SPECIFIC_CODE,
Anna Watson,3,2,2,,NEEDS_HUMAN,"Equally specific, equally frequent property codes: MU, SP"
Ant-Man ( Marvel Studios: The Infinity Saga ),3,2,2,,NO_PROPERTY_CANDIDATE,
Ant-Man ( Marvel Studios` Ant-Man Wasp Quantumania ),3,2,2,,NO_PROPERTY_CANDIDATE,
Anti-Monitor,2,2,2,GN,MOST_SPECIFIC_CODE,
Anti-Venom,3,2,2,,NEEDS_HUMAN,"Equally specific, equally frequent property codes: MU, SP"
Aqualad,2,2,1,JG,SINGLE_CANDIDATE,
Aquaman,2,2,2,,NEEDS_HUMAN,"Equally specific, equally frequent property codes: AQ, BM"
Arana,3,2,2,,NEEDS_HUMAN,"Equally specific, equally frequent property codes: MU, SP"
Arcade,3,2,2,,NEEDS_HUMAN,"Equally specific, equally frequent property codes: MU, XM"
Arisia,2,2,2,GN,MOST_SPECIFIC_CODE,
Arsenal,2,2,2,BM,MOST_SPECIFIC_CODE,
Atlanna,2,2,2,AQ,SINGLE_CANDIDATE,
Atom,2,2,2,GN,MOST_SPECIFIC_CODE,
Atom Smasher aka Nuklon aka Albert Julian Rothstein,2,2,1,BP,SINGLE_CANDIDATE,
Attuma,3,2,2,MU,MOST_SPECIFIC_CODE,
Avengers Logo ( Marvel Studios: The Infinity Saga ),3,2,2,,NO_PROPERTY_CANDIDATE,
Avengers Logo ( MS Disney Plus TV Shows ),1,2,2,,NO_PROPERTY_CANDIDATE,
Ayesha ( Marvel Studios: The Infinity Saga ),3,2,2,,NO_PROPERTY_CANDIDATE,
Azrael,2,2,2,BM,SINGLE_CANDIDATE,
Balrog,2,2,2,LR,SINGLE_CANDIDATE,
Bank Manager,2,2,1,BM,SINGLE_CANDIDATE,
Banshee,3,2,2,,NEEDS_HUMAN,"Equally specific, equally frequent property codes: MU, XM"
BARBARA,2,2,1,BJ,SINGLE_CANDIDATE,
Barbara Gordon,2,2,2,BM,SINGLE_CANDIDATE,
Baron Blood,3,2,2,MU,MOST_SPECIFIC_CODE,
Baron Mordo,3,2,2,DR,REVIEWED_FRANCHISE_RULE,
Baron Zemo,3,2,2,CA,REVIEWED_FRANCHISE_RULE,
Baron Zemo ( Marvel Studios: The Infinity Saga ),3,2,2,,NO_PROPERTY_CANDIDATE,
Baron Zemo ( MS Disney Plus TV Shows ),1,2,2,,NO_PROPERTY_CANDIDATE,
Batcomputer,2,2,2,,NEEDS_HUMAN,"Equally specific, equally frequent property codes: BA, BM"
BATCOPTER,2,2,2,BM,SINGLE_CANDIDATE,
Batroc the Leaper,3,2,2,MU,MOST_SPECIFIC_CODE,
Beagle Boys,1,2,1,,NO_PROPERTY_CANDIDATE,
Beetle,3,2,2,,NEEDS_HUMAN,"Equally specific, equally frequent property codes: MU, SP"
Ben,2,2,1,T9,SINGLE_CANDIDATE,
Ben Grimm,3,2,2,,NEEDS_HUMAN,"Equally specific, equally frequent property codes: FFF, MU"
Ben Parker,3,2,2,,NEEDS_HUMAN,"Equally specific, equally frequent property codes: MU, SP"
Ben Reilly,3,2,2,,NEEDS_HUMAN,"Equally specific, equally frequent property codes: MU, SP"
Beric Dondarrion,2,2,1,GT,SINGLE_CANDIDATE,
Beta-Ray Bill,3,2,2,MU,MOST_SPECIFIC_CODE,
Beverly,2,2,1,T9,SINGLE_CANDIDATE,
Bill,2,2,1,T9,SINGLE_CANDIDATE,
Billy ( MS Disney Plus TV Shows ),1,2,2,,NO_PROPERTY_CANDIDATE,
Billy Batson,2,2,2,,NO_PROPERTY_CANDIDATE,
Billy Peltzer,2,2,2,,NO_PROPERTY_CANDIDATE,
Bishop,3,2,2,XM,SINGLE_CANDIDATE,
"Bishop, Kate ( MS Disney Plus TV Shows )",1,2,2,,NO_PROPERTY_CANDIDATE,
Bizarro,2,2,2,SM,MOST_SPECIFIC_CODE,
Black Bolt,3,2,2,MU,MOST_SPECIFIC_CODE,
Black Canary,2,2,2,BM,MOST_SPECIFIC_CODE,
Black Hand,2,2,2,GN,MOST_SPECIFIC_CODE,
Black Knight,3,2,2,MU,MOST_SPECIFIC_CODE,
Black Panther ( Black Panther Movie 2 ),3,2,2,BP,SINGLE_CANDIDATE,
Black Panther ( Marvel Studios: The Infinity Saga ),3,2,2,,NO_PROPERTY_CANDIDATE,
Black Spider-Man,3,2,2,SP,SINGLE_CANDIDATE,
Black Tom,3,2,2,,NEEDS_HUMAN,"Equally specific, equally frequent property codes: MU, XM"
Black Widow ( Marvel Studios: The Infinity Saga ),3,2,2,,NO_PROPERTY_CANDIDATE,
Blink,3,2,2,,NEEDS_HUMAN,"Equally specific, equally frequent property codes: MU, XM"
Blob,3,2,2,,NEEDS_HUMAN,"Equally specific, equally frequent property codes: MU, XM"
Blood Spider,3,2,2,SP,MOST_SPECIFIC_CODE,
Bob Agent of Hydra,3,2,2,,NEEDS_HUMAN,"Equally specific, equally frequent property codes: DP, MU"
Bolivar Trask,3,2,2,,NEEDS_HUMAN,"Equally specific, equally frequent property codes: MU, XM"
Boom Boom,3,2,2,,NEEDS_HUMAN,"Equally specific, equally frequent property codes: DP, XM"
Boomerang,2,2,2,JG,SINGLE_CANDIDATE,
Boomerang,3,2,2,,NEEDS_HUMAN,"Equally specific, equally frequent property codes: MU, SP"
Bruce Banner,3,2,2,MU,MOST_SPECIFIC_CODE,
Bucky Barnes,3,2,2,CA,MOST_SPECIFIC_CODE,
Buddy the Elf,2,2,1,EF,SINGLE_CANDIDATE,
Bugs Bunny,2,2,2,LT,MOST_SPECIFIC_CODE,
Bulldozer,3,2,2,AV,REVIEWED_FRANCHISE_RULE,
Bullet Points Spider-Man,3,2,2,SP,MOST_SPECIFIC_CODE,
Bullseye,3,2,2,MU,MOST_SPECIFIC_CODE,
Bunty,2,2,2,,NO_PROPERTY_CANDIDATE,
"Burch, Sonny ( Marvel Studios: The Infinity Saga )",3,2,2,,NO_PROPERTY_CANDIDATE,
Cannonball,3,2,2,,NEEDS_HUMAN,"Equally specific, equally frequent property codes: DP, XM"
Captain America ( Marvel Studios: The Infinity Saga ),3,2,2,,NO_PROPERTY_CANDIDATE,
Captain America ( MS Disney Plus TV Shows ),1,2,2,,NO_PROPERTY_CANDIDATE,
Captain Boomerang,2,2,2,GN,SINGLE_CANDIDATE,
Captain Britain,3,2,2,,NEEDS_HUMAN,"Equally specific, equally frequent property codes: MU, XM"
Captain Carter ( MS Disney Plus TV Shows ),1,2,2,,NO_PROPERTY_CANDIDATE,
Captain Marvel,2,2,1,JG,SINGLE_CANDIDATE,
Captain Marvel ( Captain Marvel Movie ),3,2,2,CM,SINGLE_CANDIDATE,
Captain Marvel ( Marvel Studios: The Infinity Saga ),3,2,2,,NO_PROPERTY_CANDIDATE,
Captain Marvel ( Marvel Studios` Captain Marvel 2 ),3,2,2,CM,SINGLE_CANDIDATE,
Carlie Cooper,3,2,2,SP,MOST_SPECIFIC_CODE,
Carol,2,2,2,WT,SINGLE_CANDIDATE,
Carol Danvers,3,2,2,MU,MOST_SPECIFIC_CODE,
"Carter, Sharon ( MS Disney Plus TV Shows )",1,2,2,,NO_PROPERTY_CANDIDATE,
Cedric,2,2,2,,NEEDS_HUMAN,"Equally specific, equally frequent property codes: HP, SG"
Cerebro,3,2,2,,NEEDS_HUMAN,"Equally specific, equally frequent property codes: MU, XM"
Ch`od,3,2,2,,NEEDS_HUMAN,"Equally specific, equally frequent property codes: MU, XM"
Chameleon,3,2,2,,NEEDS_HUMAN,"Equally specific, equally frequent property codes: MU, SP"
Chandler Bing,2,2,1,FN,SINGLE_CANDIDATE,
Charlie Linderman,2,2,1,FJ,SINGLE_CANDIDATE,
Charlie-27,3,2,2,,NEEDS_HUMAN,"Equally specific, equally frequent property codes: GG, MU"
Chase Stein,3,2,2,MU,MOST_SPECIFIC_CODE,
Chewie,2,2,1,FT,SINGLE_CANDIDATE,
Chief,2,2,2,WW,MOST_SPECIFIC_CODE,
Chitauri,3,2,2,MU,MOST_SPECIFIC_CODE,
Circe,2,2,2,WW,MOST_SPECIFIC_CODE,
Clayface aka Basil Karlo,2,2,2,BM,MOST_SPECIFIC_CODE,
Clayface aka Preston Payne,2,2,2,BM,MOST_SPECIFIC_CODE,
Cloak,3,2,2,MU,MOST_SPECIFIC_CODE,
Clone Hunter Spider-Man,3,2,2,SP,MOST_SPECIFIC_CODE,
Copperhead,2,2,2,BM,SINGLE_CANDIDATE,
Cornelius Fudge,2,2,2,HP,SINGLE_CANDIDATE,
Corpse Bride,2,2,1,CD,SINGLE_CANDIDATE,
Corsair,3,2,2,,NEEDS_HUMAN,"Equally specific, equally frequent property codes: MU, XM"
Corsair Captain,2,2,2,LR,SINGLE_CANDIDATE,
Corvus Glaive,3,2,2,MU,MOST_SPECIFIC_CODE,
Cosmic Spider-Man,3,2,2,MU,MOST_SPECIFIC_CODE,
Court of Owls,2,2,2,BM,SINGLE_CANDIDATE,
Crazy Ralph,2,2,1,FT,SINGLE_CANDIDATE,
Credence Barebone,2,2,2,,NO_PROPERTY_CANDIDATE,
Crossbones ( Marvel Studios: The Infinity Saga ),3,2,2,,NO_PROPERTY_CANDIDATE,
Crystal,3,2,2,MU,MOST_SPECIFIC_CODE,
Curt Conners,3,2,2,,NEEDS_HUMAN,"Equally specific, equally frequent property codes: MU, SP"
Cyclone,2,2,2,BP,MOST_SPECIFIC_CODE,
D-Lo Brown,12,2,1,WSU,SINGLE_CANDIDATE,
Daario Naharis,2,2,1,GT,SINGLE_CANDIDATE,
Daemos,3,2,2,SP,MOST_SPECIFIC_CODE,
Daffy Duck,2,2,2,LT,MOST_SPECIFIC_CODE,
Dagger,3,2,2,MU,MOST_SPECIFIC_CODE,
Danger,3,2,2,,NEEDS_HUMAN,"Equally specific, equally frequent property codes: MU, XM"
Daniel Radcliffe (Talent),2,2,2,HP,SINGLE_CANDIDATE,
Dark Elf ( Marvel Studios: The Infinity Saga ),3,2,2,,NO_PROPERTY_CANDIDATE,
Dark Knight (The Word Mark),2,2,2,BM,MOST_SPECIFIC_CODE,
Dark Phoenix,3,2,2,,NEEDS_HUMAN,"Equally specific, equally frequent property codes: MU, XM"
Darla Dudley,2,2,2,,NO_PROPERTY_CANDIDATE,
Dazzler,3,2,2,,NEEDS_HUMAN,"Equally specific, equally frequent property codes: MU, XM"
Deadman,2,2,2,GN,MOST_SPECIFIC_CODE,
Deadpool ( Marvel Studios` Deadpool Movie 3 ),3,2,2,DP,SINGLE_CANDIDATE,
Deagol,2,2,2,LR,SINGLE_CANDIDATE,
Dean,2,2,2,,NEEDS_HUMAN,"Equally specific, equally frequent property codes: GGS, NE"
Dean Thomas,2,2,2,HP,SINGLE_CANDIDATE,
"Death, Embodiment of",3,2,2,MU,MOST_SPECIFIC_CODE,
Deathbird,3,2,2,,NEEDS_HUMAN,"Equally specific, equally frequent property codes: MU, XM"
Deathstroke,2,2,2,BM,SINGLE_CANDIDATE,
DeSaad,2,2,2,SM,MOST_SPECIFIC_CODE,
Destroyer ( Marvel Studios: The Infinity Saga ),3,2,2,,NO_PROPERTY_CANDIDATE,
Devil Dinosaur,3,2,2,MU,SINGLE_CANDIDATE,
Dex-Starr,2,2,2,GN,MOST_SPECIFIC_CODE,
Diablo,3,2,2,,NEEDS_HUMAN,"Equally specific, equally frequent property codes: FFF, MU"
DICK GRAYSON,2,2,2,BM,SINGLE_CANDIDATE,
Doctor Maru,2,2,1,WW,SINGLE_CANDIDATE,
Doctor Poison,2,2,2,WW,MOST_SPECIFIC_CODE,
Doctor Psycho,2,2,2,WW,MOST_SPECIFIC_CODE,
Doctor Strange Supreme ( MS Disney Plus TV Shows ),1,2,2,,NO_PROPERTY_CANDIDATE,
Doctor Thaddeus Sivana,2,2,1,,NO_PROPERTY_CANDIDATE,
Donna Troy,2,2,2,WW,MOST_SPECIFIC_CODE,
Doop,3,2,2,,NEEDS_HUMAN,"Equally specific, equally frequent property codes: MU, XM"
Dora Milaje,3,2,2,MU,MOST_SPECIFIC_CODE,
Dormammu,3,2,2,DR,REVIEWED_FRANCHISE_RULE,
Douglas,2,2,2,WT,SINGLE_CANDIDATE,
Dr. Aikman Spider-Man,3,2,2,SP,MOST_SPECIFIC_CODE,
Dr. Doom ( Fantastic Four Movie ),3,2,2,FFF,SINGLE_CANDIDATE,
Dr. Strange ( Marvel Studios: The Infinity Saga ),3,2,2,,NO_PROPERTY_CANDIDATE,
Dr. Strange ( Spider-Man Movie 2021 ),3,2,2,SP,SINGLE_CANDIDATE,
Draco Malfoy (Talent),2,2,2,HP,SINGLE_CANDIDATE,
Dracula,3,2,2,,NEEDS_HUMAN,"Equally specific, equally frequent property codes: MU, SP"
Dragon Man,3,2,2,,NEEDS_HUMAN,"Equally specific, equally frequent property codes: FFF, MU"
Drax ( Marvel Studios: The Infinity Saga ),3,2,2,,NO_PROPERTY_CANDIDATE,
Drax ( Marvel Studios` GOTG Vol. 3 ),3,2,2,,NO_PROPERTY_CANDIDATE,
Drew,2,2,2,,NEEDS_HUMAN,"Equally specific, equally frequent property codes: C1, C3"
Druig,3,2,2,ER,REVIEWED_FRANCHISE_RULE,
Earth-X Spider-Man,3,2,2,SP,MOST_SPECIFIC_CODE,
Echo,3,2,2,AV,REVIEWED_FRANCHISE_RULE,
Eddie,2,2,1,T9,SINGLE_CANDIDATE,
Eddie Brock,3,2,2,,NEEDS_HUMAN,"Equally specific, equally frequent property codes: MU, SP"
Edgar Frog,2,2,1,LB,SINGLE_CANDIDATE,
Egghead,2,2,2,,NEEDS_HUMAN,"Equally specific, equally frequent property codes: BM, LT"
Ego the Living Planet,3,2,2,GG,REVIEWED_FRANCHISE_RULE,
Ego the Living Planet ( Marvel Studios: The Infinity Saga ),3,2,2,,NO_PROPERTY_CANDIDATE,
Einherjar ( Marvel Comics (Retro) ),3,2,1,MG,SINGLE_CANDIDATE,
"El-Fouly, Zeina ( MS Disney Plus TV Shows )",1,2,2,,NO_PROPERTY_CANDIDATE,
Elektra,3,2,2,MU,MOST_SPECIFIC_CODE,
Enchantress,3,2,2,TH,REVIEWED_FRANCHISE_RULE,
Eomer,2,2,2,LR,SINGLE_CANDIDATE,
Eradicator,2,2,1,SM,SINGLE_CANDIDATE,
Etta Candy,2,2,1,WW,SINGLE_CANDIDATE,
Eugene Choi,2,2,2,,NO_PROPERTY_CANDIDATE,
Falcon ( Marvel Studios: The Infinity Saga ),3,2,2,,NO_PROPERTY_CANDIDATE,
Falcon ( MS Disney Plus TV Shows ),1,2,2,,NO_PROPERTY_CANDIDATE,
Falcon and The Winter Soldier Logo ( MS Disney Plus TV Shows ),1,2,2,,NO_PROPERTY_CANDIDATE,
Fantastic Four,3,2,2,,NEEDS_HUMAN,"Equally specific, equally frequent property codes: FFF, MU"
Fantastic Four Logo,3,2,2,,NEEDS_HUMAN,"Equally specific, equally frequent property codes: FFF, MU"
Fantasticar,3,2,2,,NEEDS_HUMAN,"Equally specific, equally frequent property codes: FFF, MU"
Fantomax,3,2,2,,NEEDS_HUMAN,"Equally specific, equally frequent property codes: MU, XM"
Firefly,2,2,2,BM,SINGLE_CANDIDATE,
Firestorm,2,2,1,JG,SINGLE_CANDIDATE,
Flag Smashers ( MS Disney Plus TV Shows ),1,2,2,,NO_PROPERTY_CANDIDATE,
Flash Thompson,3,2,2,,NEEDS_HUMAN,"Equally specific, equally frequent property codes: MU, SP"
Flerkittens,3,2,2,CM,REVIEWED_FRANCHISE_RULE,
Flerkittens ( Marvel Studios’ The Marvels ),3,2,2,CM,SINGLE_CANDIDATE,
Flint Marko,3,2,2,,NEEDS_HUMAN,"Equally specific, equally frequent property codes: MU, SP"
"Foster, Bill ( Marvel Studios: The Infinity Saga )",3,2,2,,NO_PROPERTY_CANDIDATE,
"Foster, Jane ( Marvel Studios: The Infinity Saga )",3,2,2,,NO_PROPERTY_CANDIDATE,
Fox,2,2,2,BM,SINGLE_CANDIDATE,
Frankenstein`s Monster,2,2,2,RK,SINGLE_CANDIDATE,
Fred Krueger,2,2,1,NE,SINGLE_CANDIDATE,
Freddy Krueger,2,2,1,FJ,SINGLE_CANDIDATE,
Frost Giants,3,2,2,MU,MOST_SPECIFIC_CODE,
Gamora ( Marvel Studios: The Infinity Saga ),3,2,2,,NO_PROPERTY_CANDIDATE,
"Gamora, Daughter of Thanos ( MS Disney Plus TV Shows )",1,2,2,,NO_PROPERTY_CANDIDATE,
Gellert Grindelwald,2,2,2,,NO_PROPERTY_CANDIDATE,
Genis-Vell ( Captain Marvel Movie ),3,2,2,CM,SINGLE_CANDIDATE,
Gertrude Yorkes,3,2,2,MU,MOST_SPECIFIC_CODE,
Ghost,3,2,2,MU,MOST_SPECIFIC_CODE,
Ghost ( Marvel Studios: The Infinity Saga ),3,2,2,,NO_PROPERTY_CANDIDATE,
Giganta aka Doris Zeul,2,2,2,JG,SINGLE_CANDIDATE,
Gilderoy Lockhart,2,2,2,HP,SINGLE_CANDIDATE,
Gilgamesh,3,2,2,ER,REVIEWED_FRANCHISE_RULE,
Gin Yashida,3,2,2,,NEEDS_HUMAN,"Equally specific, equally frequent property codes: MU, XM"
Gladiator,3,2,2,,NEEDS_HUMAN,"Equally specific, equally frequent property codes: MU, XM"
Goliath,3,2,2,MU,MOST_SPECIFIC_CODE,
Goose,3,2,2,CM,REVIEWED_FRANCHISE_RULE,
Gorgon,3,2,2,MU,MOST_SPECIFIC_CODE,
GOTHAM CITY,2,2,2,BM,SINGLE_CANDIDATE,
Grandmaster,3,2,2,GG,REVIEWED_FRANCHISE_RULE,
Grandmaster ( Marvel Studios: The Infinity Saga ),3,2,2,,NO_PROPERTY_CANDIDATE,
"Grant, Steven ( MS Disney Plus TV Shows )",1,2,2,,NO_PROPERTY_CANDIDATE,
Green Lantern aka Guy Gardner,2,2,2,SM,MOST_SPECIFIC_CODE,
Green Lantern aka Hal Jordan,2,2,2,GN,REVIEWED_FRANCHISE_RULE,
Green Lantern aka Jessica Cruz,2,2,2,JG,SINGLE_CANDIDATE,
GREEN LANTERN aka JO MULLEIN,2,2,2,GN,REVIEWED_FRANCHISE_RULE,
Green Lantern aka John Stewart (DC Metal Force),2,2,1,JG,SINGLE_CANDIDATE,
Gregor `The Mountain` Clegane,2,2,1,GT,SINGLE_CANDIDATE,
Gregory Goyle,2,2,2,HP,SINGLE_CANDIDATE,
Grey Gargoyle ( Captain Marvel Movie ),3,2,2,CM,SINGLE_CANDIDATE,
Grinnah Goblin,2,2,2,,NO_PROPERTY_CANDIDATE,
Griphook,2,2,2,HP,SINGLE_CANDIDATE,
Groot ( Marvel Studios: The Infinity Saga ),3,2,2,,NO_PROPERTY_CANDIDATE,
Groot ( Marvel Studios` GOTG Vol. 3 ),3,2,2,,NO_PROPERTY_CANDIDATE,
Guardians of the Galaxy Movie Logo ( Marvel Studios: The Infinity Saga ),3,2,2,,NO_PROPERTY_CANDIDATE,
Guardians of the Multiverse ( MS Disney Plus TV Shows ),1,2,2,,NO_PROPERTY_CANDIDATE,
Guy Gardner,2,2,2,GN,MOST_SPECIFIC_CODE,
Gwenpool,3,2,2,MU,MOST_SPECIFIC_CODE,
H.E.R.B.I.E.,3,2,2,,NEEDS_HUMAN,"Equally specific, equally frequent property codes: FFF, MU"
Haldir,2,2,2,LR,SINGLE_CANDIDATE,
Hand,3,2,2,MU,MOST_SPECIFIC_CODE,
"Harkness, Agatha ( MS Disney Plus TV Shows )",1,2,2,,NO_PROPERTY_CANDIDATE,
"Harrow, Arthur ( MS Disney Plus TV Shows )",1,2,2,,NO_PROPERTY_CANDIDATE,
Harry Osborn,3,2,2,,NEEDS_HUMAN,"Equally specific, equally frequent property codes: MU, SP"
Harry Potter (Character),2,2,2,HP,SINGLE_CANDIDATE,
Harvey Bullock,2,2,2,BM,SINGLE_CANDIDATE,
Hawkeye ( Marvel Studios: The Infinity Saga ),3,2,2,,NO_PROPERTY_CANDIDATE,
Hawkeye ( MS Disney Plus TV Shows ),1,2,2,,NO_PROPERTY_CANDIDATE,
Hazmat,3,2,2,MU,MOST_SPECIFIC_CODE,
Headpool,3,2,2,,NEEDS_HUMAN,"Equally specific, equally frequent property codes: DP, XM"
Heimdall ( Marvel Studios: The Infinity Saga ),3,2,2,,NO_PROPERTY_CANDIDATE,
Heka Priest ( MS Disney Plus TV Shows ),1,2,2,,NO_PROPERTY_CANDIDATE,
Hela ( Marvel Studios: The Infinity Saga ),3,2,2,,NO_PROPERTY_CANDIDATE,
Hellion,3,2,2,,NEEDS_HUMAN,"Equally specific, equally frequent property codes: MU, XM"
Hepzibah,3,2,2,,NEEDS_HUMAN,"Equally specific, equally frequent property codes: MU, XM"
Hermione Granger (Character),2,2,2,HP,SINGLE_CANDIDATE,
Hermione Granger (Talent),2,2,2,HP,SINGLE_CANDIDATE,
Hero Boy,2,2,1,XP,SINGLE_CANDIDATE,
High Evolutionary,3,2,2,MU,MOST_SPECIFIC_CODE,
"Hogan, Harold ``Happy`` ( Spider-Man Movie 2017 )",3,2,2,SP,SINGLE_CANDIDATE,
Hogwarts Express (No Participation),2,2,2,HP,SINGLE_CANDIDATE,
Hogwarts Express (Word Mark),2,2,2,HP,SINGLE_CANDIDATE,
Holly,2,2,1,XP,SINGLE_CANDIDATE,
Hope Summers,3,2,2,XM,SINGLE_CANDIDATE,
Howard The Duck,3,2,2,MU,MOST_SPECIFIC_CODE,
Hugo Strange,2,2,2,BM,MOST_SPECIFIC_CODE,
Hulk ( Marvel Studios: The Infinity Saga ),3,2,2,,NO_PROPERTY_CANDIDATE,
Hulkbuster,3,2,2,MU,MOST_SPECIFIC_CODE,
Hulkbuster Armor Iron Man ( Marvel Studios: The Infinity Saga ),3,2,2,,NO_PROPERTY_CANDIDATE,
Human Torch ( Fantastic Four Movie ),3,2,2,FFF,SINGLE_CANDIDATE,
Human Torch (Jim Hammond),3,2,2,MU,SINGLE_CANDIDATE,
Huntress aka Helena Bertinelli,2,2,2,BM,MOST_SPECIFIC_CODE,
Huntress aka Helena Wayne,2,2,2,BM,MOST_SPECIFIC_CODE,
Hydra Logo,3,2,2,MU,MOST_SPECIFIC_CODE,
Hyperion,3,2,2,MU,MOST_SPECIFIC_CODE,
Ikaris,3,2,2,ER,REVIEWED_FRANCHISE_RULE,
Indigo,2,2,2,,NEEDS_HUMAN,"Equally specific, equally frequent property codes: GN, SG"
Inferno,3,2,2,MU,MOST_SPECIFIC_CODE,
Infinity Gauntlet ( Marvel Studios: The Infinity Saga ),3,2,2,,NO_PROPERTY_CANDIDATE,
Inhumans,3,2,2,MU,MOST_SPECIFIC_CODE,
Invisible Woman ( Fantastic Four Movie ),3,2,2,FFF,SINGLE_CANDIDATE,
Ira,2,2,2,WT,SINGLE_CANDIDATE,
Iron Man ( Marvel Studios: The Infinity Saga ),3,2,2,,NO_PROPERTY_CANDIDATE,
Iron Man ( Spider-Man Movie 2017 ),3,2,2,SP,SINGLE_CANDIDATE,
Iron Monger ( Marvel Studios: The Infinity Saga ),3,2,2,,NO_PROPERTY_CANDIDATE,
Iron Patriot,3,2,2,MU,MOST_SPECIFIC_CODE,
Ironheart,3,2,2,MU,MOST_SPECIFIC_CODE,
Jace Fox,2,2,2,BM,MOST_SPECIFIC_CODE,
Jacob Kowalski,2,2,2,,NO_PROPERTY_CANDIDATE,
Jake,2,2,2,,NO_PROPERTY_CANDIDATE,
James Potter,2,2,2,HP,SINGLE_CANDIDATE,
"Jameson, J. Jonah ( Spider-Man Movie 2021 )",3,2,2,SP,SINGLE_CANDIDATE,
Jennix,3,2,2,SP,MOST_SPECIFIC_CODE,
Jessica Jones,3,2,2,MU,MOST_SPECIFIC_CODE,
Jimmy Olsen,2,2,2,SM,MOST_SPECIFIC_CODE,
Joey Tribbiani,2,2,1,FN,SINGLE_CANDIDATE,
Johnny Cage,2,2,2,MB,SINGLE_CANDIDATE,
Johnny Storm,3,2,2,,NEEDS_HUMAN,"Equally specific, equally frequent property codes: FFF, MU"
Jonathan Kent,2,2,2,SM,SINGLE_CANDIDATE,
Jor-El,2,2,2,SM,MOST_SPECIFIC_CODE,
Judith,2,2,2,WT,SINGLE_CANDIDATE,
Judomaster,2,2,2,JG,SINGLE_CANDIDATE,
Judy,2,2,2,,NEEDS_HUMAN,"Equally specific, equally frequent property codes: A9, C3"
Kaecilius ( Marvel Studios: The Infinity Saga ),3,2,2,,NO_PROPERTY_CANDIDATE,
Kain,2,2,2,,NO_PROPERTY_CANDIDATE,
Kang ( Marvel Studios` Ant-Man Wasp Quantumania ),3,2,2,,NO_PROPERTY_CANDIDATE,
Karma,3,2,2,,NEEDS_HUMAN,"Equally specific, equally frequent property codes: MU, XM"
Karn,3,2,2,MU,MOST_SPECIFIC_CODE,
Karnak,3,2,2,MU,MOST_SPECIFIC_CODE,
Karolina Dean,3,2,2,MU,MOST_SPECIFIC_CODE,
Kate Beringer,2,2,2,,NO_PROPERTY_CANDIDATE,
Kia Waterson,2,2,1,FJ,SINGLE_CANDIDATE,
Kid Omega,3,2,2,,NEEDS_HUMAN,"Equally specific, equally frequent property codes: MU, XM"
Killer Frost,2,2,2,JG,SINGLE_CANDIDATE,
Killer Moth,2,2,2,BM,SINGLE_CANDIDATE,
"Killmonger, Erik ( Marvel Studios: The Infinity Saga )",3,2,2,,NO_PROPERTY_CANDIDATE,
King Snake,2,2,2,BM,MOST_SPECIFIC_CODE,
Kingo,3,2,2,ER,REVIEWED_FRANCHISE_RULE,
Kitana,2,2,2,MB,SINGLE_CANDIDATE,
"Klaue, Ulysses ( Marvel Studios: The Infinity Saga )",3,2,2,,NO_PROPERTY_CANDIDATE,
Know It All,2,2,1,XP,SINGLE_CANDIDATE,
Korg,3,2,2,MU,MOST_SPECIFIC_CODE,
Kree ( Captain Marvel Movie ),3,2,2,CM,SINGLE_CANDIDATE,
Kree Sentry ( Captain Marvel Movie ),3,2,2,CM,SINGLE_CANDIDATE,
Krem,2,2,1,SG,SINGLE_CANDIDATE,
Kung Lao,2,2,2,MB,SINGLE_CANDIDATE,
Lady Deadpool,3,2,2,,NEEDS_HUMAN,"Equally specific, equally frequent property codes: DP, XM"
Lady Deathstrike,3,2,2,,NEEDS_HUMAN,"Equally specific, equally frequent property codes: MU, XM"
Lady Shiva,2,2,2,BM,SINGLE_CANDIDATE,
Lana Lang,2,2,2,SM,MOST_SPECIFIC_CODE,
"Lang, Cassie ( Marvel Studios` Ant-Man Wasp Quantumania )",3,2,2,,NO_PROPERTY_CANDIDATE,
"Lang, Scott ( Marvel Studios: The Infinity Saga )",3,2,2,,NO_PROPERTY_CANDIDATE,
Lau,2,2,1,BM,SINGLE_CANDIDATE,
Lee Jordan (Talent),2,2,2,HP,SINGLE_CANDIDATE,
Leopardon ( Marvel Comics (Retro) ),3,2,1,MG,SINGLE_CANDIDATE,
Lightning,2,2,2,JG,SINGLE_CANDIDATE,
Lightning Lad,2,2,2,JG,SINGLE_CANDIDATE,
Lilandra,3,2,2,,NEEDS_HUMAN,"Equally specific, equally frequent property codes: MU, XM"
Lily Potter,2,2,2,HP,SINGLE_CANDIDATE,
Linda,2,2,2,,NEEDS_HUMAN,"Equally specific, equally frequent property codes: A7, T7"
Lindir,2,2,2,,NO_PROPERTY_CANDIDATE,
Lion Mane,2,2,2,JG,SINGLE_CANDIDATE,
Liu Kang,2,2,2,MB,SINGLE_CANDIDATE,
Living Mummy,3,2,2,,NEEDS_HUMAN,"Equally specific, equally frequent property codes: MU, SP"
Lockheed,3,2,2,XM,SINGLE_CANDIDATE,
Logan,3,2,2,,NEEDS_HUMAN,"Equally specific, equally frequent property codes: MU, XM"
Loki ( Marvel Studios: The Infinity Saga ),3,2,2,,NO_PROPERTY_CANDIDATE,
Loki ( MS Disney Plus TV Shows ),1,2,2,,NO_PROPERTY_CANDIDATE,
Lola Bunny as Wonder Woman,2,2,2,LT,MOST_SPECIFIC_CODE,
Lord Voldemort,2,2,1,HP,SINGLE_CANDIDATE,
Lucius Malfoy,2,2,2,HP,SINGLE_CANDIDATE,
Luis ( Marvel Studios: The Infinity Saga ),3,2,2,,NO_PROPERTY_CANDIDATE,
Lurtz,2,2,2,LR,SINGLE_CANDIDATE,
M`Baku,3,2,2,,NEEDS_HUMAN,"Equally specific, equally frequent property codes: MU, XM"
Mad Eye Moody,2,2,2,HP,SINGLE_CANDIDATE,
Mad Hatter,2,2,2,BM,SINGLE_CANDIDATE,
Madame Hydra,3,2,2,MU,MOST_SPECIFIC_CODE,
Madame Masque,3,2,2,AV,REVIEWED_FRANCHISE_RULE,
Madame Olympe Maxime,2,2,2,HP,SINGLE_CANDIDATE,
Magik,3,2,2,XM,SINGLE_CANDIDATE,
Makkari,3,2,2,ER,REVIEWED_FRANCHISE_RULE,
Malekith,3,2,2,MU,MOST_SPECIFIC_CODE,
Malekith ( Marvel Studios: The Infinity Saga ),3,2,2,,NO_PROPERTY_CANDIDATE,
Man-Spider,3,2,2,SP,SINGLE_CANDIDATE,
Mandarin ( Marvel Studios: The Infinity Saga ),3,2,2,,NO_PROPERTY_CANDIDATE,
Mangaverse Spider-Man,3,2,2,MU,MOST_SPECIFIC_CODE,
Manhunters,2,2,2,GN,MOST_SPECIFIC_CODE,
Mantis ( Marvel Studios: The Infinity Saga ),3,2,2,,NO_PROPERTY_CANDIDATE,
Mantis ( Marvel Studios` GOTG Vol. 3 ),3,2,2,,NO_PROPERTY_CANDIDATE,
Marrow,3,2,2,,NEEDS_HUMAN,"Equally specific, equally frequent property codes: MU, XM"
Marvel Logo ( Captain Marvel Movie 2 ),3,2,2,CM,SINGLE_CANDIDATE,
Marvel Logo ( Marvel Studios` Ant-Man Wasp Quantumania ),3,2,2,,NO_PROPERTY_CANDIDATE,
Marvel Logo ( Marvel Studios` Deadpool Movie 3 ),3,2,2,DP,SINGLE_CANDIDATE,
Marvel Logo ( Marvel Studios` Fantastic Four ),3,2,2,FFF,SINGLE_CANDIDATE,
Marvel Logo ( Marvel Studios` GOTG Vol. 3 ),3,2,2,,NO_PROPERTY_CANDIDATE,
Marvel Logo ( Spider-Man Movie 2021 ),3,2,2,SP,SINGLE_CANDIDATE,
Marvel Studios 10th Anniversary Logo ( Marvel Studios: The Infinity Saga ),3,2,2,,NO_PROPERTY_CANDIDATE,
Marvel Studios Logo ( Marvel Studios: The Infinity Saga ),3,2,2,,NO_PROPERTY_CANDIDATE,
Marvel Studios` Fantastic Four Logo ( Marvel Studios` Fantastic Four ),3,2,2,FFF,SINGLE_CANDIDATE,
Marvel Studios` GOTG Vol. 3 Logo ( Marvel Studios` GOTG Vol. 3 ),3,2,2,,NO_PROPERTY_CANDIDATE,
Mary Bromfield,2,2,2,,NO_PROPERTY_CANDIDATE,
Master Mold,3,2,2,,NEEDS_HUMAN,"Equally specific, equally frequent property codes: MU, XM"
Mastermind,3,2,2,,NEEDS_HUMAN,"Equally specific, equally frequent property codes: MU, XM"
Mayday Parker,3,2,2,,NEEDS_HUMAN,"Equally specific, equally frequent property codes: MU, SP"
Medusa,3,2,2,MU,MOST_SPECIFIC_CODE,
Menace,3,2,2,,NEEDS_HUMAN,"Equally specific, equally frequent property codes: MU, SP"
Menalippe,2,2,1,WW,SINGLE_CANDIDATE,
Mephisto,3,2,2,MU,MOST_SPECIFIC_CODE,
Merovingian,2,2,2,,NO_PROPERTY_CANDIDATE,
Metallo,2,2,2,SM,MOST_SPECIFIC_CODE,
Michael,2,2,2,,NEEDS_HUMAN,"Equally specific, equally frequent property codes: LB, RK"
Mifune,2,2,2,,NO_PROPERTY_CANDIDATE,
Mighty Thor,3,2,2,TH,REVIEWED_FRANCHISE_RULE,
Mimic,3,2,2,,NEEDS_HUMAN,"Equally specific, equally frequent property codes: MU, XM"
Mirror Master,2,2,2,FS,MOST_SPECIFIC_CODE,
Miss America (America Chavez),3,2,2,MU,MOST_SPECIFIC_CODE,
Mister Fish ( Marvel Comics (Retro) ),3,2,1,MG,SINGLE_CANDIDATE,
Mister Miracle,2,2,2,SM,MOST_SPECIFIC_CODE,
Mister Mxyzptlk,2,2,2,SM,MOST_SPECIFIC_CODE,
Mockingbird,3,2,2,MU,MOST_SPECIFIC_CODE,
Moira MacTaggert,3,2,2,,NEEDS_HUMAN,"Equally specific, equally frequent property codes: MU, XM"
Molly Hayes,3,2,2,MU,MOST_SPECIFIC_CODE,
Mon-El,2,2,2,SG,MOST_SPECIFIC_CODE,
Mongal,2,2,2,SM,SINGLE_CANDIDATE,
Monica Geller,2,2,1,FN,SINGLE_CANDIDATE,
Monica Rambeau,3,2,2,MU,MOST_SPECIFIC_CODE,
Moon Girl,3,2,2,MU,SINGLE_CANDIDATE,
Moon Knight ( MS Disney Plus TV Shows ),1,2,2,,NO_PROPERTY_CANDIDATE,
Moonstar,3,2,2,,NEEDS_HUMAN,"Equally specific, equally frequent property codes: MU, XM"
Morph,3,2,2,,NEEDS_HUMAN,"Equally specific, equally frequent property codes: MU, XM"
Mr. Fantastic ( Fantastic Four Movie ),3,2,2,FFF,SINGLE_CANDIDATE,
Mr. Negative,3,2,2,MU,MOST_SPECIFIC_CODE,
Mr. Sinister,3,2,2,XM,SINGLE_CANDIDATE,
Ms. Marvel,3,2,2,MU,MOST_SPECIFIC_CODE,
Ms. Marvel (Kamala Khan) ( MS Disney Plus TV Shows ),1,2,2,,NO_PROPERTY_CANDIDATE,
Multiple Man,3,2,2,,NEEDS_HUMAN,"Equally specific, equally frequent property codes: MU, XM"
Mutant Leader,2,2,2,BM,MOST_SPECIFIC_CODE,
Mystery Machine,2,2,2,,NO_PROPERTY_CANDIDATE,
Mystique,3,2,2,,NEEDS_HUMAN,"Equally specific, equally frequent property codes: MU, XM"
Nakia ( Marvel Studios: The Infinity Saga ),3,2,2,,NO_PROPERTY_CANDIDATE,
Nancy,2,2,2,,NEEDS_HUMAN,"Equally specific, equally frequent property codes: C3, NE"
Nancy Thompson,2,2,1,NE,SINGLE_CANDIDATE,
Narzug,2,2,2,,NO_PROPERTY_CANDIDATE,
Nearly Headless Nick,2,2,2,HP,SINGLE_CANDIDATE,
Nebula ( Marvel Studios: The Infinity Saga ),3,2,2,,NO_PROPERTY_CANDIDATE,
Nebula ( Marvel Studios` GOTG Vol. 3 ),3,2,2,,NO_PROPERTY_CANDIDATE,
Negasonic Teenage Warhead,3,2,2,,NEEDS_HUMAN,"Equally specific, equally frequent property codes: DP, XM"
Nekron Lord of the Unliving,2,2,2,GN,MOST_SPECIFIC_CODE,
Nick Fury ( Captain Marvel Movie ),3,2,2,CM,SINGLE_CANDIDATE,
Nick Fury ( Marvel Studios: The Infinity Saga ),3,2,2,,NO_PROPERTY_CANDIDATE,
Nico Minoru,3,2,2,MU,MOST_SPECIFIC_CODE,
Nighthawk,3,2,2,MU,MOST_SPECIFIC_CODE,
Nolan,2,2,1,FT,SINGLE_CANDIDATE,
Non,2,2,2,SG,SINGLE_CANDIDATE,
Norman Osborn,3,2,2,,NEEDS_HUMAN,"Equally specific, equally frequent property codes: MU, SP"
Nova Corps,3,2,2,,NEEDS_HUMAN,"Equally specific, equally frequent property codes: GG, MU"
Nubia,2,2,2,WW,MOST_SPECIFIC_CODE,
Nuro ( Captain Marvel Movie ),3,2,2,CM,SINGLE_CANDIDATE,
Obsidian,2,2,1,JG,SINGLE_CANDIDATE,
Odin ( Marvel Studios: The Infinity Saga ),3,2,2,,NO_PROPERTY_CANDIDATE,
Okoye ( Black Panther Movie 2 ),3,2,2,BP,SINGLE_CANDIDATE,
Okoye ( Marvel Studios: The Infinity Saga ),3,2,2,,NO_PROPERTY_CANDIDATE,
Old Bilbo,2,2,2,,NO_PROPERTY_CANDIDATE,
Old Lace,3,2,2,MU,MOST_SPECIFIC_CODE,
Oompa Loompa,2,2,1,,NO_PROPERTY_CANDIDATE,
Orcs,2,2,2,LR,SINGLE_CANDIDATE,
Orion,2,2,2,SM,MOST_SPECIFIC_CODE,
Osiris,2,2,2,GN,MOST_SPECIFIC_CODE,
Otto Octavius,3,2,2,,NEEDS_HUMAN,"Equally specific, equally frequent property codes: MU, SP"
Padma Patil,2,2,2,HP,SINGLE_CANDIDATE,
Parallax,2,2,2,GN,MOST_SPECIFIC_CODE,
"Parker, Peter ( Spider-Man Movie 2017 )",3,2,2,SP,SINGLE_CANDIDATE,
Parvati Patil,2,2,2,HP,SINGLE_CANDIDATE,
Patriot,3,2,2,AV,REVIEWED_FRANCHISE_RULE,
Peacemaker,2,2,2,,NO_PROPERTY_CANDIDATE,
Pedro Pena,2,2,2,,NO_PROPERTY_CANDIDATE,
Peni Parker,3,2,2,,NEEDS_HUMAN,"Equally specific, equally frequent property codes: MU, SP"
Pennywise,2,2,2,,NEEDS_HUMAN,"Equally specific, equally frequent property codes: T9, WD"
"Pepper Potts, Virginia ( Marvel Studios: The Infinity Saga )",3,2,2,,NO_PROPERTY_CANDIDATE,
Percy Weasley,2,2,2,HP,SINGLE_CANDIDATE,
Persephone,2,2,2,,NO_PROPERTY_CANDIDATE,
Phage (Symbiote,3,2,2,SP,SINGLE_CANDIDATE,
Phastos,3,2,2,ER,REVIEWED_FRANCHISE_RULE,
Phoebe Buffay,2,2,1,FN,SINGLE_CANDIDATE,
Photon,3,2,2,CM,REVIEWED_FRANCHISE_RULE,
Phyla-Vell,3,2,2,MU,MOST_SPECIFIC_CODE,
Piledriver,3,2,2,AV,REVIEWED_FRANCHISE_RULE,
Pixie,3,2,2,,NEEDS_HUMAN,"Equally specific, equally frequent property codes: MU, XM"
Power Man,3,2,2,MU,MOST_SPECIFIC_CODE,
Prankster,2,2,2,SM,MOST_SPECIFIC_CODE,
Prof. Mcgonagall (Talent),2,2,2,HP,SINGLE_CANDIDATE,
Prof. Snape (Talent),2,2,2,HP,SINGLE_CANDIDATE,
Prof. Sprout,2,2,2,HP,SINGLE_CANDIDATE,
Professor Mcgonagall (Character),2,2,2,HP,SINGLE_CANDIDATE,
Professor Zoom,2,2,2,GN,MOST_SPECIFIC_CODE,
Proxima Midnight ( Marvel Studios: The Infinity Saga ),3,2,2,,NO_PROPERTY_CANDIDATE,
Puppet Master,3,2,2,,NEEDS_HUMAN,"Equally specific, equally frequent property codes: FFF, MU"
Pym Particle ( Marvel Studios: The Infinity Saga ),3,2,2,,NO_PROPERTY_CANDIDATE,
"Pym, Hank ( Marvel Studios` Ant-Man Wasp Quantumania )",3,2,2,,NO_PROPERTY_CANDIDATE,
Queenie Goldstein,2,2,2,,NO_PROPERTY_CANDIDATE,
Quicksilver ( Marvel Studios: The Infinity Saga ),3,2,2,,NO_PROPERTY_CANDIDATE,
Rachel Dawes,2,2,2,BM,SINGLE_CANDIDATE,
Rachel Green,2,2,1,FN,SINGLE_CANDIDATE,
Raiden,2,2,2,MB,SINGLE_CANDIDATE,
"Rambeau, Monica ( MS Disney Plus TV Shows )",1,2,2,,NO_PROPERTY_CANDIDATE,
Ramonda ( Marvel Studios: The Infinity Saga ),3,2,2,,NO_PROPERTY_CANDIDATE,
Red Ghost,3,2,2,,NEEDS_HUMAN,"Equally specific, equally frequent property codes: FFF, MU"
Red Robin,2,2,2,BM,MOST_SPECIFIC_CODE,
Red She-Hulk,3,2,2,MU,MOST_SPECIFIC_CODE,
Red Skull ( Marvel Studios: The Infinity Saga ),3,2,2,,NO_PROPERTY_CANDIDATE,
Redwing,3,2,2,MU,MOST_SPECIFIC_CODE,
Rescue ( Marvel Studios: The Infinity Saga ),3,2,2,,NO_PROPERTY_CANDIDATE,
"Rhodes, James ``Rhodey`` ( Marvel Studios: The Infinity Saga )",3,2,2,,NO_PROPERTY_CANDIDATE,
Richie,2,2,1,T9,SINGLE_CANDIDATE,
Ringwraiths,2,2,2,LR,SINGLE_CANDIDATE,
Road Runner,2,2,2,LT,MOST_SPECIFIC_CODE,
Robbie Robertson,3,2,2,,NEEDS_HUMAN,"Equally specific, equally frequent property codes: MU, SP"
Rocket Raccoon ( Marvel Studios: The Infinity Saga ),3,2,2,,NO_PROPERTY_CANDIDATE,
Rocket Raccoon ( Marvel Studios` GOTG Vol. 3 ),3,2,2,,NO_PROPERTY_CANDIDATE,
Ron Weasley (Character),2,2,2,HP,SINGLE_CANDIDATE,
Ron Weasley (Talent),2,2,2,HP,SINGLE_CANDIDATE,
Ronan the Accuser ( Marvel Studios: The Infinity Saga ),3,2,2,,NO_PROPERTY_CANDIDATE,
Ronin,3,2,2,AV,REVIEWED_FRANCHISE_RULE,
Ronin ( Marvel Studios: The Infinity Saga ),3,2,2,,NO_PROPERTY_CANDIDATE,
Rosier,2,2,2,,NO_PROPERTY_CANDIDATE,
"Ross, Everett ( Marvel Studios: The Infinity Saga )",3,2,2,,NO_PROPERTY_CANDIDATE,
Rubeus Hagrid (Character),2,2,2,HP,SINGLE_CANDIDATE,
Rubeus Hagrid (Talent),2,2,2,HP,SINGLE_CANDIDATE,
Rupert Thorne,2,2,2,BM,SINGLE_CANDIDATE,
Ruthye,2,2,1,SG,SINGLE_CANDIDATE,
Sabretooth,3,2,2,,NEEDS_HUMAN,"Equally specific, equally frequent property codes: MU, XM"
Sam,2,2,2,,NEEDS_HUMAN,"Equally specific, equally frequent property codes: LB, LT"
Saturn Girl,2,2,2,JG,SINGLE_CANDIDATE,
Sauron,3,2,2,,NEEDS_HUMAN,"Equally specific, equally frequent property codes: MU, XM"
Scarlet Witch ( Marvel Studios: The Infinity Saga ),3,2,2,,NO_PROPERTY_CANDIDATE,
Scarlet Witch ( MS Disney Plus TV Shows ),1,2,2,,NO_PROPERTY_CANDIDATE,
Scooby-Doo,2,2,2,,NO_PROPERTY_CANDIDATE,
Seamus Finnigan,2,2,2,HP,SINGLE_CANDIDATE,
Selina Kyle,2,2,2,BM,SINGLE_CANDIDATE,
Sentry,3,2,2,AV,REVIEWED_FRANCHISE_RULE,
Sersi,3,2,2,ER,REVIEWED_FRANCHISE_RULE,
Severus Snape (Character),2,2,2,HP,SINGLE_CANDIDATE,
Shadow King,3,2,2,,NEEDS_HUMAN,"Equally specific, equally frequent property codes: MU, XM"
Shang Tsung,2,2,2,MB,SINGLE_CANDIDATE,
Shatterstar,3,2,2,,NEEDS_HUMAN,"Equally specific, equally frequent property codes: DP, XM"
She-Hulk ( MS Disney Plus TV Shows ),1,2,2,,NO_PROPERTY_CANDIDATE,
She-Thing,3,2,2,,NEEDS_HUMAN,"Equally specific, equally frequent property codes: FFF, MU"
Shocker ( Spider-Man Movie 2017 ),3,2,2,SP,SINGLE_CANDIDATE,
Shriek,3,2,2,,NEEDS_HUMAN,"Equally specific, equally frequent property codes: MU, SP"
Shuri ( Black Panther Movie 2 ),3,2,2,BP,SINGLE_CANDIDATE,
Shuri ( Marvel Studios: The Infinity Saga ),3,2,2,,NO_PROPERTY_CANDIDATE,
Sif ( Marvel Studios: The Infinity Saga ),3,2,2,,NO_PROPERTY_CANDIDATE,
Silver Samurai,3,2,2,,NEEDS_HUMAN,"Equally specific, equally frequent property codes: MU, XM"
Silver Swan,2,2,2,WW,MOST_SPECIFIC_CODE,
Sir Patrick Morgan,2,2,1,WW,SINGLE_CANDIDATE,
Skaar,3,2,2,MU,SINGLE_CANDIDATE,
Skrull Soldier,3,2,2,MU,MOST_SPECIFIC_CODE,
Solus,3,2,2,SP,MOST_SPECIFIC_CODE,
Songbird,3,2,2,MU,MOST_SPECIFIC_CODE,
Sonya Blade,2,2,2,MB,SINGLE_CANDIDATE,
Speedy Gonzales,2,2,2,LT,MOST_SPECIFIC_CODE,
Spider Slayer,3,2,2,,NEEDS_HUMAN,"Equally specific, equally frequent property codes: MU, SP"
Spider-Armor,3,2,2,SP,MOST_SPECIFIC_CODE,
Spider-Cat,3,2,2,SP,MOST_SPECIFIC_CODE,
Spider-Girl (Ashley Barton),3,2,2,SP,MOST_SPECIFIC_CODE,
Spider-Goblin,3,2,2,,NEEDS_HUMAN,"Equally specific, equally frequent property codes: MU, SP"
Spider-Jameson,3,2,2,,NEEDS_HUMAN,"Equally specific, equally frequent property codes: MU, SP"
Spider-Man ( Marvel Studios: The Infinity Saga ),3,2,2,,NO_PROPERTY_CANDIDATE,
Spider-Man ( Spider-Man Movie ),3,2,2,SP,SINGLE_CANDIDATE,
Spider-Man ( Spider-Man Movie 2021 ),3,2,2,SP,SINGLE_CANDIDATE,
Spider-Man UK,3,2,2,MU,MOST_SPECIFIC_CODE,
Spider-Rex,3,2,2,SP,SINGLE_CANDIDATE,
Spiders Man,3,2,2,,NEEDS_HUMAN,"Equally specific, equally frequent property codes: MU, SP"
Sprite,3,2,2,ER,REVIEWED_FRANCHISE_RULE,
"Stane, Obadiah ( Marvel Studios: The Infinity Saga )",3,2,2,,NO_PROPERTY_CANDIDATE,
Stanley,2,2,1,T9,SINGLE_CANDIDATE,
Star,2,2,1,LB,SINGLE_CANDIDATE,
Star Sapphire,2,2,2,GN,MOST_SPECIFIC_CODE,
Star-Lord ( Marvel Studios: The Infinity Saga ),3,2,2,,NO_PROPERTY_CANDIDATE,
Star-Lord ( Marvel Studios` GOTG Vol. 3 ),3,2,2,,NO_PROPERTY_CANDIDATE,
"Stark, Tony ( Marvel Studios: The Infinity Saga )",3,2,2,,NO_PROPERTY_CANDIDATE,
"Stark, Tony ( Spider-Man Movie 2017 )",3,2,2,SP,SINGLE_CANDIDATE,
Starman,2,2,1,JG,SINGLE_CANDIDATE,
Stealth Spider-Man,3,2,2,SP,MOST_SPECIFIC_CODE,
Steel aka John Henry Irons,2,2,2,SM,MOST_SPECIFIC_CODE,
Stepford Cuckoos,3,2,2,,NEEDS_HUMAN,"Equally specific, equally frequent property codes: MU, XM"
Sue Storm,3,2,2,,NEEDS_HUMAN,"Equally specific, equally frequent property codes: FFF, MU"
Super Adaptoid,3,2,2,MU,MOST_SPECIFIC_CODE,
Super Skrull,3,2,2,,NEEDS_HUMAN,"Equally specific, equally frequent property codes: FFF, MU"
Supergirl aka Kara Zor-El aka Kara,2,2,1,SG,SINGLE_CANDIDATE,
Swamp Thing,2,2,2,JG,SINGLE_CANDIDATE,
Sylvester as Batman,2,2,2,LT,MOST_SPECIFIC_CODE,
Symbiote Spider-Man,3,2,2,,NEEDS_HUMAN,"Equally specific, equally frequent property codes: MU, SP"
T`Challa ( Marvel Studios: The Infinity Saga ),3,2,2,,NO_PROPERTY_CANDIDATE,
Tarantula,3,2,2,MU,MOST_SPECIFIC_CODE,
Taskmaster,3,2,2,MU,MOST_SPECIFIC_CODE,
Terrax,3,2,2,,NEEDS_HUMAN,"Equally specific, equally frequent property codes: FFF, MU"
Terry Mcginnis,2,2,2,BM,SINGLE_CANDIDATE,
Thanos ( Marvel Studios: The Infinity Saga ),3,2,2,,NO_PROPERTY_CANDIDATE,
The Bookworm,2,2,2,,NEEDS_HUMAN,"Equally specific, equally frequent property codes: BM, LT"
The Demon,2,2,2,BM,MOST_SPECIFIC_CODE,
The Flash,2,2,2,FS,MOST_SPECIFIC_CODE,
The Guardian,2,2,2,SM,MOST_SPECIFIC_CODE,
The Milano,3,2,2,GG,SINGLE_CANDIDATE,
The Milano ( Marvel Studios: The Infinity Saga ),3,2,2,,NO_PROPERTY_CANDIDATE,
The Night King,2,2,1,GT,SINGLE_CANDIDATE,
The One Ring,2,2,2,LR,SINGLE_CANDIDATE,
The Oracle,2,2,2,,NO_PROPERTY_CANDIDATE,
THE PENGUIN,2,2,2,BM,SINGLE_CANDIDATE,
THE RIDDLER,2,2,2,BM,SINGLE_CANDIDATE,
The Symbiote,3,2,2,SP,SINGLE_CANDIDATE,
The Ventriloquist,2,2,2,BM,SINGLE_CANDIDATE,
Thena,3,2,2,ER,REVIEWED_FRANCHISE_RULE,
Theseus Scamander,2,2,2,,NO_PROPERTY_CANDIDATE,
Thing ( Fantastic Four Movie ),3,2,2,FFF,SINGLE_CANDIDATE,
Thomas Wayne,2,2,2,BM,SINGLE_CANDIDATE,
Thor ( Marvel Studios: The Infinity Saga ),3,2,2,,NO_PROPERTY_CANDIDATE,
Thor (Female),3,2,2,TH,REVIEWED_FRANCHISE_RULE,
Thrain,2,2,2,,NO_PROPERTY_CANDIDATE,
Throg,3,2,2,TH,REVIEWED_FRANCHISE_RULE,
Thunderball,3,2,2,AV,REVIEWED_FRANCHISE_RULE,
Thunderbolt Ross,3,2,2,HU,REVIEWED_FRANCHISE_RULE,
Thundra,3,2,2,,NEEDS_HUMAN,"Equally specific, equally frequent property codes: MU, SP"
Timber Wolf,2,2,2,JG,SINGLE_CANDIDATE,
Tina Goldstein,2,2,2,,NO_PROPERTY_CANDIDATE,
Tinkerer,3,2,2,MU,MOST_SPECIFIC_CODE,
Titano,2,2,2,SM,MOST_SPECIFIC_CODE,
Toad,3,2,2,,NEEDS_HUMAN,"Equally specific, equally frequent property codes: MU, XM"
Tom Curry,2,2,2,AQ,SINGLE_CANDIDATE,
Tombstone,3,2,2,,NEEDS_HUMAN,"Equally specific, equally frequent property codes: MU, SP"
Tommy Jarvis,2,2,1,FT,SINGLE_CANDIDATE,
Toxin,3,2,2,,NEEDS_HUMAN,"Equally specific, equally frequent property codes: MU, SP"
Trickster,2,2,2,FS,MOST_SPECIFIC_CODE,
Triton,3,2,2,MU,MOST_SPECIFIC_CODE,
Uatu The Watcher ( MS Disney Plus TV Shows ),1,2,2,,NO_PROPERTY_CANDIDATE,
"Udonta, Yondu ( Marvel Studios: The Infinity Saga )",3,2,2,,NO_PROPERTY_CANDIDATE,
Ultraman,2,2,2,SM,MOST_SPECIFIC_CODE,
Ultron ( Marvel Comics (Retro) ),3,2,1,MG,SINGLE_CANDIDATE,
Ultron ( Marvel Studios: The Infinity Saga ),3,2,2,,NO_PROPERTY_CANDIDATE,
Ultron Drone,3,2,2,AV,REVIEWED_FRANCHISE_RULE,
Unus,3,2,2,,NEEDS_HUMAN,"Equally specific, equally frequent property codes: MU, XM"
Uruks,2,2,2,LR,SINGLE_CANDIDATE,
Valek,2,2,2,N3,SINGLE_CANDIDATE,
Valkyrie ( Marvel Studios: The Infinity Saga ),3,2,2,,NO_PROPERTY_CANDIDATE,
"Van Dyne, Hope ( Marvel Studios: The Infinity Saga )",3,2,2,,NO_PROPERTY_CANDIDATE,
"Van Dyne, Janet ( Marvel Studios: The Infinity Saga )",3,2,2,,NO_PROPERTY_CANDIDATE,
"Van Dyne, Janet ( Marvel Studios` Ant-Man Wasp Quantumania )",3,2,2,,NO_PROPERTY_CANDIDATE,
Vicki Vale,2,2,2,BM,SINGLE_CANDIDATE,
Victor Van Dort,2,2,1,CD,SINGLE_CANDIDATE,
Vision ( Marvel Studios: The Infinity Saga ),3,2,2,,NO_PROPERTY_CANDIDATE,
Vision ( MS Disney Plus TV Shows ),1,2,2,,NO_PROPERTY_CANDIDATE,
Vixen,2,2,2,JG,MOST_SPECIFIC_CODE,
Vulko,2,2,1,AQ,SINGLE_CANDIDATE,
Vulture ( Spider-Man Movie 2017 ),3,2,2,SP,SINGLE_CANDIDATE,
W`Kabi ( Marvel Studios: The Infinity Saga ),3,2,2,,NO_PROPERTY_CANDIDATE,
War Machine ( Marvel Studios: The Infinity Saga ),3,2,2,,NO_PROPERTY_CANDIDATE,
Warlock,3,2,2,XM,MOST_SPECIFIC_CODE,
Warpath,3,2,2,,NEEDS_HUMAN,"Equally specific, equally frequent property codes: DP, XM"
Wasp ( Marvel Studios: The Infinity Saga ),3,2,2,,NO_PROPERTY_CANDIDATE,
Wasp ( Marvel Studios` Ant-Man Wasp Quantumania ),3,2,2,,NO_PROPERTY_CANDIDATE,
Weapon X,3,2,2,,NEEDS_HUMAN,"Equally specific, equally frequent property codes: MU, XM"
Weasley Car,2,2,2,HP,SINGLE_CANDIDATE,
Weather Wizard,2,2,2,FS,MOST_SPECIFIC_CODE,
Whiplash,3,2,2,MU,MOST_SPECIFIC_CODE,
Whiplash ( Marvel Studios: The Infinity Saga ),3,2,2,,NO_PROPERTY_CANDIDATE,
Whizzer,3,2,2,MU,SINGLE_CANDIDATE,
Will Rollins,2,2,1,FJ,SINGLE_CANDIDATE,
Willy Wonka,2,2,2,,NO_PROPERTY_CANDIDATE,
Winter Soldier ( Marvel Studios: The Infinity Saga ),3,2,2,,NO_PROPERTY_CANDIDATE,
Winter Soldier ( MS Disney Plus TV Shows ),1,2,2,,NO_PROPERTY_CANDIDATE,
Wizard,3,2,2,,NEEDS_HUMAN,"Equally specific, equally frequent property codes: FFF, MU"
Wizard,2,2,2,,NO_PROPERTY_CANDIDATE,
Wolfsbane,3,2,2,,NEEDS_HUMAN,"Equally specific, equally frequent property codes: MU, XM"
Wolverine ( Marvel Studios` Deadpool Movie 3 ),3,2,2,DP,SINGLE_CANDIDATE,
Wong,3,2,2,DR,REVIEWED_FRANCHISE_RULE,
Wong ( Marvel Studios: The Infinity Saga ),3,2,2,,NO_PROPERTY_CANDIDATE,
X-Man,3,2,2,,NEEDS_HUMAN,"Equally specific, equally frequent property codes: MU, XM"
X-Men,3,2,2,,NEEDS_HUMAN,"Equally specific, equally frequent property codes: MU, XM"
X-Pac,12,2,1,WSU,SINGLE_CANDIDATE,
Xorn,3,2,2,,NEEDS_HUMAN,"Equally specific, equally frequent property codes: MU, XM"
Yazneg,2,2,2,,NO_PROPERTY_CANDIDATE,
Yellowjacket ( Marvel Studios: The Infinity Saga ),3,2,2,,NO_PROPERTY_CANDIDATE,
Yon-Rogg ( Captain Marvel Movie ),3,2,2,CM,SINGLE_CANDIDATE,
Young Bruce Wayne,2,2,2,BM,SINGLE_CANDIDATE,
Young Diana,2,2,2,WW,SINGLE_CANDIDATE,
Zee,2,2,2,,NO_PROPERTY_CANDIDATE,
Zoom,2,2,2,FS,MOST_SPECIFIC_CODE,
Zuri ( Marvel Studios: The Infinity Saga ),3,2,2,,NO_PROPERTY_CANDIDATE,
"""Beep Beep"" Phrase",2,1,1,LT,SINGLE_CANDIDATE,
"""Classy"" Freddie Blassie",12,1,1,WSU,SINGLE_CANDIDATE,
"""Mean"" Gene Okerlund",12,1,1,WSU,SINGLE_CANDIDATE,
"""What`S Up Doc"" Phrase",2,1,1,LT,SINGLE_CANDIDATE,
1-2-3 Kid,12,1,1,WSU,SINGLE_CANDIDATE,
2211 Spider-Man ( Marvel Comics (Retro) ),3,1,1,MG,SINGLE_CANDIDATE,
3 Girls,2,1,1,FN,SINGLE_CANDIDATE,
3 Guys,2,1,1,FN,SINGLE_CANDIDATE,
A Flea,2,1,1,LT,SINGLE_CANDIDATE,
A-Bomb,3,1,1,MU,SINGLE_CANDIDATE,
A.I.M. ( Marvel Comics (Retro) ),3,1,1,MG,SINGLE_CANDIDATE,
A.I.M. Agent,3,1,1,MU,SINGLE_CANDIDATE,
Aaron Aikman The Spider-Man,3,1,1,MU,SINGLE_CANDIDATE,
Abacus Crunch,2,1,1,,NO_PROPERTY_CANDIDATE,
Aberforth Dumbledore,2,1,1,,NO_PROPERTY_CANDIDATE,
Abigor,3,1,1,MU,SINGLE_CANDIDATE,
Abigor ( Marvel Comics (Retro) ),3,1,1,MG,SINGLE_CANDIDATE,
Abilisk,3,1,1,MU,SINGLE_CANDIDATE,
Abin Sur,2,1,1,GN,SINGLE_CANDIDATE,
Abomb,2,1,1,LT,SINGLE_CANDIDATE,
Abomination ( Marvel Comics (Retro) ),3,1,1,MG,SINGLE_CANDIDATE,
Abomination ( MS Disney Plus TV Shows ),1,1,1,,NO_PROPERTY_CANDIDATE,
Abracadaniel,2,1,1,,NO_PROPERTY_CANDIDATE,
Abscissa ( MS Disney Plus TV Shows ),1,1,1,,NO_PROPERTY_CANDIDATE,
Absorbing Man ( Marvel Comics (Retro) ),3,1,1,MG,SINGLE_CANDIDATE,
Abyss,12,1,1,WSU,SINGLE_CANDIDATE,
Abyss (The Garden),3,1,1,MU,SINGLE_CANDIDATE,
Ace as voiced by Kevin Hart,2,1,1,,NO_PROPERTY_CANDIDATE,
Ace the Bat-Hound,2,1,1,BM,SINGLE_CANDIDATE,
Adam Foster,2,1,1,SG,SINGLE_CANDIDATE,
Adam Pierce,12,1,1,WSU,SINGLE_CANDIDATE,
Adam Warlock ( Marvel Comics (Retro) ),3,1,1,MG,SINGLE_CANDIDATE,
Addam of Hull,2,1,1,,NO_PROPERTY_CANDIDATE,
Adi,3,1,1,AV,SINGLE_CANDIDATE,
Adrian Case,2,1,1,,NO_PROPERTY_CANDIDATE,
Adriana Rizzo,12,1,1,WSU,SINGLE_CANDIDATE,
Adrien Butler,12,1,1,WSU,SINGLE_CANDIDATE,
Adult Darla,2,1,1,,NO_PROPERTY_CANDIDATE,
Adult Mary,2,1,1,,NO_PROPERTY_CANDIDATE,
Aegon II Targaryen,2,1,1,,NO_PROPERTY_CANDIDATE,
Aemond Targaryen,2,1,1,,NO_PROPERTY_CANDIDATE,
Aero,3,1,1,MU,SINGLE_CANDIDATE,
Afa,12,1,1,WSU,SINGLE_CANDIDATE,
Agatha And Emily (Two-Headed Vulture),2,1,1,LT,SINGLE_CANDIDATE,
Agatha Harkness,3,1,1,MU,SINGLE_CANDIDATE,
Agent 13 ( Marvel Comics (Retro) ),3,1,1,MG,SINGLE_CANDIDATE,
Agent Brown,2,1,1,,NO_PROPERTY_CANDIDATE,
Agent Cameron Klein,3,1,1,MU,SINGLE_CANDIDATE,
Agent Coulson ( Marvel Studios Premiere Collection ),3,1,1,,NO_PROPERTY_CANDIDATE,
Agent Coulson ( Marvel Studios: The Infinity Saga ),3,1,1,,NO_PROPERTY_CANDIDATE,
Agent For Michigan J. Frog,2,1,1,LT,SINGLE_CANDIDATE,
Agent Haskett,3,1,1,MU,SINGLE_CANDIDATE,
Agent Jones,2,1,1,,NO_PROPERTY_CANDIDATE,
Agent Maria Hill ( Marvel Comics (Retro) ),3,1,1,MG,SINGLE_CANDIDATE,
Agent Orange,2,1,1,GN,SINGLE_CANDIDATE,
Agent Sum,3,1,1,MU,SINGLE_CANDIDATE,
Air,2,1,1,,NO_PROPERTY_CANDIDATE,
Aireo ( Marvel Comics (Retro) ),3,1,1,MG,SINGLE_CANDIDATE,
AJ Hawk,12,1,1,WSU,SINGLE_CANDIDATE,
AJ Lee,12,1,1,WSU,SINGLE_CANDIDATE,
AJ Styles,12,1,1,WSU,SINGLE_CANDIDATE,
Aja Smith,12,1,1,WSU,SINGLE_CANDIDATE,
Ajak,3,1,1,MU,SINGLE_CANDIDATE,
Ajak ( Marvel Studios Premiere Collection ),3,1,1,,NO_PROPERTY_CANDIDATE,
Ajiea Hargrave,12,1,1,WSU,SINGLE_CANDIDATE,
Akam,12,1,1,WSU,SINGLE_CANDIDATE,
Akira Tozawa,12,1,1,WSU,SINGLE_CANDIDATE,
Aladdin - W Smith (Genie),1,1,1,AD,SINGLE_CANDIDATE,
Alan Frog,2,1,1,LB,SINGLE_CANDIDATE,
alba frye,12,1,1,WSU,SINGLE_CANDIDATE,
Albert,12,1,1,WSU,SINGLE_CANDIDATE,
Alberto Reyes,2,1,1,,NO_PROPERTY_CANDIDATE,
Albus Dumbledore (Talent),2,1,1,HP,SINGLE_CANDIDATE,
Alchemax ( Marvel Comics (Retro) ),3,1,1,MG,SINGLE_CANDIDATE,
Aldrich Killian,3,1,1,MU,SINGLE_CANDIDATE,
Aleea Strage,2,1,1,JG,SINGLE_CANDIDATE,
Aleister Black,12,1,1,WSU,SINGLE_CANDIDATE,
Aleta Ogord,3,1,1,MU,SINGLE_CANDIDATE,
Alex Danvers,2,1,1,SG,SINGLE_CANDIDATE,
Alex Shelley,12,1,1,WSU,SINGLE_CANDIDATE,
Alexa Bliss,12,1,1,WSU,SINGLE_CANDIDATE,
Alexander As Voiced By Paul Dano,2,1,1,WT,SINGLE_CANDIDATE,
Alexander Pierce,3,1,1,MU,SINGLE_CANDIDATE,
Alfred With No Character Likeness,2,1,1,BM,SINGLE_CANDIDATE,
Ali Baba Genie,2,1,1,LT,SINGLE_CANDIDATE,
Alice,2,1,1,LT,SINGLE_CANDIDATE,
ALICIA,2,1,1,BM,SINGLE_CANDIDATE,
Alicia Fox,12,1,1,WSU,SINGLE_CANDIDATE,
Alicia Taylor,12,1,1,WSU,SINGLE_CANDIDATE,
Alien Creatures,2,1,1,RK,SINGLE_CANDIDATE,
Alistair Smythe,3,1,1,SP,SINGLE_CANDIDATE,
Alix,2,1,1,RK,SINGLE_CANDIDATE,
Aliyah,12,1,1,WSU,SINGLE_CANDIDATE,
Alkhema ( Marvel Comics (Retro) ),3,1,1,MG,SINGLE_CANDIDATE,
All Excluding Bug`S 50Th,2,1,1,LT,SINGLE_CANDIDATE,
Allan Red,2,1,1,FN,SINGLE_CANDIDATE,
"Allen, Liz ( Marvel Comics (Retro) )",3,1,1,MG,SINGLE_CANDIDATE,
Alligator Loki,3,1,1,LK,SINGLE_CANDIDATE,
Alligator Loki ( MS Disney Plus TV Shows ),1,1,1,,NO_PROPERTY_CANDIDATE,
Alpha Centurion,2,1,1,SM,SINGLE_CANDIDATE,
Alpha Primitives (generic group),3,1,1,MU,SINGLE_CANDIDATE,
Alundra Blayze,12,1,1,WSU,SINGLE_CANDIDATE,
Alura Zor-El,2,1,1,SG,SINGLE_CANDIDATE,
Alyn of Hull,2,1,1,,NO_PROPERTY_CANDIDATE,
Alys Rivers,2,1,1,,NO_PROPERTY_CANDIDATE,
Amadeus,2,1,1,RK,SINGLE_CANDIDATE,
Amanda,2,1,1,FT,SINGLE_CANDIDATE,
Amanda Sefton,3,1,1,XM,SINGLE_CANDIDATE,
Amatsu-Mikaboshi ( Marvel Comics (Retro) ),3,1,1,MG,SINGLE_CANDIDATE,
Amazing-Man,2,1,1,JG,SINGLE_CANDIDATE,
Amazo,2,1,1,JG,SINGLE_CANDIDATE,
Amazon,2,1,1,WW,SINGLE_CANDIDATE,
Amelia Bones,2,1,1,HP,SINGLE_CANDIDATE,
Amelia Voght,3,1,1,XM,SINGLE_CANDIDATE,
America Chavez ( Marvel Studios Premiere Collection ),3,1,1,,NO_PROPERTY_CANDIDATE,
American Dream,3,1,1,MU,SINGLE_CANDIDATE,
American Eagle,3,1,1,MU,SINGLE_CANDIDATE,
American Eagle ( Marvel Comics (Retro) ),3,1,1,MG,SINGLE_CANDIDATE,
Amish Cyborg,2,1,1,RK,SINGLE_CANDIDATE,
AMO,2,1,1,,NO_PROPERTY_CANDIDATE,
Amoeba Boys,2,1,1,PW,SINGLE_CANDIDATE,
Anachronism,3,1,1,MU,SINGLE_CANDIDATE,
Analyst,2,1,1,,NO_PROPERTY_CANDIDATE,
Analyzer ( Marvel Comics (Retro) ),3,1,1,MG,SINGLE_CANDIDATE,
Anansi the Spider-God,3,1,1,SP,SINGLE_CANDIDATE,
Anarky,2,1,1,BM,SINGLE_CANDIDATE,
Ancestral Plane,3,1,1,GM,SINGLE_CANDIDATE,
Ancient One,3,1,1,MU,SINGLE_CANDIDATE,
Ancient One ( Marvel Comics (Retro) ),3,1,1,MG,SINGLE_CANDIDATE,
Ancient One ( Marvel Studios: The Infinity Saga ),3,1,1,,NO_PROPERTY_CANDIDATE,
Andre Chase,12,1,1,WSU,SINGLE_CANDIDATE,
Andre the Giant,12,1,1,WSU,SINGLE_CANDIDATE,
Andrea,2,1,1,C3,SINGLE_CANDIDATE,
Andrew Garfield-Parker-Spider-Man ( Spider-Man Movie 2021 ) - With Likeness,3,1,1,SP,SINGLE_CANDIDATE,
Andy,2,1,1,,NO_PROPERTY_CANDIDATE,
Aneka,3,1,1,MU,SINGLE_CANDIDATE,
Aneka ( Marvels Black Panther Movie 2 ),3,1,1,BP,SINGLE_CANDIDATE,
Angel ( Marvel Comics (Retro) ),3,1,1,MG,SINGLE_CANDIDATE,
Angel (Thomas Halloway) ( Marvel Comics (Retro) ),3,1,1,MG,SINGLE_CANDIDATE,
Angel Garza,12,1,1,WSU,SINGLE_CANDIDATE,
Angela Spica,2,1,1,SM,SINGLE_CANDIDATE,
Angelo Dawkins,12,1,1,WSU,SINGLE_CANDIDATE,
Angie Flint,2,1,1,RK,SINGLE_CANDIDATE,
Animal Man,2,1,1,JG,SINGLE_CANDIDATE,
ANIMATED TV - BATMAN,2,1,1,BM,SINGLE_CANDIDATE,
Annie Parker,3,1,1,MU,SINGLE_CANDIDATE,
Annihilus ( Marvel Comics (Retro) ),3,1,1,MG,SINGLE_CANDIDATE,
Anole,3,1,1,XM,SINGLE_CANDIDATE,
Answer ( Marvel Comics (Retro) ),3,1,1,MG,SINGLE_CANDIDATE,
Ant,2,1,1,LT,SINGLE_CANDIDATE,
Ant-Man ( Marvel Comics (Retro) ),3,1,1,MG,SINGLE_CANDIDATE,
Ant-Man ( Marvel Studios Premiere Collection ),3,1,1,,NO_PROPERTY_CANDIDATE,
Ant-Man ( Marvel Studios` Avengers Doomsday ),3,1,1,,NO_PROPERTY_CANDIDATE,
Ant-Man ( MS Disney Plus TV Shows ),1,1,1,,NO_PROPERTY_CANDIDATE,
Anthea,2,1,1,,NO_PROPERTY_CANDIDATE,
Anthony Luke,12,1,1,WSU,SINGLE_CANDIDATE,
Anton Vogel,2,1,1,,NO_PROPERTY_CANDIDATE,
Ants in My Eyes Johnson,2,1,1,RK,SINGLE_CANDIDATE,
Apeman ( Marvel Comics (Retro) ),3,1,1,MG,SINGLE_CANDIDATE,
Apex,3,1,1,MU,SINGLE_CANDIDATE,
Aphelion,3,1,1,MU,SINGLE_CANDIDATE,
Apocalypse - En Sabah Nur ( MS Disney Plus TV Shows ),1,1,1,,NO_PROPERTY_CANDIDATE,
Apocalypse ( MS Disney Plus TV Shows ),1,1,1,,NO_PROPERTY_CANDIDATE,
Apollo Crews,12,1,1,WSU,SINGLE_CANDIDATE,
April,2,1,1,C3,SINGLE_CANDIDATE,
Aquaman aka King of Atlantis,2,1,1,,NO_PROPERTY_CANDIDATE,
Aquaman II,2,1,1,JG,SINGLE_CANDIDATE,
Aquarian,3,1,1,MU,SINGLE_CANDIDATE,
Aqueduct ( Marvel Comics (Retro) ),3,1,1,MG,SINGLE_CANDIDATE,
Arachknight,3,1,1,MU,SINGLE_CANDIDATE,
Arachne,3,1,1,MU,SINGLE_CANDIDATE,
Aracnido Jr.,3,1,1,SP,SINGLE_CANDIDATE,
Aragorn,3,1,1,MU,SINGLE_CANDIDATE,
Aragorn ( Marvel Comics (Retro) ),3,1,1,MG,SINGLE_CANDIDATE,
Arana ( Marvel Comics (Retro) ),3,1,1,MG,SINGLE_CANDIDATE,
ARC ANGLES,2,1,1,JG,SINGLE_CANDIDATE,
Arcane Zatana,2,1,1,,NO_PROPERTY_CANDIDATE,
Archangel ( MS Disney Plus TV Shows ),1,1,1,,NO_PROPERTY_CANDIDATE,
Arclight,3,1,1,XM,SINGLE_CANDIDATE,
Areo Hotah,2,1,1,GT,SINGLE_CANDIDATE,
Ares,3,1,1,MU,SINGLE_CANDIDATE,
Ares ( Marvel Comics (Retro) ),3,1,1,MG,SINGLE_CANDIDATE,
Ari Sterling,12,1,1,WSU,SINGLE_CANDIDATE,
Ariana Dumbledore,2,1,1,,NO_PROPERTY_CANDIDATE,
Arianna Grace,12,1,1,WSU,SINGLE_CANDIDATE,
Arion,2,1,1,JG,SINGLE_CANDIDATE,
Arishem ( Marvel Studios Premiere Collection ),3,1,1,,NO_PROPERTY_CANDIDATE,
Ariya Daivari,12,1,1,WSU,SINGLE_CANDIDATE,
Arizona Girl,3,1,1,MU,SINGLE_CANDIDATE,
Arkon,3,1,1,MU,SINGLE_CANDIDATE,
Armadillo,3,1,1,MU,SINGLE_CANDIDATE,
Armando Alejandro Estrada,12,1,1,WSU,SINGLE_CANDIDATE,
Armando Estrada,12,1,1,WSU,SINGLE_CANDIDATE,
Armor,3,1,1,XM,SINGLE_CANDIDATE,
Armory,3,1,1,MU,SINGLE_CANDIDATE,
Arne,2,1,1,C1,SINGLE_CANDIDATE,
"Arryn House Motto ""As High As Honor""",2,1,1,GT,SINGLE_CANDIDATE,
Arryn House Sigil,2,1,1,GT,SINGLE_CANDIDATE,
Arsenic ( Marvel Comics (Retro) ),3,1,1,MG,SINGLE_CANDIDATE,
Artemis,2,1,1,WW,SINGLE_CANDIDATE,
Artemis Crock,2,1,1,JG,SINGLE_CANDIDATE,
Artemiz,2,1,1,,NO_PROPERTY_CANDIDATE,
Arthur Pendragon,3,1,1,MU,SINGLE_CANDIDATE,
Arthur Weasley,2,1,1,HP,SINGLE_CANDIDATE,
Arya Stark,2,1,1,GT,SINGLE_CANDIDATE,
Asgard,3,1,1,GM,SINGLE_CANDIDATE,
"Ashante ""Thee"" Adonis",12,1,1,WSU,SINGLE_CANDIDATE,
Askani,3,1,1,MU,SINGLE_CANDIDATE,
Askew-Tronics ( Marvel Comics (Retro) ),3,1,1,MG,SINGLE_CANDIDATE,
Assassin,2,1,1,BM,SINGLE_CANDIDATE,
Assassin Spider-Man,3,1,1,SP,SINGLE_CANDIDATE,
Astrid,2,1,1,BJ,SINGLE_CANDIDATE,
"Astro, Vance ( Marvel Comics (Retro) )",3,1,1,MG,SINGLE_CANDIDATE,
Asuka,12,1,1,WSU,SINGLE_CANDIDATE,
Atlan,2,1,1,JG,SINGLE_CANDIDATE,
Atlantean Soldier,2,1,1,AQ,SINGLE_CANDIDATE,
Atlantean Soldier ( Marvel Comics (Retro) ),3,1,1,MG,SINGLE_CANDIDATE,
Atlas,2,1,1,JG,SINGLE_CANDIDATE,
Atom Smasher,2,1,1,JG,SINGLE_CANDIDATE,
Atom Smasher aka Nuklon aka Albert Rothstein,2,1,1,JG,SINGLE_CANDIDATE,
Atomic Skull,2,1,1,SM,SINGLE_CANDIDATE,
Atomic Wonder Woman,2,1,1,,NO_PROPERTY_CANDIDATE,
Att-Lass ( Captain Marvel Movie ),3,1,1,CM,SINGLE_CANDIDATE,
Att-Lass ( Marvel Studios: The Infinity Saga ),3,1,1,,NO_PROPERTY_CANDIDATE,
Attuma ( Marvel Comics (Retro) ),3,1,1,MG,SINGLE_CANDIDATE,
Attuma ( Marvels Black Panther Movie 2 ),3,1,1,BP,SINGLE_CANDIDATE,
August Grey,12,1,1,WSU,SINGLE_CANDIDATE,
Augustine Cross,3,1,1,MU,SINGLE_CANDIDATE,
Augustus Gloop,2,1,1,,NO_PROPERTY_CANDIDATE,
Aunt Petunia,2,1,1,HP,SINGLE_CANDIDATE,
Aunt Petunia (Talent),2,1,1,HP,SINGLE_CANDIDATE,
Aunt Petunia Dursley,2,1,1,HP,SINGLE_CANDIDATE,
"Auntie Em,",2,1,1,WZ,SINGLE_CANDIDATE,
"Auntie Em, Without Clara Blandick Likeness",2,1,1,WZ,SINGLE_CANDIDATE,
Aura ( Marvel Comics (Retro) ),3,1,1,MG,SINGLE_CANDIDATE,
Auror 10,2,1,1,,NO_PROPERTY_CANDIDATE,
Auror 3,2,1,1,,NO_PROPERTY_CANDIDATE,
Auror 9,2,1,1,,NO_PROPERTY_CANDIDATE,
Aurora,3,1,1,MU,SINGLE_CANDIDATE,
Austin Theory,12,1,1,WSU,SINGLE_CANDIDATE,
Ava,12,1,1,WSU,SINGLE_CANDIDATE,
Avalanche,3,1,1,XM,SINGLE_CANDIDATE,
Avengers Logo ( Captain Marvel Movie 2 ),3,1,1,CM,SINGLE_CANDIDATE,
Avengers Logo ( Marvel Comics (Retro) ),3,1,1,MG,SINGLE_CANDIDATE,
Avengers Logo ( Marvel Studios Premiere Collection ),3,1,1,,NO_PROPERTY_CANDIDATE,
Avengers Logo ( Marvel Studios` Ant-Man Wasp Quantumania ),3,1,1,,NO_PROPERTY_CANDIDATE,
Avengers Logo ( Marvel Studios` Avengers Kang Dynasty ),3,1,1,,NO_PROPERTY_CANDIDATE,
Avengers Logo ( Marvel Studios` Avengers Secret Wars ),3,1,1,,NO_PROPERTY_CANDIDATE,
Avengers Logo ( MS Captain America New World Order ),3,1,1,CA,SINGLE_CANDIDATE,
Average Civilian,3,1,1,MU,SINGLE_CANDIDATE,
AVERY HO,2,1,1,JG,SINGLE_CANDIDATE,
Avia,2,1,1,JG,SINGLE_CANDIDATE,
"Avril, Sally ( Marvel Comics (Retro) )",3,1,1,MG,SINGLE_CANDIDATE,
Awesome Android,3,1,1,MG,SINGLE_CANDIDATE,
Ax (Demolition),12,1,1,WSU,SINGLE_CANDIDATE,
Axiom,12,1,1,WSU,SINGLE_CANDIDATE,
Ayo ( Marvels Black Panther Movie 2 ),3,1,1,BP,SINGLE_CANDIDATE,
Ayo ( MS Disney Plus TV Shows ),1,1,1,,NO_PROPERTY_CANDIDATE,
Azazel,3,1,1,XM,SINGLE_CANDIDATE,
B-Fab,12,1,1,WSU,SINGLE_CANDIDATE,
B.B. Wolf,2,1,1,LT,SINGLE_CANDIDATE,
Baba Yaga ( Marvel Comics (Retro) ),3,1,1,MG,SINGLE_CANDIDATE,
Baby Bad Pete,1,1,1,,NO_PROPERTY_CANDIDATE,
Baby Clara Cluck,1,1,1,,NO_PROPERTY_CANDIDATE,
Baby Clarabelle,1,1,1,,NO_PROPERTY_CANDIDATE,
Baby Daisy,1,1,1,,NO_PROPERTY_CANDIDATE,
Baby Donald,1,1,1,,NO_PROPERTY_CANDIDATE,
Baby Face Finster,2,1,1,LT,SINGLE_CANDIDATE,
Baby Goofy,1,1,1,,NO_PROPERTY_CANDIDATE,
Baby Gus,1,1,1,,NO_PROPERTY_CANDIDATE,
Baby Gyro,1,1,1,,NO_PROPERTY_CANDIDATE,
Baby Horace,1,1,1,,NO_PROPERTY_CANDIDATE,
Baby Mickey,1,1,1,,NO_PROPERTY_CANDIDATE,
Baby Minnie,1,1,1,,NO_PROPERTY_CANDIDATE,
Baby Norbert,2,1,1,HP,SINGLE_CANDIDATE,
Baby Owl,2,1,1,LT,SINGLE_CANDIDATE,
Baby Pluto,1,1,1,,NO_PROPERTY_CANDIDATE,
Baby Puss,2,1,1,LT,SINGLE_CANDIDATE,
Babypool,3,1,1,DP,SINGLE_CANDIDATE,
Babypool ( Marvel Studios` Deadpool Movie 3 ),3,1,1,DP,SINGLE_CANDIDATE,
Bacon Little Pig (Piano),2,1,1,LT,SINGLE_CANDIDATE,
Badcomputer,2,1,1,BA,SINGLE_CANDIDATE,
Baela Targaryen,2,1,1,,NO_PROPERTY_CANDIDATE,
Balder the Brave,3,1,1,MU,SINGLE_CANDIDATE,
Balder the Brave ( Marvel Comics (Retro) ),3,1,1,MG,SINGLE_CANDIDATE,
"Baldini, Angelo ( Marvel Comics (Retro) )",3,1,1,MG,SINGLE_CANDIDATE,
"Balinger, Lenny ( Marvel Comics (Retro) )",3,1,1,MG,SINGLE_CANDIDATE,
Ball Fondlers,2,1,1,RK,SINGLE_CANDIDATE,
Balloon,2,1,1,WZ,SINGLE_CANDIDATE,
Balon Greyjoy,2,1,1,GT,SINGLE_CANDIDATE,
Balthromaw,2,1,1,RK,SINGLE_CANDIDATE,
Bam,2,1,1,BA,SINGLE_CANDIDATE,
Bam Bam Bigelow,12,1,1,WSU,SINGLE_CANDIDATE,
Banana Guard,2,1,1,,NO_PROPERTY_CANDIDATE,
"Banner, Bruce ( Marvel Comics (Retro) )",3,1,1,MG,SINGLE_CANDIDATE,
"Banner, Bruce ( Marvel Studios Premiere Collection )",3,1,1,,NO_PROPERTY_CANDIDATE,
"Banner, Bruce ( Marvel Studios: The Infinity Saga )",3,1,1,,NO_PROPERTY_CANDIDATE,
"Banner, Bruce (Old West)",3,1,1,MU,SINGLE_CANDIDATE,
Banshee ( Marvel Comics (Retro) ),3,1,1,MG,SINGLE_CANDIDATE,
Banty The Cock,2,1,1,LT,SINGLE_CANDIDATE,
Baraka,2,1,1,MB,SINGLE_CANDIDATE,
"Baratheon House Motto ""Ours is the Fury""",2,1,1,GT,SINGLE_CANDIDATE,
Baratheon House Sigil,2,1,1,GT,SINGLE_CANDIDATE,
Barman (Aberforth Dumbledore),2,1,1,HP,SINGLE_CANDIDATE,
"Barnes, Bucky ( Marvel Studios Premiere Collection )",3,1,1,,NO_PROPERTY_CANDIDATE,
"Barnes, Bucky ( Marvel Studios: The Infinity Saga )",3,1,1,,NO_PROPERTY_CANDIDATE,
"Barnes, Bucky ( Marvel Studios’ Avengers Doomsday )",3,1,1,,NO_PROPERTY_CANDIDATE,
"Barnes, Bucky ( Marvel Studios` Thunderbolts )",3,1,1,,NO_PROPERTY_CANDIDATE,
Barnyard Dawg,2,1,1,LT,SINGLE_CANDIDATE,
Baron Blood ( Marvel Comics (Retro) ),3,1,1,MG,SINGLE_CANDIDATE,
Baron Corbin,12,1,1,WSU,SINGLE_CANDIDATE,
Baron Mordo ( Marvel Comics (Retro) ),3,1,1,MG,SINGLE_CANDIDATE,
Baron Strucker,3,1,1,MU,SINGLE_CANDIDATE,
Baron Strucker ( Marvel Comics (Retro) ),3,1,1,MG,SINGLE_CANDIDATE,
Baron Zemo ( Marvel Comics (Retro) ),3,1,1,MG,SINGLE_CANDIDATE,
Baron Zemo ( Marvel Studios Premiere Collection ),3,1,1,,NO_PROPERTY_CANDIDATE,
Barracuda ( Marvel Comics (Retro) ),3,1,1,MG,SINGLE_CANDIDATE,
Barristan Selmy,2,1,1,GT,SINGLE_CANDIDATE,
Bartholomew Dog,2,1,1,LT,SINGLE_CANDIDATE,
Barty Crouch Jr,2,1,1,HP,SINGLE_CANDIDATE,
Basilisk ( Marvel Comics (Retro) ),3,1,1,MG,SINGLE_CANDIDATE,
BAT GRAPPLER,2,1,1,BM,SINGLE_CANDIDATE,
Bat Marceline,2,1,1,,NO_PROPERTY_CANDIDATE,
Bat-Mite,2,1,1,BM,SINGLE_CANDIDATE,
Bat-Signal,2,1,1,BM,SINGLE_CANDIDATE,
BATCAR (MOTORIZED),2,1,1,BM,SINGLE_CANDIDATE,
BATCAR (NON-MOTORIZED),2,1,1,BM,SINGLE_CANDIDATE,
BATCAVE,2,1,1,BM,SINGLE_CANDIDATE,
Batgirl aka Cassandra Caine,2,1,1,BA,SINGLE_CANDIDATE,
BATGIRL CYCLE,2,1,1,BM,SINGLE_CANDIDATE,
Bathsheba,2,1,1,C3,SINGLE_CANDIDATE,
Batista,12,1,1,WSU,SINGLE_CANDIDATE,
BATMACHINE,2,1,1,BM,SINGLE_CANDIDATE,
BATMAN (1966 ANIMATED CHARACTER),2,1,1,BM,SINGLE_CANDIDATE,
Batman aka Pirate,2,1,1,,NO_PROPERTY_CANDIDATE,
Batman aka Terry McGinnis,2,1,1,BM,SINGLE_CANDIDATE,
Batman Logo - 1970,2,1,1,BM,SINGLE_CANDIDATE,
BATMAN MOVIE,2,1,1,BM,SINGLE_CANDIDATE,
Batman Who Laughs,2,1,1,BM,SINGLE_CANDIDATE,
Batman With No Character Likeness,2,1,1,BM,SINGLE_CANDIDATE,
"Batman, Batmobile,",2,1,1,BM,SINGLE_CANDIDATE,
Batplane,2,1,1,BM,SINGLE_CANDIDATE,
Batroc the Leaper ( Marvel Comics (Retro) ),3,1,1,MG,SINGLE_CANDIDATE,
Battle Beth,2,1,1,RK,SINGLE_CANDIDATE,
Battumbler,2,1,1,BM,SINGLE_CANDIDATE,
Batty,2,1,1,LT,SINGLE_CANDIDATE,
Batwoman,2,1,1,BM,SINGLE_CANDIDATE,
Batzarro,2,1,1,BM,SINGLE_CANDIDATE,
Baxter Building (location),3,1,1,GM,SINGLE_CANDIDATE,
Bayley,12,1,1,WSU,SINGLE_CANDIDATE,
Beak,3,1,1,XM,SINGLE_CANDIDATE,
Beaky Buzzard,2,1,1,LT,SINGLE_CANDIDATE,
Beast ( Marvel Comics (Retro) ),3,1,1,MG,SINGLE_CANDIDATE,
Beast ( Marvel Studios` Avengers Doomsday ),3,1,1,,NO_PROPERTY_CANDIDATE,
Beast ( MS Disney Plus TV Shows ),1,1,1,,NO_PROPERTY_CANDIDATE,
Beast Boy,2,1,1,,NO_PROPERTY_CANDIDATE,
Beast Boy aka Changeling,2,1,1,JG,SINGLE_CANDIDATE,
"Beast Boy aka Garfield ""Gar"" Logan",2,1,1,,NO_PROPERTY_CANDIDATE,
BEAST GIRL,2,1,1,JG,SINGLE_CANDIDATE,
BECKY (ANCHORWOMAN),2,1,1,BM,SINGLE_CANDIDATE,
Becky Lynch,12,1,1,WSU,SINGLE_CANDIDATE,
Bee,2,1,1,LT,SINGLE_CANDIDATE,
Bee Princess,2,1,1,,NO_PROPERTY_CANDIDATE,
Beemo,2,1,1,,NO_PROPERTY_CANDIDATE,
Beetle ( Marvel Comics (Retro) ),3,1,1,MG,SINGLE_CANDIDATE,
"Beezer, Gus ( Marvel Comics (Retro) )",3,1,1,MG,SINGLE_CANDIDATE,
Belasco ( Marvel Comics (Retro) ),3,1,1,MG,SINGLE_CANDIDATE,
Belletrix Lestrange,2,1,1,HP,SINGLE_CANDIDATE,
"Belova, Yelena (Black Widow II)",3,1,1,MU,SINGLE_CANDIDATE,
"Belova, Yelena (Black Widow II) ( Marvel Comics (Retro) )",3,1,1,MG,SINGLE_CANDIDATE,
Ben Hascom,2,1,1,T7,SINGLE_CANDIDATE,
Ben Urich,3,1,1,MU,SINGLE_CANDIDATE,
Benatar,3,1,1,GG,SINGLE_CANDIDATE,
Benjen Stark,2,1,1,GT,SINGLE_CANDIDATE,
"Bennett, Dexter ( Marvel Comics (Retro) )",3,1,1,MG,SINGLE_CANDIDATE,
Bereet ( Marvel Comics (Retro) ),3,1,1,MG,SINGLE_CANDIDATE,
Bernard,2,1,1,RK,SINGLE_CANDIDATE,
Bertie,2,1,1,LT,SINGLE_CANDIDATE,
Berto,12,1,1,WSU,SINGLE_CANDIDATE,
Beryl,2,1,1,BJ,SINGLE_CANDIDATE,
Bes ( Marvel Comics (Retro) ),3,1,1,MG,SINGLE_CANDIDATE,
Beta-Ray Bill ( Marvel Comics (Retro) ),3,1,1,MG,SINGLE_CANDIDATE,
Beth Smith,2,1,1,RK,SINGLE_CANDIDATE,
Beth`s Mytholog,2,1,1,RK,SINGLE_CANDIDATE,
Bethany Cabe,3,1,1,MU,SINGLE_CANDIDATE,
Betty,2,1,1,,NO_PROPERTY_CANDIDATE,
Betty Brant,3,1,1,MU,SINGLE_CANDIDATE,
Betty Ross,3,1,1,MU,SINGLE_CANDIDATE,
Beverly Marsh,2,1,1,T7,SINGLE_CANDIDATE,
"Bey, Khumbala ( Marvel Comics (Retro) )",3,1,1,MG,SINGLE_CANDIDATE,
Bi-Beast,3,1,1,MU,SINGLE_CANDIDATE,
Bi-Beast ( Marvel Comics (Retro) ),3,1,1,MG,SINGLE_CANDIDATE,
Bianca Belair,12,1,1,WSU,SINGLE_CANDIDATE,
Bibbo,2,1,1,SM,SINGLE_CANDIDATE,
Bibi,2,1,1,BA,SINGLE_CANDIDATE,
Big Bad Pete,1,1,1,MM,SINGLE_CANDIDATE,
Big Bad Wolf (Bops),2,1,1,LT,SINGLE_CANDIDATE,
Big Ben ( Marvel Comics (Retro) ),3,1,1,MG,SINGLE_CANDIDATE,
BIG BILLY,2,1,1,PW,SINGLE_CANDIDATE,
Big Boss Man,12,1,1,WSU,SINGLE_CANDIDATE,
Big Bubba Rogers,12,1,1,WSU,SINGLE_CANDIDATE,
Big Daddy Cool,12,1,1,WSU,SINGLE_CANDIDATE,
Big E,12,1,1,WSU,SINGLE_CANDIDATE,
Big Ghost,2,1,1,LT,SINGLE_CANDIDATE,
Big John Studd,12,1,1,WSU,SINGLE_CANDIDATE,
Big Show,12,1,1,WSU,SINGLE_CANDIDATE,
Big Wheel,3,1,1,MU,SINGLE_CANDIDATE,
Big Wheel ( Marvel Comics (Retro) ),3,1,1,MG,SINGLE_CANDIDATE,
Bill Denbrough,2,1,1,T7,SINGLE_CANDIDATE,
Bill Wilkins,2,1,1,C3,SINGLE_CANDIDATE,
Billy,2,1,1,,NO_PROPERTY_CANDIDATE,
Billy Braddock,3,1,1,MU,SINGLE_CANDIDATE,
Billy Gunn,12,1,1,WSU,SINGLE_CANDIDATE,
Binary,3,1,1,MU,SINGLE_CANDIDATE,
Bird Person,2,1,1,RK,SINGLE_CANDIDATE,
Bishop ( Marvel Comics (Retro) ),3,1,1,MG,SINGLE_CANDIDATE,
Bishop ( MS Disney Plus TV Shows ),1,1,1,,NO_PROPERTY_CANDIDATE,
"Bishop, Kate ( Marvel Comics (Retro) )",3,1,1,MG,SINGLE_CANDIDATE,
"Bishop, Kate ( Marvel Studios Premiere Collection )",3,1,1,,NO_PROPERTY_CANDIDATE,
"Bishop, Kate ( Marvel Studios: The Infinity ) Saga",3,1,1,,NO_PROPERTY_CANDIDATE,
Bizarro (Emperor Joker),2,1,1,SM,SINGLE_CANDIDATE,
Bizzaro,2,1,1,SM,SINGLE_CANDIDATE,
Black Ant,3,1,1,MU,SINGLE_CANDIDATE,
Black Bat Chest Emblem,2,1,1,BM,SINGLE_CANDIDATE,
Black Bird,3,1,1,MU,SINGLE_CANDIDATE,
Black Bolt ( Marvel Comics (Retro) ),3,1,1,MG,SINGLE_CANDIDATE,
Black Cat ( Marvel Comics (Retro) ),3,1,1,MG,SINGLE_CANDIDATE,
Black Cat (Medium),2,1,1,LT,SINGLE_CANDIDATE,
Black Cat (Small),2,1,1,LT,SINGLE_CANDIDATE,
Black Costume Spider-Man ( Marvel Comics (Retro) ),3,1,1,MG,SINGLE_CANDIDATE,
Black Dwarf,3,1,1,MU,SINGLE_CANDIDATE,
Black Flash,2,1,1,JG,SINGLE_CANDIDATE,
Black Goliath,3,1,1,MU,SINGLE_CANDIDATE,
Black Goliath ( Marvel Comics (Retro) ),3,1,1,MG,SINGLE_CANDIDATE,
Black Knight ( Marvel Comics (Retro) ),3,1,1,MG,SINGLE_CANDIDATE,
Black Knight (Du Lac),3,1,1,MU,SINGLE_CANDIDATE,
Black Knight (Garrett),3,1,1,MU,SINGLE_CANDIDATE,
Black Knight (Sir Percy),3,1,1,MU,SINGLE_CANDIDATE,
Black Lightning,2,1,1,JG,SINGLE_CANDIDATE,
Black Mamba,3,1,1,MU,SINGLE_CANDIDATE,
Black Manta (DC Metal Force),2,1,1,JG,SINGLE_CANDIDATE,
Black Mariah ( Marvel Comics (Retro) ),3,1,1,MG,SINGLE_CANDIDATE,
Black Panther ( Marvel Comics (Retro) ),3,1,1,MG,SINGLE_CANDIDATE,
Black Panther ( Marvel Studios Premiere Collection ),3,1,1,,NO_PROPERTY_CANDIDATE,
Black Panther ( MS Disney Plus TV Shows ),1,1,1,,NO_PROPERTY_CANDIDATE,
Black Panther (Killmonger),3,1,1,MU,SINGLE_CANDIDATE,
Black Panther Legacy Collection (Gen) ( Marvels Black Panther Movie 2 ),3,1,1,BP,SINGLE_CANDIDATE,
Black Raazer ( Marvel Comics (Retro) ),3,1,1,MG,SINGLE_CANDIDATE,
Black Spider,2,1,1,JG,SINGLE_CANDIDATE,
Black Swan,3,1,1,MU,SINGLE_CANDIDATE,
Black Tarantula ( Marvel Comics (Retro) ),3,1,1,MG,SINGLE_CANDIDATE,
Black Toad ( Marvel Comics (Retro) ),3,1,1,MG,SINGLE_CANDIDATE,
Black Widow ( Marvel Comics (Retro) ),3,1,1,MG,SINGLE_CANDIDATE,
Black Widow ( Marvel Studios Premiere Collection ),3,1,1,,NO_PROPERTY_CANDIDATE,
Black Widow ( MS Disney Plus TV Shows ),1,1,1,,NO_PROPERTY_CANDIDATE,
Black Widow (Claire Voyant),3,1,1,GM,SINGLE_CANDIDATE,
Black Widow 2099,3,1,1,MU,SINGLE_CANDIDATE,
"Black, Tess ( Marvel Comics (Retro) )",3,1,1,MG,SINGLE_CANDIDATE,
Blackbird ( MS Disney Plus TV Shows ),1,1,1,,NO_PROPERTY_CANDIDATE,
Blackbriar Thorn,2,1,1,JG,SINGLE_CANDIDATE,
Blackguard,2,1,1,,NO_PROPERTY_CANDIDATE,
Blacklash,3,1,1,MU,SINGLE_CANDIDATE,
Blacklash ( Marvel Comics (Retro) ),3,1,1,MG,SINGLE_CANDIDATE,
"Blackout (Daniels, Marcus)",3,1,1,MU,SINGLE_CANDIDATE,
"Blackout (Daniels, Marcus) ( Marvel Comics (Retro) )",3,1,1,MG,SINGLE_CANDIDATE,
Blacque Jacque Shellaque,2,1,1,LT,SINGLE_CANDIDATE,
Blade ( Marvel Comics (Retro) ),3,1,1,MG,SINGLE_CANDIDATE,
Blade ( Marvel Studios` Deadpool Movie 3 ),3,1,1,DP,SINGLE_CANDIDATE,
Blade ( Marvels` Blade Movie ),3,1,1,,NO_PROPERTY_CANDIDATE,
Blade Moon Knight ( MS Disney Plus TV Shows ),1,1,1,,NO_PROPERTY_CANDIDATE,
Blake Monroe,12,1,1,WSU,SINGLE_CANDIDATE,
"Blake, Donald ( Marvel Comics (Retro) )",3,1,1,MG,SINGLE_CANDIDATE,
Blastaar,3,1,1,MU,SINGLE_CANDIDATE,
Blastaar ( Marvel Comics (Retro) ),3,1,1,MG,SINGLE_CANDIDATE,
"Blaze, Johnny ( Marvel Comics (Retro) )",3,1,1,MG,SINGLE_CANDIDATE,
Blazing Skull ( Marvel Comics (Retro) ),3,1,1,MG,SINGLE_CANDIDATE,
Bleacher,2,1,1,,NO_PROPERTY_CANDIDATE,
Bleez,2,1,1,GN,SINGLE_CANDIDATE,
Blight,2,1,1,BM,SINGLE_CANDIDATE,
Blindspot,3,1,1,MU,SINGLE_CANDIDATE,
Blizzard,3,1,1,MU,SINGLE_CANDIDATE,
Blizzard ( Marvel Comics (Retro) ),3,1,1,MG,SINGLE_CANDIDATE,
Blockbuster,2,1,1,BM,SINGLE_CANDIDATE,
Blockbuster,3,1,1,MU,SINGLE_CANDIDATE,
Blonde Phantom ( Marvel Comics (Retro) ),3,1,1,MG,SINGLE_CANDIDATE,
"Blonsky, Emil ( Marvel Comics (Retro) )",3,1,1,MG,SINGLE_CANDIDATE,
"Blonsky, Emil ( Marvel Studios: The Infinity Saga )",3,1,1,,NO_PROPERTY_CANDIDATE,
BLOOD SCARAB,2,1,1,JG,SINGLE_CANDIDATE,
Blood Spider ( Marvel Comics (Retro) ),3,1,1,MG,SINGLE_CANDIDATE,
Bloodscream,3,1,1,MU,SINGLE_CANDIDATE,
Bloodsport,2,1,1,,NO_PROPERTY_CANDIDATE,
"Bloodstone, Elsa ( MS Disney Plus TV Shows )",1,1,1,,NO_PROPERTY_CANDIDATE,
Bloodstorm,3,1,1,MU,SINGLE_CANDIDATE,
Bloodwynd,2,1,1,JG,SINGLE_CANDIDATE,
BLOSSOM,2,1,1,PW,SINGLE_CANDIDATE,
Blue Beetle (DC Metal Force),2,1,1,JG,SINGLE_CANDIDATE,
Blue Devil,2,1,1,JG,SINGLE_CANDIDATE,
Blue Falcon,2,1,1,,NO_PROPERTY_CANDIDATE,
Blue Falcon as voiced by Mark Wahlberg,2,1,1,,NO_PROPERTY_CANDIDATE,
Blue Marvel,3,1,1,MU,SINGLE_CANDIDATE,
Blue Shield,3,1,1,MU,SINGLE_CANDIDATE,
Blue Shield ( Marvel Comics (Retro) ),3,1,1,MG,SINGLE_CANDIDATE,
Blur,3,1,1,MU,SINGLE_CANDIDATE,
Boa,12,1,1,WSU,SINGLE_CANDIDATE,
Boastful Loki ( MS Disney Plus TV Shows ),1,1,1,,NO_PROPERTY_CANDIDATE,
Bob (In Lift),2,1,1,HP,SINGLE_CANDIDATE,
Bob Backlund,12,1,1,WSU,SINGLE_CANDIDATE,
BOB THE GOON,2,1,1,BM,SINGLE_CANDIDATE,
Bobby The Brain Heenan,12,1,1,WSU,SINGLE_CANDIDATE,
Bobo,2,1,1,LT,SINGLE_CANDIDATE,
"Bolton House Motto ""Our Blades are Sharp""",2,1,1,GT,SINGLE_CANDIDATE,
Bolton House Sigil,2,1,1,GT,SINGLE_CANDIDATE,
Bombshell,3,1,1,MV,SINGLE_CANDIDATE,
Booker T,12,1,1,WSU,SINGLE_CANDIDATE,
BOOM,2,1,1,JG,SINGLE_CANDIDATE,
Boomerang ( Marvel Comics (Retro) ),3,1,1,MG,SINGLE_CANDIDATE,
Boomerang ( Spider-Man: Brand New Day Movie 2026 ),3,1,1,SP,SINGLE_CANDIDATE,
Booster Gold,2,1,1,JG,SINGLE_CANDIDATE,
Bor ( Marvel Comics (Retro) ),3,1,1,MG,SINGLE_CANDIDATE,
Bosko,2,1,1,LT,SINGLE_CANDIDATE,
Boss,2,1,1,,NO_PROPERTY_CANDIDATE,
Boston Conner,12,1,1,WSU,SINGLE_CANDIDATE,
"Boudreaux, Julien ( Marvel Comics (Retro) )",3,1,1,MG,SINGLE_CANDIDATE,
Bounty,2,1,1,SM,SINGLE_CANDIDATE,
Bowling Bell,2,1,1,BM,SINGLE_CANDIDATE,
Bowman,3,1,1,MU,SINGLE_CANDIDATE,
Boy Mouse,2,1,1,LT,SINGLE_CANDIDATE,
BOY THUNDER,2,1,1,JG,SINGLE_CANDIDATE,
Brad,2,1,1,C3,SINGLE_CANDIDATE,
Braga,2,1,1,,NO_PROPERTY_CANDIDATE,
Braincules,2,1,1,RK,SINGLE_CANDIDATE,
Brainiac (DC Metal Force),2,1,1,JG,SINGLE_CANDIDATE,
Brainiac 13,2,1,1,SM,SINGLE_CANDIDATE,
Brainiac 2.5,2,1,1,SM,SINGLE_CANDIDATE,
Brainiac 5,2,1,1,,NO_PROPERTY_CANDIDATE,
Brainiac`s Daughter,2,1,1,JG,SINGLE_CANDIDATE,
Bran Stark,2,1,1,GT,SINGLE_CANDIDATE,
Brand,2,1,1,,NO_PROPERTY_CANDIDATE,
Brandi Rhodes,12,1,1,WSU,SINGLE_CANDIDATE,
"Brant, Betty ( Marvel Comics (Retro) )",3,1,1,MG,SINGLE_CANDIDATE,
BRATTY LITTLE PRINCESS,2,1,1,PW,SINGLE_CANDIDATE,
Bray Wyatt,12,1,1,WSU,SINGLE_CANDIDATE,
Brayden Ray,12,1,1,WSU,SINGLE_CANDIDATE,
Breakfast Princess,2,1,1,,NO_PROPERTY_CANDIDATE,
Bree,2,1,1,FT,SINGLE_CANDIDATE,
Bret Hart,12,1,1,WSU,SINGLE_CANDIDATE,
Brian Kendrick,12,1,1,WSU,SINGLE_CANDIDATE,
Brian Knobbs,12,1,1,WSU,SINGLE_CANDIDATE,
Brian Pillman,12,1,1,WSU,SINGLE_CANDIDATE,
Bride,2,1,1,A9,SINGLE_CANDIDATE,
Brie Bella,12,1,1,WSU,SINGLE_CANDIDATE,
Brienne of Tarth,2,1,1,GT,SINGLE_CANDIDATE,
Brine King,2,1,1,AQ,SINGLE_CANDIDATE,
Brinley Reece,12,1,1,WSU,SINGLE_CANDIDATE,
British Bulldog,12,1,1,WSU,SINGLE_CANDIDATE,
BROCCOLI ALIENS,2,1,1,PW,SINGLE_CANDIDATE,
Brock Lesnar,12,1,1,WSU,SINGLE_CANDIDATE,
Bron Breakker,12,1,1,WSU,SINGLE_CANDIDATE,
Bron-Char ( Captain Marvel Movie ),3,1,1,CM,SINGLE_CANDIDATE,
Brona ( Marvel Comics (Retro) ),3,1,1,MG,SINGLE_CANDIDATE,
Bronco Nima,12,1,1,WSU,SINGLE_CANDIDATE,
Bronn,2,1,1,GT,SINGLE_CANDIDATE,
Bronson Reed,12,1,1,WSU,SINGLE_CANDIDATE,
Bronze Tiger,2,1,1,BM,SINGLE_CANDIDATE,
Brood,3,1,1,XM,SINGLE_CANDIDATE,
Brooks Jensen,12,1,1,WSU,SINGLE_CANDIDATE,
Brother Blood,2,1,1,,NO_PROPERTY_CANDIDATE,
Brother Hymn,2,1,1,GN,SINGLE_CANDIDATE,
Brother Love,12,1,1,WSU,SINGLE_CANDIDATE,
Brother Voodoo,3,1,1,MU,SINGLE_CANDIDATE,
Brotherhood of Evil Mutants,3,1,1,MU,SINGLE_CANDIDATE,
Brothers Grimm,3,1,1,MU,SINGLE_CANDIDATE,
"Brown, Hobie ( Marvel Comics (Retro) )",3,1,1,MG,SINGLE_CANDIDATE,
"Brown, Laura ( Marvel Comics (Retro) )",3,1,1,MG,SINGLE_CANDIDATE,
Bruce Chutback,2,1,1,RK,SINGLE_CANDIDATE,
BRUCE WAYNE (BATMAN),2,1,1,BM,SINGLE_CANDIDATE,
Bruce Wayne With No Character Likeness,2,1,1,BM,SINGLE_CANDIDATE,
Bruce Wayne`S Dog ``Ace``,2,1,1,BM,SINGLE_CANDIDATE,
Bruno,2,1,1,LT,SINGLE_CANDIDATE,
Bruno Carelli,3,1,1,MU,SINGLE_CANDIDATE,
Bruno Sammartino,12,1,1,WSU,SINGLE_CANDIDATE,
Brutus Beefcake,12,1,1,WSU,SINGLE_CANDIDATE,
Brutus Creed,12,1,1,WSU,SINGLE_CANDIDATE,
Brynden `Blackfish` Tully,2,1,1,GT,SINGLE_CANDIDATE,
Brynden Tully,2,1,1,GT,SINGLE_CANDIDATE,
Bubba Ray Dudley,12,1,1,WSU,SINGLE_CANDIDATE,
BUBBLES,2,1,1,PW,SINGLE_CANDIDATE,
Bucky,3,1,1,MU,SINGLE_CANDIDATE,
Bucky ( Marvel Comics (Retro) ),3,1,1,MG,SINGLE_CANDIDATE,
Buddy,2,1,1,LT,SINGLE_CANDIDATE,
Buddy Roberts,12,1,1,WSU,SINGLE_CANDIDATE,
Buff,2,1,1,BA,SINGLE_CANDIDATE,
Bugs,2,1,1,,NO_PROPERTY_CANDIDATE,
Bugs Bunny as Batman,2,1,1,LT,SINGLE_CANDIDATE,
Bugs Bunny as Buddy The Elf,2,1,1,LT,SINGLE_CANDIDATE,
Bugs Bunny as Fred Flintstone,2,1,1,LT,SINGLE_CANDIDATE,
Bugs Bunny as Fred Jones Jr.,2,1,1,LT,SINGLE_CANDIDATE,
Bugs Bunny as George Jetson,2,1,1,LT,SINGLE_CANDIDATE,
Bugs Bunny as Gryffindor Fan,2,1,1,LT,SINGLE_CANDIDATE,
Bugs Bunny as Morpheus,2,1,1,LT,SINGLE_CANDIDATE,
Bugs Bunny as Rick Blaine,2,1,1,LT,SINGLE_CANDIDATE,
Bugs Bunny as Superman,2,1,1,JG,SINGLE_CANDIDATE,
Bugs Bunny as Tin Man,2,1,1,LT,SINGLE_CANDIDATE,
Bugs` Nephew,2,1,1,LT,SINGLE_CANDIDATE,
Bull,2,1,1,WT,SINGLE_CANDIDATE,
Bull Nakano,12,1,1,WSU,SINGLE_CANDIDATE,
Bullet,2,1,1,RK,SINGLE_CANDIDATE,
Bullet Points Spider-Man ( Marvel Comics (Retro) ),3,1,1,MG,SINGLE_CANDIDATE,
Bulletfgirl II,2,1,1,JG,SINGLE_CANDIDATE,
Bulletman II,2,1,1,JG,SINGLE_CANDIDATE,
Bulletproof Spider-Armor,3,1,1,GM,SINGLE_CANDIDATE,
Bullseye ( Marvel Comics (Retro) ),3,1,1,MG,SINGLE_CANDIDATE,
Bullseye ( MS Disney Plus TV Shows ),1,1,1,,NO_PROPERTY_CANDIDATE,
Bullseye (Old West),3,1,1,MU,SINGLE_CANDIDATE,
Bully For Bugs,2,1,1,LT,SINGLE_CANDIDATE,
Bunny,2,1,1,LT,SINGLE_CANDIDATE,
"Burch, Sonny ( Marvel Studios Premiere Collection )",3,1,1,,NO_PROPERTY_CANDIDATE,
Bushwhacker Butch,12,1,1,WSU,SINGLE_CANDIDATE,
Bushwhacker Luke,12,1,1,WSU,SINGLE_CANDIDATE,
Butch,12,1,1,WSU,SINGLE_CANDIDATE,
Butch J. Bulldog,2,1,1,LT,SINGLE_CANDIDATE,
Butterball,3,1,1,MU,SINGLE_CANDIDATE,
BUTTERCUP,2,1,1,PW,SINGLE_CANDIDATE,
Butterfly ( Marvel Comics (Retro) ),3,1,1,MG,SINGLE_CANDIDATE,
Byron Saxton,12,1,1,WSU,SINGLE_CANDIDATE,
Byrrah ( Marvel Comics (Retro) ),3,1,1,MG,SINGLE_CANDIDATE,
Bzzd,2,1,1,GN,SINGLE_CANDIDATE,
"Cabe, Bethany ( Marvel Comics (Retro) )",3,1,1,MG,SINGLE_CANDIDATE,
Cable ( Marvel Comics (Retro) ),3,1,1,MG,SINGLE_CANDIDATE,
Cable ( MS Disney Plus TV Shows ),1,1,1,,NO_PROPERTY_CANDIDATE,
Cactus Jack,12,1,1,WSU,SINGLE_CANDIDATE,
"Cadavus, Franz ( Marvel Comics (Retro) )",3,1,1,MG,SINGLE_CANDIDATE,
"Cage, Luke ( Marvel Comics (Retro) )",3,1,1,MG,SINGLE_CANDIDATE,
"Cage, Luke (Noir)",3,1,1,MU,SINGLE_CANDIDATE,
Caiera the Oldstrong,3,1,1,MU,SINGLE_CANDIDATE,
Cain,2,1,1,BM,SINGLE_CANDIDATE,
Cain Velasquez,12,1,1,WSU,SINGLE_CANDIDATE,
Cake,2,1,1,,NO_PROPERTY_CANDIDATE,
CAL,3,1,1,SX,SINGLE_CANDIDATE,
"Calderu, Lilia ( MS Disney Plus TV Shows )",1,1,1,,NO_PROPERTY_CANDIDATE,
Caliban,3,1,1,XM,SINGLE_CANDIDATE,
Callisto,3,1,1,XM,SINGLE_CANDIDATE,
Cameron,2,1,1,RK,SINGLE_CANDIDATE,
Camp Rock - A Doyle (Lola),1,1,1,,NO_PROPERTY_CANDIDATE,
Camp Rock - A M Perez (Ella),1,1,1,,NO_PROPERTY_CANDIDATE,
Camp Rock - A Stoner (Caitlyn),1,1,1,,NO_PROPERTY_CANDIDATE,
Camp Rock - D Fathers (Brown),1,1,1,,NO_PROPERTY_CANDIDATE,
Camp Rock - D Lovato (Mitchie),1,1,1,,NO_PROPERTY_CANDIDATE,
Camp Rock - J Francis (Barron),1,1,1,,NO_PROPERTY_CANDIDATE,
Camp Rock - J Jonas (Shane),1,1,1,,NO_PROPERTY_CANDIDATE,
Camp Rock - J Ricci (TJ),1,1,1,,NO_PROPERTY_CANDIDATE,
Camp Rock - J Richards (Peggy),1,1,1,,NO_PROPERTY_CANDIDATE,
Camp Rock - K Jonas (Jason),1,1,1,,NO_PROPERTY_CANDIDATE,
Camp Rock - Lola Catly Ela Bwn Miche Pegy Shane Nat Conie Tes Json Gio JBwn,1,1,1,,NO_PROPERTY_CANDIDATE,
Camp Rock - M Canals (Connie),1,1,1,,NO_PROPERTY_CANDIDATE,
Camp Rock - M Martin (Tess),1,1,1,,NO_PROPERTY_CANDIDATE,
Camp Rock - N Jonas (Nate),1,1,1,,NO_PROPERTY_CANDIDATE,
Camp Rock - R Fegan (Sander),1,1,1,,NO_PROPERTY_CANDIDATE,
Camp Rock - S Francis (Lola Dancer),1,1,1,,NO_PROPERTY_CANDIDATE,
Camp Rock 2 - A M Perez (Ella),1,1,1,,NO_PROPERTY_CANDIDATE,
Camp Rock 2 - A Stoner (Caitlyn),1,1,1,,NO_PROPERTY_CANDIDATE,
Camp Rock 2 - C Bridges (Dana),1,1,1,,NO_PROPERTY_CANDIDATE,
Camp Rock 2 - D Lovato (Mitchie),1,1,1,,NO_PROPERTY_CANDIDATE,
Camp Rock 2 - F Jonas,1,1,1,,NO_PROPERTY_CANDIDATE,
Camp Rock 2 - J Jonas (Shane),1,1,1,,NO_PROPERTY_CANDIDATE,
Camp Rock 2 - K Jonas (Jason),1,1,1,,NO_PROPERTY_CANDIDATE,
Camp Rock 2 - M Canals (Connie),1,1,1,,NO_PROPERTY_CANDIDATE,
Camp Rock 2 - M Finley (Luke),1,1,1,,NO_PROPERTY_CANDIDATE,
Camp Rock 2 - M Martin (Tess),1,1,1,,NO_PROPERTY_CANDIDATE,
Camp Rock 2 - N Jonas (Nate),1,1,1,,NO_PROPERTY_CANDIDATE,
Camp Rock 2 - R Fegan (Sander),1,1,1,,NO_PROPERTY_CANDIDATE,
Camp Rock 2 – Con Dana Sand Luke Jas Shan Nate FJon Mitc Tess Ella Cait,1,1,1,,NO_PROPERTY_CANDIDATE,
Candice LeRae,12,1,1,WSU,SINGLE_CANDIDATE,
Candy Corn Citizen,2,1,1,,NO_PROPERTY_CANDIDATE,
Candy People,2,1,1,,NO_PROPERTY_CANDIDATE,
Candy Person,2,1,1,,NO_PROPERTY_CANDIDATE,
Cap-Wolf ( Marvel Comics (Retro) ),3,1,1,MG,SINGLE_CANDIDATE,
Captain,2,1,1,JG,SINGLE_CANDIDATE,
Captain America ( Marvel Comics (Retro) ),3,1,1,MG,SINGLE_CANDIDATE,
Captain America ( Marvel Studios Premiere Collection ),3,1,1,,NO_PROPERTY_CANDIDATE,
Captain America (Hydra),3,1,1,MU,SINGLE_CANDIDATE,
Captain America (Old West),3,1,1,MU,SINGLE_CANDIDATE,
Captain America (Peggy Carter),3,1,1,MU,SINGLE_CANDIDATE,
Captain America (Sam Wilson) ( Marvel Studios Premiere Collection ),3,1,1,,NO_PROPERTY_CANDIDATE,
Captain America (Sam Wilson) ( Marvel Studios` Avengers Doomsday ),3,1,1,,NO_PROPERTY_CANDIDATE,
Captain America (Sam Wilson) ( MS Captain America New World Order ),3,1,1,CA,SINGLE_CANDIDATE,
Captain America (Sam Wilson) ( MS Disney Plus TV Shows ),1,1,1,,NO_PROPERTY_CANDIDATE,
Captain America (Samantha Wilson),3,1,1,MU,SINGLE_CANDIDATE,
Captain America (Venomized),3,1,1,SP,SINGLE_CANDIDATE,
Captain America 2099,3,1,1,MU,SINGLE_CANDIDATE,
Captain Atom,2,1,1,JG,SINGLE_CANDIDATE,
Captain Avalon,3,1,1,MU,SINGLE_CANDIDATE,
Captain Carrot,2,1,1,JG,SINGLE_CANDIDATE,
Captain Carter ( Marvel Studios Premiere Collection ),3,1,1,,NO_PROPERTY_CANDIDATE,
Captain Caveman,2,1,1,,NO_PROPERTY_CANDIDATE,
Captain Caveman as voiced by Tracy Morgan,2,1,1,,NO_PROPERTY_CANDIDATE,
Captain Comet,2,1,1,JG,SINGLE_CANDIDATE,
Captain Corbett,3,1,1,MU,SINGLE_CANDIDATE,
Captain Hook,1,1,1,PA,SINGLE_CANDIDATE,
captain lou albano,12,1,1,WSU,SINGLE_CANDIDATE,
Captain Mar-Vell,3,1,1,CM,SINGLE_CANDIDATE,
Captain Mar-Vell ( Marvel Comics (Retro) ),3,1,1,MG,SINGLE_CANDIDATE,
Captain Marvel ( Marvel Comics (Retro) ),3,1,1,MG,SINGLE_CANDIDATE,
Captain Marvel ( Marvel Studios Premiere Collection ),3,1,1,,NO_PROPERTY_CANDIDATE,
Captain Marvel ( MS Disney Plus TV Shows ),1,1,1,,NO_PROPERTY_CANDIDATE,
Captain Marvel (Venomized),3,1,1,SP,SINGLE_CANDIDATE,
Captain Marvel Movie Logo ( Captain Marvel Movie ),3,1,1,CM,SINGLE_CANDIDATE,
Captain Spider,3,1,1,SP,SINGLE_CANDIDATE,
Captain Stacy,3,1,1,MU,SINGLE_CANDIDATE,
Captain Stacy ( Marvel Comics (Retro) ),3,1,1,MG,SINGLE_CANDIDATE,
Captain Universe,3,1,1,MU,SINGLE_CANDIDATE,
Captain Universe ( Marvel Comics (Retro) ),3,1,1,MG,SINGLE_CANDIDATE,
Carapax,2,1,1,,NO_PROPERTY_CANDIDATE,
Card-Carrying Cupid,2,1,1,HP,SINGLE_CANDIDATE,
"Carelli, Bruno ( MS Disney Plus TV Shows )",1,1,1,,NO_PROPERTY_CANDIDATE,
Caretaker ( Marvel Comics (Retro) ),3,1,1,MG,SINGLE_CANDIDATE,
Carlee Bright,12,1,1,WSU,SINGLE_CANDIDATE,
Carlotta (The Gypsy),2,1,1,,NO_PROPERTY_CANDIDATE,
Carmella,12,1,1,WSU,SINGLE_CANDIDATE,
Carmelo Hayes,12,1,1,WSU,SINGLE_CANDIDATE,
Carnage ( Marvel Comics (Retro) ),3,1,1,MG,SINGLE_CANDIDATE,
Carnage ( Venom Movie 2024 ),3,1,1,VN,SINGLE_CANDIDATE,
Carnom,3,1,1,MU,SINGLE_CANDIDATE,
Carol As Voiced By James Gandolfini,2,1,1,WT,SINGLE_CANDIDATE,
Carol Corps,3,1,1,MU,SINGLE_CANDIDATE,
Carolyn Perron,2,1,1,C3,SINGLE_CANDIDATE,
Carrion ( Marvel Comics (Retro) ),3,1,1,MG,SINGLE_CANDIDATE,
Cars - Aric Almirolling Number 10,1,1,1,CAR,SINGLE_CANDIDATE,
Cars - Bob Cutlass alone no name usage,1,1,1,CAR,SINGLE_CANDIDATE,
Cars - Bubba Wheelhouse Number 23,1,1,1,CAR,SINGLE_CANDIDATE,
Cars - Carstin Ace Dillon Number 3,1,1,1,CAR,SINGLE_CANDIDATE,
Cars - Chase Racelott Number 9,1,1,1,CAR,SINGLE_CANDIDATE,
Cars - Danny Swervez Number 99,1,1,1,CAR,SINGLE_CANDIDATE,
Cars - Darrell Cartrip alone,1,1,1,CAR,SINGLE_CANDIDATE,
Cars - Doc Hudson alone,1,1,1,CAR,SINGLE_CANDIDATE,
Cars - Dusteze alone,1,1,1,CAR,SINGLE_CANDIDATE,
Cars - Ferrari car alone,1,1,1,CAR,SINGLE_CANDIDATE,
Cars - Fillmore alone,1,1,1,CAR,SINGLE_CANDIDATE,
Cars - Flick alone,1,1,1,CAR,SINGLE_CANDIDATE,
Cars - Flying VW Bug alone,1,1,1,CAR,SINGLE_CANDIDATE,
Cars - Gogo Logano Number 22,1,1,1,CAR,SINGLE_CANDIDATE,
Cars - Guido w Ferrari flags alone,1,1,1,CAR,SINGLE_CANDIDATE,
Cars - Guido w Ferrari Flags and Ferrari Car only,1,1,1,CAR,SINGLE_CANDIDATE,
Cars - Kenworth Trucks alone,1,1,1,CAR,SINGLE_CANDIDATE,
Cars - King alone,1,1,1,CAR,SINGLE_CANDIDATE,
Cars - King and Mario,1,1,1,CAR,SINGLE_CANDIDATE,
Cars - Lizzie alone,1,1,1,CAR,SINGLE_CANDIDATE,
Cars - Luigi (no flags) w Guido w Flags only,1,1,1,CAR,SINGLE_CANDIDATE,
Cars - Luigi alone,1,1,1,CAR,SINGLE_CANDIDATE,
Cars - Luigi w Ferrari car only,1,1,1,CAR,SINGLE_CANDIDATE,
Cars - Luigi w Ferrari flags alone,1,1,1,CAR,SINGLE_CANDIDATE,
Cars - Luigi w Flags w Guido w Flags and Ferrari car and King only,1,1,1,CAR,SINGLE_CANDIDATE,
Cars - Luigi w Flags w Guido w Flags and Ferrari car and Mario only,1,1,1,CAR,SINGLE_CANDIDATE,
Cars - Luigi w Flags w Guido w Flags and Ferrari car only,1,1,1,CAR,SINGLE_CANDIDATE,
Cars - Luigi w Flags w Guido w Flags and King only,1,1,1,CAR,SINGLE_CANDIDATE,
Cars - Luigi w Flags w Guido w Flags and Mario only,1,1,1,CAR,SINGLE_CANDIDATE,
Cars - Luigi w Flags w Guido w Flags and non-specialty car,1,1,1,CAR,SINGLE_CANDIDATE,
Cars - Luigi w Flags w Guido w Flags only,1,1,1,CAR,SINGLE_CANDIDATE,
Cars - Luigi w King only,1,1,1,CAR,SINGLE_CANDIDATE,
Cars - Luigi w Mario only,1,1,1,CAR,SINGLE_CANDIDATE,
Cars - Mack alone,1,1,1,CAR,SINGLE_CANDIDATE,
Cars - Mario alone,1,1,1,CAR,SINGLE_CANDIDATE,
Cars - Mario and Ferrari Car only,1,1,1,CAR,SINGLE_CANDIDATE,
Cars - NASCAR Co-Brand Non Third Party,1,1,1,CAR,SINGLE_CANDIDATE,
Cars - Planes (Discontinued Do Not Use),1,1,1,CAR,SINGLE_CANDIDATE,
Cars - Ramone alone,1,1,1,CAR,SINGLE_CANDIDATE,
Cars - Recycled battery truck alone,1,1,1,CAR,SINGLE_CANDIDATE,
Cars - Rowdy Revvin` Busch Number 18 NASCAR Co-Brand,1,1,1,CAR,SINGLE_CANDIDATE,
Cars - Rusteze alone,1,1,1,CAR,SINGLE_CANDIDATE,
Cars - Ryan Inside Laney Number 12,1,1,1,CAR,SINGLE_CANDIDATE,
Cars - Sally alone,1,1,1,CAR,SINGLE_CANDIDATE,
Cars - Sarge alone,1,1,1,CAR,SINGLE_CANDIDATE,
Cars - Sheriff alone,1,1,1,CAR,SINGLE_CANDIDATE,
Cars - Tex alone,1,1,1,CAR,SINGLE_CANDIDATE,
Cars - TJ Hummer alone,1,1,1,CAR,SINGLE_CANDIDATE,
Cars - Vern`s Taxi alone,1,1,1,CAR,SINGLE_CANDIDATE,
Cars - William Byrev Number 24,1,1,1,CAR,SINGLE_CANDIDATE,
Cars 2 - Carla Veloso,1,1,1,CAR,SINGLE_CANDIDATE,
Cars 2 - Chick Hicks,1,1,1,CAR,SINGLE_CANDIDATE,
Cars 2 - Crabby (with Decals) - Alone,1,1,1,CAR,SINGLE_CANDIDATE,
Cars 2 - Darrell Cartrip - Alone,1,1,1,CAR,SINGLE_CANDIDATE,
Cars 2 - David Hobbscap - Alone,1,1,1,CAR,SINGLE_CANDIDATE,
Cars 2 - DJ,1,1,1,CAR,SINGLE_CANDIDATE,
Cars 2 - Fillmore,1,1,1,CAR,SINGLE_CANDIDATE,
Cars 2 - Finn McMissile,1,1,1,CAR,SINGLE_CANDIDATE,
Cars 2 - Francesco Bernoulli,1,1,1,CAR,SINGLE_CANDIDATE,
Cars 2 - Guido,1,1,1,CAR,SINGLE_CANDIDATE,
Cars 2 - Holley Shiftwell,1,1,1,CAR,SINGLE_CANDIDATE,
Cars 2 - Jeff Gorvette (plain) - Alone,1,1,1,CAR,SINGLE_CANDIDATE,
Cars 2 - Jeff Gorvette with 24 - Alone,1,1,1,CAR,SINGLE_CANDIDATE,
Cars 2 - Jeff Gorvette with signature - Alone,1,1,1,CAR,SINGLE_CANDIDATE,
Cars 2 - Lewis Hamilton - Alone,1,1,1,CAR,SINGLE_CANDIDATE,
Cars 2 - Lightning McQueen,1,1,1,CAR,SINGLE_CANDIDATE,
Cars 2 - London Taxi - Alone,1,1,1,CAR,SINGLE_CANDIDATE,
Cars 2 - Luigi,1,1,1,CAR,SINGLE_CANDIDATE,
Cars 2 - Mack,1,1,1,CAR,SINGLE_CANDIDATE,
Cars 2 - Mater,1,1,1,CAR,SINGLE_CANDIDATE,
Cars 2 - Max Schnell,1,1,1,CAR,SINGLE_CANDIDATE,
Cars 2 - Memo Rojas Jr,1,1,1,CAR,SINGLE_CANDIDATE,
Cars 2 - Mia,1,1,1,CAR,SINGLE_CANDIDATE,
Cars 2 - Miguel Camino,1,1,1,CAR,SINGLE_CANDIDATE,
Cars 2 - Miles Axelrod,1,1,1,CAR,SINGLE_CANDIDATE,
Cars 2 - Mustangerberger Lizzie Sherif London Police Ford - Alone,1,1,1,CAR,SINGLE_CANDIDATE,
"Cars 2 - Nigel Gearsley, Aston Martin - Alone",1,1,1,CAR,SINGLE_CANDIDATE,
Cars 2 - Porsche (excluding Sally) - Alone,1,1,1,CAR,SINGLE_CANDIDATE,
Cars 2 - Professor Z,1,1,1,CAR,SINGLE_CANDIDATE,
Cars 2 - Range Rover - Alone,1,1,1,CAR,SINGLE_CANDIDATE,
Cars 2 - Raoul Caroule,1,1,1,CAR,SINGLE_CANDIDATE,
Cars 2 - Red,1,1,1,CAR,SINGLE_CANDIDATE,
Cars 2 - RIP Clutchgoneski,1,1,1,CAR,SINGLE_CANDIDATE,
Cars 2 - Sally,1,1,1,CAR,SINGLE_CANDIDATE,
Cars 2 - Shu Todoroki,1,1,1,CAR,SINGLE_CANDIDATE,
Cars 2 - Sidley,1,1,1,CAR,SINGLE_CANDIDATE,
Cars 2 - Snot Rod,1,1,1,CAR,SINGLE_CANDIDATE,
Cars 2 - Vitaly Petrov,1,1,1,CAR,SINGLE_CANDIDATE,
Cars 2 - Wingo,1,1,1,CAR,SINGLE_CANDIDATE,
Cars 3 - Apple iCar,1,1,1,CAR,SINGLE_CANDIDATE,
Cars 3 - Arvy Motorhome,1,1,1,CAR,SINGLE_CANDIDATE,
Cars 3 - Bob Peterbilt,1,1,1,CAR,SINGLE_CANDIDATE,
Cars 3 - Bobbie Swift,1,1,1,CAR,SINGLE_CANDIDATE,
Cars 3 - Brent Mustangburger,1,1,1,CAR,SINGLE_CANDIDATE,
Cars 3 - Brick Yardley,1,1,1,CAR,SINGLE_CANDIDATE,
Cars 3 - Bubba Wheelhouse Number 6,1,1,1,CAR,SINGLE_CANDIDATE,
Cars 3 - Cal Weathers,1,1,1,CAR,SINGLE_CANDIDATE,
Cars 3 - Carlos Transmission,1,1,1,CAR,SINGLE_CANDIDATE,
Cars 3 - Chase Racelott Number 24,1,1,1,CAR,SINGLE_CANDIDATE,
Cars 3 - Chester Whipplefilter,1,1,1,CAR,SINGLE_CANDIDATE,
Cars 3 - Chick Hicks,1,1,1,CAR,SINGLE_CANDIDATE,
Cars 3 - Cruz Ramirez,1,1,1,CAR,SINGLE_CANDIDATE,
Cars 3 - Daniel Swervez Number 19,1,1,1,CAR,SINGLE_CANDIDATE,
Cars 3 - Darrell Cartrip,1,1,1,CAR,SINGLE_CANDIDATE,
Cars 3 - Doc Hudson,1,1,1,CAR,SINGLE_CANDIDATE,
Cars 3 - Dr. Damage,1,1,1,CAR,SINGLE_CANDIDATE,
Cars 3 - Dusty,1,1,1,CAR,SINGLE_CANDIDATE,
Cars 3 - Fillmore,1,1,1,CAR,SINGLE_CANDIDATE,
Cars 3 - Flo,1,1,1,CAR,SINGLE_CANDIDATE,
Cars 3 - Four Horsepowers of the Apocalypse,1,1,1,CAR,SINGLE_CANDIDATE,
Cars 3 - Guido,1,1,1,CAR,SINGLE_CANDIDATE,
Cars 3 - Jackson Storm,1,1,1,CAR,SINGLE_CANDIDATE,
Cars 3 - Jamie Flywheel,1,1,1,CAR,SINGLE_CANDIDATE,
Cars 3 - Jeff Gorvette,1,1,1,CAR,SINGLE_CANDIDATE,
Cars 3 - Jeff Gorvette and 24,1,1,1,CAR,SINGLE_CANDIDATE,
Cars 3 - Jeff Gorvette and Signature,1,1,1,CAR,SINGLE_CANDIDATE,
Cars 3 - Junior Moon,1,1,1,CAR,SINGLE_CANDIDATE,
Cars 3 - Leroy Heming,1,1,1,CAR,SINGLE_CANDIDATE,
Cars 3 - Lewis Hamilton,1,1,1,CAR,SINGLE_CANDIDATE,
Cars 3 - Lightning McQueen,1,1,1,CAR,SINGLE_CANDIDATE,
Cars 3 - Lightyear Blimp,1,1,1,CAR,SINGLE_CANDIDATE,
Cars 3 - Lizzie,1,1,1,CAR,SINGLE_CANDIDATE,
Cars 3 - Louise Nash,1,1,1,CAR,SINGLE_CANDIDATE,
Cars 3 - Luigi,1,1,1,CAR,SINGLE_CANDIDATE,
Cars 3 - Mack,1,1,1,CAR,SINGLE_CANDIDATE,
Cars 3 - Mater,1,1,1,CAR,SINGLE_CANDIDATE,
Cars 3 - Mel Dorado,1,1,1,CAR,SINGLE_CANDIDATE,
Cars 3 - Miss Fritter,1,1,1,CAR,SINGLE_CANDIDATE,
Cars 3 - Natalie Certain,1,1,1,CAR,SINGLE_CANDIDATE,
Cars 3 - Ramone,1,1,1,CAR,SINGLE_CANDIDATE,
Cars 3 - Ray L. Camino,1,1,1,CAR,SINGLE_CANDIDATE,
Cars 3 - Red,1,1,1,CAR,SINGLE_CANDIDATE,
Cars 3 - River Scott,1,1,1,CAR,SINGLE_CANDIDATE,
Cars 3 - Rusty,1,1,1,CAR,SINGLE_CANDIDATE,
Cars 3 - Ryan Inside Laney Number 21,1,1,1,CAR,SINGLE_CANDIDATE,
Cars 3 - Sally,1,1,1,CAR,SINGLE_CANDIDATE,
Cars 3 - Sarge,1,1,1,CAR,SINGLE_CANDIDATE,
Cars 3 - Sheriff,1,1,1,CAR,SINGLE_CANDIDATE,
Cars 3 - Smokey,1,1,1,CAR,SINGLE_CANDIDATE,
Cars 3 - Stanley,1,1,1,CAR,SINGLE_CANDIDATE,
Cars 3 - Sterling,1,1,1,CAR,SINGLE_CANDIDATE,
Cars 3 - Strip The King Weathers,1,1,1,CAR,SINGLE_CANDIDATE,
Cars 3 - Tex Dinoco,1,1,1,CAR,SINGLE_CANDIDATE,
Cars 3 - Tom Piston Porter,1,1,1,CAR,SINGLE_CANDIDATE,
Carter Grant,2,1,1,SG,SINGLE_CANDIDATE,
"Carter, Peggy ( Marvel Comics (Retro) )",3,1,1,MG,SINGLE_CANDIDATE,
"Carter, Peggy ( Marvel Studios: The Infinity Saga )",3,1,1,,NO_PROPERTY_CANDIDATE,
"Carter, Sharon ( Marvel Comics (Retro) )",3,1,1,MG,SINGLE_CANDIDATE,
"Carter, Sharon ( Marvel Studios Premiere Collection )",3,1,1,,NO_PROPERTY_CANDIDATE,
"Carter, Sharon ( Marvel Studios: The Infinity Saga )",3,1,1,,NO_PROPERTY_CANDIDATE,
Casablanca Jerry,2,1,1,LT,SINGLE_CANDIDATE,
Casablanca Tom,2,1,1,LT,SINGLE_CANDIDATE,
Casbah,2,1,1,LT,SINGLE_CANDIDATE,
Case Hatch,12,1,1,WSU,SINGLE_CANDIDATE,
Cassandra Nova,3,1,1,MU,SINGLE_CANDIDATE,
Cassie Lang,3,1,1,MU,SINGLE_CANDIDATE,
"Castle, Frank ( Marvel Comics (Retro) )",3,1,1,MG,SINGLE_CANDIDATE,
Cat Grant,2,1,1,SG,SINGLE_CANDIDATE,
Catelyn Stark,2,1,1,GT,SINGLE_CANDIDATE,
Catholic Priest,2,1,1,C3,SINGLE_CANDIDATE,
Cathy Kelly,12,1,1,WSU,SINGLE_CANDIDATE,
Catman,2,1,1,BM,SINGLE_CANDIDATE,
Catpool,3,1,1,DP,SINGLE_CANDIDATE,
Cecil Turtle,2,1,1,LT,SINGLE_CANDIDATE,
Cecilia Reyes,3,1,1,XM,SINGLE_CANDIDATE,
Celestial,3,1,1,MU,SINGLE_CANDIDATE,
Celestial ( Marvel Comics (Retro) ),3,1,1,MG,SINGLE_CANDIDATE,
Celestial ( Marvel Studios Premiere Collection ),3,1,1,,NO_PROPERTY_CANDIDATE,
Centaur,2,1,1,HP,SINGLE_CANDIDATE,
Cerise,3,1,1,MU,SINGLE_CANDIDATE,
Cerise ( Marvel Comics (Retro) ),3,1,1,MG,SINGLE_CANDIDATE,
Cersei Lannister,2,1,1,GT,SINGLE_CANDIDATE,
"Cesare, Jenny ( Marvel Comics (Retro) )",3,1,1,MG,SINGLE_CANDIDATE,
Cesaro,12,1,1,WSU,SINGLE_CANDIDATE,
Chad Gable,12,1,1,WSU,SINGLE_CANDIDATE,
Chad Patton,12,1,1,WSU,SINGLE_CANDIDATE,
Chamber,3,1,1,MU,SINGLE_CANDIDATE,
Chameleon ( Marvel Comics (Retro) ),3,1,1,MG,SINGLE_CANDIDATE,
Chance ( Marvel Comics (Retro) ),3,1,1,MG,SINGLE_CANDIDATE,
"Channing ""Stacks""Lorenzo",12,1,1,WSU,SINGLE_CANDIDATE,
"Chapel, Robin ( Marvel Comics (Retro) )",3,1,1,MG,SINGLE_CANDIDATE,
Charaxes,2,1,1,BM,SINGLE_CANDIDATE,
Charles Deetz,2,1,1,BJ,SINGLE_CANDIDATE,
Charles Robinson,12,1,1,WSU,SINGLE_CANDIDATE,
Charles Standish,3,1,1,MU,SINGLE_CANDIDATE,
Charles Xavier,3,1,1,MU,SINGLE_CANDIDATE,
Charlie Bucket,2,1,1,,NO_PROPERTY_CANDIDATE,
Charlie Chucklesworth,2,1,1,,NO_PROPERTY_CANDIDATE,
Charlie Dempsey,12,1,1,WSU,SINGLE_CANDIDATE,
Charlie Dog,2,1,1,LT,SINGLE_CANDIDATE,
Charlie Dompler,2,1,1,FN,SINGLE_CANDIDATE,
Charlie-27 ( Marvel Comics (Retro) ),3,1,1,MG,SINGLE_CANDIDATE,
Charlotte Flair,12,1,1,WSU,SINGLE_CANDIDATE,
Charlotte Hanlon,2,1,1,WD,SINGLE_CANDIDATE,
Chasm,3,1,1,MU,SINGLE_CANDIDATE,
Chastity Barebone,2,1,1,,NO_PROPERTY_CANDIDATE,
Chelsea,2,1,1,FT,SINGLE_CANDIDATE,
Chelsea Green,12,1,1,WSU,SINGLE_CANDIDATE,
Chemo,2,1,1,JG,SINGLE_CANDIDATE,
Cheshire,2,1,1,JG,SINGLE_CANDIDATE,
Chester,2,1,1,LT,SINGLE_CANDIDATE,
Chet,2,1,1,RK,SINGLE_CANDIDATE,
Chief Jay Strongbow,12,1,1,WSU,SINGLE_CANDIDATE,
Chief O'Hara,2,1,1,BM,SINGLE_CANDIDATE,
Chief O`Hara,1,1,1,MM,SINGLE_CANDIDATE,
Chief of Police,2,1,1,,NO_PROPERTY_CANDIDATE,
Chinese Fireball,2,1,1,HP,SINGLE_CANDIDATE,
Chip,2,1,1,,NO_PROPERTY_CANDIDATE,
Chip Danning,12,1,1,WSU,SINGLE_CANDIDATE,
Chipmunk Hunk,3,1,1,MU,SINGLE_CANDIDATE,
Chitauri ( Marvel Studios Premiere Collection ),3,1,1,,NO_PROPERTY_CANDIDATE,
Chitauri ( Marvel Studios: The Infinity Saga ),3,1,1,,NO_PROPERTY_CANDIDATE,
Chloe,3,1,1,AV,SINGLE_CANDIDATE,
"Cho, Amadeus ( Marvel Studios` Captain Marvel 2 )",3,1,1,CM,SINGLE_CANDIDATE,
"Cho, Madame Curie",3,1,1,MU,SINGLE_CANDIDATE,
Choose Goose,2,1,1,,NO_PROPERTY_CANDIDATE,
Chris,2,1,1,RK,SINGLE_CANDIDATE,
Chris Hemsworth ( MS Disney Plus TV Shows ) - With Likeness,1,1,1,,NO_PROPERTY_CANDIDATE,
Chris Jericho,12,1,1,WSU,SINGLE_CANDIDATE,
Chris Sabin,12,1,1,WSU,SINGLE_CANDIDATE,
Christian Starks,12,1,1,WSU,SINGLE_CANDIDATE,
Christine Perron,2,1,1,C3,SINGLE_CANDIDATE,
Churnk,2,1,1,RK,SINGLE_CANDIDATE,
Chyna,12,1,1,WSU,SINGLE_CANDIDATE,
Cicero,2,1,1,LT,SINGLE_CANDIDATE,
Cinammon Bun,2,1,1,,NO_PROPERTY_CANDIDATE,
Cinderblock,2,1,1,,NO_PROPERTY_CANDIDATE,
Cindy,2,1,1,C3,SINGLE_CANDIDATE,
Citizen Steel,2,1,1,JG,SINGLE_CANDIDATE,
Citizen V,3,1,1,MU,SINGLE_CANDIDATE,
Civil Warrior,3,1,1,GM,SINGLE_CANDIDATE,
Clarabelle Cow,1,1,1,MM,SINGLE_CANDIDATE,
Clarence Cat,2,1,1,LT,SINGLE_CANDIDATE,
Clark (Mouth) Devereaux,2,1,1,,NO_PROPERTY_CANDIDATE,
Clark Kent,2,1,1,BM,SINGLE_CANDIDATE,
Classic Loki ( MS Disney Plus TV Shows ),1,1,1,,NO_PROPERTY_CANDIDATE,
Classic Media Elf Costumes,2,1,1,EF,SINGLE_CANDIDATE,
Claude,2,1,1,LT,SINGLE_CANDIDATE,
Claude Cat,2,1,1,LT,SINGLE_CANDIDATE,
Claudie,2,1,1,RK,SINGLE_CANDIDATE,
Clay,2,1,1,FT,SINGLE_CANDIDATE,
Clayface III,2,1,1,JG,SINGLE_CANDIDATE,
Clea,3,1,1,MU,SINGLE_CANDIDATE,
Clea ( Marvel Comics (Retro) ),3,1,1,MG,SINGLE_CANDIDATE,
"Cleary, Albert ( Marvel Comics (Retro) )",3,1,1,MG,SINGLE_CANDIDATE,
Clegane House Sigil,2,1,1,GT,SINGLE_CANDIDATE,
Cloak ( Marvel Comics (Retro) ),3,1,1,MG,SINGLE_CANDIDATE,
Cloud 9,3,1,1,MU,SINGLE_CANDIDATE,
Clyde Bunny,2,1,1,LT,SINGLE_CANDIDATE,
CM Punk,12,1,1,WSU,SINGLE_CANDIDATE,
Coach Beard,2,1,1,TL,SINGLE_CANDIDATE,
Coca-Cola Zero,13,1,1,CCC,SINGLE_CANDIDATE,
Coco,13,1,1,CCC,SINGLE_CANDIDATE,
Cody Rhodes,12,1,1,WSU,SINGLE_CANDIDATE,
Coe,2,1,1,BM,SINGLE_CANDIDATE,
"Cohen, Isadore ``Izzy`` ( Marvel Comics (Retro) )",3,1,1,MG,SINGLE_CANDIDATE,
Coke,13,1,1,CCC,SINGLE_CANDIDATE,
Coke Zero,13,1,1,CCC,SINGLE_CANDIDATE,
Col. Mustafa,12,1,1,WSU,SINGLE_CANDIDATE,
Cole Morino,2,1,1,MB,SINGLE_CANDIDATE,
Cole North,3,1,1,MU,SINGLE_CANDIDATE,
Cole Young,2,1,1,MB,SINGLE_CANDIDATE,
Colin Creevey,2,1,1,HP,SINGLE_CANDIDATE,
Collector ( Marvel Studios: The Infinity Saga ),3,1,1,,NO_PROPERTY_CANDIDATE,
"Colleen Atwood - Little Mermaid, The (Live Action)",1,1,1,,NO_PROPERTY_CANDIDATE,
Colleen Wing,3,1,1,MU,SINGLE_CANDIDATE,
Colonel Jupiter ( Marvel Comics (Retro) ),3,1,1,MG,SINGLE_CANDIDATE,
Colonel Mustafa,12,1,1,WSU,SINGLE_CANDIDATE,
Colonel Rimfire,2,1,1,LT,SINGLE_CANDIDATE,
Colonel-General Valentin Shatalov ( Marvel Comics (Retro) ),3,1,1,MG,SINGLE_CANDIDATE,
Colossus ( Marvel Comics (Retro) ),3,1,1,MG,SINGLE_CANDIDATE,
Colossus ( MS Disney Plus TV Shows ),1,1,1,,NO_PROPERTY_CANDIDATE,
Commander Azeez,12,1,1,WSU,SINGLE_CANDIDATE,
Commander Steel,2,1,1,JG,SINGLE_CANDIDATE,
Commissioner Gordan,2,1,1,BM,SINGLE_CANDIDATE,
Commissioner Gordon With No Likeness,2,1,1,BM,SINGLE_CANDIDATE,
COMPOSITE SUPERMAN,2,1,1,JG,SINGLE_CANDIDATE,
Conduit,2,1,1,SM,SINGLE_CANDIDATE,
"Conners, Curt ( Marvel Comics (Retro) )",3,1,1,MG,SINGLE_CANDIDATE,
Conrad Cat,2,1,1,LT,SINGLE_CANDIDATE,
Conrad Pothos,2,1,1,RK,SINGLE_CANDIDATE,
Constantine Drakon,2,1,1,JG,SINGLE_CANDIDATE,
Constrictor,3,1,1,MU,SINGLE_CANDIDATE,
Constrictor ( Marvel Comics (Retro) ),3,1,1,MG,SINGLE_CANDIDATE,
Contemplator,3,1,1,MU,SINGLE_CANDIDATE,
Contessa Valentina Allegra di Fontaine,3,1,1,MU,SINGLE_CANDIDATE,
Contessa Valentina Allegra di Fontaine ( Marvel Comics (Retro) ),3,1,1,MG,SINGLE_CANDIDATE,
Contessa Valentina Allegra di Fontaine ( MS Disney Plus TV Shows ),1,1,1,,NO_PROPERTY_CANDIDATE,
Contracted Legends,12,1,1,WSU,SINGLE_CANDIDATE,
Controller,3,1,1,MU,SINGLE_CANDIDATE,
Controller ( Avengers ) Do Not Use,3,1,1,AV,SINGLE_CANDIDATE,
Controller ( Marvel Comics (Retro) ),3,1,1,MG,SINGLE_CANDIDATE,
Cool Cat,2,1,1,LT,SINGLE_CANDIDATE,
"Cooper, Val ( MS Disney Plus TV Shows )",1,1,1,,NO_PROPERTY_CANDIDATE,
Corey Graves,12,1,1,WSU,SINGLE_CANDIDATE,
Cornvelious Daniel,2,1,1,RK,SINGLE_CANDIDATE,
Corona ( Marvel Comics (Retro) ),3,1,1,MG,SINGLE_CANDIDATE,
Corvus Glaive ( Marvel Studios Premiere Collection ),3,1,1,,NO_PROPERTY_CANDIDATE,
Corvus Glaive ( Marvel Studios: The Infinity Saga ),3,1,1,,NO_PROPERTY_CANDIDATE,
Cosmic Boy,2,1,1,,NO_PROPERTY_CANDIDATE,
Cosmic Ghost Rider,3,1,1,GM,SINGLE_CANDIDATE,
Cosmic Owl,2,1,1,,NO_PROPERTY_CANDIDATE,
Cosmo ( Marvel Studios` GOTG Vol. 3 ),3,1,1,,NO_PROPERTY_CANDIDATE,
Cosmo ( MS Disney Plus TV Shows ),1,1,1,,NO_PROPERTY_CANDIDATE,
Cosmo Kramer,2,1,1,SN,SINGLE_CANDIDATE,
Cot Martin (Hillbilly Martins),2,1,1,LT,SINGLE_CANDIDATE,
Cotton Candy Princess,2,1,1,,NO_PROPERTY_CANDIDATE,
Cottonmouth,3,1,1,MU,SINGLE_CANDIDATE,
"Coulson, Phil ( Captain Marvel Movie )",3,1,1,CM,SINGLE_CANDIDATE,
"Coulson, Phil ( Marvel Studios: The Infinity Saga )",3,1,1,,NO_PROPERTY_CANDIDATE,
Council of Dunces,2,1,1,RK,SINGLE_CANDIDATE,
Council of Ricks,2,1,1,RK,SINGLE_CANDIDATE,
Count Bloodcount,2,1,1,LT,SINGLE_CANDIDATE,
Count Nefaria,3,1,1,MU,SINGLE_CANDIDATE,
Count Nefaria ( Marvel Comics (Retro) ),3,1,1,MG,SINGLE_CANDIDATE,
Count Tagar ( Marvel Comics (Retro) ),3,1,1,MG,SINGLE_CANDIDATE,
Countess ( Marvel Comics (Retro) ),3,1,1,MG,SINGLE_CANDIDATE,
"Couper, Miranda ``Randi`` ( Marvel Comics (Retro) )",3,1,1,MG,SINGLE_CANDIDATE,
Courage the Cowardly Dog,2,1,1,,NO_PROPERTY_CANDIDATE,
Cowardly Lion,2,1,1,WZ,SINGLE_CANDIDATE,
Cowboypool,3,1,1,DP,SINGLE_CANDIDATE,
Cowboypool ( Marvel Studios` Deadpool Movie 3 ),3,1,1,DP,SINGLE_CANDIDATE,
Crabbe,2,1,1,HP,SINGLE_CANDIDATE,
Crabbe (Talent),2,1,1,HP,SINGLE_CANDIDATE,
Crackpot Quail,2,1,1,LT,SINGLE_CANDIDATE,
Crane,2,1,1,BM,SINGLE_CANDIDATE,
Crane With No Character Likeness,2,1,1,BM,SINGLE_CANDIDATE,
Crash,2,1,1,BA,SINGLE_CANDIDATE,
Craster,2,1,1,GT,SINGLE_CANDIDATE,
Crazy Eight ( Marvel Comics (Retro) ),3,1,1,MG,SINGLE_CANDIDATE,
Crazy Quilt,2,1,1,,NO_PROPERTY_CANDIDATE,
Credence as portrayed by Ezra Miller,2,1,1,,NO_PROPERTY_CANDIDATE,
Creepy Girl #1,2,1,1,NE,SINGLE_CANDIDATE,
Creepy Girl #2,2,1,1,NE,SINGLE_CANDIDATE,
Creepy Girl #3,2,1,1,NE,SINGLE_CANDIDATE,
Crescent,3,1,1,MU,SINGLE_CANDIDATE,
Crimson Cowl,3,1,1,MU,SINGLE_CANDIDATE,
Crimson Cowl ( Marvel Comics (Retro) ),3,1,1,MG,SINGLE_CANDIDATE,
Crimson Dynamo,3,1,1,MU,SINGLE_CANDIDATE,
Crimson Dynamo ( Marvel Comics (Retro) ),3,1,1,MG,SINGLE_CANDIDATE,
Crimson Fox,2,1,1,JG,SINGLE_CANDIDATE,
Crimson Surfer,3,1,1,MU,SINGLE_CANDIDATE,
Cro-Crow,2,1,1,LT,SINGLE_CANDIDATE,
Cromulon,2,1,1,RK,SINGLE_CANDIDATE,
Crooked Man,2,1,1,C3,SINGLE_CANDIDATE,
Crossbones ( Marvel Comics (Retro) ),3,1,1,MG,SINGLE_CANDIDATE,
Crossfire,3,1,1,MU,SINGLE_CANDIDATE,
Crossfire ( Marvel Studios` Ant-Man Wasp Quantumania ),3,1,1,,NO_PROPERTY_CANDIDATE,
Cruella (Live Action) - E Beecham (Catherine),1,1,1,,NO_PROPERTY_CANDIDATE,
Cruella (Live Action) - E Stone (Cruella),1,1,1,,NO_PROPERTY_CANDIDATE,
Cruella (Live Action) - E Thompson (Baroness),1,1,1,,NO_PROPERTY_CANDIDATE,
Cruella (Live Action) - J Fry (Jasper),1,1,1,,NO_PROPERTY_CANDIDATE,
Cruella (Live Action) - K Howell-Baptiste (Anita),1,1,1,,NO_PROPERTY_CANDIDATE,
Cruella (Live Action) - M Strong (John the Valet),1,1,1,,NO_PROPERTY_CANDIDATE,
Cruella (Live Action) - P Hauser (Horace),1,1,1,,NO_PROPERTY_CANDIDATE,
Crush (Demolition),12,1,1,WSU,SINGLE_CANDIDATE,
Crusher ( Marvel Comics (Retro) ),3,1,1,MG,SINGLE_CANDIDATE,
Crusher Hogan,3,1,1,MU,SINGLE_CANDIDATE,
Crusher Hogan ( Marvel Comics (Retro) ),3,1,1,MG,SINGLE_CANDIDATE,
Cruz Del Toro,12,1,1,WSU,SINGLE_CANDIDATE,
"Cruz, Carlos ( Marvel Comics (Retro) )",3,1,1,MG,SINGLE_CANDIDATE,
Crystal ( Marvel Comics (Retro) ),3,1,1,MG,SINGLE_CANDIDATE,
Crystar,3,1,1,MU,SINGLE_CANDIDATE,
Cull Obsidian,3,1,1,GM,SINGLE_CANDIDATE,
Cull Obsidian ( Marvel Studios Collection ),3,1,1,,NO_PROPERTY_CANDIDATE,
Cull Obsidian ( Marvel Studios: The Infinity Saga ),3,1,1,,NO_PROPERTY_CANDIDATE,
Cupcake Man,2,1,1,,NO_PROPERTY_CANDIDATE,
Curt Henning,12,1,1,WSU,SINGLE_CANDIDATE,
Cutler James,12,1,1,WSU,SINGLE_CANDIDATE,
Cyber,3,1,1,XM,SINGLE_CANDIDATE,
Cyborg,2,1,1,,NO_PROPERTY_CANDIDATE,
Cyborg aka Anime,2,1,1,,NO_PROPERTY_CANDIDATE,
Cyborg chest emblem,2,1,1,JG,SINGLE_CANDIDATE,
Cyborg Spider-Man,3,1,1,GM,SINGLE_CANDIDATE,
Cyborg Spider-Woman,3,1,1,SP,SINGLE_CANDIDATE,
Cyborg Superman,2,1,1,SM,SINGLE_CANDIDATE,
Cyclone ( Marvel Comics (Retro) ),3,1,1,MG,SINGLE_CANDIDATE,
Cyclops ( Marvel Comics (Retro) ),3,1,1,MG,SINGLE_CANDIDATE,
Cyclops ( Marvel Studios` Avengers Doomsday ),3,1,1,,NO_PROPERTY_CANDIDATE,
Cyclops ( MS Disney Plus TV Shows ),1,1,1,,NO_PROPERTY_CANDIDATE,
Cypher,2,1,1,,NO_PROPERTY_CANDIDATE,
Cypher,3,1,1,XM,SINGLE_CANDIDATE,
Cytorrak ( Marvel Comics (Retro) ),3,1,1,MG,SINGLE_CANDIDATE,
D-Von Dudley,12,1,1,WSU,SINGLE_CANDIDATE,
D.U.M.-E. ( MS Disney Plus TV Shows ),1,1,1,,NO_PROPERTY_CANDIDATE,
D`Spayre ( Marvel Comics (Retro) ),3,1,1,MG,SINGLE_CANDIDATE,
Daenerys Targaryen,2,1,1,GT,SINGLE_CANDIDATE,
Daffy Duck as Batman,2,1,1,LT,SINGLE_CANDIDATE,
Daffy Duck as Gollum,2,1,1,LT,SINGLE_CANDIDATE,
Daffy Duck as Green Lantern,2,1,1,JG,SINGLE_CANDIDATE,
Daffy Duck as Gryffindor Fan,2,1,1,LT,SINGLE_CANDIDATE,
Daffy Duck as Judy Jetson,2,1,1,LT,SINGLE_CANDIDATE,
Daffy Duck as Pennywise,2,1,1,LT,SINGLE_CANDIDATE,
Daffy Duck as Shaggy Rogers,2,1,1,LT,SINGLE_CANDIDATE,
Daffy Duck as Superman,2,1,1,LT,SINGLE_CANDIDATE,
Dagger ( Marvel Comics (Retro) ),3,1,1,MG,SINGLE_CANDIDATE,
Daily Planet,2,1,1,SM,SINGLE_CANDIDATE,
Dain,2,1,1,,NO_PROPERTY_CANDIDATE,
Dain Ironfoot,2,1,1,,NO_PROPERTY_CANDIDATE,
Daisy Lou,2,1,1,LT,SINGLE_CANDIDATE,
Daken,3,1,1,MU,SINGLE_CANDIDATE,
Dakota North,3,1,1,MU,SINGLE_CANDIDATE,
Dallas Irvin,12,1,1,WSU,SINGLE_CANDIDATE,
Damage,2,1,1,JG,SINGLE_CANDIDATE,
Damage Control,3,1,1,MU,SINGLE_CANDIDATE,
Damage Control ( Marvel Comics (Retro) ),3,1,1,MG,SINGLE_CANDIDATE,
Damian Priest,12,1,1,WSU,SINGLE_CANDIDATE,
Damian Wayne,2,1,1,BM,SINGLE_CANDIDATE,
Damon Kemp,12,1,1,WSU,SINGLE_CANDIDATE,
Dan Backslide,2,1,1,LT,SINGLE_CANDIDATE,
Dan Engler,12,1,1,WSU,SINGLE_CANDIDATE,
Dana Brooke,12,1,1,WSU,SINGLE_CANDIDATE,
Dana Tan,2,1,1,BM,SINGLE_CANDIDATE,
Danger Room,3,1,1,XM,SINGLE_CANDIDATE,
Dani Rojas,2,1,1,TL,SINGLE_CANDIDATE,
Daniel Clamp,2,1,1,,NO_PROPERTY_CANDIDATE,
Daniel Rand,3,1,1,MU,SINGLE_CANDIDATE,
Daniel The Bull,2,1,1,WT,SINGLE_CANDIDATE,
Daniel The Bull As Voiced By Michael Berry Jr.,2,1,1,WT,SINGLE_CANDIDATE,
Danielle Kamela,12,1,1,WSU,SINGLE_CANDIDATE,
Danilo Anfibio,12,1,1,WSU,SINGLE_CANDIDATE,
Danny Burch,12,1,1,WSU,SINGLE_CANDIDATE,
Dante Chen,12,1,1,WSU,SINGLE_CANDIDATE,
"Danvers, Carol ( Marvel Comics (Retro) )",3,1,1,MG,SINGLE_CANDIDATE,
Daphanie LaShaunn,12,1,1,WSU,SINGLE_CANDIDATE,
Daphne,2,1,1,,NO_PROPERTY_CANDIDATE,
Daphne as voiced by Amanda Seyfried,2,1,1,,NO_PROPERTY_CANDIDATE,
Daphne Blake,2,1,1,,NO_PROPERTY_CANDIDATE,
Dar-Benn ( Captain Marvel Movie 2 ),3,1,1,CM,SINGLE_CANDIDATE,
Daredevil ( Marvel Comics (Retro) ),3,1,1,MG,SINGLE_CANDIDATE,
Daredevil ( MS Disney Plus TV Shows ),1,1,1,,NO_PROPERTY_CANDIDATE,
Daredevil ( Spider-Man ) Do Not Use,3,1,1,SP,SINGLE_CANDIDATE,
Daredevil (Netflix),3,1,1,MU,SINGLE_CANDIDATE,
Daredevil (Noir),3,1,1,MU,SINGLE_CANDIDATE,
Dargo Ktor,3,1,1,MU,SINGLE_CANDIDATE,
Darius Butler,12,1,1,WSU,SINGLE_CANDIDATE,
Dark Avengers Hawkeye,3,1,1,MU,SINGLE_CANDIDATE,
Dark Beast,3,1,1,XM,SINGLE_CANDIDATE,
Dark Elf,3,1,1,MU,SINGLE_CANDIDATE,
Dark Knight,2,1,1,BM,SINGLE_CANDIDATE,
Dark Knight (Word Mark),2,1,1,BM,SINGLE_CANDIDATE,
Dark Opal,2,1,1,,NO_PROPERTY_CANDIDATE,
Darkdevil,3,1,1,MU,SINGLE_CANDIDATE,
Darkhawk,3,1,1,MU,SINGLE_CANDIDATE,
Darkhawk ( Marvel Comics (Retro) ),3,1,1,MG,SINGLE_CANDIDATE,
Darkstar,3,1,1,MU,SINGLE_CANDIDATE,
Darkstars,2,1,1,GN,SINGLE_CANDIDATE,
Darren Cross,3,1,1,MU,SINGLE_CANDIDATE,
Darwin,3,1,1,XM,SINGLE_CANDIDATE,
Dasha Fuentes,12,1,1,WSU,SINGLE_CANDIDATE,
Dave Mastiff,12,1,1,WSU,SINGLE_CANDIDATE,
David,2,1,1,LB,SINGLE_CANDIDATE,
David Kane,2,1,1,AQ,SINGLE_CANDIDATE,
David Otunga,12,1,1,WSU,SINGLE_CANDIDATE,
David Puddy,2,1,1,SN,SINGLE_CANDIDATE,
Davos Seaworth,2,1,1,GT,SINGLE_CANDIDATE,
Dawlish,2,1,1,HP,SINGLE_CANDIDATE,
Dawnstar,2,1,1,JG,SINGLE_CANDIDATE,
DC BATMAN,2,1,1,BM,SINGLE_CANDIDATE,
DC OTHER,2,1,1,BM,SINGLE_CANDIDATE,
Dead Strange ( Marvel Studios Collection ),3,1,1,,NO_PROPERTY_CANDIDATE,
Deadpool ( Marvel Comics (Retro) ),3,1,1,MG,SINGLE_CANDIDATE,
Deadpool 2099,3,1,1,DP,SINGLE_CANDIDATE,
Deadpool The Duck,3,1,1,DP,SINGLE_CANDIDATE,
Death,2,1,1,,NO_PROPERTY_CANDIDATE,
Death Eater,2,1,1,HP,SINGLE_CANDIDATE,
Death Eaters,2,1,1,HP,SINGLE_CANDIDATE,
Death Locket,3,1,1,MU,SINGLE_CANDIDATE,
Death Stroke,2,1,1,BM,SINGLE_CANDIDATE,
Death-Stalker ( Marvel Comics (Retro) ),3,1,1,MG,SINGLE_CANDIDATE,
Death`s Head,3,1,1,MU,SINGLE_CANDIDATE,
Deatheater,2,1,1,HP,SINGLE_CANDIDATE,
Deatheater or Death-Eater,2,1,1,HP,SINGLE_CANDIDATE,
Deathlok,3,1,1,MU,SINGLE_CANDIDATE,
Deathlok ( Marvel Comics (Retro) ),3,1,1,MG,SINGLE_CANDIDATE,
Deathstorm,2,1,1,JG,SINGLE_CANDIDATE,
Deathurge ( Marvel Comics (Retro) ),3,1,1,MG,SINGLE_CANDIDATE,
Debra,2,1,1,N3,SINGLE_CANDIDATE,
Debrah,2,1,1,RK,SINGLE_CANDIDATE,
Dedalus Diggle (Elphias Doge),2,1,1,HP,SINGLE_CANDIDATE,
Dee Dee Skyes,2,1,1,,NO_PROPERTY_CANDIDATE,
Dee Dee Skyes as voiced by Kiersey Clemons,2,1,1,,NO_PROPERTY_CANDIDATE,
Defender Strange ( Marvel Studios Collection ),3,1,1,,NO_PROPERTY_CANDIDATE,
DEGENERATE,2,1,1,JG,SINGLE_CANDIDATE,
Deimos,2,1,1,JG,SINGLE_CANDIDATE,
Delia,2,1,1,BJ,SINGLE_CANDIDATE,
Delia Deetz,2,1,1,BJ,SINGLE_CANDIDATE,
Delores,2,1,1,BJ,SINGLE_CANDIDATE,
Demogoblin,3,1,1,SP,SINGLE_CANDIDATE,
Demogoblin ( Marvel Comics (Retro) ),3,1,1,MG,SINGLE_CANDIDATE,
Demolisher (Wrecking Crew),3,1,1,MU,SINGLE_CANDIDATE,
Demolition Man,3,1,1,MU,SINGLE_CANDIDATE,
Demon (Witch Doctor) ( Marvel Comics (Retro) ),3,1,1,MG,SINGLE_CANDIDATE,
Demon Nun,2,1,1,C3,SINGLE_CANDIDATE,
DENT (D.A.),2,1,1,BM,SINGLE_CANDIDATE,
Derek Sanders,12,1,1,WSU,SINGLE_CANDIDATE,
"Dernier, Jacques ( Marvel Comics (Retro) )",3,1,1,MG,SINGLE_CANDIDATE,
"Dernier, Jacques ( Marvel Studios: The Infinity Saga )",3,1,1,,NO_PROPERTY_CANDIDATE,
Derrian Gobourne,12,1,1,WSU,SINGLE_CANDIDATE,
Descendants 3 - B Stewart (Jay),1,1,1,,NO_PROPERTY_CANDIDATE,
Descendants 3 - C Boyce (Carlos),1,1,1,,NO_PROPERTY_CANDIDATE,
Descendants 3 - C Jackson (Hades),1,1,1,,NO_PROPERTY_CANDIDATE,
Descendants 3 - C McClain (Uma),1,1,1,,NO_PROPERTY_CANDIDATE,
Descendants 3 - D Cameron (Mal),1,1,1,,NO_PROPERTY_CANDIDATE,
Descendants 3 - J Marie (Celia),1,1,1,,NO_PROPERTY_CANDIDATE,
Descendants 3 - M Hope (Ben),1,1,1,,NO_PROPERTY_CANDIDATE,
Descendants 3 - S Carson (Evie),1,1,1,,NO_PROPERTY_CANDIDATE,
Descendants 3 - S Jeffery (Audrey),1,1,1,,NO_PROPERTY_CANDIDATE,
Descendants 3 – A Cathcart (Dizzy),1,1,1,,NO_PROPERTY_CANDIDATE,
Descendants 3 – T Doherty (Harry),1,1,1,,NO_PROPERTY_CANDIDATE,
Despero,2,1,1,JG,SINGLE_CANDIDATE,
Destinee Brown,12,1,1,WSU,SINGLE_CANDIDATE,
Destiny,3,1,1,XM,SINGLE_CANDIDATE,
Destroyer,3,1,1,MU,SINGLE_CANDIDATE,
Destroyer ( Marvel Comics (Retro) ),3,1,1,MG,SINGLE_CANDIDATE,
Destroyer ( Marvel Universe ) - DO NOT USE,3,1,1,MU,SINGLE_CANDIDATE,
Detective Soap ( Marvel Comics (Retro) ),3,1,1,MG,SINGLE_CANDIDATE,
Detroit Steel,3,1,1,MU,SINGLE_CANDIDATE,
Detroit Steel ( Marvel Comics (Retro) ),3,1,1,MG,SINGLE_CANDIDATE,
Devil Dinosaur ( Marvel Comics (Retro) ),3,1,1,MG,SINGLE_CANDIDATE,
Devil Spider,3,1,1,SP,SINGLE_CANDIDATE,
Devil-Slayer,3,1,1,MU,SINGLE_CANDIDATE,
Dewey - Do Not Use,1,1,1,,NO_PROPERTY_CANDIDATE,
"DeWitt, Kearson ( Marvel Comics (Retro) )",3,1,1,MG,SINGLE_CANDIDATE,
"DeWolff, Jean ( Marvel Comics (Retro) )",3,1,1,MG,SINGLE_CANDIDATE,
Dexter Lumis,12,1,1,WSU,SINGLE_CANDIDATE,
"Dey, Rhomann ( Marvel Studios: The Infinity Saga )",3,1,1,,NO_PROPERTY_CANDIDATE,
DFP1,2,1,1,BJ,SINGLE_CANDIDATE,
DFP2,2,1,1,BJ,SINGLE_CANDIDATE,
Diablo ( Marvel Comics (Retro) ),3,1,1,MG,SINGLE_CANDIDATE,
Diablo ( Marvel Studios` Fantastic Four ),3,1,1,FFF,SINGLE_CANDIDATE,
Diamond Dallas Page,12,1,1,WSU,SINGLE_CANDIDATE,
Diamondback,3,1,1,MU,SINGLE_CANDIDATE,
Diamondback ( Marvel Comics (Retro) ),3,1,1,MG,SINGLE_CANDIDATE,
Dick Dastardly,2,1,1,,NO_PROPERTY_CANDIDATE,
Dick Dastardly as voiced by Jason Isaacs,2,1,1,,NO_PROPERTY_CANDIDATE,
Dick Dover,2,1,1,LT,SINGLE_CANDIDATE,
Dick Halloran,2,1,1,WD,SINGLE_CANDIDATE,
Diesel,12,1,1,WSU,SINGLE_CANDIDATE,
Diet Coke,13,1,1,CCC,SINGLE_CANDIDATE,
Digger (Vegas Thirteen) ( Marvel Comics (Retro) ),3,1,1,MG,SINGLE_CANDIDATE,
Dijak,12,1,1,WSU,SINGLE_CANDIDATE,
Dinopool,3,1,1,DP,SINGLE_CANDIDATE,
Dion Lennox,12,1,1,WSU,SINGLE_CANDIDATE,
Discus ( Marvel Comics (Retro) ),3,1,1,MG,SINGLE_CANDIDATE,
Disney Babies Classics,1,1,1,,NO_PROPERTY_CANDIDATE,
Disney Stitch! TV Series - Angel (DSF),1,1,1,LS,SINGLE_CANDIDATE,
Disney Stitch! TV Series - Baby Stitch (DSF),1,1,1,LS,SINGLE_CANDIDATE,
Disney Stitch! TV Series - Boo Goo (DSF),1,1,1,LS,SINGLE_CANDIDATE,
Disney Stitch! TV Series - Stitch (DSF),1,1,1,LS,SINGLE_CANDIDATE,
Disney Stitch! TV Series (DSF),1,1,1,LS,SINGLE_CANDIDATE,
Disney Zombies - Addison,1,1,1,,NO_PROPERTY_CANDIDATE,
Disney Zombies - Bonzo,1,1,1,,NO_PROPERTY_CANDIDATE,
Disney Zombies - Bucky,1,1,1,,NO_PROPERTY_CANDIDATE,
Disney Zombies - Eliza,1,1,1,,NO_PROPERTY_CANDIDATE,
Disney Zombies - Zed,1,1,1,,NO_PROPERTY_CANDIDATE,
Disney Zombies - Zoey,1,1,1,,NO_PROPERTY_CANDIDATE,
Disney Zombies 2 - Addison,1,1,1,,NO_PROPERTY_CANDIDATE,
Disney Zombies 2 - Bonzo,1,1,1,,NO_PROPERTY_CANDIDATE,
Disney Zombies 2 - Bucky,1,1,1,,NO_PROPERTY_CANDIDATE,
Disney Zombies 2 - Eliza,1,1,1,,NO_PROPERTY_CANDIDATE,
Disney Zombies 2 - Willa,1,1,1,,NO_PROPERTY_CANDIDATE,
Disney Zombies 2 - Wyatt,1,1,1,,NO_PROPERTY_CANDIDATE,
Disney Zombies 2 - Zed,1,1,1,,NO_PROPERTY_CANDIDATE,
Disney Zombies 2 - Zoey,1,1,1,,NO_PROPERTY_CANDIDATE,
Disney`s Hercules,1,1,1,HE,SINGLE_CANDIDATE,
Disney`s Winnie the Pooh,1,1,1,WP,SINGLE_CANDIDATE,
Dobby the house elf (voice),2,1,1,HP,SINGLE_CANDIDATE,
Doc Samson,3,1,1,MU,SINGLE_CANDIDATE,
Doc Samson ( Marvel Comics (Retro) ),3,1,1,MG,SINGLE_CANDIDATE,
Doctor Chase Meridian,2,1,1,BM,SINGLE_CANDIDATE,
Doctor Cronos,3,1,1,MU,SINGLE_CANDIDATE,
Doctor Double X,2,1,1,BM,SINGLE_CANDIDATE,
Doctor Druid,3,1,1,AV,SINGLE_CANDIDATE,
Doctor Druid ( Marvel Comics (Retro) ),3,1,1,MG,SINGLE_CANDIDATE,
Doctor Faustus ( Marvel Comics (Retro) ),3,1,1,MG,SINGLE_CANDIDATE,
DOCTOR HATE,2,1,1,JG,SINGLE_CANDIDATE,
Doctor Mid-Nite,2,1,1,JG,SINGLE_CANDIDATE,
Doctor Octopus ( Marvel Comics (Retro) ),3,1,1,MG,SINGLE_CANDIDATE,
Doctor Octopus ( Spider-Man Movie 2021 ),3,1,1,SP,SINGLE_CANDIDATE,
Doctor Pharm,2,1,1,JG,SINGLE_CANDIDATE,
Doctor Polaris,2,1,1,JG,SINGLE_CANDIDATE,
Doctor Sivana,2,1,1,JG,SINGLE_CANDIDATE,
Doctor Spectrum,3,1,1,MU,SINGLE_CANDIDATE,
Doctor Spectrum ( Marvel Comics (Retro) ),3,1,1,MG,SINGLE_CANDIDATE,
Doctor Stephen Shin,2,1,1,AQ,SINGLE_CANDIDATE,
Doctor Strange (Venomized),3,1,1,SP,SINGLE_CANDIDATE,
Doctor Tzin-Tzin,2,1,1,BM,SINGLE_CANDIDATE,
Doctor Voodoo,3,1,1,MU,SINGLE_CANDIDATE,
Doctor Xenon Bloom,2,1,1,RK,SINGLE_CANDIDATE,
Doctor Zero,3,1,1,MU,SINGLE_CANDIDATE,
Dodsworth The Cat,2,1,1,LT,SINGLE_CANDIDATE,
Dogpool,3,1,1,DP,SINGLE_CANDIDATE,
Dogpool ( Marvel Studios` Deadpool Movie 3 ),3,1,1,DP,SINGLE_CANDIDATE,
Doink,12,1,1,WSU,SINGLE_CANDIDATE,
Dok Hendrix,12,1,1,WSU,SINGLE_CANDIDATE,
Dolohov (Death Eater),2,1,1,HP,SINGLE_CANDIDATE,
Dolores Umbridge,2,1,1,HP,SINGLE_CANDIDATE,
Dolph Ziggler,12,1,1,WSU,SINGLE_CANDIDATE,
Dominic Fortune ( Marvel Comics (Retro) ),3,1,1,MG,SINGLE_CANDIDATE,
Dominik Dijakovic,12,1,1,WSU,SINGLE_CANDIDATE,
Dominik Mysterio,12,1,1,WSU,SINGLE_CANDIDATE,
Domino ( Marvel Comics (Retro) ),3,1,1,MG,SINGLE_CANDIDATE,
Dominus,2,1,1,SM,SINGLE_CANDIDATE,
Don Cheadle ( MS Disney Plus TV Shows ) - With Likeness,1,1,1,,NO_PROPERTY_CANDIDATE,
Donald Blake,3,1,1,MU,SINGLE_CANDIDATE,
Donald Muraco,12,1,1,WSU,SINGLE_CANDIDATE,
Donny,2,1,1,,NO_PROPERTY_CANDIDATE,
Doofus - Do Not Use,1,1,1,,NO_PROPERTY_CANDIDATE,
Doom Patrol,2,1,1,JG,SINGLE_CANDIDATE,
Doombots,3,1,1,MU,SINGLE_CANDIDATE,
Doomsday Man ( Marvel Comics (Retro) ),3,1,1,MG,SINGLE_CANDIDATE,
Doop ( Marvel Comics (Retro) ),3,1,1,MG,SINGLE_CANDIDATE,
Doppleganger,3,1,1,SP,SINGLE_CANDIDATE,
Doppleganger ( Marvel Comics (Retro) ),3,1,1,MG,SINGLE_CANDIDATE,
Dora Milaje ( MS Disney Plus TV Shows ),1,1,1,,NO_PROPERTY_CANDIDATE,
Doran Martell,2,1,1,GT,SINGLE_CANDIDATE,
Dorma ( Marvel Comics (Retro) ),3,1,1,MG,SINGLE_CANDIDATE,
Dormammu ( Marvel Comics (Retro) ),3,1,1,MG,SINGLE_CANDIDATE,
Dory Funk Jr.,12,1,1,WSU,SINGLE_CANDIDATE,
Dothraki,2,1,1,GT,SINGLE_CANDIDATE,
Dottie,2,1,1,BM,SINGLE_CANDIDATE,
Double Dare,2,1,1,,NO_PROPERTY_CANDIDATE,
Douglas As Voiced By Tom Noonan,2,1,1,WT,SINGLE_CANDIDATE,
Dr Iqhi,2,1,1,LT,SINGLE_CANDIDATE,
Dr. Doom ( Marvel Comics (Retro) ),3,1,1,MG,SINGLE_CANDIDATE,
Dr. Doom ( Marvel Studios` Avengers Doomsday ),3,1,1,,NO_PROPERTY_CANDIDATE,
DR. HUGO STRANGE,2,1,1,BM,SINGLE_CANDIDATE,
Dr. Impossible,2,1,1,JG,SINGLE_CANDIDATE,
Dr. Leslie Thompkins,2,1,1,BM,SINGLE_CANDIDATE,
Dr. Midnight,2,1,1,JG,SINGLE_CANDIDATE,
Dr. Octopus Noir,3,1,1,SP,SINGLE_CANDIDATE,
Dr. Strange ( Marvel Comics (Retro) ),3,1,1,MG,SINGLE_CANDIDATE,
Dr. Strange ( Marvel Studios Collection ),3,1,1,,NO_PROPERTY_CANDIDATE,
Dr. Strange ( MS Disney Plus TV Shows ),1,1,1,,NO_PROPERTY_CANDIDATE,
Dracula,2,1,1,,NO_PROPERTY_CANDIDATE,
Dracula ( Marvel Comics (Retro) ),3,1,1,MG,SINGLE_CANDIDATE,
Dragon Lee,12,1,1,WSU,SINGLE_CANDIDATE,
Dragon Man ( Marvel Comics (Retro) ),3,1,1,MG,SINGLE_CANDIDATE,
Dragons (Drogon,2,1,1,GT,SINGLE_CANDIDATE,
Drake Morreaux,12,1,1,WSU,SINGLE_CANDIDATE,
Drax ( Marvel Comics (Retro) ),3,1,1,MG,SINGLE_CANDIDATE,
Drax ( Marvel Studios Collection ),3,1,1,,NO_PROPERTY_CANDIDATE,
Drax ( MS Disney Plus TV Shows ),1,1,1,,NO_PROPERTY_CANDIDATE,
Dreadknight,3,1,1,MU,SINGLE_CANDIDATE,
Dreadknight ( Marvel Comics (Retro) ),3,1,1,MG,SINGLE_CANDIDATE,
Dreadnoughts,3,1,1,MU,SINGLE_CANDIDATE,
Dreadnoughts ( Marvel Comics (Retro) ),3,1,1,MG,SINGLE_CANDIDATE,
Dream Queen ( Marvel Comics (Retro) ),3,1,1,MG,SINGLE_CANDIDATE,
DREAMER,2,1,1,JG,SINGLE_CANDIDATE,
Drew Gulak,12,1,1,WSU,SINGLE_CANDIDATE,
Drew McIntyre,12,1,1,WSU,SINGLE_CANDIDATE,
Druid,3,1,1,MU,SINGLE_CANDIDATE,
Druig ( Marvel Studios Collection ),3,1,1,,NO_PROPERTY_CANDIDATE,
DRUMMER,2,1,1,JG,SINGLE_CANDIDATE,
Dubblix,2,1,1,SM,SINGLE_CANDIDATE,
Ducard With No Character Likeness,2,1,1,BM,SINGLE_CANDIDATE,
Duck Dodgers Fighter,2,1,1,LT,SINGLE_CANDIDATE,
Duck Dodgers Ship,2,1,1,LT,SINGLE_CANDIDATE,
Duck with Muscles,2,1,1,RK,SINGLE_CANDIDATE,
Ducktales - 2017 Series,1,1,1,,NO_PROPERTY_CANDIDATE,
Ducktales - Do Not Use,1,1,1,,NO_PROPERTY_CANDIDATE,
Ducktales The Movie - Do Not Use,1,1,1,,NO_PROPERTY_CANDIDATE,
Duckworth - Do Not Use,1,1,1,,NO_PROPERTY_CANDIDATE,
Ducky,2,1,1,BA,SINGLE_CANDIDATE,
Dude Love,12,1,1,WSU,SINGLE_CANDIDATE,
Dudley Dursley (Talent),2,1,1,HP,SINGLE_CANDIDATE,
Duela Dent aka Duela Dent Napier Nigma,2,1,1,BM,SINGLE_CANDIDATE,
Duela Dent aka Joker`s Daughter,2,1,1,JG,SINGLE_CANDIDATE,
"Dugan, Dum Dum",3,1,1,MU,SINGLE_CANDIDATE,
"Dugan, Dum Dum ( Marvel Comics (Retro) )",3,1,1,MG,SINGLE_CANDIDATE,
"Dugan, Dum Dum ( Marvel Studios: The Infinity Saga )",3,1,1,,NO_PROPERTY_CANDIDATE,
Duke Hudson,12,1,1,WSU,SINGLE_CANDIDATE,
Dumbo - Alan Arkin (Remington),1,1,1,,NO_PROPERTY_CANDIDATE,
Dumbo - Colin Farrell (Holt),1,1,1,,NO_PROPERTY_CANDIDATE,
Dumbo - Danny DeVito (Medici),1,1,1,,NO_PROPERTY_CANDIDATE,
Dumbo - Eva Green (Collette),1,1,1,,NO_PROPERTY_CANDIDATE,
Dumbo - Finley Hobbins (Joe),1,1,1,,NO_PROPERTY_CANDIDATE,
Dumbo - Live Action Film Elements,1,1,1,,NO_PROPERTY_CANDIDATE,
Dumbo - Michael Buffer (Baritone Bates),1,1,1,,NO_PROPERTY_CANDIDATE,
Dumbo - Michael Keaton (Vandevere),1,1,1,,NO_PROPERTY_CANDIDATE,
Dumbo - Nico Parker (Milly),1,1,1,,NO_PROPERTY_CANDIDATE,
Dusk,2,1,1,,NO_PROPERTY_CANDIDATE,
Dust,3,1,1,XM,SINGLE_CANDIDATE,
Dusty Rhodes,12,1,1,WSU,SINGLE_CANDIDATE,
Dutch Mantel,12,1,1,WSU,SINGLE_CANDIDATE,
DWAYNE,2,1,1,LB,SINGLE_CANDIDATE,
Dynamic Man ( Marvel Comics (Retro) ),3,1,1,MG,SINGLE_CANDIDATE,
DYNASTES,2,1,1,JG,SINGLE_CANDIDATE,
Dynomutt,2,1,1,,NO_PROPERTY_CANDIDATE,
Dynomutt as voiced by Ken Jeong,2,1,1,,NO_PROPERTY_CANDIDATE,
E.D.I.T.H. ( MS Disney Plus TV Shows ),1,1,1,,NO_PROPERTY_CANDIDATE,
E.V.A.,3,1,1,XM,SINGLE_CANDIDATE,
Eager Beaver,2,1,1,LT,SINGLE_CANDIDATE,
Earl of Lemongrab,2,1,1,,NO_PROPERTY_CANDIDATE,
Earle,2,1,1,BM,SINGLE_CANDIDATE,
Earle With No Character Likeness,2,1,1,BM,SINGLE_CANDIDATE,
Earthquake,12,1,1,WSU,SINGLE_CANDIDATE,
Easy Peckin`S Fox,2,1,1,LT,SINGLE_CANDIDATE,
Ebony Maw,3,1,1,MU,SINGLE_CANDIDATE,
Ebony Maw ( Marvel Studios Collection ),3,1,1,,NO_PROPERTY_CANDIDATE,
Ebony Maw ( Marvel Studios: The Infinity Saga ),3,1,1,,NO_PROPERTY_CANDIDATE,
Echo ( MS Disney Plus TV Shows ),1,1,1,,NO_PROPERTY_CANDIDATE,
Eclipso,2,1,1,,NO_PROPERTY_CANDIDATE,
ECW,12,1,1,WSU,SINGLE_CANDIDATE,
Ed,2,1,1,C1,SINGLE_CANDIDATE,
Ed Warren,2,1,1,C3,SINGLE_CANDIDATE,
Eddard `Ned` Stark,2,1,1,GT,SINGLE_CANDIDATE,
Eddie Guererro,12,1,1,WSU,SINGLE_CANDIDATE,
Eddie Kaspbrak as protrayed Jack Dylan Grazer,2,1,1,T7,SINGLE_CANDIDATE,
Eddie Orengo,12,1,1,WSU,SINGLE_CANDIDATE,
Eddison Tollett,2,1,1,GT,SINGLE_CANDIDATE,
Edge,12,1,1,WSU,SINGLE_CANDIDATE,
Edmure Tully,2,1,1,GT,SINGLE_CANDIDATE,
Edris Enofe,12,1,1,WSU,SINGLE_CANDIDATE,
"Eel (Lavell, Edward) ( Marvel Comics (Retro) )",3,1,1,MG,SINGLE_CANDIDATE,
Eggbert,2,1,1,LT,SINGLE_CANDIDATE,
Egghead,3,1,1,MU,SINGLE_CANDIDATE,
Egghead ( Marvel Studios` Ant-Man Wasp Quantumania ),3,1,1,,NO_PROPERTY_CANDIDATE,
Eitri ( Marvel Studios: The Infinity Saga ),3,1,1,,NO_PROPERTY_CANDIDATE,
El Aguila,3,1,1,MU,SINGLE_CANDIDATE,
El Diablo,2,1,1,,NO_PROPERTY_CANDIDATE,
El Diablo aka Chato Santana,2,1,1,JG,SINGLE_CANDIDATE,
El Diablo aka Rafael Sandoval,2,1,1,JG,SINGLE_CANDIDATE,
El Toro,2,1,1,LT,SINGLE_CANDIDATE,
El Vulturo,2,1,1,LT,SINGLE_CANDIDATE,
Elaine Benes,2,1,1,SN,SINGLE_CANDIDATE,
Elastigirl,2,1,1,JG,SINGLE_CANDIDATE,
Elbow Princess,2,1,1,,NO_PROPERTY_CANDIDATE,
Electro ( Marvel Comics (Retro) ),3,1,1,MG,SINGLE_CANDIDATE,
Electro ( Spider-Man Movie 2021 ),3,1,1,SP,SINGLE_CANDIDATE,
Electro (Francine Frye),3,1,1,SP,SINGLE_CANDIDATE,
Electro 2099,3,1,1,MU,SINGLE_CANDIDATE,
Electro-Proof Spider-Man ( Marvel Comics (Retro) ),3,1,1,MG,SINGLE_CANDIDATE,
Elektra ( Marvel Comics (Retro) ),3,1,1,MG,SINGLE_CANDIDATE,
Elektra ( Marvel Studios` Deadpool Movie 3 ),3,1,1,DP,SINGLE_CANDIDATE,
Elektra Noir,3,1,1,MU,SINGLE_CANDIDATE,
Elendil,2,1,1,LR,SINGLE_CANDIDATE,
Elendil,3,1,1,MU,SINGLE_CANDIDATE,
Elf Manager,2,1,1,EF,SINGLE_CANDIDATE,
Elias,12,1,1,WSU,SINGLE_CANDIDATE,
Elimination Chamber,12,1,1,WSU,SINGLE_CANDIDATE,
Elite ( Marvel Comics (Retro) ),3,1,1,MG,SINGLE_CANDIDATE,
Elixir,3,1,1,XM,SINGLE_CANDIDATE,
Ellaria Sand,2,1,1,GT,SINGLE_CANDIDATE,
Elliott,1,1,1,,NO_PROPERTY_CANDIDATE,
Elmer Fudd,2,1,1,LT,SINGLE_CANDIDATE,
Elongated Man,2,1,1,JG,SINGLE_CANDIDATE,
Elsa Bloodstone,3,1,1,MU,SINGLE_CANDIDATE,
Elton Prince,12,1,1,WSU,SINGLE_CANDIDATE,
Emerald City,2,1,1,WZ,SINGLE_CANDIDATE,
Emerald City Doorman,2,1,1,WZ,SINGLE_CANDIDATE,
Emil Blonsky,3,1,1,MU,SINGLE_CANDIDATE,
Emilia Harcourt,2,1,1,,NO_PROPERTY_CANDIDATE,
Emily,2,1,1,EF,SINGLE_CANDIDATE,
Emily Gilmore,2,1,1,GGS,SINGLE_CANDIDATE,
Emmeline Vance,2,1,1,HP,SINGLE_CANDIDATE,
Empathoid ( Marvel Comics (Retro) ),3,1,1,MG,SINGLE_CANDIDATE,
Emperor Joker,2,1,1,BM,SINGLE_CANDIDATE,
Encantadora,2,1,1,SM,SINGLE_CANDIDATE,
Enchantress,2,1,1,,NO_PROPERTY_CANDIDATE,
Enchantress ( Marvel Comics (Retro) ),3,1,1,MG,SINGLE_CANDIDATE,
Ends of the Earth Spider-Man,3,1,1,GM,SINGLE_CANDIDATE,
Energizer ( Marvel Comics (Retro) ),3,1,1,MG,SINGLE_CANDIDATE,
Engagement Ring Princess,2,1,1,,NO_PROPERTY_CANDIDATE,
Engel,2,1,1,BM,SINGLE_CANDIDATE,
Enter the Dragon Jerry,2,1,1,LT,SINGLE_CANDIDATE,
Enter the Dragon Tom,2,1,1,LT,SINGLE_CANDIDATE,
Entropy Aegis,2,1,1,SM,SINGLE_CANDIDATE,
Equinox ( Marvel Comics (Retro) ),3,1,1,MG,SINGLE_CANDIDATE,
Eradicator (Giant Armor),2,1,1,SM,SINGLE_CANDIDATE,
Eric Bischoff,12,1,1,WSU,SINGLE_CANDIDATE,
Eric Koenig,3,1,1,MU,SINGLE_CANDIDATE,
Eric The Viking,2,1,1,LT,SINGLE_CANDIDATE,
Erick Rowan,12,1,1,WSU,SINGLE_CANDIDATE,
Erik,12,1,1,WSU,SINGLE_CANDIDATE,
Erik the Red ( Marvel Comics (Retro) ),3,1,1,MG,SINGLE_CANDIDATE,
Ernie Macmillan,2,1,1,HP,SINGLE_CANDIDATE,
"Erskine, Abraham ( Marvel Studios: The Infinity Saga )",3,1,1,,NO_PROPERTY_CANDIDATE,
Escapade,3,1,1,MU,SINGLE_CANDIDATE,
Estelle Costanza,2,1,1,SN,SINGLE_CANDIDATE,
Eternals (generic group),3,1,1,MU,SINGLE_CANDIDATE,
Eternals Logo ( Marvel Studios Collection ),3,1,1,,NO_PROPERTY_CANDIDATE,
Eternity,3,1,1,MU,SINGLE_CANDIDATE,
Eternity ( Marvel Comics (Retro) ),3,1,1,MG,SINGLE_CANDIDATE,
Ethan Page,12,1,1,WSU,SINGLE_CANDIDATE,
Euron Greyjoy,2,1,1,GT,SINGLE_CANDIDATE,
Eva,2,1,1,RK,SINGLE_CANDIDATE,
Eve Teschmacher,2,1,1,SM,SINGLE_CANDIDATE,
Eve Torres,12,1,1,WSU,SINGLE_CANDIDATE,
Everard,2,1,1,HP,SINGLE_CANDIDATE,
Evil Morty,2,1,1,RK,SINGLE_CANDIDATE,
Evil Scientist,2,1,1,LT,SINGLE_CANDIDATE,
Ex Nihilo,3,1,1,MU,SINGLE_CANDIDATE,
Executioner,3,1,1,MU,SINGLE_CANDIDATE,
Executioner ( Marvel Comics (Retro) ),3,1,1,MG,SINGLE_CANDIDATE,
Executioner 1,2,1,1,,NO_PROPERTY_CANDIDATE,
Executioner 2,2,1,1,,NO_PROPERTY_CANDIDATE,
Exiles,3,1,1,MU,SINGLE_CANDIDATE,
Exodus,3,1,1,XM,SINGLE_CANDIDATE,
Exoskeleton Arana,3,1,1,GM,SINGLE_CANDIDATE,
Extreme Rules,12,1,1,WSU,SINGLE_CANDIDATE,
Eyehole Man,2,1,1,RK,SINGLE_CANDIDATE,
F.R.I.D.A.Y. ( MS Disney Plus TV Shows ),1,1,1,,NO_PROPERTY_CANDIDATE,
F`saki,3,1,1,MU,SINGLE_CANDIDATE,
Fabian Aichner,12,1,1,WSU,SINGLE_CANDIDATE,
Falcon ( Marvel Comics (Retro) ),3,1,1,MG,SINGLE_CANDIDATE,
Falcon ( Marvel Studios Collection ),3,1,1,,NO_PROPERTY_CANDIDATE,
Falcon ( Marvel Studios` Avengers Doomsday ),3,1,1,,NO_PROPERTY_CANDIDATE,
Falcon Cap,3,1,1,MU,SINGLE_CANDIDATE,
Falcon Cap ( Marvel Comics (Retro) ),3,1,1,MG,SINGLE_CANDIDATE,
Falconi,2,1,1,BM,SINGLE_CANDIDATE,
Falconi With No Character Likeness,2,1,1,BM,SINGLE_CANDIDATE,
Fallon Henley,12,1,1,WSU,SINGLE_CANDIDATE,
"Falsworth, Montgomery ( Marvel Comics (Retro) )",3,1,1,MG,SINGLE_CANDIDATE,
"Falsworth, Sonya ( MS Disney Plus TV Shows )",1,1,1,,NO_PROPERTY_CANDIDATE,
Fancy Dan ( Marvel Comics (Retro) ),3,1,1,MG,SINGLE_CANDIDATE,
Fandango,12,1,1,WSU,SINGLE_CANDIDATE,
Fandral,3,1,1,MU,SINGLE_CANDIDATE,
Fandral ( Marvel Comics (Retro) ),3,1,1,MG,SINGLE_CANDIDATE,
Fandral ( Marvel Studios: The Infinity Saga ),3,1,1,,NO_PROPERTY_CANDIDATE,
Fang,3,1,1,MU,SINGLE_CANDIDATE,
Fantastic Four Logo ( Marvel Studios` Avengers Doomsday ),3,1,1,,NO_PROPERTY_CANDIDATE,
Fantasticar ( Marvel Comics (Retro) ),3,1,1,MG,SINGLE_CANDIDATE,
Faora,2,1,1,SM,SINGLE_CANDIDATE,
Farooq,12,1,1,WSU,SINGLE_CANDIDATE,
Fat Lady Portrait,2,1,1,HP,SINGLE_CANDIDATE,
Fat Woman Portrait (Talent),2,1,1,HP,SINGLE_CANDIDATE,
Fatality,2,1,1,JG,SINGLE_CANDIDATE,
Father,2,1,1,XP,SINGLE_CANDIDATE,
Father With No Character Likeness,2,1,1,XP,SINGLE_CANDIDATE,
Fatu,12,1,1,WSU,SINGLE_CANDIDATE,
Faust,2,1,1,JG,SINGLE_CANDIDATE,
Felicia Hardy,3,1,1,MU,SINGLE_CANDIDATE,
Felix Faust,2,1,1,JG,SINGLE_CANDIDATE,
Felix Fernandez,12,1,1,WSU,SINGLE_CANDIDATE,
Fellbeast,2,1,1,LR,SINGLE_CANDIDATE,
Fenrir Greyback,2,1,1,HP,SINGLE_CANDIDATE,
Fenrir Greyback (Deatheater),2,1,1,HP,SINGLE_CANDIDATE,
Fenris,3,1,1,MU,SINGLE_CANDIDATE,
Ferak,2,1,1,BM,SINGLE_CANDIDATE,
Feral,3,1,1,XM,SINGLE_CANDIDATE,
Ferdie,1,1,1,MM,SINGLE_CANDIDATE,
Fernando,12,1,1,WSU,SINGLE_CANDIDATE,
Ferryman,2,1,1,A9,SINGLE_CANDIDATE,
Fickelgruber,2,1,1,,NO_PROPERTY_CANDIDATE,
Fifi,2,1,1,LT,SINGLE_CANDIDATE,
Fighting Apple Tree,2,1,1,WZ,SINGLE_CANDIDATE,
Filius Flitwick,2,1,1,HP,SINGLE_CANDIDATE,
Fin Fang Foom,3,1,1,MU,SINGLE_CANDIDATE,
Fin Fang Foom ( Marvel Comics (Retro) ),3,1,1,MG,SINGLE_CANDIDATE,
Finesse,3,1,1,MU,SINGLE_CANDIDATE,
Finesse ( Marvel Comics (Retro) ),3,1,1,MG,SINGLE_CANDIDATE,
Finesse ( MS Disney Plus TV Shows ),1,1,1,,NO_PROPERTY_CANDIDATE,
Finlay,12,1,1,WSU,SINGLE_CANDIDATE,
Finn,2,1,1,,NO_PROPERTY_CANDIDATE,
Finn Balor,12,1,1,WSU,SINGLE_CANDIDATE,
Finn Cooley ( Marvel Comics (Retro) ),3,1,1,MG,SINGLE_CANDIDATE,
Fionna,2,1,1,,NO_PROPERTY_CANDIDATE,
Fire,2,1,1,JG,SINGLE_CANDIDATE,
Firebrand,2,1,1,JG,SINGLE_CANDIDATE,
Firebrand ( Marvel Comics (Retro) ),3,1,1,MG,SINGLE_CANDIDATE,
Firebrand aka Alex Sanchez,2,1,1,JG,SINGLE_CANDIDATE,
Firebrand aka Danette Reilly aka Danette Reilly Arthur,2,1,1,JG,SINGLE_CANDIDATE,
Firebug,2,1,1,JG,SINGLE_CANDIDATE,
Firelord,3,1,1,MU,SINGLE_CANDIDATE,
Firelord ( Marvel Comics (Retro) ),3,1,1,MG,SINGLE_CANDIDATE,
Firepower ( Marvel Comics (Retro) ),3,1,1,MG,SINGLE_CANDIDATE,
Firestar,3,1,1,MU,SINGLE_CANDIDATE,
Fistic Mystic,2,1,1,LT,SINGLE_CANDIDATE,
Fit Finlay,12,1,1,WSU,SINGLE_CANDIDATE,
Flag Smashers ( Marvel Studios Collection ),3,1,1,,NO_PROPERTY_CANDIDATE,
Flag-Smasher ( Marvel Comics (Retro) ),3,1,1,MG,SINGLE_CANDIDATE,
Flame Princess,2,1,1,,NO_PROPERTY_CANDIDATE,
Flash (DC Metal Force),2,1,1,JG,SINGLE_CANDIDATE,
Flash Morgan Webster,12,1,1,WSU,SINGLE_CANDIDATE,
"Flash, The",2,1,1,FS,SINGLE_CANDIDATE,
Flass,2,1,1,BM,SINGLE_CANDIDATE,
Flass With No Character Likeness,2,1,1,BM,SINGLE_CANDIDATE,
Flerkittens ( Captain Marvel Movie 2 ),3,1,1,CM,SINGLE_CANDIDATE,
Flesh Curtains,2,1,1,RK,SINGLE_CANDIDATE,
Fleur,2,1,1,HP,SINGLE_CANDIDATE,
Flim Flam,2,1,1,,NO_PROPERTY_CANDIDATE,
Flint Marko ( Marvel Comics (Retro) ),3,1,1,MG,SINGLE_CANDIDATE,
Floaty Bloody Man,2,1,1,RK,SINGLE_CANDIDATE,
Flying Squirrel,2,1,1,PW,SINGLE_CANDIDATE,
Fogg ( Marvel Comics (Retro) ),3,1,1,MG,SINGLE_CANDIDATE,
Foggy Nelson,3,1,1,MU,SINGLE_CANDIDATE,
Foghorn Leghorn,2,1,1,LT,SINGLE_CANDIDATE,
Foolkiller,3,1,1,MU,SINGLE_CANDIDATE,
Forbush Man,3,1,1,MU,SINGLE_CANDIDATE,
Forge,3,1,1,XM,SINGLE_CANDIDATE,
Forge ( MS Disney Plus TV Shows ),1,1,1,,NO_PROPERTY_CANDIDATE,
Fortress ( Marvel Comics (Retro) ),3,1,1,MG,SINGLE_CANDIDATE,
"Foster, Bill ( Marvel Studios Collection )",3,1,1,,NO_PROPERTY_CANDIDATE,
"Foster, Jane ( Marvel Comics (Retro) )",3,1,1,MG,SINGLE_CANDIDATE,
Fox In A Fix,2,1,1,LT,SINGLE_CANDIDATE,
Fox With No Character Likeness,2,1,1,BM,SINGLE_CANDIDATE,
Francis,2,1,1,,NO_PROPERTY_CANDIDATE,
Francois,2,1,1,LT,SINGLE_CANDIDATE,
Frank,2,1,1,SN,SINGLE_CANDIDATE,
Frank Castle,3,1,1,MU,SINGLE_CANDIDATE,
Frank Longbottom,2,1,1,HP,SINGLE_CANDIDATE,
Frank Miller aka Dark Knight Batman,2,1,1,BM,SINGLE_CANDIDATE,
Frank Miller aka Dark Knight Cheetah,2,1,1,BM,SINGLE_CANDIDATE,
Frank Miller aka Dark Knight Robin,2,1,1,BM,SINGLE_CANDIDATE,
Frank Miller aka Dark Knight Wonder Woman,2,1,1,BM,SINGLE_CANDIDATE,
Frankencastle,3,1,1,MU,SINGLE_CANDIDATE,
Frankenstein`s Monster ( Marvel Comics (Retro) ),3,1,1,MG,SINGLE_CANDIDATE,
Franky Monet,12,1,1,WSU,SINGLE_CANDIDATE,
Freak,3,1,1,MU,SINGLE_CANDIDATE,
Freak ( Marvel Comics (Retro) ),3,1,1,MG,SINGLE_CANDIDATE,
Fred,2,1,1,,NO_PROPERTY_CANDIDATE,
Fred as voiced by Zac Efron,2,1,1,,NO_PROPERTY_CANDIDATE,
Fred Jones,2,1,1,,NO_PROPERTY_CANDIDATE,
Fred Jones as Batman,2,1,1,,NO_PROPERTY_CANDIDATE,
Fred Weasley (Talent),2,1,1,HP,SINGLE_CANDIDATE,
Freddie Blassie,12,1,1,WSU,SINGLE_CANDIDATE,
Freddie Kruger,2,1,1,NE,SINGLE_CANDIDATE,
Freddie Prinze Jr.,2,1,1,,NO_PROPERTY_CANDIDATE,
"Frederickson, Kolina ( Marvel Comics (Retro) )",3,1,1,MG,SINGLE_CANDIDATE,
Frenchie,2,1,1,N3,SINGLE_CANDIDATE,
Frey House Sigil,2,1,1,GT,SINGLE_CANDIDATE,
Frigga ( Marvel Studios: The Infinity Saga ),3,1,1,,NO_PROPERTY_CANDIDATE,
Frisky,2,1,1,LT,SINGLE_CANDIDATE,
Frog,2,1,1,,NO_PROPERTY_CANDIDATE,
Frog of Thunder ( MS Disney Plus TV Shows ),1,1,1,,NO_PROPERTY_CANDIDATE,
Frog Thor,3,1,1,MU,SINGLE_CANDIDATE,
Frog-Man ( Marvel Comics (Retro) ),3,1,1,MG,SINGLE_CANDIDATE,
Frost Giants ( Marvel Comics (Retro) ),3,1,1,MG,SINGLE_CANDIDATE,
"Frost, Emma ( Marvel Comics (Retro) )",3,1,1,MG,SINGLE_CANDIDATE,
Frosty The Snowman,2,1,1,FM,SINGLE_CANDIDATE,
Frozen,1,1,1,FZ,SINGLE_CANDIDATE,
Frozen - Olaf Presents,1,1,1,FZ,SINGLE_CANDIDATE,
Frozen II - A Tudyk (Northuldra),1,1,1,FZ,SINGLE_CANDIDATE,
Frozen II - J Ritter (Ryder),1,1,1,FZ,SINGLE_CANDIDATE,
Frozen II - M Plimpton (Yelena),1,1,1,FZ,SINGLE_CANDIDATE,
Frozen II - R Matthews (Honeymaren),1,1,1,FZ,SINGLE_CANDIDATE,
"Fujikawa, Rumiko ( Marvel Comics (Retro) )",3,1,1,MG,SINGLE_CANDIDATE,
Funland Robot,2,1,1,,NO_PROPERTY_CANDIDATE,
Fury the Goblin Queen ( Marvel Comics (Retro) ),3,1,1,MG,SINGLE_CANDIDATE,
"Fury, Nick ( Marvel Comics (Retro) )",3,1,1,MG,SINGLE_CANDIDATE,
"Fury, Nick Jr",3,1,1,MU,SINGLE_CANDIDATE,
Fusion ( Marvel Comics (Retro) ),3,1,1,MG,SINGLE_CANDIDATE,
Future Foundation ( Marvel Studios` Fantastic Four ),3,1,1,FFF,SINGLE_CANDIDATE,
Future Foundation Spider-Man,3,1,1,GM,SINGLE_CANDIDATE,
Future Foundation Spider-Man ( Marvel Comics (Retro) ),3,1,1,MG,SINGLE_CANDIDATE,
FUZZY LUMPKINS,2,1,1,PW,SINGLE_CANDIDATE,
G.C.P.D. Officer,2,1,1,BM,SINGLE_CANDIDATE,
G'Nort,2,1,1,GN,SINGLE_CANDIDATE,
G`iah ( MS Disney Plus TV Shows ),1,1,1,,NO_PROPERTY_CANDIDATE,
Gabriella Cho,2,1,1,RK,SINGLE_CANDIDATE,
Gaia,2,1,1,RK,SINGLE_CANDIDATE,
Galactipool,3,1,1,DP,SINGLE_CANDIDATE,
Galactus ( Marvel Comics (Retro) ),3,1,1,MG,SINGLE_CANDIDATE,
Galactus ( Marvel Studios` Fantastic Four ),3,1,1,FFF,SINGLE_CANDIDATE,
Gambit ( Marvel Comics (Retro) ),3,1,1,MG,SINGLE_CANDIDATE,
Gambit ( Marvel Studios` Avengers Doomsday ),3,1,1,,NO_PROPERTY_CANDIDATE,
Gambit ( Marvel Studios` Deadpool Movie 3 ),3,1,1,DP,SINGLE_CANDIDATE,
Gambit ( MS Disney Plus TV Shows ),1,1,1,,NO_PROPERTY_CANDIDATE,
Gambling Bug,2,1,1,LT,SINGLE_CANDIDATE,
Gamestalker,2,1,1,BM,SINGLE_CANDIDATE,
Gamora ( Marvel Comics (Retro) ),3,1,1,MG,SINGLE_CANDIDATE,
Gamora ( Marvel Studios Collection ),3,1,1,,NO_PROPERTY_CANDIDATE,
Gamora ( Marvel Studios` GOTG Vol. 3 ),3,1,1,,NO_PROPERTY_CANDIDATE,
GANG GREEN GANG,2,1,1,PW,SINGLE_CANDIDATE,
Gangbuster,2,1,1,SM,SINGLE_CANDIDATE,
"Gargan, Mac ( Marvel Comics (Retro) )",3,1,1,MG,SINGLE_CANDIDATE,
Gargantos ( Marvel Studios Collection ),3,1,1,,NO_PROPERTY_CANDIDATE,
Gargoyle,3,1,1,MU,SINGLE_CANDIDATE,
Gargoyle ( Marvel Comics (Retro) ),3,1,1,MG,SINGLE_CANDIDATE,
GARRO THE CONQUEROR,2,1,1,JG,SINGLE_CANDIDATE,
Gary Wilson,12,1,1,WSU,SINGLE_CANDIDATE,
Gas-House Gorilla,2,1,1,LT,SINGLE_CANDIDATE,
Gaslight Batman,2,1,1,,NO_PROPERTY_CANDIDATE,
Gaslight Cyborg,2,1,1,,NO_PROPERTY_CANDIDATE,
Gatekeeper ( Marvel Comics (Retro) ),3,1,1,MG,SINGLE_CANDIDATE,
Gateway,3,1,1,MU,SINGLE_CANDIDATE,
Gearhead,2,1,1,RK,SINGLE_CANDIDATE,
Gendry,2,1,1,GT,SINGLE_CANDIDATE,
Gene Okerlund,12,1,1,WSU,SINGLE_CANDIDATE,
General Adnan,12,1,1,WSU,SINGLE_CANDIDATE,
General Ching ( Marvel Comics (Retro) ),3,1,1,MG,SINGLE_CANDIDATE,
General Gabriel ( Marvel Comics (Retro) ),3,1,1,MG,SINGLE_CANDIDATE,
General John Ryker ( Marvel Comics (Retro) ),3,1,1,MG,SINGLE_CANDIDATE,
General Lane,2,1,1,JG,SINGLE_CANDIDATE,
General Luna,2,1,1,,NO_PROPERTY_CANDIDATE,
General Shaw,2,1,1,WD,SINGLE_CANDIDATE,
General Suarez,2,1,1,,NO_PROPERTY_CANDIDATE,
General Swanwick,2,1,1,BM,SINGLE_CANDIDATE,
Geo-Force,2,1,1,JG,SINGLE_CANDIDATE,
George Costanza,2,1,1,SN,SINGLE_CANDIDATE,
George Denbrough,2,1,1,T9,SINGLE_CANDIDATE,
George Fox,2,1,1,LT,SINGLE_CANDIDATE,
George The Animal Steele,12,1,1,WSU,SINGLE_CANDIDATE,
George Weasley (Talent),2,1,1,HP,SINGLE_CANDIDATE,
Georgie Denbrough,2,1,1,T7,SINGLE_CANDIDATE,
Geppetto,1,1,1,CP,SINGLE_CANDIDATE,
Gerald Brisco,12,1,1,WSU,SINGLE_CANDIDATE,
Gerry,2,1,1,LT,SINGLE_CANDIDATE,
Gerry Briscoe,12,1,1,WSU,SINGLE_CANDIDATE,
Gertrude Calculus,2,1,1,LT,SINGLE_CANDIDATE,
Gharskygt ( Marvel Comics (Retro) ),3,1,1,MG,SINGLE_CANDIDATE,
Ghaur ( Marvel Comics (Retro) ),3,1,1,MG,SINGLE_CANDIDATE,
Ghost,2,1,1,GT,SINGLE_CANDIDATE,
Ghost ( Marvel Comics (Retro) ),3,1,1,MG,SINGLE_CANDIDATE,
Ghost ( Marvel Studios Collection ),3,1,1,,NO_PROPERTY_CANDIDATE,
Ghost ( Marvel Studios` Avengers Doomsday ),3,1,1,,NO_PROPERTY_CANDIDATE,
Ghost ( Marvel Studios` Thunderbolts ),3,1,1,,NO_PROPERTY_CANDIDATE,
Ghost ( MS Disney Plus TV Shows ),1,1,1,,NO_PROPERTY_CANDIDATE,
Ghost Clown,2,1,1,,NO_PROPERTY_CANDIDATE,
Ghost Princess,2,1,1,,NO_PROPERTY_CANDIDATE,
Ghost Rider ( Marvel Comics (Retro) ),3,1,1,MG,SINGLE_CANDIDATE,
Ghost Rider (Robbie Reyes),3,1,1,AV,SINGLE_CANDIDATE,
Ghost-Copter,3,1,1,SX,SINGLE_CANDIDATE,
Ghost-Spider ( Marvel Comics (Retro) ),3,1,1,MG,SINGLE_CANDIDATE,
Ghost-Spider ( MS Disney Plus TV Shows ),1,1,1,,NO_PROPERTY_CANDIDATE,
Ghost-Spider (Venomized),3,1,1,SP,SINGLE_CANDIDATE,
Ghoul Squad #1,2,1,1,BJ,SINGLE_CANDIDATE,
Giant Girl,3,1,1,MU,SINGLE_CANDIDATE,
Giant Man ( Marvel Comics (Retro) ),3,1,1,MG,SINGLE_CANDIDATE,
Giant Naked Santa,2,1,1,RK,SINGLE_CANDIDATE,
Giant Wight #2,2,1,1,GT,SINGLE_CANDIDATE,
"Giant-Man (Malhotra, Raz)",3,1,1,MU,SINGLE_CANDIDATE,
Gibbon ( Marvel Comics (Retro) ),3,1,1,MG,SINGLE_CANDIDATE,
Gideon,3,1,1,DP,SINGLE_CANDIDATE,
"Gideon, Thomas ( Marvel Comics (Retro) )",3,1,1,MG,SINGLE_CANDIDATE,
Giganta aka Doris Zuel,2,1,1,WW,SINGLE_CANDIDATE,
Giganto ( Marvel Comics (Retro) ),3,1,1,MG,SINGLE_CANDIDATE,
Gilgamesh ( Marvel Studios Collection ),3,1,1,,NO_PROPERTY_CANDIDATE,
Gilly,2,1,1,GT,SINGLE_CANDIDATE,
Ginny Weasley (Talent),2,1,1,HP,SINGLE_CANDIDATE,
Giovanni Jones,2,1,1,LT,SINGLE_CANDIDATE,
Girl 13,2,1,1,SM,SINGLE_CANDIDATE,
Girl Mouse,2,1,1,LT,SINGLE_CANDIDATE,
Giulia,12,1,1,WSU,SINGLE_CANDIDATE,
Gizmo As Voiced By Howie Mandel,2,1,1,,NO_PROPERTY_CANDIDATE,
Gladiator ( Marvel Comics (Retro) ),3,1,1,MG,SINGLE_CANDIDATE,
Glar,2,1,1,RK,SINGLE_CANDIDATE,
Glep,2,1,1,FN,SINGLE_CANDIDATE,
Glinda the Good Witch,2,1,1,WZ,SINGLE_CANDIDATE,
Glob Herman,3,1,1,XM,SINGLE_CANDIDATE,
Glootie,2,1,1,RK,SINGLE_CANDIDATE,
Glorzo,2,1,1,RK,SINGLE_CANDIDATE,
Glubella,2,1,1,RK,SINGLE_CANDIDATE,
Gnarlack,2,1,1,,NO_PROPERTY_CANDIDATE,
Goblin Bank Teller (Talent),2,1,1,HP,SINGLE_CANDIDATE,
Goblin Queen ( MS Disney Plus TV Shows ),1,1,1,,NO_PROPERTY_CANDIDATE,
Godfather,12,1,1,WSU,SINGLE_CANDIDATE,
Gog,2,1,1,SM,SINGLE_CANDIDATE,
Gog ( Marvel Comics (Retro) ),3,1,1,MG,SINGLE_CANDIDATE,
Goldbug ( Marvel Comics (Retro) ),3,1,1,MG,SINGLE_CANDIDATE,
Golden Age Pool ( Marvel Studios` Deadpool Movie 3 ),3,1,1,DP,SINGLE_CANDIDATE,
Golden Glider,2,1,1,JG,SINGLE_CANDIDATE,
Golden Guardian III,2,1,1,JG,SINGLE_CANDIDATE,
Goldimouse,2,1,1,LT,SINGLE_CANDIDATE,
Golga,12,1,1,WSU,SINGLE_CANDIDATE,
Goliath ( Marvel Comics (Retro) ),3,1,1,MG,SINGLE_CANDIDATE,
Goliath ( MS Disney Plus TV Shows ),1,1,1,,NO_PROPERTY_CANDIDATE,
"Googam, son of Goom ( Marvel Comics (Retro) )",3,1,1,MG,SINGLE_CANDIDATE,
Goonies,2,1,1,,NO_PROPERTY_CANDIDATE,
Goose ( Captain Marvel Movie ),3,1,1,CM,SINGLE_CANDIDATE,
Goose ( Captain Marvel Movie 2 ),3,1,1,CM,SINGLE_CANDIDATE,
Goose ( Marvel Studios: The Infinity Saga ),3,1,1,,NO_PROPERTY_CANDIDATE,
Gorgeous Gilly,2,1,1,SM,SINGLE_CANDIDATE,
Gorgon ( Marvel Comics (Retro) ),3,1,1,MG,SINGLE_CANDIDATE,
Gorilla Grod,2,1,1,FS,SINGLE_CANDIDATE,
Gorilla Grodd (DC Metal Force),2,1,1,JG,SINGLE_CANDIDATE,
Gorilla Monsoon,12,1,1,WSU,SINGLE_CANDIDATE,
Gorilla-Man,3,1,1,MU,SINGLE_CANDIDATE,
Goro,2,1,1,MB,SINGLE_CANDIDATE,
Gorr,3,1,1,MU,SINGLE_CANDIDATE,
Gossamer,2,1,1,LT,SINGLE_CANDIDATE,
Gotham City Police Officer,2,1,1,BM,SINGLE_CANDIDATE,
Gotham City Swat Officer,2,1,1,BM,SINGLE_CANDIDATE,
Gotham Girls,2,1,1,BM,SINGLE_CANDIDATE,
Gotham Knight,2,1,1,BM,SINGLE_CANDIDATE,
Gotham Police Department,2,1,1,BM,SINGLE_CANDIDATE,
Gothmog,2,1,1,LR,SINGLE_CANDIDATE,
Goyle,2,1,1,HP,SINGLE_CANDIDATE,
Goyle (Talent),2,1,1,HP,SINGLE_CANDIDATE,
Gra`Ma,2,1,1,LT,SINGLE_CANDIDATE,
Grace,2,1,1,BJ,SINGLE_CANDIDATE,
Grail,2,1,1,JG,SINGLE_CANDIDATE,
Gran Metalik,12,1,1,WSU,SINGLE_CANDIDATE,
Grand Maester Mellos,2,1,1,,NO_PROPERTY_CANDIDATE,
Grand Maester Pycelle,2,1,1,GT,SINGLE_CANDIDATE,
Grandmaster ( Marvel Studios Collection ),3,1,1,,NO_PROPERTY_CANDIDATE,
Grandmother Longbottom,2,1,1,HP,SINGLE_CANDIDATE,
Grandpa,2,1,1,LB,SINGLE_CANDIDATE,
Grandpa Fred,2,1,1,,NO_PROPERTY_CANDIDATE,
Grandpa Joe,2,1,1,,NO_PROPERTY_CANDIDATE,
Granny,2,1,1,LT,SINGLE_CANDIDATE,
Granny as Trinity,2,1,1,LT,SINGLE_CANDIDATE,
Grant Ward,3,1,1,MU,SINGLE_CANDIDATE,
"Grant, Glory ( Marvel Comics (Retro) )",3,1,1,MG,SINGLE_CANDIDATE,
Graves,2,1,1,,NO_PROPERTY_CANDIDATE,
Gravik ( MS Disney Plus TV Shows ),1,1,1,,NO_PROPERTY_CANDIDATE,
Graviton,3,1,1,MU,SINGLE_CANDIDATE,
Graviton ( Marvel Comics (Retro) ),3,1,1,MG,SINGLE_CANDIDATE,
Gravity,3,1,1,MU,SINGLE_CANDIDATE,
Gravity ( Marvel Comics (Retro) ),3,1,1,MG,SINGLE_CANDIDATE,
Grawp,2,1,1,HP,SINGLE_CANDIDATE,
Gray Cat (Large),2,1,1,LT,SINGLE_CANDIDATE,
Gray Gargoyle,3,1,1,MU,SINGLE_CANDIDATE,
Gray Gargoyle ( Marvel Comics (Retro) ),3,1,1,MG,SINGLE_CANDIDATE,
Gray Hulk,3,1,1,MU,SINGLE_CANDIDATE,
Grayson Waller,12,1,1,WSU,SINGLE_CANDIDATE,
Grayven,2,1,1,GN,SINGLE_CANDIDATE,
Great Goblin as voiced by Barry Humphries,2,1,1,,NO_PROPERTY_CANDIDATE,
Great Khali,12,1,1,WSU,SINGLE_CANDIDATE,
Great Muta,12,1,1,WSU,SINGLE_CANDIDATE,
Greatjon Umber,2,1,1,GT,SINGLE_CANDIDATE,
Green Ghost,2,1,1,,NO_PROPERTY_CANDIDATE,
Green Goblin ( Marvel Comics (Retro) ),3,1,1,MG,SINGLE_CANDIDATE,
Green Goblin ( Spider-Man Movie 2021 ),3,1,1,SP,SINGLE_CANDIDATE,
Green Goblin 2099,3,1,1,MU,SINGLE_CANDIDATE,
Green Man,2,1,1,GN,SINGLE_CANDIDATE,
Greenskyn Smashtroll,3,1,1,MU,SINGLE_CANDIDATE,
Greg The hammer Valentine,12,1,1,WSU,SINGLE_CANDIDATE,
Gregorovitch,2,1,1,HP,SINGLE_CANDIDATE,
Gregory Helms,12,1,1,WSU,SINGLE_CANDIDATE,
Gremlin,2,1,1,LT,SINGLE_CANDIDATE,
Grenn,2,1,1,GT,SINGLE_CANDIDATE,
Gressill ( Marvel Comics (Retro) ),3,1,1,MG,SINGLE_CANDIDATE,
Gretel,2,1,1,LT,SINGLE_CANDIDATE,
Grey Worm,2,1,1,GT,SINGLE_CANDIDATE,
"Grey, Jean ( Marvel Comics (Retro) )",3,1,1,MG,SINGLE_CANDIDATE,
"Grey, Jean ( MS Disney Plus TV Shows )",1,1,1,,NO_PROPERTY_CANDIDATE,
Greycrow,3,1,1,MU,SINGLE_CANDIDATE,
"Greyjoy House Motto ""We Do Not Sow""",2,1,1,GT,SINGLE_CANDIDATE,
Greyjoy House Sigil,2,1,1,GT,SINGLE_CANDIDATE,
Griffin ( Marvel Comics (Retro) ),3,1,1,MG,SINGLE_CANDIDATE,
Grim Reaper,3,1,1,MU,SINGLE_CANDIDATE,
Grim Reaper ( Marvel Comics (Retro) ),3,1,1,MG,SINGLE_CANDIDATE,
Grindylow,2,1,1,HP,SINGLE_CANDIDATE,
Griphook (Talent),2,1,1,HP,SINGLE_CANDIDATE,
GRISSOM,2,1,1,BM,SINGLE_CANDIDATE,
Grogan,2,1,1,LT,SINGLE_CANDIDATE,
Gromflomite Guard,2,1,1,RK,SINGLE_CANDIDATE,
Groot ( Marvel Comics (Retro) ) Do Not Use,3,1,1,MG,SINGLE_CANDIDATE,
Groot ( Marvel Studios Collection ),3,1,1,,NO_PROPERTY_CANDIDATE,
Groot ( MS Disney Plus TV Shows ),1,1,1,,NO_PROPERTY_CANDIDATE,
Groot (Ravager),3,1,1,MU,SINGLE_CANDIDATE,
Groot (Small),3,1,1,MU,SINGLE_CANDIDATE,
Groot (Venomized),3,1,1,SP,SINGLE_CANDIDATE,
Grootpool,3,1,1,DP,SINGLE_CANDIDATE,
Groovy Little Pig (Guitar),2,1,1,LT,SINGLE_CANDIDATE,
Grover Groundhog,2,1,1,LT,SINGLE_CANDIDATE,
Growing Man,3,1,1,MU,SINGLE_CANDIDATE,
GRUBBER,2,1,1,PW,SINGLE_CANDIDATE,
Gruesome Gorilla,2,1,1,LT,SINGLE_CANDIDATE,
"Gruning, Eric ( Marvel Comics (Retro) )",3,1,1,MG,SINGLE_CANDIDATE,
Guardian of the Gateway ( Marvel Comics (Retro) ),3,1,1,MG,SINGLE_CANDIDATE,
Guardians of the Galaxy Logo ( Marvel Comics (Retro) ),3,1,1,MG,SINGLE_CANDIDATE,
Guardians of the Galaxy Logo ( Marvel Studios Collection ),3,1,1,,NO_PROPERTY_CANDIDATE,
Guardians of the Galaxy Logo ( Marvel Studios: The Infinity Saga ),3,1,1,,NO_PROPERTY_CANDIDATE,
Guardians of the Galaxy Logo ( MS Disney Plus TV Shows ),1,1,1,,NO_PROPERTY_CANDIDATE,
Guardsman,3,1,1,MU,SINGLE_CANDIDATE,
Guardsman ( Marvel Comics (Retro) ),3,1,1,MG,SINGLE_CANDIDATE,
Guardsmen,3,1,1,MU,SINGLE_CANDIDATE,
Guardsmen ( Marvel Comics (Retro) ),3,1,1,MG,SINGLE_CANDIDATE,
Guide Infant Terrible ( Marvel Studios` Fantastic Four ),3,1,1,FFF,SINGLE_CANDIDATE,
Guillotine,3,1,1,MU,SINGLE_CANDIDATE,
Gulyadkin,3,1,1,MU,SINGLE_CANDIDATE,
Gulyadkin ( Marvel Comics (Retro) ),3,1,1,MG,SINGLE_CANDIDATE,
Gumball Guardian,2,1,1,,NO_PROPERTY_CANDIDATE,
Gunter,2,1,1,,NO_PROPERTY_CANDIDATE,
Gunther,2,1,1,FN,SINGLE_CANDIDATE,
Gunther,12,1,1,WSU,SINGLE_CANDIDATE,
Guritz,2,1,1,LR,SINGLE_CANDIDATE,
Gwayne Hightower,2,1,1,,NO_PROPERTY_CANDIDATE,
Gwendolyn,2,1,1,RK,SINGLE_CANDIDATE,
Gwenpig,3,1,1,MU,SINGLE_CANDIDATE,
Gypsy,2,1,1,JG,SINGLE_CANDIDATE,
Gypsy Moth,3,1,1,MU,SINGLE_CANDIDATE,
Gypsy Moth ( Marvel Comics (Retro) ),3,1,1,MG,SINGLE_CANDIDATE,
H.A.M.M.E.R.,3,1,1,MU,SINGLE_CANDIDATE,
H.E.R.B.I.E. ( Marvel Studios` Avengers Doomsday ),3,1,1,,NO_PROPERTY_CANDIDATE,
H.I.V.E.,2,1,1,JG,SINGLE_CANDIDATE,
Hacksaw Jim Duggan,12,1,1,WSU,SINGLE_CANDIDATE,
Hades,2,1,1,JG,SINGLE_CANDIDATE,
Haku,12,1,1,WSU,SINGLE_CANDIDATE,
Hala,3,1,1,GG,SINGLE_CANDIDATE,
Hall of Fame,12,1,1,WSU,SINGLE_CANDIDATE,
Hallows` Eve,3,1,1,SP,SINGLE_CANDIDATE,
Ham Little Pig (Drums),2,1,1,LT,SINGLE_CANDIDATE,
"Hamilton, Dr. Barton ( Marvel Comics (Retro) )",3,1,1,MG,SINGLE_CANDIDATE,
Hammer of Boravia,2,1,1,SM,SINGLE_CANDIDATE,
"Hammer, Justin ( Marvel Comics (Retro) )",3,1,1,MG,SINGLE_CANDIDATE,
"Hammer, Justin ( Marvel Studios: The Infinity Saga )",3,1,1,,NO_PROPERTY_CANDIDATE,
Hammerhead ( Marvel Comics (Retro) ),3,1,1,MG,SINGLE_CANDIDATE,
Hammerhead Noir ( Marvel Comics (Retro) ),3,1,1,MG,SINGLE_CANDIDATE,
Hammurai,2,1,1,RK,SINGLE_CANDIDATE,
Hamster in Butt World,2,1,1,RK,SINGLE_CANDIDATE,
Hand ( Marvel Comics (Retro) ),3,1,1,MG,SINGLE_CANDIDATE,
Hand Ninja,3,1,1,MU,SINGLE_CANDIDATE,
Hand of the King,2,1,1,GT,SINGLE_CANDIDATE,
Hank Grogan,2,1,1,WD,SINGLE_CANDIDATE,
Hank Hall,2,1,1,JG,SINGLE_CANDIDATE,
Hank Henshaw,2,1,1,SG,SINGLE_CANDIDATE,
Hank Walker,12,1,1,WSU,SINGLE_CANDIDATE,
Hannah Montana Movie - B R Cyrus (Robby),1,1,1,HM,SINGLE_CANDIDATE,
Hannah Montana Movie - E Osment (Lola,1,1,1,HM,SINGLE_CANDIDATE,
Hannah Montana Movie - J Earles (Jackson),1,1,1,HM,SINGLE_CANDIDATE,
Hannah Montana Movie - L Till (Travis),1,1,1,HM,SINGLE_CANDIDATE,
Hannah Montana Movie - M Arias (Rico),1,1,1,HM,SINGLE_CANDIDATE,
Hannah Montana Movie - M Cyrus (Hannah Montana,1,1,1,HM,SINGLE_CANDIDATE,
Hannah Montana Movie - M Musso (Mike,1,1,1,HM,SINGLE_CANDIDATE,
Hannibal Buress - Coach Wilson,3,1,1,SP,SINGLE_CANDIDATE,
Hansel,2,1,1,LT,SINGLE_CANDIDATE,
Happy,2,1,1,BM,SINGLE_CANDIDATE,
Happy ``The Freak`` Hogan ( MS Disney Plus TV Shows ),1,1,1,,NO_PROPERTY_CANDIDATE,
Harbinger,2,1,1,JG,SINGLE_CANDIDATE,
Hardball,3,1,1,MU,SINGLE_CANDIDATE,
Hardcore Hak,12,1,1,WSU,SINGLE_CANDIDATE,
"Hardy, Felicia ( Marvel Comics (Retro) )",3,1,1,MG,SINGLE_CANDIDATE,
"Harkness, Agatha ( Marvel Comics (Retro) )",3,1,1,MG,SINGLE_CANDIDATE,
"Harkov, Anton ( Marvel Comics (Retro) )",3,1,1,MG,SINGLE_CANDIDATE,
Harleen Quinzell,2,1,1,BM,SINGLE_CANDIDATE,
Harley Keener,3,1,1,MU,SINGLE_CANDIDATE,
Harley Quinn aka Pillow Fight Candy Cane,2,1,1,,NO_PROPERTY_CANDIDATE,
Harley Race,12,1,1,WSU,SINGLE_CANDIDATE,
Harrold Westerling,2,1,1,,NO_PROPERTY_CANDIDATE,
"Harrow, Dr. Jonas ( Marvel Comics (Retro) )",3,1,1,MG,SINGLE_CANDIDATE,
HARVEY DENT,2,1,1,BM,SINGLE_CANDIDATE,
Harvey Wippleman,12,1,1,WSU,SINGLE_CANDIDATE,
Hassan,2,1,1,LT,SINGLE_CANDIDATE,
Hassim,2,1,1,BM,SINGLE_CANDIDATE,
Hat,2,1,1,JG,SINGLE_CANDIDATE,
Hatch 22 ( Marvel Comics (Retro) ),3,1,1,MG,SINGLE_CANDIDATE,
Hate-Monger,3,1,1,FFF,SINGLE_CANDIDATE,
Hate-Monger ( Marvel Comics (Retro) ),3,1,1,MG,SINGLE_CANDIDATE,
Havok ( Marvel Comics (Retro) ),3,1,1,MG,SINGLE_CANDIDATE,
Havok ( MS Disney Plus TV Shows ),1,1,1,,NO_PROPERTY_CANDIDATE,
Hawk,2,1,1,GN,SINGLE_CANDIDATE,
Hawkeye ( Marvel Comics (Retro) ),3,1,1,MG,SINGLE_CANDIDATE,
Hawkeye ( Marvel Studios Collection ),3,1,1,,NO_PROPERTY_CANDIDATE,
Hawkeye 2099,3,1,1,MU,SINGLE_CANDIDATE,
Hawkwoman,2,1,1,JG,SINGLE_CANDIDATE,
"Hawley, Lady Pamela ( Marvel Comics (Retro) )",3,1,1,MG,SINGLE_CANDIDATE,
Hayden Pittman,12,1,1,WSU,SINGLE_CANDIDATE,
Hazmat ( Marvel Comics (Retro) ),3,1,1,MG,SINGLE_CANDIDATE,
He Who Remains ( MS Disney Plus TV Shows ),1,1,1,,NO_PROPERTY_CANDIDATE,
Head Waiter,2,1,1,XP,SINGLE_CANDIDATE,
Head Waiter With No Character Likeness,2,1,1,XP,SINGLE_CANDIDATE,
Headpool ( Marvel Studios` Deadpool Movie 3 ),3,1,1,DP,SINGLE_CANDIDATE,
HEARTLESS,2,1,1,JG,SINGLE_CANDIDATE,
Heat Wave,2,1,1,JG,SINGLE_CANDIDATE,
"Heck, Harry ( Marvel Comics (Retro) )",3,1,1,MG,SINGLE_CANDIDATE,
Hector,2,1,1,LT,SINGLE_CANDIDATE,
Hector Podmore,2,1,1,,NO_PROPERTY_CANDIDATE,
Heimdall,3,1,1,MU,SINGLE_CANDIDATE,
Heimdall ( Marvel Comics (Retro) ),3,1,1,MG,SINGLE_CANDIDATE,
Heimdall ( Marvel Studios Collection ),3,1,1,,NO_PROPERTY_CANDIDATE,
Hela ( Marvel Comics (Retro) ),3,1,1,MG,SINGLE_CANDIDATE,
Hela ( Marvel Studios Collection ),3,1,1,,NO_PROPERTY_CANDIDATE,
Hela ( MS Disney Plus TV Shows ),1,1,1,,NO_PROPERTY_CANDIDATE,
Helaena Targaryen,2,1,1,,NO_PROPERTY_CANDIDATE,
Helicarrier,3,1,1,AV,SINGLE_CANDIDATE,
Helicarrier ( Marvel Comics (Retro) ),3,1,1,MG,SINGLE_CANDIDATE,
Hell in a Cell,12,1,1,WSU,SINGLE_CANDIDATE,
Hellcat,3,1,1,MU,SINGLE_CANDIDATE,
Hellcat ( Marvel Comics (Retro) ),3,1,1,MG,SINGLE_CANDIDATE,
Hellcow,3,1,1,MU,SINGLE_CANDIDATE,
Hellfire Club,3,1,1,XM,SINGLE_CANDIDATE,
Hellstorm (Daimon Hellstrom) ( Marvel Comics (Retro) ),3,1,1,MG,SINGLE_CANDIDATE,
Helmut,2,1,1,,NO_PROPERTY_CANDIDATE,
Hemingway,3,1,1,MU,SINGLE_CANDIDATE,
Hemorrhage,2,1,1,RK,SINGLE_CANDIDATE,
Henery Hawk,2,1,1,LT,SINGLE_CANDIDATE,
Henri Ducard,2,1,1,BM,SINGLE_CANDIDATE,
Henry Hill,2,1,1,GS,SINGLE_CANDIDATE,
HERBIE,3,1,1,SX,SINGLE_CANDIDATE,
Hercules,2,1,1,LT,SINGLE_CANDIDATE,
Hercules ( Marvel Comics (Retro) ),3,1,1,MG,SINGLE_CANDIDATE,
Hermod ( Marvel Comics (Retro) ),3,1,1,MG,SINGLE_CANDIDATE,
Hero Boy With No Character Likeness,2,1,1,XP,SINGLE_CANDIDATE,
Hero Girl,2,1,1,XP,SINGLE_CANDIDATE,
Hespera,2,1,1,,NO_PROPERTY_CANDIDATE,
Hiawatha,2,1,1,LT,SINGLE_CANDIDATE,
Hickory,2,1,1,WZ,SINGLE_CANDIDATE,
Higgins,2,1,1,TL,SINGLE_CANDIDATE,
High Chief Peter Maivia,12,1,1,WSU,SINGLE_CANDIDATE,
High Evolutionary ( Marvel Comics (Retro) ),3,1,1,MG,SINGLE_CANDIDATE,
High Evolutionary ( Marvel Studios` GOTG Vol. 3 ),3,1,1,,NO_PROPERTY_CANDIDATE,
High Note,2,1,1,LT,SINGLE_CANDIDATE,
High School Musical - A Reed (Ms. Darbus),1,1,1,HSM,SINGLE_CANDIDATE,
High School Musical - A Tisdale (Sharpay),1,1,1,HSM,SINGLE_CANDIDATE,
High School Musical - All Character Group Likeness,1,1,1,HSM,SINGLE_CANDIDATE,
High School Musical - B Johnson (Coach),1,1,1,HSM,SINGLE_CANDIDATE,
High School Musical - C Bleu (Chad),1,1,1,HSM,SINGLE_CANDIDATE,
High School Musical - C Warren (Zeke),1,1,1,HSM,SINGLE_CANDIDATE,
High School Musical - El Desafío,1,1,1,HSM,SINGLE_CANDIDATE,
High School Musical - Fabulus,1,1,1,HSM,SINGLE_CANDIDATE,
High School Musical - L Grabeel (Ryan),1,1,1,HSM,SINGLE_CANDIDATE,
High School Musical - La Seleccion,1,1,1,HSM,SINGLE_CANDIDATE,
High School Musical - M Coleman (Taylor),1,1,1,HSM,SINGLE_CANDIDATE,
High School Musical - O Rulin (Kelsi),1,1,1,HSM,SINGLE_CANDIDATE,
High School Musical - R Sanborn (Jason),1,1,1,HSM,SINGLE_CANDIDATE,
High School Musical - V Anne Hudgens (Gabriella),1,1,1,HSM,SINGLE_CANDIDATE,
High School Musical - Z Efron (Troy),1,1,1,HSM,SINGLE_CANDIDATE,
High School Musical 2 - A Reed (Ms. Darbus),1,1,1,HSM,SINGLE_CANDIDATE,
High School Musical 2 - A Tisdale (Sharpay),1,1,1,HSM,SINGLE_CANDIDATE,
High School Musical 2 - All Character Likeness,1,1,1,HSM,SINGLE_CANDIDATE,
High School Musical 2 - B Johnson (Coach),1,1,1,HSM,SINGLE_CANDIDATE,
High School Musical 2 - C Bleu (Chad),1,1,1,HSM,SINGLE_CANDIDATE,
High School Musical 2 - C Warren (Zeke),1,1,1,HSM,SINGLE_CANDIDATE,
High School Musical 2 - Chad and Taylor,1,1,1,HSM,SINGLE_CANDIDATE,
High School Musical 2 - Gabriella and Troy,1,1,1,HSM,SINGLE_CANDIDATE,
High School Musical 2 - Gabrielle and Sharpay,1,1,1,HSM,SINGLE_CANDIDATE,
High School Musical 2 - L Grabeel (Ryan),1,1,1,HSM,SINGLE_CANDIDATE,
High School Musical 2 - M Coleman (Taylor),1,1,1,HSM,SINGLE_CANDIDATE,
High School Musical 2 - O Rulin (Kelsi),1,1,1,HSM,SINGLE_CANDIDATE,
High School Musical 2 - R Sanborn (Jason,1,1,1,HSM,SINGLE_CANDIDATE,
High School Musical 2 - Ryan and Sharpay,1,1,1,HSM,SINGLE_CANDIDATE,
High School Musical 2 - V Anne Hudgens (Gabriella),1,1,1,HSM,SINGLE_CANDIDATE,
High School Musical 2 - Z Efron (Troy),1,1,1,HSM,SINGLE_CANDIDATE,
High School Musical 3 - A Reed (Ms. Darbus),1,1,1,HSM,SINGLE_CANDIDATE,
High School Musical 3 - A Tisdale (Sharpay),1,1,1,HSM,SINGLE_CANDIDATE,
High School Musical 3 - All Character Likeness,1,1,1,HSM,SINGLE_CANDIDATE,
High School Musical 3 - B Johnson (Coach),1,1,1,HSM,SINGLE_CANDIDATE,
High School Musical 3 - C Bleu (Chad),1,1,1,HSM,SINGLE_CANDIDATE,
High School Musical 3 - C Warren (Zeke),1,1,1,HSM,SINGLE_CANDIDATE,
High School Musical 3 - Chad and Taylor,1,1,1,HSM,SINGLE_CANDIDATE,
High School Musical 3 - Gabriella and Troy,1,1,1,HSM,SINGLE_CANDIDATE,
High School Musical 3 - L Grabeel (Ryan),1,1,1,HSM,SINGLE_CANDIDATE,
High School Musical 3 - M Coleman (Taylor),1,1,1,HSM,SINGLE_CANDIDATE,
High School Musical 3 - O Rulin (Kelsi),1,1,1,HSM,SINGLE_CANDIDATE,
High School Musical 3 - R Sanborn (Jason),1,1,1,HSM,SINGLE_CANDIDATE,
High School Musical 3 - Ryan and Sharpay,1,1,1,HSM,SINGLE_CANDIDATE,
High School Musical 3 - V Anne Hudgens (Gabriella),1,1,1,HSM,SINGLE_CANDIDATE,
High School Musical 3 - Z Efron (Troy),1,1,1,HSM,SINGLE_CANDIDATE,
Hilda,2,1,1,,NO_PROPERTY_CANDIDATE,
"Hill, Maria ( Marvel Studios Collection )",3,1,1,,NO_PROPERTY_CANDIDATE,
Hillbilly Jim,12,1,1,WSU,SINGLE_CANDIDATE,
HIM,2,1,1,PW,SINGLE_CANDIDATE,
Hippity Hopper,2,1,1,LT,SINGLE_CANDIDATE,
Hirom,3,1,1,MU,SINGLE_CANDIDATE,
Hirom ( Marvel Comics (Retro) ),3,1,1,MG,SINGLE_CANDIDATE,
Hit-Monkey,3,1,1,MU,SINGLE_CANDIDATE,
Hitman ( Marvel Comics (Retro) ),3,1,1,MG,SINGLE_CANDIDATE,
Hive,3,1,1,MU,SINGLE_CANDIDATE,
Hizdar zo Loraq,2,1,1,GT,SINGLE_CANDIDATE,
"Hoag, Anne Marie ( Marvel Comics (Retro) )",3,1,1,MG,SINGLE_CANDIDATE,
Hobgoblin ( Marvel Comics (Retro) ),3,1,1,MG,SINGLE_CANDIDATE,
Hobo,2,1,1,XP,SINGLE_CANDIDATE,
Hobo With No Character Likeness,2,1,1,XP,SINGLE_CANDIDATE,
Hodor,2,1,1,GT,SINGLE_CANDIDATE,
"Hogan, Harold ``Happy``",3,1,1,MU,SINGLE_CANDIDATE,
"Hogan, Harold ``Happy`` ( Marvel Comics (Retro) )",3,1,1,MG,SINGLE_CANDIDATE,
"Hogan, Harold ``Happy`` ( Marvel Studios: The Infinity Saga )",3,1,1,,NO_PROPERTY_CANDIDATE,
Hogun,3,1,1,MU,SINGLE_CANDIDATE,
Hogun ( Marvel Comics (Retro) ),3,1,1,MG,SINGLE_CANDIDATE,
Hogun ( Marvel Studios: The Infinity Saga ),3,1,1,,NO_PROPERTY_CANDIDATE,
Holiday,2,1,1,BM,SINGLE_CANDIDATE,
"Hollister, Lily ( Marvel Comics (Retro) )",3,1,1,MG,SINGLE_CANDIDATE,
Hollywood Mickey,1,1,1,MM,SINGLE_CANDIDATE,
Holocaust,3,1,1,XM,SINGLE_CANDIDATE,
Holy ( Marvel Comics (Retro) ),3,1,1,MG,SINGLE_CANDIDATE,
Honey Bunny,2,1,1,LT,SINGLE_CANDIDATE,
Honey Mousers,2,1,1,LT,SINGLE_CANDIDATE,
Honky Tonk Man,12,1,1,WSU,SINGLE_CANDIDATE,
Hoodlum Pig (Blue),2,1,1,LT,SINGLE_CANDIDATE,
Hoodlum Pig (Green),2,1,1,LT,SINGLE_CANDIDATE,
Hoodlum Pig (Red),2,1,1,LT,SINGLE_CANDIDATE,
Hope,2,1,1,SM,SINGLE_CANDIDATE,
Hoppy,2,1,1,LT,SINGLE_CANDIDATE,
Horace Horsecollar,1,1,1,MM,SINGLE_CANDIDATE,
Horace Slughorn,2,1,1,HP,SINGLE_CANDIDATE,
Hornswoggle,12,1,1,WSU,SINGLE_CANDIDATE,
Hornwood House Sigil,2,1,1,GT,SINGLE_CANDIDATE,
Horse Of A Different Color,2,1,1,WZ,SINGLE_CANDIDATE,
Horus,3,1,1,MU,SINGLE_CANDIDATE,
Hot Dog Princess,2,1,1,,NO_PROPERTY_CANDIDATE,
Hot Pie,2,1,1,GT,SINGLE_CANDIDATE,
Hotstreak,2,1,1,HP,SINGLE_CANDIDATE,
Hourglass,2,1,1,WZ,SINGLE_CANDIDATE,
Hourman aka Matthew Tyler,2,1,1,JG,SINGLE_CANDIDATE,
Hourman aka Rex Tyler,2,1,1,JG,SINGLE_CANDIDATE,
"Hourman aka Richard ""Rick"" Tyler",2,1,1,JG,SINGLE_CANDIDATE,
House Hightower Sigil,2,1,1,,NO_PROPERTY_CANDIDATE,
House of M Spider-Man,3,1,1,GM,SINGLE_CANDIDATE,
House of M Spider-Man ( Marvel Comics (Retro) ),3,1,1,MG,SINGLE_CANDIDATE,
House Velaryon Sigil,2,1,1,,NO_PROPERTY_CANDIDATE,
Howard Finkel,12,1,1,WSU,SINGLE_CANDIDATE,
Howard Stark,3,1,1,MU,SINGLE_CANDIDATE,
Howard The Duck ( Marvel Comics (Retro) ),3,1,1,MG,SINGLE_CANDIDATE,
Howard The Duck ( MS Disney Plus TV Shows ),1,1,1,,NO_PROPERTY_CANDIDATE,
HSM: The Musical: The Series - D Renee (Kourtney),1,1,1,HSM,SINGLE_CANDIDATE,
HSM: The Musical: The Series - F Rodriguez (Carlos),1,1,1,HSM,SINGLE_CANDIDATE,
HSM: The Musical: The Series - J Bassett (Ricky),1,1,1,HSM,SINGLE_CANDIDATE,
HSM: The Musical: The Series - J Lester (Ashlyn),1,1,1,HSM,SINGLE_CANDIDATE,
HSM: The Musical: The Series - K Reinders (Miss Jenn),1,1,1,HSM,SINGLE_CANDIDATE,
HSM: The Musical: The Series - L Saperstein (Big Red),1,1,1,HSM,SINGLE_CANDIDATE,
HSM: The Musical: The Series - M Cornett (EJ),1,1,1,HSM,SINGLE_CANDIDATE,
HSM: The Musical: The Series - M Cyr (Mr Mazzara),1,1,1,HSM,SINGLE_CANDIDATE,
HSM: The Musical: The Series - O Rodrigo (Nini),1,1,1,HSM,SINGLE_CANDIDATE,
HSM: The Musical: The Series - S Wylie (Gina),1,1,1,HSM,SINGLE_CANDIDATE,
Hubie,2,1,1,LT,SINGLE_CANDIDATE,
Huey - Do Not User,1,1,1,,NO_PROPERTY_CANDIDATE,
Hugh Jackman ( Marvel Studios` Deadpool Movie 3 ) - With Likeness,3,1,1,DP,SINGLE_CANDIDATE,
Hugh the Hammer,2,1,1,,NO_PROPERTY_CANDIDATE,
Hulk ( Marvel Comics (Retro) ),3,1,1,MG,SINGLE_CANDIDATE,
Hulk ( Marvel Studios Collection ),3,1,1,,NO_PROPERTY_CANDIDATE,
Hulk ( MS Disney Plus TV Shows ),1,1,1,,NO_PROPERTY_CANDIDATE,
Hulk ( Spider-Man: Brand New Day Movie 2026 ),3,1,1,SP,SINGLE_CANDIDATE,
Hulk (Venomized),3,1,1,SP,SINGLE_CANDIDATE,
Hulk 2099,3,1,1,MU,SINGLE_CANDIDATE,
Hulk 2099 ( Marvel Comics (Retro) ),3,1,1,MG,SINGLE_CANDIDATE,
Hulk Hogan,12,1,1,WSU,SINGLE_CANDIDATE,
Hulkbuster ( Marvel Comics (Retro) ),3,1,1,MG,SINGLE_CANDIDATE,
Hulkbuster Armor Iron Man ( Marvel Studios Collection ),3,1,1,,NO_PROPERTY_CANDIDATE,
Hulkling,3,1,1,MU,SINGLE_CANDIDATE,
Human Bomb,2,1,1,JG,SINGLE_CANDIDATE,
Human Cannonball ( Marvel Comics (Retro) ),3,1,1,MG,SINGLE_CANDIDATE,
Human Fly,3,1,1,MU,SINGLE_CANDIDATE,
Human Torch ( Fantastic Four - Do Not Use ),3,1,1,FFF,SINGLE_CANDIDATE,
Human Torch ( Marvel Comics (Retro) ),3,1,1,MG,SINGLE_CANDIDATE,
Human Torch ( Marvel Studios` Avengers Doomsday ),3,1,1,,NO_PROPERTY_CANDIDATE,
Human Torch ( Marvel Studios` Deadpool Movie 3 ),3,1,1,DP,SINGLE_CANDIDATE,
Humberto Carillo,12,1,1,WSU,SINGLE_CANDIDATE,
Humbug ( Marvel Comics (Retro) ),3,1,1,MG,SINGLE_CANDIDATE,
Hungarian Horntail,2,1,1,HP,SINGLE_CANDIDATE,
Hunk,2,1,1,WZ,SINGLE_CANDIDATE,
Hunson Abadeer,2,1,1,,NO_PROPERTY_CANDIDATE,
Hunter X-5 ( MS Disney Plus TV Shows ),1,1,1,,NO_PROPERTY_CANDIDATE,
Huntress,2,1,1,BM,SINGLE_CANDIDATE,
Hush,2,1,1,BM,SINGLE_CANDIDATE,
Hussar,3,1,1,MU,SINGLE_CANDIDATE,
Hybrid,3,1,1,MU,SINGLE_CANDIDATE,
Hydra ( Marvel Comics (Retro) ),3,1,1,MG,SINGLE_CANDIDATE,
Hydra Henchman ( Marvel Comics (Retro) ),3,1,1,MG,SINGLE_CANDIDATE,
Hydra Logo ( Marvel Comics (Retro) ),3,1,1,MG,SINGLE_CANDIDATE,
Hydra Officer,3,1,1,MU,SINGLE_CANDIDATE,
Hydra Soldier,3,1,1,MU,SINGLE_CANDIDATE,
Hydra-Bot,3,1,1,SX,SINGLE_CANDIDATE,
Hydro Man ( Marvel Comics (Retro) ),3,1,1,MG,SINGLE_CANDIDATE,
Hyno Hustler,3,1,1,MU,SINGLE_CANDIDATE,
Hyno Hustler ( Marvel Comics (Retro) ),3,1,1,MG,SINGLE_CANDIDATE,
Hyperion ( Marvel Comics (Retro) ),3,1,1,MG,SINGLE_CANDIDATE,
Hypertron ( Marvel Comics (Retro) ),3,1,1,MG,SINGLE_CANDIDATE,
Hysterical Hyram,2,1,1,LT,SINGLE_CANDIDATE,
Ice,2,1,1,JG,SINGLE_CANDIDATE,
Ice King,2,1,1,,NO_PROPERTY_CANDIDATE,
Ice Queen,2,1,1,,NO_PROPERTY_CANDIDATE,
Iceman ( Marvel Comics (Retro) ),3,1,1,MG,SINGLE_CANDIDATE,
Icicle,2,1,1,JG,SINGLE_CANDIDATE,
Ignition,2,1,1,SM,SINGLE_CANDIDATE,
Igor,3,1,1,FFF,SINGLE_CANDIDATE,
Igor Karkaroff,2,1,1,HP,SINGLE_CANDIDATE,
Ikaris ( Marvel Studios Collection ),3,1,1,,NO_PROPERTY_CANDIDATE,
Ikaris ( MS Disney Plus TV Shows ),1,1,1,,NO_PROPERTY_CANDIDATE,
Ilja Dragunov,12,1,1,WSU,SINGLE_CANDIDATE,
Illyrio Mopatis,2,1,1,GT,SINGLE_CANDIDATE,
Ilyana Rasputin,3,1,1,XM,SINGLE_CANDIDATE,
Immortus,3,1,1,MU,SINGLE_CANDIDATE,
Immortus ( Marvel Comics (Retro) ),3,1,1,MG,SINGLE_CANDIDATE,
Imperial Guard,3,1,1,MU,SINGLE_CANDIDATE,
Imperiex,2,1,1,SM,SINGLE_CANDIDATE,
Impossible Man,3,1,1,MU,SINGLE_CANDIDATE,
Impossible Man ( Marvel Comics (Retro) ),3,1,1,MG,SINGLE_CANDIDATE,
Impulse,2,1,1,JG,SINGLE_CANDIDATE,
In-Betweener,3,1,1,MU,SINGLE_CANDIDATE,
In-Betweener ( Marvel Comics (Retro) ),3,1,1,MG,SINGLE_CANDIDATE,
Inazuma ( Marvel Comics (Retro) ),3,1,1,MG,SINGLE_CANDIDATE,
"Incredibles 2, The - Elasti-Girl (Name Use Only)",1,1,1,,NO_PROPERTY_CANDIDATE,
"Incredibles, The - Elasti-Girl",1,1,1,,NO_PROPERTY_CANDIDATE,
Indi Hartwell,12,1,1,WSU,SINGLE_CANDIDATE,
Indigo-1,2,1,1,GN,SINGLE_CANDIDATE,
Inertia,2,1,1,FS,SINGLE_CANDIDATE,
Infant Terrible ( Marvel Comics (Retro) ),3,1,1,MG,SINGLE_CANDIDATE,
Infinity Gauntlet ( Marvel Comics (Retro) ),3,1,1,MG,SINGLE_CANDIDATE,
Infinity Gauntlet ( Marvel Studios Collection ),3,1,1,,NO_PROPERTY_CANDIDATE,
Inhuman Royal Guard,3,1,1,MU,SINGLE_CANDIDATE,
Inhumans ( Marvel Comics (Retro) ),3,1,1,MG,SINGLE_CANDIDATE,
Inki,2,1,1,LT,SINGLE_CANDIDATE,
Inner Demon,3,1,1,GM,SINGLE_CANDIDATE,
Inque,2,1,1,BM,SINGLE_CANDIDATE,
INSOMNIA,2,1,1,JG,SINGLE_CANDIDATE,
Instant Martians,2,1,1,LT,SINGLE_CANDIDATE,
Invisible Woman ( Fantastic Four - Do Not Use ),3,1,1,FFF,SINGLE_CANDIDATE,
Invisible Woman ( Marvel Comics (Retro) ),3,1,1,MG,SINGLE_CANDIDATE,
Invisible Woman ( Marvel Studios` Avengers Doomsday ),3,1,1,,NO_PROPERTY_CANDIDATE,
Ira As Voiced By Forest Whitaker,2,1,1,WT,SINGLE_CANDIDATE,
Iris West,2,1,1,FS,SINGLE_CANDIDATE,
Iron Cross ( Marvel Comics (Retro) ),3,1,1,MG,SINGLE_CANDIDATE,
Iron Duck,3,1,1,MU,SINGLE_CANDIDATE,
Iron Fist ( Marvel Comics (Retro) ),3,1,1,MG,SINGLE_CANDIDATE,
Iron Hand Hauptmann ( Marvel Comics (Retro) ),3,1,1,MG,SINGLE_CANDIDATE,
Iron Lad,3,1,1,MU,SINGLE_CANDIDATE,
Iron Man ( Marvel Comics (Retro) ),3,1,1,MG,SINGLE_CANDIDATE,
Iron Man ( Marvel Studios Collection ),3,1,1,,NO_PROPERTY_CANDIDATE,
Iron Man ( Marvel Studios` Captain Marvel 2 ),3,1,1,CM,SINGLE_CANDIDATE,
Iron Man ( MS Disney Plus TV Shows ),1,1,1,,NO_PROPERTY_CANDIDATE,
Iron Man (MK47),3,1,1,MU,SINGLE_CANDIDATE,
Iron Man (Old West),3,1,1,MU,SINGLE_CANDIDATE,
Iron Man (Venomized),3,1,1,SP,SINGLE_CANDIDATE,
Iron Man 2020,3,1,1,MU,SINGLE_CANDIDATE,
Iron Man 2099,3,1,1,MU,SINGLE_CANDIDATE,
Iron Monger,3,1,1,MU,SINGLE_CANDIDATE,
Iron Monger ( Marvel Comics (Retro) ),3,1,1,MG,SINGLE_CANDIDATE,
Iron Patriot ( Marvel Studios: The Infinity Saga ),3,1,1,,NO_PROPERTY_CANDIDATE,
Iron Sheik,12,1,1,WSU,SINGLE_CANDIDATE,
Iron Spider-Man ( Marvel Comics (Retro) ),3,1,1,MG,SINGLE_CANDIDATE,
Iron Throne,2,1,1,GT,SINGLE_CANDIDATE,
Ironclad,3,1,1,MU,SINGLE_CANDIDATE,
Ironclad ( Marvel Comics (Retro) ),3,1,1,MG,SINGLE_CANDIDATE,
Ironheart ( Marvel Comics (Retro) ),3,1,1,MG,SINGLE_CANDIDATE,
Ironheart ( Marvels Black Panther Movie 2 ),3,1,1,BP,SINGLE_CANDIDATE,
Ironheart ( MS Disney Plus TV Shows ),1,1,1,,NO_PROPERTY_CANDIDATE,
Ironheart (Venomized),3,1,1,SP,SINGLE_CANDIDATE,
Iroque,2,1,1,GN,SINGLE_CANDIDATE,
IRS,12,1,1,WSU,SINGLE_CANDIDATE,
ISAAC,3,1,1,MU,SINGLE_CANDIDATE,
"Isaiah ""Scott"" Swerve",12,1,1,WSU,SINGLE_CANDIDATE,
Isamot Kol,2,1,1,GN,SINGLE_CANDIDATE,
Isca the Unbeaten,3,1,1,XM,SINGLE_CANDIDATE,
Isildur,2,1,1,LR,SINGLE_CANDIDATE,
Isis,3,1,1,MU,SINGLE_CANDIDATE,
Ivan Vanko,3,1,1,MU,SINGLE_CANDIDATE,
Ivar,12,1,1,WSU,SINGLE_CANDIDATE,
Ivy Nile,12,1,1,WSU,SINGLE_CANDIDATE,
Iyo Sky,12,1,1,WSU,SINGLE_CANDIDATE,
Izzi Dame,12,1,1,WSU,SINGLE_CANDIDATE,
J-Man,2,1,1,BM,SINGLE_CANDIDATE,
J. Peterman,2,1,1,SN,SINGLE_CANDIDATE,
Jacaerys Targaryen,2,1,1,,NO_PROPERTY_CANDIDATE,
Jack Knight,2,1,1,JG,SINGLE_CANDIDATE,
Jack o Lantern ( Marvel Comics (Retro) ),3,1,1,MG,SINGLE_CANDIDATE,
Jack Of Hearts,3,1,1,MU,SINGLE_CANDIDATE,
Jack Of Hearts ( Marvel Comics (Retro) ),3,1,1,MG,SINGLE_CANDIDATE,
Jackal ( Marvel Comics (Retro) ),3,1,1,MG,SINGLE_CANDIDATE,
JACKIE CHILES,2,1,1,SN,SINGLE_CANDIDATE,
Jackpot,3,1,1,MU,SINGLE_CANDIDATE,
Jackpot ( Marvel Comics (Retro) ),3,1,1,MG,SINGLE_CANDIDATE,
Jackson,2,1,1,BJ,SINGLE_CANDIDATE,
Jacob,2,1,1,,NO_PROPERTY_CANDIDATE,
Jacob Fatu,12,1,1,WSU,SINGLE_CANDIDATE,
Jacob Philip,2,1,1,RK,SINGLE_CANDIDATE,
Jacqueline,12,1,1,WSU,SINGLE_CANDIDATE,
Jacqui Briggs,2,1,1,MB,SINGLE_CANDIDATE,
Jacy Jayne,12,1,1,WSU,SINGLE_CANDIDATE,
Jade Cargill,12,1,1,WSU,SINGLE_CANDIDATE,
Jaguar,2,1,1,RK,SINGLE_CANDIDATE,
Jaida Parker,12,1,1,WSU,SINGLE_CANDIDATE,
Jaime,2,1,1,RK,SINGLE_CANDIDATE,
Jaime Lannister,2,1,1,GT,SINGLE_CANDIDATE,
Jake Jr,2,1,1,,NO_PROPERTY_CANDIDATE,
Jake The Snake Roberts,12,1,1,WSU,SINGLE_CANDIDATE,
Jakeem Thunder,2,1,1,JG,SINGLE_CANDIDATE,
Jamal,12,1,1,WSU,SINGLE_CANDIDATE,
James Baxter,2,1,1,,NO_PROPERTY_CANDIDATE,
James Gordon Jr.,2,1,1,JG,SINGLE_CANDIDATE,
James Olsen,2,1,1,SG,SINGLE_CANDIDATE,
"Jameson, J. Jonah ( Marvel Comics (Retro) )",3,1,1,MG,SINGLE_CANDIDATE,
"Jameson, John ( Marvel Comics (Retro) )",3,1,1,MG,SINGLE_CANDIDATE,
Jamie Foxx - Max Dillon-Electro,3,1,1,SP,SINGLE_CANDIDATE,
Jamie Tartt,2,1,1,TL,SINGLE_CANDIDATE,
Jandy,2,1,1,RK,SINGLE_CANDIDATE,
Jane,2,1,1,BJ,SINGLE_CANDIDATE,
Jane Foster,3,1,1,MU,SINGLE_CANDIDATE,
Janet Hodgson,2,1,1,C3,SINGLE_CANDIDATE,
Janos Slynt,2,1,1,GT,SINGLE_CANDIDATE,
Jaqen H`ghar,2,1,1,GT,SINGLE_CANDIDATE,
Jaqueline,12,1,1,WSU,SINGLE_CANDIDATE,
Jarella ( Marvel Comics (Retro) ),3,1,1,MG,SINGLE_CANDIDATE,
Jarvis ( Marvel Comics (Retro) ),3,1,1,MG,SINGLE_CANDIDATE,
Jarvis ( MS Disney Plus TV Shows ),1,1,1,,NO_PROPERTY_CANDIDATE,
Jason Albert,12,1,1,WSU,SINGLE_CANDIDATE,
Jason Ayers,12,1,1,WSU,SINGLE_CANDIDATE,
Jason Blood,2,1,1,JG,SINGLE_CANDIDATE,
Jason Jordan,12,1,1,WSU,SINGLE_CANDIDATE,
Jason Lannister,2,1,1,,NO_PROPERTY_CANDIDATE,
Jasper Sitwell,3,1,1,MU,SINGLE_CANDIDATE,
Jasper Troy,12,1,1,WSU,SINGLE_CANDIDATE,
Javelin,2,1,1,,NO_PROPERTY_CANDIDATE,
Jax,2,1,1,MB,SINGLE_CANDIDATE,
Jax Briggs,2,1,1,MB,SINGLE_CANDIDATE,
Jazinda ( Marvel Comics (Retro) ),3,1,1,MG,SINGLE_CANDIDATE,
JB Smoove - Mr. Dell,3,1,1,SP,SINGLE_CANDIDATE,
JBL,12,1,1,WSU,SINGLE_CANDIDATE,
JC Mateo,12,1,1,WSU,SINGLE_CANDIDATE,
JD McDonagh,12,1,1,WSU,SINGLE_CANDIDATE,
Je'Von Evans,12,1,1,WSU,SINGLE_CANDIDATE,
Jeff Hardy,12,1,1,WSU,SINGLE_CANDIDATE,
Jeff Jarrett,12,1,1,WSU,SINGLE_CANDIDATE,
Jefferson Davis,3,1,1,MU,SINGLE_CANDIDATE,
Jemm,2,1,1,SG,SINGLE_CANDIDATE,
Jennifer Kale,3,1,1,MU,SINGLE_CANDIDATE,
Jennifer Walters,3,1,1,MU,SINGLE_CANDIDATE,
Jenny Kord,2,1,1,,NO_PROPERTY_CANDIDATE,
Jeor Mormont,2,1,1,GT,SINGLE_CANDIDATE,
Jeremy,2,1,1,BJ,SINGLE_CANDIDATE,
Jeremy Marcus,12,1,1,WSU,SINGLE_CANDIDATE,
Jeremy Sags,12,1,1,WSU,SINGLE_CANDIDATE,
Jeremy's Dad,2,1,1,BJ,SINGLE_CANDIDATE,
Jeremy's Mom as portrayed Jane Leaney,2,1,1,BJ,SINGLE_CANDIDATE,
Jericho,2,1,1,JG,SINGLE_CANDIDATE,
Jermaine,2,1,1,,NO_PROPERTY_CANDIDATE,
Jerry,2,1,1,RK,SINGLE_CANDIDATE,
Jerry as Gryffindor Fan,2,1,1,LT,SINGLE_CANDIDATE,
Jerry as Joker,2,1,1,LT,SINGLE_CANDIDATE,
Jerry as Superman,2,1,1,LT,SINGLE_CANDIDATE,
Jerry in Bugs Bunny Pajamas,2,1,1,LT,SINGLE_CANDIDATE,
Jerry Sags (Nasty Boys),12,1,1,WSU,SINGLE_CANDIDATE,
Jerry Seinfeld,2,1,1,SN,SINGLE_CANDIDATE,
Jerry The King Lawler,12,1,1,WSU,SINGLE_CANDIDATE,
Jesse,2,1,1,NE,SINGLE_CANDIDATE,
"Jesse ""The Body"" Ventura",12,1,1,WSU,SINGLE_CANDIDATE,
Jessica,2,1,1,RK,SINGLE_CANDIDATE,
Jessika Carr,12,1,1,WSU,SINGLE_CANDIDATE,
Jestah,2,1,1,BA,SINGLE_CANDIDATE,
Jewel,3,1,1,MU,SINGLE_CANDIDATE,
Jewel ( Marvel Comics (Retro) ),3,1,1,MG,SINGLE_CANDIDATE,
Jey Uso,12,1,1,WSU,SINGLE_CANDIDATE,
Jigglers,2,1,1,,NO_PROPERTY_CANDIDATE,
Jigsaw,3,1,1,MU,SINGLE_CANDIDATE,
Jigsaw ( Marvel Comics (Retro) ),3,1,1,MG,SINGLE_CANDIDATE,
"Jim ""The Anvil"" Neidhart",12,1,1,WSU,SINGLE_CANDIDATE,
Jim Gordon,2,1,1,BM,SINGLE_CANDIDATE,
Jim Ross,12,1,1,WSU,SINGLE_CANDIDATE,
Jiminy Cricket,1,1,1,CP,SINGLE_CANDIDATE,
Jimmy Garvin,12,1,1,WSU,SINGLE_CANDIDATE,
Jimmy Hart,12,1,1,WSU,SINGLE_CANDIDATE,
Jimmy Superfly Snuka,12,1,1,WSU,SINGLE_CANDIDATE,
Jimmy Uso,12,1,1,WSU,SINGLE_CANDIDATE,
Jimmy Woo,3,1,1,MU,SINGLE_CANDIDATE,
Jimmy Woo ( Marvel Comics (Retro) ),3,1,1,MG,SINGLE_CANDIDATE,
Jinx,2,1,1,,NO_PROPERTY_CANDIDATE,
JJ Dillion,12,1,1,WSU,SINGLE_CANDIDATE,
Joan Cusack (As Mother),2,1,1,LT,SINGLE_CANDIDATE,
Joan the Mouse ( Marvel Comics (Retro) ),3,1,1,MG,SINGLE_CANDIDATE,
Joaquin Wilde,12,1,1,WSU,SINGLE_CANDIDATE,
Jocasta,3,1,1,MU,SINGLE_CANDIDATE,
Jocasta ( Marvel Comics (Retro) ),3,1,1,MG,SINGLE_CANDIDATE,
Joe Gacy,12,1,1,WSU,SINGLE_CANDIDATE,
Joe Glow,2,1,1,LT,SINGLE_CANDIDATE,
Joe Hendry,12,1,1,WSU,SINGLE_CANDIDATE,
Joey Gonzalez,12,1,1,WSU,SINGLE_CANDIDATE,
JOEY THE SNAIL,2,1,1,BM,SINGLE_CANDIDATE,
Joffrey Baratheon,2,1,1,GT,SINGLE_CANDIDATE,
John Blake,2,1,1,BM,SINGLE_CANDIDATE,
John Cena,12,1,1,WSU,SINGLE_CANDIDATE,
John Cone,12,1,1,WSU,SINGLE_CANDIDATE,
John Constantine,2,1,1,JG,SINGLE_CANDIDATE,
John Economos,2,1,1,,NO_PROPERTY_CANDIDATE,
John Jameson,3,1,1,SP,SINGLE_CANDIDATE,
John Morrison,12,1,1,WSU,SINGLE_CANDIDATE,
John Stewart,2,1,1,GN,SINGLE_CANDIDATE,
Johnny Blaze,3,1,1,MU,SINGLE_CANDIDATE,
JOHNNY DEPP AS WILLY WONKA,2,1,1,,NO_PROPERTY_CANDIDATE,
Johnny Gargano,12,1,1,WSU,SINGLE_CANDIDATE,
Johnny Knoxville,12,1,1,WSU,SINGLE_CANDIDATE,
Johnny Quick,2,1,1,JG,SINGLE_CANDIDATE,
Jojen Reed,2,1,1,GT,SINGLE_CANDIDATE,
Jojo,12,1,1,WSU,SINGLE_CANDIDATE,
Joker (DC Metal Force),2,1,1,JG,SINGLE_CANDIDATE,
Joker (Frank Miller,2,1,1,BM,SINGLE_CANDIDATE,
Jolt,3,1,1,MU,SINGLE_CANDIDATE,
Jon Snow,2,1,1,GT,SINGLE_CANDIDATE,
Jonathan Pa Kent,2,1,1,JG,SINGLE_CANDIDATE,
"Jones, Gabe ( Marvel Comics (Retro) )",3,1,1,MG,SINGLE_CANDIDATE,
"Jones, Gabe ( Marvel Studios: The Infinity Saga )",3,1,1,,NO_PROPERTY_CANDIDATE,
"Jones, Jessica ( Marvel Comics (Retro) )",3,1,1,MG,SINGLE_CANDIDATE,
"Jones, Jessica ( MS Disney Plus TV Shows )",1,1,1,,NO_PROPERTY_CANDIDATE,
"Jones, Michelle ( Spider-Man Movie 2021 )",3,1,1,SP,SINGLE_CANDIDATE,
"Jones, Rick ( Marvel Comics (Retro) )",3,1,1,MG,SINGLE_CANDIDATE,
Jonni Thunder,2,1,1,JG,SINGLE_CANDIDATE,
Jorah Mormont,2,1,1,GT,SINGLE_CANDIDATE,
Jordan Myles,12,1,1,WSU,SINGLE_CANDIDATE,
Jordyn Grace,12,1,1,WSU,SINGLE_CANDIDATE,
Jory Cassel,2,1,1,GT,SINGLE_CANDIDATE,
Jose Crow,2,1,1,LT,SINGLE_CANDIDATE,
Josef Witschi,2,1,1,BM,SINGLE_CANDIDATE,
Joseph,3,1,1,XM,SINGLE_CANDIDATE,
Josh Briggs,12,1,1,WSU,SINGLE_CANDIDATE,
Joshua Black,12,1,1,WSU,SINGLE_CANDIDATE,
Jovie,2,1,1,EF,SINGLE_CANDIDATE,
Joyce Smith,2,1,1,RK,SINGLE_CANDIDATE,
Joyeuse Frey,2,1,1,GT,SINGLE_CANDIDATE,
Joystick ( Marvel Comics (Retro) ),3,1,1,MG,SINGLE_CANDIDATE,
Jubilee ( Marvel Comics (Retro) ),3,1,1,MG,SINGLE_CANDIDATE,
Jubilee ( MS Disney Plus TV Shows ),1,1,1,,NO_PROPERTY_CANDIDATE,
Judge Renslayer ( MS Disney Plus TV Shows ),1,1,1,,NO_PROPERTY_CANDIDATE,
Judith As Voiced By Catherine Ohara,2,1,1,WT,SINGLE_CANDIDATE,
Judy Warren,2,1,1,C3,SINGLE_CANDIDATE,
Juggernaut ( Marvel Comics (Retro) ),3,1,1,MG,SINGLE_CANDIDATE,
Juicythicc,2,1,1,RK,SINGLE_CANDIDATE,
Julius Creed,12,1,1,WSU,SINGLE_CANDIDATE,
Jungle Princess,2,1,1,,NO_PROPERTY_CANDIDATE,
Jungle-Spider (Spider-Man L.M.D.),3,1,1,MU,SINGLE_CANDIDATE,
Junior,2,1,1,LT,SINGLE_CANDIDATE,
"Junior, Sylvester`S Baby Mouse Son",2,1,1,LT,SINGLE_CANDIDATE,
"Juniper, Junior ( Marvel Comics (Retro) )",3,1,1,MG,SINGLE_CANDIDATE,
Junkyard Dog,12,1,1,WSU,SINGLE_CANDIDATE,
Juno,2,1,1,BJ,SINGLE_CANDIDATE,
Junyer (The Three Bears),2,1,1,LT,SINGLE_CANDIDATE,
Justice,3,1,1,MU,SINGLE_CANDIDATE,
Justice ( Marvel Comics (Retro) ),3,1,1,MG,SINGLE_CANDIDATE,
Justin Hammer,3,1,1,MU,SINGLE_CANDIDATE,
K-9,2,1,1,LT,SINGLE_CANDIDATE,
K.E.V.I.N. ( MS Disney Plus TV Shows ),1,1,1,,NO_PROPERTY_CANDIDATE,
K.W.,2,1,1,WT,SINGLE_CANDIDATE,
K.W. as voiced by Lauren Ambrose,2,1,1,WT,SINGLE_CANDIDATE,
K.W. as voiced by Michelle Williams,2,1,1,WT,SINGLE_CANDIDATE,
K`un-Lun,3,1,1,GM,SINGLE_CANDIDATE,
Ka-Zar,3,1,1,MU,SINGLE_CANDIDATE,
Ka-Zar ( Marvel Comics (Retro) ),3,1,1,MG,SINGLE_CANDIDATE,
Kacy Catanzaro,12,1,1,WSU,SINGLE_CANDIDATE,
"Kafka, Dr. Ashley ( Marvel Comics (Retro) )",3,1,1,MG,SINGLE_CANDIDATE,
Kahhori ( MS Disney Plus TV Shows ),1,1,1,,NO_PROPERTY_CANDIDATE,
Kaine,3,1,1,SP,SINGLE_CANDIDATE,
Kairi Sane,12,1,1,WSU,SINGLE_CANDIDATE,
Kale Dixon,12,1,1,WSU,SINGLE_CANDIDATE,
"Kale, Jennifer ( MS Disney Plus TV Shows )",1,1,1,,NO_PROPERTY_CANDIDATE,
Kalibak,2,1,1,SM,SINGLE_CANDIDATE,
Kaluu,3,1,1,MU,SINGLE_CANDIDATE,
Kalypso,2,1,1,,NO_PROPERTY_CANDIDATE,
Kama,12,1,1,WSU,SINGLE_CANDIDATE,
Kamala,12,1,1,WSU,SINGLE_CANDIDATE,
Kamala Khan,3,1,1,MU,SINGLE_CANDIDATE,
Kamandi,2,1,1,JG,SINGLE_CANDIDATE,
Kaminari ( Marvel Comics (Retro) ),3,1,1,MG,SINGLE_CANDIDATE,
Kamran ( MS Disney Plus TV Shows ),1,1,1,,NO_PROPERTY_CANDIDATE,
Kancer,2,1,1,SM,SINGLE_CANDIDATE,
Kane,12,1,1,WSU,SINGLE_CANDIDATE,
Kang ( Marvel Comics (Retro) ),3,1,1,MG,SINGLE_CANDIDATE,
Kang (Baby),3,1,1,MU,SINGLE_CANDIDATE,
Kano,2,1,1,MB,SINGLE_CANDIDATE,
Kansas House,2,1,1,WZ,SINGLE_CANDIDATE,
Kara Danvers,2,1,1,,NO_PROPERTY_CANDIDATE,
Karkas,3,1,1,MU,SINGLE_CANDIDATE,
Karmen Petrovic,12,1,1,WSU,SINGLE_CANDIDATE,
Karnak ( Captain Marvel Movie 2 ),3,1,1,CM,SINGLE_CANDIDATE,
Karnak ( Marvel Comics (Retro) ),3,1,1,MG,SINGLE_CANDIDATE,
Karnilla ( Marvel Comics (Retro) ),3,1,1,MG,SINGLE_CANDIDATE,
Karstark House Sigil,2,1,1,GT,SINGLE_CANDIDATE,
Kashon,2,1,1,AQ,SINGLE_CANDIDATE,
Kate,2,1,1,N3,SINGLE_CANDIDATE,
Kate Bishop,3,1,1,MU,SINGLE_CANDIDATE,
Katma Tui,2,1,1,GN,SINGLE_CANDIDATE,
Katy ( Marvel Studios Collection ),3,1,1,,NO_PROPERTY_CANDIDATE,
Kaze ( Marvel Comics (Retro) ),3,1,1,MG,SINGLE_CANDIDATE,
Kazi ( MS Disney Plus TV Shows ),1,1,1,,NO_PROPERTY_CANDIDATE,
Keanu Carver,12,1,1,WSU,SINGLE_CANDIDATE,
Kee Oth,2,1,1,,NO_PROPERTY_CANDIDATE,
Keeley Jones,2,1,1,TL,SINGLE_CANDIDATE,
Keith Lee,12,1,1,WSU,SINGLE_CANDIDATE,
Kelani Jordan,12,1,1,WSU,SINGLE_CANDIDATE,
Kelex,2,1,1,SM,SINGLE_CANDIDATE,
Kelly Kelly,12,1,1,WSU,SINGLE_CANDIDATE,
Ken Shamrock,12,1,1,WSU,SINGLE_CANDIDATE,
Kendal Grey,12,1,1,WSU,SINGLE_CANDIDATE,
Kenny Kong,3,1,1,SP,SINGLE_CANDIDATE,
Kerry Von Erich,12,1,1,WSU,SINGLE_CANDIDATE,
Kevan Lannister,2,1,1,GT,SINGLE_CANDIDATE,
Kevin Nash,12,1,1,WSU,SINGLE_CANDIDATE,
Kevin Owens,12,1,1,WSU,SINGLE_CANDIDATE,
Kevin Von Erich,12,1,1,WSU,SINGLE_CANDIDATE,
Kg Beast,2,1,1,BM,SINGLE_CANDIDATE,
Khal Drogo,2,1,1,GT,SINGLE_CANDIDATE,
"Khan, Jinying ( Marvel Comics (Retro) )",3,1,1,MG,SINGLE_CANDIDATE,
Kiana James,12,1,1,WSU,SINGLE_CANDIDATE,
Kiber ( Marvel Comics (Retro) ),3,1,1,MG,SINGLE_CANDIDATE,
Kid,2,1,1,SM,SINGLE_CANDIDATE,
Kid Banty,2,1,1,LT,SINGLE_CANDIDATE,
Kid Colt,3,1,1,MU,SINGLE_CANDIDATE,
Kid Loki ( MS Disney Plus TV Shows ),1,1,1,,NO_PROPERTY_CANDIDATE,
Kidpool,3,1,1,DP,SINGLE_CANDIDATE,
Kidpool ( Marvel Studios` Deadpool Movie 3 ),3,1,1,DP,SINGLE_CANDIDATE,
Kids Of Steel Trademark,2,1,1,SM,SINGLE_CANDIDATE,
Killer Frost aka Crystal Frost,2,1,1,,NO_PROPERTY_CANDIDATE,
Killer Frost aka Louise Lincoln,2,1,1,JG,SINGLE_CANDIDATE,
Killer Shrike,3,1,1,MU,SINGLE_CANDIDATE,
Killer Shrike ( Marvel Comics (Retro) ),3,1,1,MG,SINGLE_CANDIDATE,
Killian Dane,12,1,1,WSU,SINGLE_CANDIDATE,
"Killmonger, Erik ( Marvel Comics (Retro) )",3,1,1,MG,SINGLE_CANDIDATE,
"Killmonger, Erik ( Marvel Studios Collection )",3,1,1,,NO_PROPERTY_CANDIDATE,
"Killmonger, Erik ( Marvels Black Panther Movie 2 )",3,1,1,BP,SINGLE_CANDIDATE,
Killraven,3,1,1,MU,SINGLE_CANDIDATE,
Killshot ( Marvel Comics (Retro) ),3,1,1,MG,SINGLE_CANDIDATE,
Kilowog,2,1,1,GN,SINGLE_CANDIDATE,
Kim Kil Whan,2,1,1,,NO_PROPERTY_CANDIDATE,
Kindred,3,1,1,MU,SINGLE_CANDIDATE,
King Cobra ( Marvel Comics (Retro) ),3,1,1,MG,SINGLE_CANDIDATE,
King Kong Bundy,12,1,1,WSU,SINGLE_CANDIDATE,
King Marvel,2,1,1,JG,SINGLE_CANDIDATE,
King of the Dead,2,1,1,LR,SINGLE_CANDIDATE,
King of the Ring,12,1,1,WSU,SINGLE_CANDIDATE,
King Shark and John Economos as protrayed by Stephen Agee,2,1,1,,NO_PROPERTY_CANDIDATE,
King Tut,2,1,1,BM,SINGLE_CANDIDATE,
King Valkyrie ( Marvel Studios Collection ),3,1,1,,NO_PROPERTY_CANDIDATE,
King Viserys,2,1,1,,NO_PROPERTY_CANDIDATE,
King Worm,2,1,1,,NO_PROPERTY_CANDIDATE,
"King, Hannibal ( Marvel Comics (Retro) )",3,1,1,MG,SINGLE_CANDIDATE,
King`s Landing Silhouette,2,1,1,GT,SINGLE_CANDIDATE,
Kingdom Come Superman,2,1,1,SG,SINGLE_CANDIDATE,
Kingo ( Marvel Studios Collection ),3,1,1,,NO_PROPERTY_CANDIDATE,
Kingpin ( Marvel Comics (Retro) ),3,1,1,MG,SINGLE_CANDIDATE,
Kingpin ( MS Disney Plus TV Shows ),1,1,1,,NO_PROPERTY_CANDIDATE,
Kingsley Shackebolt,2,1,1,HP,SINGLE_CANDIDATE,
Kingsley Shacklebolt,2,1,1,HP,SINGLE_CANDIDATE,
Kirk,2,1,1,GGS,SINGLE_CANDIDATE,
Kirkland Meeseeks,2,1,1,RK,SINGLE_CANDIDATE,
Kit Wilson,12,1,1,WSU,SINGLE_CANDIDATE,
Kitty,2,1,1,BA,SINGLE_CANDIDATE,
Kitty (A,2,1,1,LT,SINGLE_CANDIDATE,
"Klaue, Ulysses ( Marvel Studios Collection )",3,1,1,,NO_PROPERTY_CANDIDATE,
Klaus Voorhees,3,1,1,AV,SINGLE_CANDIDATE,
Klaw ( Marvel Comics (Retro) ),3,1,1,MG,SINGLE_CANDIDATE,
"Knight, Misty ( Marvel Comics (Retro) )",3,1,1,MG,SINGLE_CANDIDATE,
Knightforce,2,1,1,BM,SINGLE_CANDIDATE,
Know It All With No Character Likeness,2,1,1,XP,SINGLE_CANDIDATE,
KNOX,2,1,1,BM,SINGLE_CANDIDATE,
"Koenig, Eric ( Marvel Comics (Retro) )",3,1,1,MG,SINGLE_CANDIDATE,
Kofi Kingston,12,1,1,WSU,SINGLE_CANDIDATE,
Koi Boi,3,1,1,MU,SINGLE_CANDIDATE,
Koko B. Ware,12,1,1,WSU,SINGLE_CANDIDATE,
Komodo,3,1,1,MU,SINGLE_CANDIDATE,
Kona Reeves,12,1,1,WSU,SINGLE_CANDIDATE,
"Kong, Kenny ( Marvel Comics (Retro) )",3,1,1,MG,SINGLE_CANDIDATE,
Korath the Pursuer,3,1,1,MU,SINGLE_CANDIDATE,
Korath the Pursuer ( Captain Marvel Movie ),3,1,1,CM,SINGLE_CANDIDATE,
Korath the Pursuer ( Marvel Comics (Retro) ),3,1,1,MG,SINGLE_CANDIDATE,
Korath the Pursuer ( Marvel Studios: The Infinity Saga ),3,1,1,,NO_PROPERTY_CANDIDATE,
Korg ( Marvel Comics (Retro) ),3,1,1,MG,SINGLE_CANDIDATE,
Korg ( Marvel Studios: The Infinity Saga ),3,1,1,,NO_PROPERTY_CANDIDATE,
Korvac,3,1,1,MU,SINGLE_CANDIDATE,
Kotal Kahn,2,1,1,MB,SINGLE_CANDIDATE,
Kraglin ( Marvel Studios: The Infinity Saga ),3,1,1,,NO_PROPERTY_CANDIDATE,
Kraglin ( Marvel Studios` GOTG Vol. 3 ),3,1,1,,NO_PROPERTY_CANDIDATE,
Kraglin ( MS Disney Plus TV Shows ),1,1,1,,NO_PROPERTY_CANDIDATE,
Krakoa,3,1,1,XM,SINGLE_CANDIDATE,
Krang ( Marvel Comics (Retro) ),3,1,1,MG,SINGLE_CANDIDATE,
Kranys mo Nakoloz,2,1,1,GT,SINGLE_CANDIDATE,
Kraven the Hunter ( Marvel Comics (Retro) ),3,1,1,MG,SINGLE_CANDIDATE,
Kraven the Hunter ( Spider-Man Family Live Action Movies ),3,1,1,SP,SINGLE_CANDIDATE,
"Kravinoff, Ana ( Marvel Comics (Retro) )",3,1,1,MG,SINGLE_CANDIDATE,
Kree,3,1,1,MU,SINGLE_CANDIDATE,
Kree ( Marvel Comics (Retro) ),3,1,1,MG,SINGLE_CANDIDATE,
Kree Sentry,3,1,1,FFF,SINGLE_CANDIDATE,
Kris,2,1,1,NE,SINGLE_CANDIDATE,
Kris Fowles,2,1,1,NE,SINGLE_CANDIDATE,
Kro ( Marvel Studios Collection ),3,1,1,,NO_PROPERTY_CANDIDATE,
Krombopulos Michael,2,1,1,RK,SINGLE_CANDIDATE,
Krona,2,1,1,JG,SINGLE_CANDIDATE,
Kronan Warrior,3,1,1,MU,SINGLE_CANDIDATE,
Kronos,3,1,1,MU,SINGLE_CANDIDATE,
"Krushki, Ivan ( Marvel Comics (Retro) )",3,1,1,MG,SINGLE_CANDIDATE,
Krypto as voiced by Dwayne Johnson,2,1,1,,NO_PROPERTY_CANDIDATE,
Krypto Superman,2,1,1,SM,SINGLE_CANDIDATE,
Krypto the Super Dog,2,1,1,SM,SINGLE_CANDIDATE,
Krypto The Superdog,2,1,1,SM,SINGLE_CANDIDATE,
Kryptomite,2,1,1,,NO_PROPERTY_CANDIDATE,
Kryptonian,2,1,1,SM,SINGLE_CANDIDATE,
Kryptonite,2,1,1,SM,SINGLE_CANDIDATE,
Kryptonite Man,2,1,1,SM,SINGLE_CANDIDATE,
Kurse,3,1,1,MU,SINGLE_CANDIDATE,
Kurse ( Marvel Comics (Retro) ),3,1,1,MG,SINGLE_CANDIDATE,
Kurt Angle,12,1,1,WSU,SINGLE_CANDIDATE,
Kushida,12,1,1,WSU,SINGLE_CANDIDATE,
"Kuslov, Kyril ( Marvel Comics (Retro) )",3,1,1,MG,SINGLE_CANDIDATE,
KW,2,1,1,WT,SINGLE_CANDIDATE,
Kyle Abbot,2,1,1,BM,SINGLE_CANDIDATE,
Kyle O'Reilly,12,1,1,WSU,SINGLE_CANDIDATE,
Kyle Rayner,2,1,1,GN,SINGLE_CANDIDATE,
LA Knight,12,1,1,WSU,SINGLE_CANDIDATE,
Lacey Evans,12,1,1,WSU,SINGLE_CANDIDATE,
Laddie Thompson,2,1,1,LB,SINGLE_CANDIDATE,
Lady Alicent Hightower,2,1,1,,NO_PROPERTY_CANDIDATE,
Lady Bullseye,3,1,1,MU,SINGLE_CANDIDATE,
Lady Finndom,2,1,1,RK,SINGLE_CANDIDATE,
Lady Marvel,2,1,1,JG,SINGLE_CANDIDATE,
Lady Mastermind,3,1,1,MU,SINGLE_CANDIDATE,
Lady Octopus,3,1,1,SP,SINGLE_CANDIDATE,
Lady Octopus ( Marvel Comics (Retro) ),3,1,1,MG,SINGLE_CANDIDATE,
Lady Rainicorn,2,1,1,,NO_PROPERTY_CANDIDATE,
Lady Vic,2,1,1,BM,SINGLE_CANDIDATE,
Ladypool ( Marvel Studios` Deadpool Movie 3 ),3,1,1,DP,SINGLE_CANDIDATE,
Lainey Reid,12,1,1,WSU,SINGLE_CANDIDATE,
Lana,12,1,1,WSU,SINGLE_CANDIDATE,
Lancel Lannister,2,1,1,GT,SINGLE_CANDIDATE,
Lane,2,1,1,GGS,SINGLE_CANDIDATE,
"Lang, Scott ( Marvel Studios Collection )",3,1,1,,NO_PROPERTY_CANDIDATE,
Langdon Shaw,2,1,1,,NO_PROPERTY_CANDIDATE,
"Lannister House Motto ""Hear Me Roar""",2,1,1,GT,SINGLE_CANDIDATE,
Lannister House Sigil,2,1,1,GT,SINGLE_CANDIDATE,
Larfleeze,2,1,1,JG,SINGLE_CANDIDATE,
Larfleeze of Ogatoo,2,1,1,GN,SINGLE_CANDIDATE,
Larry Dover,2,1,1,LT,SINGLE_CANDIDATE,
Lash Legend,12,1,1,WSU,SINGLE_CANDIDATE,
Lasher,3,1,1,SP,SINGLE_CANDIDATE,
Lasher (Symbiote,3,1,1,,NO_PROPERTY_CANDIDATE,
Lashina,2,1,1,,NO_PROPERTY_CANDIDATE,
Last Son Of Krypton (Word Mark),2,1,1,SM,SINGLE_CANDIDATE,
Last Stand Spider-Man,3,1,1,GM,SINGLE_CANDIDATE,
Last Stand Spider-Man ( Marvel Comics (Retro) ),3,1,1,MG,SINGLE_CANDIDATE,
Latveria,3,1,1,MV,SINGLE_CANDIDATE,
"Lau, Eddie ( Marvel Comics (Retro) )",3,1,1,MG,SINGLE_CANDIDATE,
Laufey,3,1,1,MU,SINGLE_CANDIDATE,
Laufey ( Marvel Comics (Retro) ),3,1,1,MG,SINGLE_CANDIDATE,
Laughing Hippo,2,1,1,LT,SINGLE_CANDIDATE,
LAUNCHPAD MCQUACK,1,1,1,,NO_PROPERTY_CANDIDATE,
Launchpad Mcquack - Do Not Use,1,1,1,,NO_PROPERTY_CANDIDATE,
Lava-Man ( Marvel Comics (Retro) ),3,1,1,MG,SINGLE_CANDIDATE,
Lawrence (Chunk) Cohen,2,1,1,,NO_PROPERTY_CANDIDATE,
Layla Diggs,12,1,1,WSU,SINGLE_CANDIDATE,
Layla Miller,3,1,1,MU,SINGLE_CANDIDATE,
Lead Mercenary,2,1,1,BM,SINGLE_CANDIDATE,
Leader ( Marvel Comics (Retro) ),3,1,1,MG,SINGLE_CANDIDATE,
League Assassin,2,1,1,BM,SINGLE_CANDIDATE,
Leap-Frog,3,1,1,SP,SINGLE_CANDIDATE,
Leap-Frog ( Marvel Comics (Retro) ),3,1,1,MG,SINGLE_CANDIDATE,
Leapfrog ( MS Disney Plus TV Shows ),1,1,1,,NO_PROPERTY_CANDIDATE,
Lebelia Sackbille Baggins,2,1,1,,NO_PROPERTY_CANDIDATE,
"Leeds, Ned ( Spider-Man Movie 2017 )",3,1,1,SP,SINGLE_CANDIDATE,
"Leeds, Ned ( Spider-Man Movie 2021 )",3,1,1,SP,SINGLE_CANDIDATE,
Legion,3,1,1,XM,SINGLE_CANDIDATE,
Leigh Laurel,12,1,1,WSU,SINGLE_CANDIDATE,
Leilani Kai,12,1,1,WSU,SINGLE_CANDIDATE,
Lemongrab 2,2,1,1,,NO_PROPERTY_CANDIDATE,
Leo Fitz,3,1,1,MU,SINGLE_CANDIDATE,
Leonard Smith,2,1,1,RK,SINGLE_CANDIDATE,
Leopardon,3,1,1,SP,SINGLE_CANDIDATE,
Leota Adebayo,2,1,1,,NO_PROPERTY_CANDIDATE,
Leroy Hanlon,2,1,1,WD,SINGLE_CANDIDATE,
Leta Lestrange,2,1,1,,NO_PROPERTY_CANDIDATE,
"Lewis, Darcy ( Marvel Studios: The Infinity Saga )",3,1,1,,NO_PROPERTY_CANDIDATE,
Lex Luger,12,1,1,WSU,SINGLE_CANDIDATE,
Lex Luthor (DC Metal Force),2,1,1,JG,SINGLE_CANDIDATE,
Lexis King,12,1,1,WSU,SINGLE_CANDIDATE,
Liberty Belle,2,1,1,JG,SINGLE_CANDIDATE,
Lich,2,1,1,,NO_PROPERTY_CANDIDATE,
Lightspeed,3,1,1,MU,SINGLE_CANDIDATE,
Lightspeed ( Marvel Comics (Retro) ),3,1,1,MG,SINGLE_CANDIDATE,
Lilian Garcia,12,1,1,WSU,SINGLE_CANDIDATE,
Lilith,3,1,1,MU,SINGLE_CANDIDATE,
Lily Bainbridge,2,1,1,WD,SINGLE_CANDIDATE,
Lince Dorado,12,1,1,WSU,SINGLE_CANDIDATE,
Lincoln Campbell,3,1,1,MU,SINGLE_CANDIDATE,
Lionfang ( Marvel Comics (Retro) ),3,1,1,MG,SINGLE_CANDIDATE,
Lisa Carson,2,1,1,BM,SINGLE_CANDIDATE,
Lita,12,1,1,WSU,SINGLE_CANDIDATE,
LITTLE ARTURO,2,1,1,PW,SINGLE_CANDIDATE,
Little Bilbo,2,1,1,,NO_PROPERTY_CANDIDATE,
Little Blabbermouse,2,1,1,LT,SINGLE_CANDIDATE,
Little Bulb,1,1,1,,NO_PROPERTY_CANDIDATE,
Little Ghost,2,1,1,LT,SINGLE_CANDIDATE,
Little Girl,2,1,1,LT,SINGLE_CANDIDATE,
LITTLE JANE,2,1,1,BJ,SINGLE_CANDIDATE,
Little Periwinkle,2,1,1,WD,SINGLE_CANDIDATE,
"Little, Abner ( Marvel Comics (Retro) )",3,1,1,MG,SINGLE_CANDIDATE,
Liu Tao,2,1,1,,NO_PROPERTY_CANDIDATE,
Liv Morgan,12,1,1,WSU,SINGLE_CANDIDATE,
Living Brain,3,1,1,SP,SINGLE_CANDIDATE,
Living Brain ( Marvel Comics (Retro) ),3,1,1,MG,SINGLE_CANDIDATE,
Living Doll,2,1,1,JG,SINGLE_CANDIDATE,
Living Laser,3,1,1,MU,SINGLE_CANDIDATE,
Living Laser ( Marvel Comics (Retro) ),3,1,1,MG,SINGLE_CANDIDATE,
Living Monolith,3,1,1,MU,SINGLE_CANDIDATE,
Living Mummy ( Marvel Comics (Retro) ),3,1,1,MG,SINGLE_CANDIDATE,
Living Totem,3,1,1,MU,SINGLE_CANDIDATE,
Living Tribunal,3,1,1,MU,SINGLE_CANDIDATE,
Lizard ( Marvel Comics (Retro) ),3,1,1,MG,SINGLE_CANDIDATE,
Lizard ( Spider-Man Movie 2021 ),3,1,1,SP,SINGLE_CANDIDATE,
Lizzie McGuire - TV Series - Isabella (H. Duff),1,1,1,MCG,SINGLE_CANDIDATE,
Lizzie McGuire Movie - Isabella (Hillary Duff),1,1,1,MCG,SINGLE_CANDIDATE,
Lizzie McGuire Movie - Jo (H. Todd),1,1,1,MCG,SINGLE_CANDIDATE,
Lizzie McGuire Movie - Matt - (J. Thomas),1,1,1,MCG,SINGLE_CANDIDATE,
Lizzie McGuire Movie - Ms Ungermeyer (A. Borstein),1,1,1,MCG,SINGLE_CANDIDATE,
Lizzie McGuire Movie - Sam (R. Carradine),1,1,1,MCG,SINGLE_CANDIDATE,
"Lo, The Poor Indian",2,1,1,LT,SINGLE_CANDIDATE,
Lobo Brothers ( Marvel Comics (Retro) ),3,1,1,MG,SINGLE_CANDIDATE,
Lock Up,2,1,1,BM,SINGLE_CANDIDATE,
Locke,2,1,1,GT,SINGLE_CANDIDATE,
Lockjaw ( Marvel Comics (Retro) ),3,1,1,MG,SINGLE_CANDIDATE,
Lockup,2,1,1,BM,SINGLE_CANDIDATE,
Logan Huntzberger,2,1,1,GGS,SINGLE_CANDIDATE,
Logan Paul,12,1,1,WSU,SINGLE_CANDIDATE,
Loki ( Marvel Comics (Retro) ),3,1,1,MG,SINGLE_CANDIDATE,
Loki ( Marvel Studios Collection ),3,1,1,,NO_PROPERTY_CANDIDATE,
Loki (Female),3,1,1,MU,SINGLE_CANDIDATE,
Lola Bunny,2,1,1,LT,SINGLE_CANDIDATE,
Lola Bunny as Daphne Blake,2,1,1,LT,SINGLE_CANDIDATE,
Lola Bunny as Dorothy Gale,2,1,1,LT,SINGLE_CANDIDATE,
Lola Bunny as Ilsa Lund,2,1,1,LT,SINGLE_CANDIDATE,
Lola Bunny as Jane Jetson,2,1,1,LT,SINGLE_CANDIDATE,
Lola Bunny as Ravenclaw Fan,2,1,1,LT,SINGLE_CANDIDATE,
Lola Bunny as Wilma Flintstone,2,1,1,LT,SINGLE_CANDIDATE,
Lola Vice,12,1,1,WSU,SINGLE_CANDIDATE,
Lollipop Guild Boy,2,1,1,WZ,SINGLE_CANDIDATE,
Longshot,3,1,1,XM,SINGLE_CANDIDATE,
Longshot ( MS Disney Plus TV Shows ),1,1,1,,NO_PROPERTY_CANDIDATE,
Looney Tunes in Friends locations,2,1,1,LT,SINGLE_CANDIDATE,
Looney Tunes Name,2,1,1,LT,SINGLE_CANDIDATE,
Looter,3,1,1,MU,SINGLE_CANDIDATE,
"Lopez, Maya ( MS Disney Plus TV Shows )",1,1,1,,NO_PROPERTY_CANDIDATE,
Loras Tyrell,2,1,1,GT,SINGLE_CANDIDATE,
Lord Chaos ( Marvel Comics (Retro) ),3,1,1,MG,SINGLE_CANDIDATE,
Lord Corlyss Velaryon,2,1,1,,NO_PROPERTY_CANDIDATE,
Lord Krylar ( Marvel Studios` Ant-Man Wasp Quantumania ),3,1,1,,NO_PROPERTY_CANDIDATE,
Lord Lymaan Beesbury,2,1,1,,NO_PROPERTY_CANDIDATE,
Lord Lyonel Strong,2,1,1,,NO_PROPERTY_CANDIDATE,
Lord Monochromicorn,2,1,1,,NO_PROPERTY_CANDIDATE,
Lord Raiden,2,1,1,MB,SINGLE_CANDIDATE,
Lord Satanus,2,1,1,JG,SINGLE_CANDIDATE,
Lord Steven Regal,12,1,1,WSU,SINGLE_CANDIDATE,
Lord Varys,2,1,1,GT,SINGLE_CANDIDATE,
Lord Vashti ( Marvel Comics (Retro) ),3,1,1,MG,SINGLE_CANDIDATE,
Lorelai Gilmore,2,1,1,GGS,SINGLE_CANDIDATE,
Lorelei ( Marvel Comics (Retro) ),3,1,1,MG,SINGLE_CANDIDATE,
Lori Campbell,2,1,1,FJ,SINGLE_CANDIDATE,
Lori Campbell As Portryed By Monica Keena,2,1,1,FJ,SINGLE_CANDIDATE,
Lorna Dane,3,1,1,MU,SINGLE_CANDIDATE,
Lorna the Jungle Girl ( Marvel Comics (Retro) ),3,1,1,MG,SINGLE_CANDIDATE,
Lorraine,2,1,1,C1,SINGLE_CANDIDATE,
Lorraine Warren,2,1,1,C3,SINGLE_CANDIDATE,
Lotney (Sloth) Fratelli,2,1,1,,NO_PROPERTY_CANDIDATE,
Lottie Bell,2,1,1,,NO_PROPERTY_CANDIDATE,
Louie - Do Not Use,1,1,1,,NO_PROPERTY_CANDIDATE,
Louis,2,1,1,LT,SINGLE_CANDIDATE,
Lt. James Gordon,2,1,1,BM,SINGLE_CANDIDATE,
Lt. Jim Gordon,2,1,1,BM,SINGLE_CANDIDATE,
Luca Crusifino,12,1,1,WSU,SINGLE_CANDIDATE,
Lucien Price,12,1,1,WSU,SINGLE_CANDIDATE,
Lucky (Pizza Dog),3,1,1,MU,SINGLE_CANDIDATE,
Lucky (Pizza Dog) ( Marvel Studios Collection ),3,1,1,,NO_PROPERTY_CANDIDATE,
Lucky (Pizza Dog) ( MS Disney Plus TV Shows ),1,1,1,,NO_PROPERTY_CANDIDATE,
Lucy,2,1,1,LB,SINGLE_CANDIDATE,
Lucy Emerson,2,1,1,LB,SINGLE_CANDIDATE,
Lucy In The Sky ( Marvel Comics (Retro) ),3,1,1,MG,SINGLE_CANDIDATE,
Lucy Lane,2,1,1,SG,SINGLE_CANDIDATE,
Ludendorff,2,1,1,WW,SINGLE_CANDIDATE,
Ludwig Kaiser,12,1,1,WSU,SINGLE_CANDIDATE,
Luis ( Marvel Studios Collection ),3,1,1,,NO_PROPERTY_CANDIDATE,
Luke,2,1,1,GGS,SINGLE_CANDIDATE,
Lullaby League Girl,2,1,1,WZ,SINGLE_CANDIDATE,
Lulu,2,1,1,,NO_PROPERTY_CANDIDATE,
"Lumpkin, Willie ( Marvel Comics (Retro) )",3,1,1,MG,SINGLE_CANDIDATE,
Lumpy Space Prince,2,1,1,,NO_PROPERTY_CANDIDATE,
Luna,2,1,1,,NO_PROPERTY_CANDIDATE,
Lunella Lafayette,3,1,1,,NO_PROPERTY_CANDIDATE,
Luthor,2,1,1,SM,SINGLE_CANDIDATE,
Lyanna Mormont,2,1,1,GT,SINGLE_CANDIDATE,
Lylla,3,1,1,GG,SINGLE_CANDIDATE,
Lyra Valkyria,12,1,1,WSU,SINGLE_CANDIDATE,
Lysa Arryn,2,1,1,GT,SINGLE_CANDIDATE,
Lyssa Drak,2,1,1,GN,SINGLE_CANDIDATE,
M,3,1,1,MU,SINGLE_CANDIDATE,
M aka S Potato Head Alone,1,1,1,TS,SINGLE_CANDIDATE,
M aka S Potato Head With Other,1,1,1,TS,SINGLE_CANDIDATE,
M-11 the Human Robot,3,1,1,MU,SINGLE_CANDIDATE,
M.O.D.A.M.,3,1,1,MU,SINGLE_CANDIDATE,
M.O.D.O.K ( Marvel Comics (Retro) ),3,1,1,MG,SINGLE_CANDIDATE,
M.O.D.O.K ( Marvel Studios` Ant-Man Wasp Quantumania ),3,1,1,,NO_PROPERTY_CANDIDATE,
M.O.E.,2,1,1,BA,SINGLE_CANDIDATE,
M`Baku ( Black Panther Movie 2 ),3,1,1,BP,SINGLE_CANDIDATE,
M`Baku ( Marvel Studios: The Infinity Saga ),3,1,1,,NO_PROPERTY_CANDIDATE,
M`Baku ( Marvel Studios’ Avengers Doomsday ),3,1,1,,NO_PROPERTY_CANDIDATE,
Ma And Pa Kent,2,1,1,SM,SINGLE_CANDIDATE,
Mac Gargan,3,1,1,MU,SINGLE_CANDIDATE,
Mace,12,1,1,WSU,SINGLE_CANDIDATE,
Mace Tyrell,2,1,1,GT,SINGLE_CANDIDATE,
Mach-1,3,1,1,MU,SINGLE_CANDIDATE,
Mach-V,3,1,1,MU,SINGLE_CANDIDATE,
Machine Man,3,1,1,MU,SINGLE_CANDIDATE,
Machine Man ( Marvel Comics (Retro) ),3,1,1,MG,SINGLE_CANDIDATE,
Macho Man Randy Savage,12,1,1,WSU,SINGLE_CANDIDATE,
Macrory,2,1,1,LT,SINGLE_CANDIDATE,
Mad Harriet,2,1,1,,NO_PROPERTY_CANDIDATE,
Mad Jack ( Marvel Comics (Retro) ),3,1,1,MG,SINGLE_CANDIDATE,
Mad Mod,2,1,1,,NO_PROPERTY_CANDIDATE,
Mad Scientist,2,1,1,LT,SINGLE_CANDIDATE,
Mad Thinker,3,1,1,FFF,SINGLE_CANDIDATE,
Mad Thinker ( Marvel Comics (Retro) ),3,1,1,MG,SINGLE_CANDIDATE,
Madam Masque ( Marvel Comics (Retro) ),3,1,1,MG,SINGLE_CANDIDATE,
Madam Slay ( Marvel Comics (Retro) ),3,1,1,MG,SINGLE_CANDIDATE,
Madame Hooch,2,1,1,HP,SINGLE_CANDIDATE,
Madame Hooch (Talent),2,1,1,HP,SINGLE_CANDIDATE,
Madame Hydra ( Marvel Comics (Retro) ),3,1,1,MG,SINGLE_CANDIDATE,
Madame Malkin,2,1,1,HP,SINGLE_CANDIDATE,
Madame Masque ( Marvel Comics (Retro) ),3,1,1,MG,SINGLE_CANDIDATE,
Madame Pomfrey,2,1,1,HP,SINGLE_CANDIDATE,
Madame Web,3,1,1,SP,SINGLE_CANDIDATE,
Madame Web ( Marvel Comics (Retro) ),3,1,1,MG,SINGLE_CANDIDATE,
Madame Web ( Spider-Man Family Live Action Movies ),3,1,1,SP,SINGLE_CANDIDATE,
Madame Xanadu,2,1,1,JG,SINGLE_CANDIDATE,
Madame Ya Zhou,2,1,1,,NO_PROPERTY_CANDIDATE,
Madcap,3,1,1,MU,SINGLE_CANDIDATE,
Madcap Moss,12,1,1,WSU,SINGLE_CANDIDATE,
Madelyne Pryor,3,1,1,XM,SINGLE_CANDIDATE,
Madisynn ( MS Disney Plus TV Shows ),1,1,1,,NO_PROPERTY_CANDIDATE,
Madman ( Marvel Comics (Retro) ),3,1,1,MG,SINGLE_CANDIDATE,
Madness Venom,3,1,1,MU,SINGLE_CANDIDATE,
Madrox,3,1,1,MU,SINGLE_CANDIDATE,
Mae Young,12,1,1,WSU,SINGLE_CANDIDATE,
Maelstrom,3,1,1,MU,SINGLE_CANDIDATE,
Maester Luwin,2,1,1,GT,SINGLE_CANDIDATE,
Maestro,3,1,1,MU,SINGLE_CANDIDATE,
Maestro ( Marvel Comics (Retro) ),3,1,1,MG,SINGLE_CANDIDATE,
Mafalda Hopkirk,2,1,1,HP,SINGLE_CANDIDATE,
Maggia,3,1,1,MU,SINGLE_CANDIDATE,
Maggie,2,1,1,SG,SINGLE_CANDIDATE,
MAGGIE PAIGE,2,1,1,BM,SINGLE_CANDIDATE,
Maggie Sawyer,2,1,1,SM,SINGLE_CANDIDATE,
Maggott,3,1,1,MU,SINGLE_CANDIDATE,
Magic Man,2,1,1,,NO_PROPERTY_CANDIDATE,
Magica De Spell - Do Not Use,1,1,1,,NO_PROPERTY_CANDIDATE,
Magik ( MS Disney Plus TV Shows ),1,1,1,,NO_PROPERTY_CANDIDATE,
Magma,3,1,1,XM,SINGLE_CANDIDATE,
Magneto ( Marvel Comics (Retro) ),3,1,1,MG,SINGLE_CANDIDATE,
Magneto ( Marvel Studios’ Avengers Doomsday ),3,1,1,,NO_PROPERTY_CANDIDATE,
Magneto ( MS Disney Plus TV Shows ),1,1,1,,NO_PROPERTY_CANDIDATE,
Magnir ( Marvel Comics (Retro) ),3,1,1,MG,SINGLE_CANDIDATE,
Magnum TA,12,1,1,WSU,SINGLE_CANDIDATE,
"Magnum, Moses ( Marvel Comics (Retro) )",3,1,1,MG,SINGLE_CANDIDATE,
Magog,2,1,1,JG,SINGLE_CANDIDATE,
Magog ( Marvel Comics (Retro) ),3,1,1,MG,SINGLE_CANDIDATE,
Magorian,2,1,1,HP,SINGLE_CANDIDATE,
Major Deadpool,3,1,1,DP,SINGLE_CANDIDATE,
Major force,2,1,1,JG,SINGLE_CANDIDATE,
Major Victory,3,1,1,MU,SINGLE_CANDIDATE,
Makkari ( Marvel Comics (Retro) ),3,1,1,MG,SINGLE_CANDIDATE,
Makkari ( Marvel Studios Collection ),3,1,1,,NO_PROPERTY_CANDIDATE,
Makoto,3,1,1,AV,SINGLE_CANDIDATE,
Malaq,2,1,1,BM,SINGLE_CANDIDATE,
Malcolm (Dudleys Gang),2,1,1,HP,SINGLE_CANDIDATE,
Malcom Falcon,2,1,1,LT,SINGLE_CANDIDATE,
Maledictus,2,1,1,,NO_PROPERTY_CANDIDATE,
Malekith ( Marvel Comics (Retro) ),3,1,1,MG,SINGLE_CANDIDATE,
Malice,3,1,1,MU,SINGLE_CANDIDATE,
Malice ( Marvel Comics (Retro) ),3,1,1,MG,SINGLE_CANDIDATE,
Malik Blade,12,1,1,WSU,SINGLE_CANDIDATE,
Mama Fratelli,2,1,1,,NO_PROPERTY_CANDIDATE,
Mama Gnuci,3,1,1,MU,SINGLE_CANDIDATE,
Mama Gnuci ( Marvel Comics (Retro) ),3,1,1,MG,SINGLE_CANDIDATE,
Mammoth aka Baran Flinders,2,1,1,JG,SINGLE_CANDIDATE,
Mammoth aka Baron Finders,2,1,1,,NO_PROPERTY_CANDIDATE,
Man Brute ( Marvel Comics (Retro) ),3,1,1,MG,SINGLE_CANDIDATE,
Man Of Steel (Word Mark),2,1,1,SM,SINGLE_CANDIDATE,
Man-Ape ( Marvel Comics (Retro) ),3,1,1,MG,SINGLE_CANDIDATE,
Man-Bull,3,1,1,MU,SINGLE_CANDIDATE,
Man-Bull ( Marvel Comics (Retro) ),3,1,1,MG,SINGLE_CANDIDATE,
Man-Killer ( Marvel Comics (Retro) ),3,1,1,MG,SINGLE_CANDIDATE,
Man-Spider ( Marvel Comics (Retro) ),3,1,1,MG,SINGLE_CANDIDATE,
Man-Thing ( Marvel Comics (Retro) ),3,1,1,MG,SINGLE_CANDIDATE,
Man-Thing ( Marvel Studios Collection ),3,1,1,,NO_PROPERTY_CANDIDATE,
Man-Thing ( MS Disney Plus TV Shows ),1,1,1,,NO_PROPERTY_CANDIDATE,
Man-Wolf,3,1,1,MU,SINGLE_CANDIDATE,
Man-Wolf ( Marvel Comics (Retro) ),3,1,1,MG,SINGLE_CANDIDATE,
Mance Rayder,2,1,1,GT,SINGLE_CANDIDATE,
Mandarin,3,1,1,MU,SINGLE_CANDIDATE,
Mandarin ( Marvel Comics (Retro) ),3,1,1,MG,SINGLE_CANDIDATE,
Mandrill,3,1,1,MU,SINGLE_CANDIDATE,
Mandroid,3,1,1,MU,SINGLE_CANDIDATE,
Mandroid ( Marvel Comics (Retro) ),3,1,1,MG,SINGLE_CANDIDATE,
Mandy Rose,12,1,1,WSU,SINGLE_CANDIDATE,
"Manelli, Dino ( Marvel Comics (Retro) )",3,1,1,MG,SINGLE_CANDIDATE,
Mangaverse Spider-Man ( Marvel Comics (Retro) ),3,1,1,MG,SINGLE_CANDIDATE,
Mangaverse Spider-Woman,3,1,1,SP,SINGLE_CANDIDATE,
Mangog,3,1,1,MU,SINGLE_CANDIDATE,
Mangog ( Marvel Comics (Retro) ),3,1,1,MG,SINGLE_CANDIDATE,
Manhunter,2,1,1,,NO_PROPERTY_CANDIDATE,
Mania (Andi Benton),3,1,1,MU,SINGLE_CANDIDATE,
Mania (Symbiote,3,1,1,,NO_PROPERTY_CANDIDATE,
Manifold,3,1,1,MU,SINGLE_CANDIDATE,
Mankiller ( Marvel Comics (Retro) ),3,1,1,MG,SINGLE_CANDIDATE,
Mankind,12,1,1,WSU,SINGLE_CANDIDATE,
Manphibian ( Marvel Comics (Retro) ),3,1,1,MG,SINGLE_CANDIDATE,
Mansoor,12,1,1,WSU,SINGLE_CANDIDATE,
Manticore ( Marvel Comics (Retro) ),3,1,1,MG,SINGLE_CANDIDATE,
Mantis,2,1,1,JG,SINGLE_CANDIDATE,
Mantis ( Marvel Comics (Retro) ),3,1,1,MG,SINGLE_CANDIDATE,
Mantis ( Marvel Studios Collection ),3,1,1,,NO_PROPERTY_CANDIDATE,
Mantis ( MS Disney Plus TV Shows ),1,1,1,,NO_PROPERTY_CANDIDATE,
Manuel Crow,2,1,1,LT,SINGLE_CANDIDATE,
Manx,2,1,1,BM,SINGLE_CANDIDATE,
Mar-Sha,2,1,1,RK,SINGLE_CANDIDATE,
Marc Antony,2,1,1,LT,SINGLE_CANDIDATE,
Marceline the Vampire Queen,2,1,1,,NO_PROPERTY_CANDIDATE,
Margaery Tyrell,2,1,1,GT,SINGLE_CANDIDATE,
Marge Truman,2,1,1,WD,SINGLE_CANDIDATE,
Mariko Yashida,3,1,1,MU,SINGLE_CANDIDATE,
MARILYN MOONLIGHT,2,1,1,JG,SINGLE_CANDIDATE,
Mark Henry,12,1,1,WSU,SINGLE_CANDIDATE,
Marko,2,1,1,LB,SINGLE_CANDIDATE,
Marla Bloodstone,2,1,1,,NO_PROPERTY_CANDIDATE,
Marlena,12,1,1,WSU,SINGLE_CANDIDATE,
Maroni,2,1,1,BM,SINGLE_CANDIDATE,
Marshall Lee,2,1,1,,NO_PROPERTY_CANDIDATE,
"Martell House Motto ""Unbowed, Unbent, Unbroken""",2,1,1,GT,SINGLE_CANDIDATE,
Martell House Sigil,2,1,1,GT,SINGLE_CANDIDATE,
Martha Ma Kent,2,1,1,JG,SINGLE_CANDIDATE,
Martha Wayne,2,1,1,BM,SINGLE_CANDIDATE,
Martian,2,1,1,LT,SINGLE_CANDIDATE,
Martian Fighter,2,1,1,LT,SINGLE_CANDIDATE,
Martian Queen,2,1,1,LT,SINGLE_CANDIDATE,
Martian Robot,2,1,1,LT,SINGLE_CANDIDATE,
Martinex,3,1,1,MU,SINGLE_CANDIDATE,
Martinex ( Marvel Comics (Retro) ),3,1,1,MG,SINGLE_CANDIDATE,
Marvel Boy,3,1,1,MU,SINGLE_CANDIDATE,
Marvel Boy ( Marvel Comics (Retro) ),3,1,1,MG,SINGLE_CANDIDATE,
Marvel Boy ( Marvel Studios` Captain Marvel 2 ),3,1,1,CM,SINGLE_CANDIDATE,
Marvel Future Avengers Logo,3,1,1,AV,SINGLE_CANDIDATE,
Marvel Girl ( Marvel Comics (Retro) ),3,1,1,MG,SINGLE_CANDIDATE,
Marvel Knights Logo ( Marvel Comics (Retro) ),3,1,1,MG,SINGLE_CANDIDATE,
Marvel Logo ( Marvel Comics (Retro) ),3,1,1,MG,SINGLE_CANDIDATE,
Marvel Logo ( Marvel Studios` Avengers Doomsday ),3,1,1,,NO_PROPERTY_CANDIDATE,
Marvel Logo ( Marvel Studios` Avengers Secret Wars ),3,1,1,,NO_PROPERTY_CANDIDATE,
Marvel Logo ( Marvel Studios` Thunderbolts ),3,1,1,,NO_PROPERTY_CANDIDATE,
Marvel Logo ( Marvels Black Panther Movie 2 ),3,1,1,BP,SINGLE_CANDIDATE,
Marvel Logo ( MS Captain America New World Order ),3,1,1,CA,SINGLE_CANDIDATE,
Marvel Logo ( Spider-Man Family Live Action Movies ),3,1,1,SP,SINGLE_CANDIDATE,
Marvel Logo ( Spider-Man: Brand New Day Movie 2026 ),3,1,1,SP,SINGLE_CANDIDATE,
Marvel Logo ( Venom Movie 2024 ),3,1,1,VN,SINGLE_CANDIDATE,
Marvel Studios Collection ( Marvel Studios Collection ),3,1,1,,NO_PROPERTY_CANDIDATE,
Marvel Studios Collection Logo ( Marvel Studios Collection ),3,1,1,,NO_PROPERTY_CANDIDATE,
Marvel Studios Logo ( Marvel Studios Collection ),3,1,1,,NO_PROPERTY_CANDIDATE,
Marvel Studios: Infinity Saga Logo ( Marvel Studios Collection ),3,1,1,,NO_PROPERTY_CANDIDATE,
Marvel Studios` Deadpool Movie 3 (Gen) ( Marvel Studios` Deadpool Movie 3 ),3,1,1,DP,SINGLE_CANDIDATE,
Marvel Studios` GOTG Vol. 3 - No Likeness ( Marvel Studios` GOTG Vol. 3 ),3,1,1,,NO_PROPERTY_CANDIDATE,
Marvel Studios` GOTG Vol. 3 - With Likeness ( Marvel Studios` GOTG Vol. 3 ),3,1,1,,NO_PROPERTY_CANDIDATE,
Marvel Studios` Legacy Collection Logo ( Marvels Black Panther Movie 2 ),3,1,1,BP,SINGLE_CANDIDATE,
Marvel Studios` The Marvels Logo ( Captain Marvel Movie 2 ),3,1,1,CM,SINGLE_CANDIDATE,
Marvel Studios` The Marvels Logo ( Marvel Studios’ The Marvels ),3,1,1,CM,SINGLE_CANDIDATE,
Marvel Studios` Thunderbolts ( Marvel Studios` Thunderbolts ),3,1,1,,NO_PROPERTY_CANDIDATE,
Marvel Zombies Logo ( MS Disney Plus TV Shows ),1,1,1,,NO_PROPERTY_CANDIDATE,
Marvel`s Spidey and His Amazing Friends - Ant-Man,3,1,1,SX,SINGLE_CANDIDATE,
Marvel`s Spidey and His Amazing Friends - Reptil,3,1,1,SX,SINGLE_CANDIDATE,
Marvel`s Spidey and His Amazing Friends - Wasp,3,1,1,SX,SINGLE_CANDIDATE,
"Marveller, The ( Marvel Comics (Retro) )",3,1,1,MG,SINGLE_CANDIDATE,
Marvels Black Panther Movie 2,3,1,1,BP,SINGLE_CANDIDATE,
Marvin The Martian,2,1,1,LT,SINGLE_CANDIDATE,
Marvins Space Ship,2,1,1,LT,SINGLE_CANDIDATE,
Mary Jane,2,1,1,LT,SINGLE_CANDIDATE,
Mary Lou,2,1,1,,NO_PROPERTY_CANDIDATE,
Mary Marvel,2,1,1,JG,SINGLE_CANDIDATE,
Maryse,12,1,1,WSU,SINGLE_CANDIDATE,
Masacre,3,1,1,DP,SINGLE_CANDIDATE,
Masked Marauder ( Marvel Comics (Retro) ),3,1,1,MG,SINGLE_CANDIDATE,
Masked Marvel,3,1,1,SP,SINGLE_CANDIDATE,
Mass Master ( Marvel Comics (Retro) ),3,1,1,MG,SINGLE_CANDIDATE,
Massacre,2,1,1,SM,SINGLE_CANDIDATE,
Master Hate ( Marvel Comics (Retro) ),3,1,1,MG,SINGLE_CANDIDATE,
Master Mordo ( Marvel Studios Collection ),3,1,1,,NO_PROPERTY_CANDIDATE,
Master of the World,3,1,1,MU,SINGLE_CANDIDATE,
Master Order ( Marvel Comics (Retro) ),3,1,1,MG,SINGLE_CANDIDATE,
Masters of Silence ( Marvel Comics (Retro) ),3,1,1,MG,SINGLE_CANDIDATE,
"Masters, Alicia ( Marvel Comics (Retro) )",3,1,1,MG,SINGLE_CANDIDATE,
Matt Cardona,12,1,1,WSU,SINGLE_CANDIDATE,
Matt Murdock,3,1,1,MU,SINGLE_CANDIDATE,
Matthew Lillard,2,1,1,,NO_PROPERTY_CANDIDATE,
Matthos Seaworth,2,1,1,GT,SINGLE_CANDIDATE,
Mauler ( Marvel Comics (Retro) ),3,1,1,MG,SINGLE_CANDIDATE,
Max As Voiced By Max Records,2,1,1,WT,SINGLE_CANDIDATE,
Max Mercury,2,1,1,FS,SINGLE_CANDIDATE,
Max Shreck,2,1,1,BM,SINGLE_CANDIDATE,
Maxie Zeus,2,1,1,BM,SINGLE_CANDIDATE,
Maxima,2,1,1,SM,SINGLE_CANDIDATE,
Maximum Carnom,3,1,1,MU,SINGLE_CANDIDATE,
Maximus,3,1,1,MU,SINGLE_CANDIDATE,
Maximus ( Marvel Comics (Retro) ),3,1,1,MG,SINGLE_CANDIDATE,
Maxxine Dupri,12,1,1,WSU,SINGLE_CANDIDATE,
Mayhem,3,1,1,MU,SINGLE_CANDIDATE,
Mayhem ( Marvel Comics (Retro) ),3,1,1,MG,SINGLE_CANDIDATE,
MAYOR,2,1,1,PW,SINGLE_CANDIDATE,
MAYOR HAMILTON HILL,2,1,1,BM,SINGLE_CANDIDATE,
Mayor Robert Kelly,3,1,1,MU,SINGLE_CANDIDATE,
Mazin House Sigil,2,1,1,GT,SINGLE_CANDIDATE,
McGonagall,2,1,1,,NO_PROPERTY_CANDIDATE,
"McGraw, Bone Saw ( Marvel Comics (Retro) )",3,1,1,MG,SINGLE_CANDIDATE,
Me-Mow,2,1,1,,NO_PROPERTY_CANDIDATE,
Mech Strike Mechasaurs Logo,3,1,1,AV,SINGLE_CANDIDATE,
Mech Strike Spider-Man,3,1,1,AV,SINGLE_CANDIDATE,
Mecha Superman,2,1,1,,NO_PROPERTY_CANDIDATE,
Mecha Wonder Woman,2,1,1,,NO_PROPERTY_CANDIDATE,
Mechanical Rabbit,2,1,1,LT,SINGLE_CANDIDATE,
Mechasaur Arachno,3,1,1,MV,SINGLE_CANDIDATE,
Mechasaur Binary,3,1,1,MV,SINGLE_CANDIDATE,
Mechasaur Dragonscale,3,1,1,AV,SINGLE_CANDIDATE,
Mechasaur Gamma Smasher,3,1,1,HU,SINGLE_CANDIDATE,
Mechasaur Guardian,3,1,1,AV,SINGLE_CANDIDATE,
Mechasaur Iron Stomper,3,1,1,RM,SINGLE_CANDIDATE,
Mechasaur R4ptor Sentries,3,1,1,AV,SINGLE_CANDIDATE,
Mechasaur Redwing,3,1,1,AV,SINGLE_CANDIDATE,
Mechasaur Sabre Claw,3,1,1,AV,SINGLE_CANDIDATE,
Mechasaur T-R3x,3,1,1,AV,SINGLE_CANDIDATE,
Mechasaur Thunderhoof,3,1,1,TH,SINGLE_CANDIDATE,
Mechasaur Ultron Primeval,3,1,1,AV,SINGLE_CANDIDATE,
Medusa,2,1,1,JG,SINGLE_CANDIDATE,
Medusa ( Marvel Comics (Retro) ),3,1,1,MG,SINGLE_CANDIDATE,
Meera Reed,2,1,1,GT,SINGLE_CANDIDATE,
Meereen Harpy,2,1,1,GT,SINGLE_CANDIDATE,
Meggan ( Marvel Comics (Retro) ),3,1,1,MG,SINGLE_CANDIDATE,
Melinda May,3,1,1,MU,SINGLE_CANDIDATE,
Melisandre,2,1,1,GT,SINGLE_CANDIDATE,
Meltdown,3,1,1,MU,SINGLE_CANDIDATE,
Melter ( Marvel Comics (Retro) ),3,1,1,MG,SINGLE_CANDIDATE,
Menace ( Marvel Comics (Retro) ),3,1,1,MG,SINGLE_CANDIDATE,
Mentallo,3,1,1,MU,SINGLE_CANDIDATE,
Mephisto ( Marvel Comics (Retro) ),3,1,1,MG,SINGLE_CANDIDATE,
Mephisto ( MS Disney Plus TV Shows ),1,1,1,,NO_PROPERTY_CANDIDATE,
Mercy,2,1,1,SM,SINGLE_CANDIDATE,
Mercy Graves,2,1,1,BM,SINGLE_CANDIDATE,
Merlin,3,1,1,MU,SINGLE_CANDIDATE,
Merlin The Magic Mouse,2,1,1,LT,SINGLE_CANDIDATE,
Merlyn,2,1,1,BM,SINGLE_CANDIDATE,
Mermaid,2,1,1,HP,SINGLE_CANDIDATE,
Mero,2,1,1,GT,SINGLE_CANDIDATE,
"Merrick, Valeria ( Marvel Comics (Retro) )",3,1,1,MG,SINGLE_CANDIDATE,
Merton,2,1,1,,NO_PROPERTY_CANDIDATE,
Meryn Trant,2,1,1,GT,SINGLE_CANDIDATE,
Mesmero,3,1,1,MU,SINGLE_CANDIDATE,
Metal Master ( Marvel Comics (Retro) ),3,1,1,MG,SINGLE_CANDIDATE,
Metamorpho aka Element Man aka Rex Mason,2,1,1,SM,SINGLE_CANDIDATE,
Metamorpho aka The Element Man aka Rex Mason,2,1,1,JG,SINGLE_CANDIDATE,
Meteorite ( Marvel Comics (Retro) ),3,1,1,MG,SINGLE_CANDIDATE,
Mettalo,2,1,1,SM,SINGLE_CANDIDATE,
Mettle,3,1,1,MU,SINGLE_CANDIDATE,
Mia Yim,12,1,1,WSU,SINGLE_CANDIDATE,
Michael Cole,12,1,1,WSU,SINGLE_CANDIDATE,
Michael Douglas ( Marvel Studios` Ant-Man Wasp Quantumania ) - With Likenes,3,1,1,,NO_PROPERTY_CANDIDATE,
Michael Emerson,2,1,1,LB,SINGLE_CANDIDATE,
Michael Hayes,12,1,1,WSU,SINGLE_CANDIDATE,
Michael Wallstreet,12,1,1,WSU,SINGLE_CANDIDATE,
Michel,2,1,1,GGS,SINGLE_CANDIDATE,
Michelle McCool,12,1,1,WSU,SINGLE_CANDIDATE,
Michian,12,1,1,WSU,SINGLE_CANDIDATE,
Michigan J. Frog,2,1,1,LT,SINGLE_CANDIDATE,
Michin,12,1,1,WSU,SINGLE_CANDIDATE,
Mick Foley,12,1,1,WSU,SINGLE_CANDIDATE,
Mickey and the Roadster Racers,1,1,1,MM,SINGLE_CANDIDATE,
Mickey Gosh,1,1,1,MM,SINGLE_CANDIDATE,
Mickey Mouse,1,1,1,MM,SINGLE_CANDIDATE,
Mickey Mouse - Mickey`s Christmas Carol,1,1,1,MM,SINGLE_CANDIDATE,
Mickey Mouse - This Holiday,1,1,1,MM,SINGLE_CANDIDATE,
Mickey Mouse Adventure On The High Seas,1,1,1,MM,SINGLE_CANDIDATE,
Mickey Mouse Club House,1,1,1,MM,SINGLE_CANDIDATE,
Mickey Mouse Fan Club,1,1,1,MM,SINGLE_CANDIDATE,
Mickey Mouse Safari Club,1,1,1,MM,SINGLE_CANDIDATE,
Mickey`s 60th,1,1,1,MM,SINGLE_CANDIDATE,
Mickey`s World Tour,1,1,1,MM,SINGLE_CANDIDATE,
Micro,3,1,1,MG,SINGLE_CANDIDATE,
Midnight,2,1,1,JG,SINGLE_CANDIDATE,
Miek ( Marvel Studios: The Infinity Saga ),3,1,1,,NO_PROPERTY_CANDIDATE,
Mighty Angelo,2,1,1,LT,SINGLE_CANDIDATE,
Mighty Thor ( Marvel Studios Collection ),3,1,1,,NO_PROPERTY_CANDIDATE,
Mike,2,1,1,T9,SINGLE_CANDIDATE,
Mike Hanlon,2,1,1,T9,SINGLE_CANDIDATE,
Mike Hanlon as protrayed by Chosen Jacobs,2,1,1,T7,SINGLE_CANDIDATE,
Mike Rome,12,1,1,WSU,SINGLE_CANDIDATE,
Mike Rotunda,12,1,1,WSU,SINGLE_CANDIDATE,
Mike Teavee,2,1,1,,NO_PROPERTY_CANDIDATE,
Mikey Walsh,2,1,1,,NO_PROPERTY_CANDIDATE,
Mikhail Rasputin,3,1,1,XM,SINGLE_CANDIDATE,
Mikhlo ( Marvel Studios` Fantastic Four ),3,1,1,FFF,SINGLE_CANDIDATE,
Milagro Reyes,2,1,1,,NO_PROPERTY_CANDIDATE,
Mildred,2,1,1,,NO_PROPERTY_CANDIDATE,
Mileena,2,1,1,MB,SINGLE_CANDIDATE,
Miles Finch,2,1,1,EF,SINGLE_CANDIDATE,
Militant,3,1,1,MU,SINGLE_CANDIDATE,
Millicent,2,1,1,LT,SINGLE_CANDIDATE,
Millicent Bulstrode,2,1,1,HP,SINGLE_CANDIDATE,
Millie the Model ( Marvel Comics (Retro) ),3,1,1,MG,SINGLE_CANDIDATE,
Minah Bird,2,1,1,LT,SINGLE_CANDIDATE,
Mindblast ( Marvel Comics (Retro) ),3,1,1,MG,SINGLE_CANDIDATE,
Mindless Ones ( Marvel Comics (Retro) ),3,1,1,MG,SINGLE_CANDIDATE,
Mindworm ( Marvel Comics (Retro) ),3,1,1,MG,SINGLE_CANDIDATE,
Mini Queen,2,1,1,,NO_PROPERTY_CANDIDATE,
Minister Blood ( Marvel Comics (Retro) ),3,1,1,MG,SINGLE_CANDIDATE,
Minn-Erva ( Captain Marvel Movie ),3,1,1,CM,SINGLE_CANDIDATE,
Minnie Mouse,1,1,1,MM,SINGLE_CANDIDATE,
Minnie’s Happy Helpers,1,1,1,MM,SINGLE_CANDIDATE,
Minnie`s Bow-Toons,1,1,1,MM,SINGLE_CANDIDATE,
Minnies Bow-Tique,1,1,1,MM,SINGLE_CANDIDATE,
Minniesoda Fats,2,1,1,LT,SINGLE_CANDIDATE,
Mirage,3,1,1,MU,SINGLE_CANDIDATE,
Mirage ( Marvel Comics (Retro) ),3,1,1,MG,SINGLE_CANDIDATE,
Miranda Tate,2,1,1,BM,SINGLE_CANDIDATE,
Mischa The Slobovian Mouse,2,1,1,LT,SINGLE_CANDIDATE,
Misfit,2,1,1,BM,SINGLE_CANDIDATE,
Miss America,3,1,1,,NO_PROPERTY_CANDIDATE,
Miss America ( Marvel Comics (Retro) ),3,1,1,MG,SINGLE_CANDIDATE,
Miss America (America Chavez) ( Marvel Comics (Retro) ),3,1,1,MG,SINGLE_CANDIDATE,
Miss Elizabeth,12,1,1,WSU,SINGLE_CANDIDATE,
Miss Gulch,2,1,1,WZ,SINGLE_CANDIDATE,
Miss Minutes ( Marvel Studios Collection ),3,1,1,,NO_PROPERTY_CANDIDATE,
Miss Patriot,3,1,1,MU,SINGLE_CANDIDATE,
Miss Prissy,2,1,1,LT,SINGLE_CANDIDATE,
Miss. M.O.D.O.K.,3,1,1,MU,SINGLE_CANDIDATE,
Missandei,2,1,1,GT,SINGLE_CANDIDATE,
Missing Link ( Marvel Comics (Retro) ),3,1,1,MG,SINGLE_CANDIDATE,
Mister Abernathy,2,1,1,,NO_PROPERTY_CANDIDATE,
Mister Always Wants To Be Hunted,2,1,1,RK,SINGLE_CANDIDATE,
Mister America,2,1,1,JG,SINGLE_CANDIDATE,
Mister Beauregarde,2,1,1,,NO_PROPERTY_CANDIDATE,
Mister Boss,2,1,1,FN,SINGLE_CANDIDATE,
Mister Fantastic ( Marvel Studios` Avengers Doomsday ),3,1,1,,NO_PROPERTY_CANDIDATE,
Mister Fear ( Marvel Comics (Retro) ),3,1,1,MG,SINGLE_CANDIDATE,
Mister Goldenfold,2,1,1,RK,SINGLE_CANDIDATE,
Mister Graft,2,1,1,JG,SINGLE_CANDIDATE,
Mister Jip ( Marvel Comics (Retro) ),3,1,1,MG,SINGLE_CANDIDATE,
Mister Lucius Needful,2,1,1,RK,SINGLE_CANDIDATE,
Mister Mason,2,1,1,HP,SINGLE_CANDIDATE,
Mister Meeseeks,2,1,1,RK,SINGLE_CANDIDATE,
Mister Mind,2,1,1,JG,SINGLE_CANDIDATE,
Mister Nimbus,2,1,1,RK,SINGLE_CANDIDATE,
Mister Nobody,2,1,1,JG,SINGLE_CANDIDATE,
Mister Pig,2,1,1,,NO_PROPERTY_CANDIDATE,
Mister Poppybutthole,2,1,1,RK,SINGLE_CANDIDATE,
Mister Salt,2,1,1,,NO_PROPERTY_CANDIDATE,
Mister Slugworth,2,1,1,,NO_PROPERTY_CANDIDATE,
Mistress Love ( Marvel Comics (Retro) ),3,1,1,MG,SINGLE_CANDIDATE,
Misty Knight,3,1,1,MU,SINGLE_CANDIDATE,
Mockingbird ( Marvel Comics (Retro) ),3,1,1,MG,SINGLE_CANDIDATE,
Modesty Barebone,2,1,1,,NO_PROPERTY_CANDIDATE,
Modokpool,3,1,1,DP,SINGLE_CANDIDATE,
Mogo,2,1,1,GN,SINGLE_CANDIDATE,
Mohawk As Voiced By Frank Welker,2,1,1,,NO_PROPERTY_CANDIDATE,
Mojo,3,1,1,XM,SINGLE_CANDIDATE,
Mojo ( Marvel Comics (Retro) ),3,1,1,MG,SINGLE_CANDIDATE,
Mojo ( MS Disney Plus TV Shows ),1,1,1,,NO_PROPERTY_CANDIDATE,
MOJO JOJO,2,1,1,PW,SINGLE_CANDIDATE,
Mole Man ( Marvel Comics (Retro) ),3,1,1,MG,SINGLE_CANDIDATE,
Mole Man ( Marvel Studios` Fantastic Four ),3,1,1,FFF,SINGLE_CANDIDATE,
Mole Man`s Monsters ( Marvel Comics (Retro) ),3,1,1,MG,SINGLE_CANDIDATE,
Mole Man`s Monsters ( Marvel Studios` Fantastic Four ),3,1,1,FFF,SINGLE_CANDIDATE,
Molecule Man,3,1,1,MU,SINGLE_CANDIDATE,
Molecule Man ( Marvel Comics (Retro) ),3,1,1,MG,SINGLE_CANDIDATE,
Molly Holly,12,1,1,WSU,SINGLE_CANDIDATE,
Molly Weasley (Mrs.),2,1,1,HP,SINGLE_CANDIDATE,
Moloid ( Marvel Comics (Retro) ),3,1,1,MG,SINGLE_CANDIDATE,
Molten Man,3,1,1,MU,SINGLE_CANDIDATE,
Molten Man ( Marvel Comics (Retro) ),3,1,1,MG,SINGLE_CANDIDATE,
Mom,2,1,1,WT,SINGLE_CANDIDATE,
Mom As Voiced By Catherine Keener,2,1,1,WT,SINGLE_CANDIDATE,
Money in the Bank,12,1,1,WSU,SINGLE_CANDIDATE,
"Mongrain, Alison ( Marvel Comics (Retro) )",3,1,1,MG,SINGLE_CANDIDATE,
Mongu ( Marvel Comics (Retro) ),3,1,1,MG,SINGLE_CANDIDATE,
Monkey Joe ( Marvel Comics (Retro) ),3,1,1,MG,SINGLE_CANDIDATE,
Monkey Prince,2,1,1,JG,SINGLE_CANDIDATE,
Monsier Mallah,2,1,1,JG,SINGLE_CANDIDATE,
Monsieur Mallah,2,1,1,,NO_PROPERTY_CANDIDATE,
Montana ( Marvel Comics (Retro) ),3,1,1,MG,SINGLE_CANDIDATE,
Montez Ford,12,1,1,WSU,SINGLE_CANDIDATE,
Moon Dragon,3,1,1,MU,SINGLE_CANDIDATE,
Moon Dragon ( Marvel Comics (Retro) ),3,1,1,MG,SINGLE_CANDIDATE,
Moon Knight ( Marvel Comics (Retro) ),3,1,1,MG,SINGLE_CANDIDATE,
Moon Knight ( Marvel Studios Collection ),3,1,1,,NO_PROPERTY_CANDIDATE,
Moon-Boy,3,1,1,MU,SINGLE_CANDIDATE,
Moon-Boy ( Marvel Comics (Retro) ),3,1,1,MG,SINGLE_CANDIDATE,
Moondragon,3,1,1,MU,SINGLE_CANDIDATE,
Moondragon ( Marvel Comics (Retro) ),3,1,1,MG,SINGLE_CANDIDATE,
Moonstone,3,1,1,MU,SINGLE_CANDIDATE,
Moonstone ( Marvel Comics (Retro) ),3,1,1,MG,SINGLE_CANDIDATE,
"Morales, Miles ( Marvel Comics (Retro) )",3,1,1,MG,SINGLE_CANDIDATE,
"Morales, Miles (Venomized)",3,1,1,SP,SINGLE_CANDIDATE,
Morbius ( Marvel Comics (Retro) ),3,1,1,MG,SINGLE_CANDIDATE,
Morgan Le Fey,3,1,1,MU,SINGLE_CANDIDATE,
"Morgenthau, Karli ( Marvel Studios Collection )",3,1,1,,NO_PROPERTY_CANDIDATE,
Morillo,2,1,1,LT,SINGLE_CANDIDATE,
"Morita, Jim ( Marvel Comics (Retro) )",3,1,1,MG,SINGLE_CANDIDATE,
"Morita, Jim ( Marvel Studios: The Infinity Saga )",3,1,1,,NO_PROPERTY_CANDIDATE,
Morlun ( Marvel Comics (Retro) ),3,1,1,MG,SINGLE_CANDIDATE,
Mormont House Sigil,2,1,1,GT,SINGLE_CANDIDATE,
Morningstar,3,1,1,MU,SINGLE_CANDIDATE,
Morph ( MS Disney Plus TV Shows ),1,1,1,,NO_PROPERTY_CANDIDATE,
Morton,2,1,1,LT,SINGLE_CANDIDATE,
Morty,1,1,1,MM,SINGLE_CANDIDATE,
Morty Jr.,2,1,1,RK,SINGLE_CANDIDATE,
Morty Smith,2,1,1,RK,SINGLE_CANDIDATE,
Morwen ( Marvel Comics (Retro) ),3,1,1,MG,SINGLE_CANDIDATE,
Mosaic,3,1,1,MU,SINGLE_CANDIDATE,
Mosh,12,1,1,WSU,SINGLE_CANDIDATE,
Mot (Martian Baby),2,1,1,LT,SINGLE_CANDIDATE,
Mouse,2,1,1,LT,SINGLE_CANDIDATE,
Mousepool,3,1,1,DP,SINGLE_CANDIDATE,
Mowfus (Monster from the Lost Lagoon) ( Marvel Comics (Retro) ),3,1,1,MG,SINGLE_CANDIDATE,
MP,2,1,1,AQ,SINGLE_CANDIDATE,
Mr Perfect Curt Hennig,12,1,1,WSU,SINGLE_CANDIDATE,
Mr. Arthur Weasley,2,1,1,HP,SINGLE_CANDIDATE,
Mr. Bingley,2,1,1,,NO_PROPERTY_CANDIDATE,
Mr. Bumpo ( Marvel Comics (Retro) ),3,1,1,MG,SINGLE_CANDIDATE,
Mr. Fantastic ( Fantastic Four - Do Not Use ),3,1,1,FFF,SINGLE_CANDIDATE,
Mr. Fantastic ( Marvel Comics (Retro) ),3,1,1,MG,SINGLE_CANDIDATE,
Mr. Filch,2,1,1,HP,SINGLE_CANDIDATE,
Mr. Filch (Talent),2,1,1,HP,SINGLE_CANDIDATE,
Mr. Fix ( Marvel Comics (Retro) ),3,1,1,MG,SINGLE_CANDIDATE,
Mr. Fixit,3,1,1,MU,SINGLE_CANDIDATE,
Mr. Frog,2,1,1,FN,SINGLE_CANDIDATE,
Mr. Fuji,12,1,1,WSU,SINGLE_CANDIDATE,
Mr. Hyde,3,1,1,MU,SINGLE_CANDIDATE,
Mr. Hyde ( Marvel Comics (Retro) ),3,1,1,MG,SINGLE_CANDIDATE,
Mr. Lovebird,2,1,1,LT,SINGLE_CANDIDATE,
Mr. McMahon,12,1,1,WSU,SINGLE_CANDIDATE,
Mr. Olivander,2,1,1,HP,SINGLE_CANDIDATE,
Mr. Payback,3,1,1,MU,SINGLE_CANDIDATE,
Mr. Payback ( Marvel Comics (Retro) ),3,1,1,MG,SINGLE_CANDIDATE,
Mr. Perfect,12,1,1,WSU,SINGLE_CANDIDATE,
Mr. Sinister ( Marvel Comics (Retro) ),3,1,1,MG,SINGLE_CANDIDATE,
Mr. Sinister ( MS Disney Plus TV Shows ),1,1,1,,NO_PROPERTY_CANDIDATE,
Mr. Stone,12,1,1,WSU,SINGLE_CANDIDATE,
Mr. Wolff,2,1,1,LT,SINGLE_CANDIDATE,
Mr. Wonderful Paul Orndorff,12,1,1,WSU,SINGLE_CANDIDATE,
Mr. X,3,1,1,MU,SINGLE_CANDIDATE,
Mr. Zsasz,2,1,1,BM,SINGLE_CANDIDATE,
Mrs. Bucket as portayed by Diana Sowle,2,1,1,,NO_PROPERTY_CANDIDATE,
Mrs. Deagle,2,1,1,,NO_PROPERTY_CANDIDATE,
Mrs. Elmer Fudd,2,1,1,LT,SINGLE_CANDIDATE,
Mrs. Figg,2,1,1,HP,SINGLE_CANDIDATE,
Mrs. Gloop,2,1,1,,NO_PROPERTY_CANDIDATE,
Mrs. Gruesome,2,1,1,LT,SINGLE_CANDIDATE,
Mrs. Mason,2,1,1,HP,SINGLE_CANDIDATE,
Mrs. Scrubbit,2,1,1,,NO_PROPERTY_CANDIDATE,
Mrs. Sylvester Cat,2,1,1,LT,SINGLE_CANDIDATE,
Mrs. Teavee,2,1,1,,NO_PROPERTY_CANDIDATE,
Mrs. Weasley,2,1,1,HP,SINGLE_CANDIDATE,
Mrs. Weasley (Talent),2,1,1,HP,SINGLE_CANDIDATE,
MS Avengers Kang Dynasty (Gen) ( Marvel Studios` Avengers Kang Dynasty ),3,1,1,,NO_PROPERTY_CANDIDATE,
MS Avengers Kang Dynasty Logo ( Marvel Studios` Avengers Kang Dynasty ),3,1,1,,NO_PROPERTY_CANDIDATE,
MS Avengers Secret Wars Logo ( Marvel Studios` Avengers Secret Wars ),3,1,1,,NO_PROPERTY_CANDIDATE,
MS Captain America NWO Logo ( MS Captain America New World Order ),3,1,1,CA,SINGLE_CANDIDATE,
MS Disney Plus TV Shows,1,1,1,,NO_PROPERTY_CANDIDATE,
MS. KEANE,2,1,1,PW,SINGLE_CANDIDATE,
Ms. Marvel ( Marvel Comics (Retro) ),3,1,1,MG,SINGLE_CANDIDATE,
Ms. Marvel (Kamala Khan) ( Captain Marvel Movie 2 ),3,1,1,CM,SINGLE_CANDIDATE,
Ms. Marvel (Kamala Khan) ( Marvel Comics (Retro) ),3,1,1,MG,SINGLE_CANDIDATE,
Ms. Marvel (Kamala Khan) ( Marvel Studios Collection ),3,1,1,,NO_PROPERTY_CANDIDATE,
Mugsy,2,1,1,LT,SINGLE_CANDIDATE,
Muhammad Ali,12,1,1,WSU,SINGLE_CANDIDATE,
Multiple Man ( MS Disney Plus TV Shows ),1,1,1,,NO_PROPERTY_CANDIDATE,
Mummy Immigration Officer,2,1,1,BJ,SINGLE_CANDIDATE,
Munchkin Ballerina,2,1,1,WZ,SINGLE_CANDIDATE,
Munchkin Cottage,2,1,1,WZ,SINGLE_CANDIDATE,
Munchkin House,2,1,1,WZ,SINGLE_CANDIDATE,
Munk,2,1,1,GN,SINGLE_CANDIDATE,
"Murdock, Matt ( Marvel Comics (Retro) )",3,1,1,MG,SINGLE_CANDIDATE,
"Murdock, Matt ( Spider-Man Movie 2021 )",3,1,1,SP,SINGLE_CANDIDATE,
Murray Futterman,2,1,1,,NO_PROPERTY_CANDIDATE,
Muscle Princess,2,1,1,,NO_PROPERTY_CANDIDATE,
Muse ( MS Disney Plus TV Shows ),1,1,1,,NO_PROPERTY_CANDIDATE,
MVP,3,1,1,MU,SINGLE_CANDIDATE,
Myles Borne,12,1,1,WSU,SINGLE_CANDIDATE,
Mysaria,2,1,1,,NO_PROPERTY_CANDIDATE,
Mysterio ( Marvel Comics (Retro) ),3,1,1,MG,SINGLE_CANDIDATE,
Mysterio ( Spider-Man Movie 2021 ),3,1,1,SP,SINGLE_CANDIDATE,
Mystique ( Marvel Comics (Retro) ),3,1,1,MG,SINGLE_CANDIDATE,
Mystique ( Marvel Studios’ Avengers Doomsday ),3,1,1,,NO_PROPERTY_CANDIDATE,
Nadia,2,1,1,BJ,SINGLE_CANDIDATE,
Nagini,2,1,1,HP,SINGLE_CANDIDATE,
Najma ( MS Disney Plus TV Shows ),1,1,1,,NO_PROPERTY_CANDIDATE,
Nakia,3,1,1,MU,SINGLE_CANDIDATE,
Nakia ( Black Panther Movie 2 ),3,1,1,BP,SINGLE_CANDIDATE,
Nakia ( Marvel Studios Collection ),3,1,1,,NO_PROPERTY_CANDIDATE,
Name,2,1,1,FN,SINGLE_CANDIDATE,
Namor ( Marvel Comics (Retro) ),3,1,1,MG,SINGLE_CANDIDATE,
Namor ( Marvel Studios’ Avengers Doomsday ),3,1,1,,NO_PROPERTY_CANDIDATE,
Namor ( Marvels Black Panther Movie 2 ),3,1,1,BP,SINGLE_CANDIDATE,
Namor ( MS Disney Plus TV Shows ),1,1,1,,NO_PROPERTY_CANDIDATE,
Namora,3,1,1,MU,SINGLE_CANDIDATE,
Namora ( Marvel Comics (Retro) ),3,1,1,MG,SINGLE_CANDIDATE,
Namora ( Marvels Black Panther Movie 2 ),3,1,1,BP,SINGLE_CANDIDATE,
Namorita,3,1,1,MU,SINGLE_CANDIDATE,
Namorita ( Marvel Comics (Retro) ),3,1,1,MG,SINGLE_CANDIDATE,
Nana,2,1,1,,NO_PROPERTY_CANDIDATE,
Nanabozho ( Marvel Comics (Retro) ),3,1,1,MG,SINGLE_CANDIDATE,
Naomi,12,1,1,WSU,SINGLE_CANDIDATE,
Napoleon,2,1,1,LT,SINGLE_CANDIDATE,
Nargles,2,1,1,RK,SINGLE_CANDIDATE,
Nash Carter,12,1,1,WSU,SINGLE_CANDIDATE,
Nasty Canasta,2,1,1,LT,SINGLE_CANDIDATE,
Natalie Portman ( MS Disney Plus TV Shows ) - With Likeness,1,1,1,,NO_PROPERTY_CANDIDATE,
Natalya,12,1,1,WSU,SINGLE_CANDIDATE,
Natasha Romanoff,3,1,1,MU,SINGLE_CANDIDATE,
Nathan,2,1,1,TL,SINGLE_CANDIDATE,
Nathan Fraser,12,1,1,WSU,SINGLE_CANDIDATE,
Nathaniel Heywood,2,1,1,JG,SINGLE_CANDIDATE,
Nebula ( Marvel Studios Collection ),3,1,1,,NO_PROPERTY_CANDIDATE,
Necromancer as voiced by Benedict Cumberbatch,2,1,1,,NO_PROPERTY_CANDIDATE,
Negative Man,2,1,1,JG,SINGLE_CANDIDATE,
Nekra ( Marvel Comics (Retro) ),3,1,1,MG,SINGLE_CANDIDATE,
Nelly (Singing Giraffe),2,1,1,LT,SINGLE_CANDIDATE,
Nellys Mate,2,1,1,LT,SINGLE_CANDIDATE,
"Nelson, Foggy ( Marvel Comics (Retro) )",3,1,1,MG,SINGLE_CANDIDATE,
Nemesis (Heather Hudson),3,1,1,XM,SINGLE_CANDIDATE,
Nephew Of B.B. Wolf,2,1,1,LT,SINGLE_CANDIDATE,
Neptr,2,1,1,,NO_PROPERTY_CANDIDATE,
Nereus King of Xebel,2,1,1,JG,SINGLE_CANDIDATE,
Nero Lion,2,1,1,LT,SINGLE_CANDIDATE,
Neutron ( Marvel Comics (Retro) ),3,1,1,MG,SINGLE_CANDIDATE,
Neville Longbottom (Talent),2,1,1,HP,SINGLE_CANDIDATE,
New Age Outlaws,12,1,1,WSU,SINGLE_CANDIDATE,
New Asgard ( Marvel Studios Collection ),3,1,1,,NO_PROPERTY_CANDIDATE,
New Jack,12,1,1,WSU,SINGLE_CANDIDATE,
Newman,2,1,1,SN,SINGLE_CANDIDATE,
NEWMAZO,2,1,1,JG,SINGLE_CANDIDATE,
"Nguyen, Sha Shan ( Marvel Comics (Retro) )",3,1,1,MG,SINGLE_CANDIDATE,
Nia Jax,12,1,1,WSU,SINGLE_CANDIDATE,
Nibbles as Hufflepuff Fan,2,1,1,LT,SINGLE_CANDIDATE,
Nibbles as Superman,2,1,1,LT,SINGLE_CANDIDATE,
Nicepool ( Marvel Studios` Deadpool Movie 3 ),3,1,1,DP,SINGLE_CANDIDATE,
Nicholas Flamel,2,1,1,,NO_PROPERTY_CANDIDATE,
Nick Aldis,12,1,1,WSU,SINGLE_CANDIDATE,
Nick Fury ( Captain Marvel Movie 2 ),3,1,1,CM,SINGLE_CANDIDATE,
Nick Fury ( Marvel Comics (Retro) ),3,1,1,MG,SINGLE_CANDIDATE,
Nick Fury ( Marvel Studios Collection ),3,1,1,,NO_PROPERTY_CANDIDATE,
Nick Fury ( MS Disney Plus TV Shows ),1,1,1,,NO_PROPERTY_CANDIDATE,
Nick Miller,12,1,1,WSU,SINGLE_CANDIDATE,
Nigel (2Nd Year Look Out),2,1,1,HP,SINGLE_CANDIDATE,
Night In Gotham,2,1,1,BM,SINGLE_CANDIDATE,
Night Nurse,3,1,1,MU,SINGLE_CANDIDATE,
Night of Champions,12,1,1,WSU,SINGLE_CANDIDATE,
Night Rider,3,1,1,MU,SINGLE_CANDIDATE,
Night Rider ( Marvel Comics (Retro) ),3,1,1,MG,SINGLE_CANDIDATE,
Night Shocker ( Marvel Comics (Retro) ),3,1,1,MG,SINGLE_CANDIDATE,
Night Thrasher,3,1,1,MU,SINGLE_CANDIDATE,
Night`s Watch,2,1,1,GT,SINGLE_CANDIDATE,
Night`s Watch Motto (Word Mark),2,1,1,GT,SINGLE_CANDIDATE,
Nightcrawler ( Marvel Comics (Retro) ),3,1,1,MG,SINGLE_CANDIDATE,
Nightcrawler ( Marvel Studios’ Avengers Doomsday ),3,1,1,,NO_PROPERTY_CANDIDATE,
Nightcrawler ( MS Disney Plus TV Shows ),1,1,1,,NO_PROPERTY_CANDIDATE,
Nighthawk ( Marvel Comics (Retro) ),3,1,1,MG,SINGLE_CANDIDATE,
Nightmare,3,1,1,MU,SINGLE_CANDIDATE,
Nightmare ( Marvel Comics (Retro) ),3,1,1,MG,SINGLE_CANDIDATE,
Nightmare Batman,2,1,1,,NO_PROPERTY_CANDIDATE,
Nightmare Superman,2,1,1,,NO_PROPERTY_CANDIDATE,
Nightmask,3,1,1,MU,SINGLE_CANDIDATE,
Nightwatch,3,1,1,MU,SINGLE_CANDIDATE,
Nightwing (Classic),2,1,1,BM,SINGLE_CANDIDATE,
Nightwolf,2,1,1,MB,SINGLE_CANDIDATE,
Nikki,3,1,1,MU,SINGLE_CANDIDATE,
Nikki ( Marvel Comics (Retro) ),3,1,1,MG,SINGLE_CANDIDATE,
Nikki Bella,12,1,1,WSU,SINGLE_CANDIDATE,
Nikki Cross,12,1,1,WSU,SINGLE_CANDIDATE,
Nikkita Lyons,12,1,1,WSU,SINGLE_CANDIDATE,
Nikko,2,1,1,WZ,SINGLE_CANDIDATE,
Nikolai Volkoff,12,1,1,WSU,SINGLE_CANDIDATE,
Nimrod,3,1,1,XM,SINGLE_CANDIDATE,
Niran,2,1,1,,NO_PROPERTY_CANDIDATE,
NITIDA,2,1,1,JG,SINGLE_CANDIDATE,
Nitro,3,1,1,MU,SINGLE_CANDIDATE,
Nitro ( Marvel Comics (Retro) ),3,1,1,MG,SINGLE_CANDIDATE,
No Likeness,2,1,1,GGS,SINGLE_CANDIDATE,
Noam Dar,12,1,1,WSU,SINGLE_CANDIDATE,
Nocturne,3,1,1,XM,SINGLE_CANDIDATE,
Noh-Varr,3,1,1,MU,SINGLE_CANDIDATE,
Nomad,3,1,1,MU,SINGLE_CANDIDATE,
Nomad ( Marvel Comics (Retro) ),3,1,1,MG,SINGLE_CANDIDATE,
Noob Noob,2,1,1,RK,SINGLE_CANDIDATE,
Noob Saibot,2,1,1,MB,SINGLE_CANDIDATE,
Noodle,2,1,1,,NO_PROPERTY_CANDIDATE,
Nora Fries,2,1,1,BM,SINGLE_CANDIDATE,
Norman McCay,2,1,1,JG,SINGLE_CANDIDATE,
Norman Riley,12,1,1,WSU,SINGLE_CANDIDATE,
Norman Smiley,12,1,1,WSU,SINGLE_CANDIDATE,
Norrin Radd,3,1,1,MU,SINGLE_CANDIDATE,
Northstar,3,1,1,MU,SINGLE_CANDIDATE,
Nosferata,3,1,1,MU,SINGLE_CANDIDATE,
Nova ( Marvel Comics (Retro) ),3,1,1,MG,SINGLE_CANDIDATE,
Nova (Frankie Raye),3,1,1,FFF,SINGLE_CANDIDATE,
Nova Prime,3,1,1,MU,SINGLE_CANDIDATE,
Nova Prime ( Marvel Studios: The Infinity Saga ),3,1,1,,NO_PROPERTY_CANDIDATE,
"Nova, Cassandra ( Marvel Studios` Deadpool Movie 3 )",3,1,1,DP,SINGLE_CANDIDATE,
"Nova, Cassandra ( X-Me Classic )",3,1,1,XM,SINGLE_CANDIDATE,
Nuclear Ghoul Witch,2,1,1,RK,SINGLE_CANDIDATE,
Nul,3,1,1,MU,SINGLE_CANDIDATE,
Nunzumel the Think-Giver,2,1,1,RK,SINGLE_CANDIDATE,
Nurse,2,1,1,NE,SINGLE_CANDIDATE,
nWo,12,1,1,WSU,SINGLE_CANDIDATE,
NXT,12,1,1,WSU,SINGLE_CANDIDATE,
NXT Title,12,1,1,WSU,SINGLE_CANDIDATE,
O.B. (Ouroboros) ( MS Disney Plus TV Shows ),1,1,1,,NO_PROPERTY_CANDIDATE,
O`Mike (Leprechaun),2,1,1,LT,SINGLE_CANDIDATE,
O`Pat (Leprechaun),2,1,1,LT,SINGLE_CANDIDATE,
Oba Femi,12,1,1,WSU,SINGLE_CANDIDATE,
Obadiah Stane,3,1,1,MU,SINGLE_CANDIDATE,
Oberon,2,1,1,JG,SINGLE_CANDIDATE,
Oberyn Martell,2,1,1,GT,SINGLE_CANDIDATE,
Obnoxio the Clown,3,1,1,MU,SINGLE_CANDIDATE,
Occultist,2,1,1,C1,SINGLE_CANDIDATE,
Ocho,2,1,1,RK,SINGLE_CANDIDATE,
"Octavius, Otto ( Marvel Comics (Retro) )",3,1,1,MG,SINGLE_CANDIDATE,
Odin,3,1,1,MU,SINGLE_CANDIDATE,
Odin ( Marvel Comics (Retro) ),3,1,1,MG,SINGLE_CANDIDATE,
Odyssey Jones,12,1,1,WSU,SINGLE_CANDIDATE,
"Ogord, Aleta ( Marvel Comics (Retro) )",3,1,1,MG,SINGLE_CANDIDATE,
Okoye ( Marvel Studios Collection ),3,1,1,,NO_PROPERTY_CANDIDATE,
Okoye ( MS Disney Plus TV Shows ),1,1,1,,NO_PROPERTY_CANDIDATE,
Old King Thor,3,1,1,MU,SINGLE_CANDIDATE,
Old Man Logan,3,1,1,XM,SINGLE_CANDIDATE,
Old Man Logan ( Marvel Studios` Deadpool Movie 3 ),3,1,1,DP,SINGLE_CANDIDATE,
Olenna Tyrell,2,1,1,GT,SINGLE_CANDIDATE,
Olga,2,1,1,BJ,SINGLE_CANDIDATE,
Oliver Wood (Talent),2,1,1,HP,SINGLE_CANDIDATE,
Ollie Owl,2,1,1,LT,SINGLE_CANDIDATE,
Ollivander,2,1,1,HP,SINGLE_CANDIDATE,
OMAC,2,1,1,JG,SINGLE_CANDIDATE,
Omega Red,3,1,1,XM,SINGLE_CANDIDATE,
Omega Red ( Marvel Comics (Retro) ),3,1,1,MG,SINGLE_CANDIDATE,
Omos,12,1,1,WSU,SINGLE_CANDIDATE,
One Hundred and One Dalmatians,1,1,1,CP,SINGLE_CANDIDATE,
One Ring,2,1,1,LR,SINGLE_CANDIDATE,
Oney Lorcan,12,1,1,WSU,SINGLE_CANDIDATE,
Onslaught,3,1,1,XM,SINGLE_CANDIDATE,
Orange Princess,2,1,1,,NO_PROPERTY_CANDIDATE,
Orb ( Marvel Comics (Retro) ),3,1,1,MG,SINGLE_CANDIDATE,
Orchard Apple Tree,2,1,1,WZ,SINGLE_CANDIDATE,
Orell,2,1,1,GT,SINGLE_CANDIDATE,
Original Periwinkle,2,1,1,WD,SINGLE_CANDIDATE,
Orloni,3,1,1,MU,SINGLE_CANDIDATE,
Orrgo,3,1,1,MU,SINGLE_CANDIDATE,
Orville,2,1,1,LT,SINGLE_CANDIDATE,
"Osborn, Harry ( Marvel Comics (Retro) )",3,1,1,MG,SINGLE_CANDIDATE,
"Osborn, Norman ( Marvel Comics (Retro) )",3,1,1,MG,SINGLE_CANDIDATE,
Osha,2,1,1,GT,SINGLE_CANDIDATE,
Osiris,3,1,1,MU,SINGLE_CANDIDATE,
Otho,2,1,1,BJ,SINGLE_CANDIDATE,
Otis,12,1,1,WSU,SINGLE_CANDIDATE,
Otto Hightower,2,1,1,,NO_PROPERTY_CANDIDATE,
Overdrive ( Marvel Comics (Retro) ),3,1,1,MG,SINGLE_CANDIDATE,
Override ( Marvel Comics (Retro) ),3,1,1,MG,SINGLE_CANDIDATE,
Owl,3,1,1,MU,SINGLE_CANDIDATE,
Owl ( Marvel Comics (Retro) ),3,1,1,MG,SINGLE_CANDIDATE,
Owl Man,2,1,1,JG,SINGLE_CANDIDATE,
Ox ( Marvel Comics (Retro) ),3,1,1,MG,SINGLE_CANDIDATE,
"Page, Karen ( Marvel Comics (Retro) )",3,1,1,MG,SINGLE_CANDIDATE,
Paige,12,1,1,WSU,SINGLE_CANDIDATE,
Palace Guard,2,1,1,WZ,SINGLE_CANDIDATE,
Paladin,3,1,1,MU,SINGLE_CANDIDATE,
"Palmer, Christine ( Marvel Studios Collection )",3,1,1,,NO_PROPERTY_CANDIDATE,
"Palmer, Christine ( Marvel Studios: The Infinity Saga )",3,1,1,,NO_PROPERTY_CANDIDATE,
Pam Isley,2,1,1,,NO_PROPERTY_CANDIDATE,
Pandapool,3,1,1,DP,SINGLE_CANDIDATE,
Papa Elf,2,1,1,EF,SINGLE_CANDIDATE,
Papa Shango,12,1,1,WSU,SINGLE_CANDIDATE,
Parademon,2,1,1,SM,SINGLE_CANDIDATE,
Parademons,2,1,1,,NO_PROPERTY_CANDIDATE,
Parasyte Robot,2,1,1,RK,SINGLE_CANDIDATE,
Pariah,2,1,1,JG,SINGLE_CANDIDATE,
"Parker, Ben ( Marvel Comics (Retro) )",3,1,1,MG,SINGLE_CANDIDATE,
"Parker, May ( Marvel Comics (Retro) )",3,1,1,MG,SINGLE_CANDIDATE,
"Parker, Peni ( Marvel Comics (Retro) )",3,1,1,MG,SINGLE_CANDIDATE,
"Parker, Peter ( Marvel Comics (Retro) )",3,1,1,MG,SINGLE_CANDIDATE,
Party Bear,2,1,1,,NO_PROPERTY_CANDIDATE,
Party God,2,1,1,,NO_PROPERTY_CANDIDATE,
Party Pat,2,1,1,,NO_PROPERTY_CANDIDATE,
Party Time Mickey,1,1,1,MM,SINGLE_CANDIDATE,
Pasquale,2,1,1,LT,SINGLE_CANDIDATE,
PASTE MONSTER,2,1,1,PW,SINGLE_CANDIDATE,
Pat McAfee,12,1,1,WSU,SINGLE_CANDIDATE,
Pat Patterson,12,1,1,WSU,SINGLE_CANDIDATE,
Patch,3,1,1,XM,SINGLE_CANDIDATE,
Patch ( Marvel Studios` Deadpool Movie 3 ),3,1,1,DP,SINGLE_CANDIDATE,
Patriot ( Marvel Comics (Retro) ),3,1,1,MG,SINGLE_CANDIDATE,
Patriot (Rayshaun Lucas),3,1,1,MU,SINGLE_CANDIDATE,
Patsy Walker,3,1,1,MU,SINGLE_CANDIDATE,
PAUL,2,1,1,LB,SINGLE_CANDIDATE,
Paul Bearer,12,1,1,WSU,SINGLE_CANDIDATE,
Paul Heyman,12,1,1,WSU,SINGLE_CANDIDATE,
Pavitir Prabhakar,3,1,1,MU,SINGLE_CANDIDATE,
PB,2,1,1,,NO_PROPERTY_CANDIDATE,
Peanut Princess,2,1,1,,NO_PROPERTY_CANDIDATE,
Peeves,2,1,1,HP,SINGLE_CANDIDATE,
Peeves The Poltergeist,2,1,1,HP,SINGLE_CANDIDATE,
Peggy Carter,3,1,1,MU,SINGLE_CANDIDATE,
Peggy Hodgson,2,1,1,C3,SINGLE_CANDIDATE,
Penance,3,1,1,MU,SINGLE_CANDIDATE,
Pencilvester,2,1,1,RK,SINGLE_CANDIDATE,
Penelope,2,1,1,LT,SINGLE_CANDIDATE,
Penguins,2,1,1,,NO_PROPERTY_CANDIDATE,
PENGUINS SUBMARINE,2,1,1,BM,SINGLE_CANDIDATE,
Penina Tuilaepa,12,1,1,WSU,SINGLE_CANDIDATE,
Pennywise as protrayed by Bill Skarsgard,2,1,1,T7,SINGLE_CANDIDATE,
PENNYWISE THE CLOWN,2,1,1,T7,SINGLE_CANDIDATE,
Penta,12,1,1,WSU,SINGLE_CANDIDATE,
Peotor,3,1,1,FFF,SINGLE_CANDIDATE,
Pepe Le Pew,2,1,1,LT,SINGLE_CANDIDATE,
Pepper Potts,3,1,1,MU,SINGLE_CANDIDATE,
Peppermint Butler,2,1,1,,NO_PROPERTY_CANDIDATE,
Percy,2,1,1,,NO_PROPERTY_CANDIDATE,
Percy Weasley (Talent),2,1,1,HP,SINGLE_CANDIDATE,
Perils Of Mickey,1,1,1,MM,SINGLE_CANDIDATE,
Periwinkle,2,1,1,WD,SINGLE_CANDIDATE,
Pete Dunne,12,1,1,WSU,SINGLE_CANDIDATE,
Pete Puma,2,1,1,LT,SINGLE_CANDIDATE,
Pete Williams,12,1,1,WSU,SINGLE_CANDIDATE,
Pete`s Dragon - General (No Name Likeness Voice Royalty),1,1,1,,NO_PROPERTY_CANDIDATE,
Peter (Peterpool) ( Marvel Studios` Deadpool Movie 3 ),3,1,1,DP,SINGLE_CANDIDATE,
Peter Porker,3,1,1,MU,SINGLE_CANDIDATE,
Petunia Pig,2,1,1,LT,SINGLE_CANDIDATE,
Petyr ``Littlefinger`` Baelish,2,1,1,GT,SINGLE_CANDIDATE,
Peyton Royce,12,1,1,WSU,SINGLE_CANDIDATE,
Phalanx,2,1,1,JG,SINGLE_CANDIDATE,
Phalanx,3,1,1,MU,SINGLE_CANDIDATE,
Phantom ( Marvel Comics (Retro) ),3,1,1,MG,SINGLE_CANDIDATE,
Phantom Rider ( Marvel Comics (Retro) ),3,1,1,MG,SINGLE_CANDIDATE,
Phantom Stranger,2,1,1,JG,SINGLE_CANDIDATE,
Phastos ( Marvel Studios Collection ),3,1,1,,NO_PROPERTY_CANDIDATE,
Philbert,2,1,1,LT,SINGLE_CANDIDATE,
Phineas (Portrait),2,1,1,HP,SINGLE_CANDIDATE,
Phobos,3,1,1,MU,SINGLE_CANDIDATE,
Phoebe Buffay as Supergirl,2,1,1,FN,SINGLE_CANDIDATE,
Phoenix ( Marvel Comics (Retro) ),3,1,1,MG,SINGLE_CANDIDATE,
Phoenix Person,2,1,1,RK,SINGLE_CANDIDATE,
Photon ( Captain Marvel Movie 2 ),3,1,1,CM,SINGLE_CANDIDATE,
Pickle Rick,2,1,1,RK,SINGLE_CANDIDATE,
"Pierce, Alexander ( Marvel Comics (Retro) )",3,1,1,MG,SINGLE_CANDIDATE,
"Pierce, Alexander ( Marvel Studios: The Infinity Saga )",3,1,1,,NO_PROPERTY_CANDIDATE,
Piers (Dudleys Gang),2,1,1,HP,SINGLE_CANDIDATE,
Pietro (Wandavision) ( MS Disney Plus TV Shows ),1,1,1,,NO_PROPERTY_CANDIDATE,
Piledriver ( Marvel Comics (Retro) ),3,1,1,MG,SINGLE_CANDIDATE,
Pim Pimling,2,1,1,FN,SINGLE_CANDIDATE,
Pincer Beetle,2,1,1,,NO_PROPERTY_CANDIDATE,
"Pinkerton, Percival ``Pinky`` ( Marvel Comics (Retro) )",3,1,1,MG,SINGLE_CANDIDATE,
Piper Benz,2,1,1,,NO_PROPERTY_CANDIDATE,
Piper Niven,12,1,1,WSU,SINGLE_CANDIDATE,
Piratepool,3,1,1,DP,SINGLE_CANDIDATE,
Piratepool ( Marvel Studios` Deadpool Movie 3 ),3,1,1,DP,SINGLE_CANDIDATE,
Pirates 3: At Worlds End - Aztec Coin (Element Only 3D),1,1,1,,NO_PROPERTY_CANDIDATE,
Pirates 3: At Worlds End - B Nighy (Davy Jones),1,1,1,,NO_PROPERTY_CANDIDATE,
Pirates 3: At Worlds End - Black Pearl Ship with Name 3D,1,1,1,,NO_PROPERTY_CANDIDATE,
Pirates 3: At Worlds End - C Yun-Fat (Sao Feng),1,1,1,,NO_PROPERTY_CANDIDATE,
Pirates 3: At Worlds End - G Rush (Capt Barbossa),1,1,1,,NO_PROPERTY_CANDIDATE,
Pirates 3: At Worlds End - J Davenport (Como J Norrington),1,1,1,,NO_PROPERTY_CANDIDATE,
Pirates 3: At Worlds End - J Depp (Capt Jack Sparrow),1,1,1,,NO_PROPERTY_CANDIDATE,
Pirates 3: At Worlds End - J Pryce (Gov Swann),1,1,1,,NO_PROPERTY_CANDIDATE,
Pirates 3: At Worlds End - Jack Monkey Likeness,1,1,1,,NO_PROPERTY_CANDIDATE,
Pirates 3: At Worlds End - K Knightley (Elizabeth Swann),1,1,1,,NO_PROPERTY_CANDIDATE,
Pirates 3: At Worlds End - K Mcnally (Joshamee Gibbs),1,1,1,,NO_PROPERTY_CANDIDATE,
Pirates 3: At Worlds End - K Richards (Teague Sparrow),1,1,1,,NO_PROPERTY_CANDIDATE,
Pirates 3: At Worlds End - L Arenberg (Pintel),1,1,1,,NO_PROPERTY_CANDIDATE,
Pirates 3: At Worlds End - M Cook (Ragetti),1,1,1,,NO_PROPERTY_CANDIDATE,
Pirates 3: At Worlds End - N Harris (Tia Dalma),1,1,1,,NO_PROPERTY_CANDIDATE,
Pirates 3: At Worlds End - Norton (Capt Bellamy),1,1,1,,NO_PROPERTY_CANDIDATE,
Pirates 3: At Worlds End - O Bloom (Will Turner),1,1,1,,NO_PROPERTY_CANDIDATE,
Pirates 3: At Worlds End - S Skarsgard (Bootstrap Bill),1,1,1,,NO_PROPERTY_CANDIDATE,
Pirates 3: At Worlds End - T Hollander (Lord Beckett),1,1,1,,NO_PROPERTY_CANDIDATE,
Pirates 4: On Stranger Tides - Anjelica and Barbossa,1,1,1,,NO_PROPERTY_CANDIDATE,
Pirates 4: On Stranger Tides - Anjelica and Blackbeard,1,1,1,,NO_PROPERTY_CANDIDATE,
Pirates 4: On Stranger Tides - G Rush (Barbossa),1,1,1,,NO_PROPERTY_CANDIDATE,
Pirates 4: On Stranger Tides - I McShane (Blackbeard),1,1,1,,NO_PROPERTY_CANDIDATE,
Pirates 4: On Stranger Tides - J Depp (Jack Sparrow),1,1,1,,NO_PROPERTY_CANDIDATE,
Pirates 4: On Stranger Tides - Jack Sparrow and Anjelica,1,1,1,,NO_PROPERTY_CANDIDATE,
Pirates 4: On Stranger Tides - Jack Sparrow and Barbossa,1,1,1,,NO_PROPERTY_CANDIDATE,
Pirates 4: On Stranger Tides - Jack Sparrow and Blackbeard,1,1,1,,NO_PROPERTY_CANDIDATE,
Pirates 4: On Stranger Tides - Jack Sparrow and Gibbs,1,1,1,,NO_PROPERTY_CANDIDATE,
Pirates 4: On Stranger Tides - Jack Sparrow and King George,1,1,1,,NO_PROPERTY_CANDIDATE,
Pirates 4: On Stranger Tides - Jack Sparrow and Philip,1,1,1,,NO_PROPERTY_CANDIDATE,
Pirates 4: On Stranger Tides - Jack Sparrow and Scrum,1,1,1,,NO_PROPERTY_CANDIDATE,
Pirates 4: On Stranger Tides - K McNally (Gibbs),1,1,1,,NO_PROPERTY_CANDIDATE,
Pirates 4: On Stranger Tides - P Cruz (Anjelica),1,1,1,,NO_PROPERTY_CANDIDATE,
Pirates 4: On Stranger Tides - R Griffiths (King George),1,1,1,,NO_PROPERTY_CANDIDATE,
Pirates 4: On Stranger Tides - S Clafin (Philip),1,1,1,,NO_PROPERTY_CANDIDATE,
Pirates 4: On Stranger Tides - S Graham (Scrum),1,1,1,,NO_PROPERTY_CANDIDATE,
Pirates 5: Dead Men Tell No Tales - Brenton Thwaites (Henry Turner),1,1,1,,NO_PROPERTY_CANDIDATE,
Pirates 5: Dead Men Tell No Tales - Geoffrey Rush (Capt. Barbosa),1,1,1,,NO_PROPERTY_CANDIDATE,
Pirates 5: Dead Men Tell No Tales - Golshifteh Farahani (Shansa),1,1,1,,NO_PROPERTY_CANDIDATE,
Pirates 5: Dead Men Tell No Tales - Jack Monkey in Ghost Form Only,1,1,1,,NO_PROPERTY_CANDIDATE,
Pirates 5: Dead Men Tell No Tales - Javier Bardem (Capt. Salazar),1,1,1,,NO_PROPERTY_CANDIDATE,
Pirates 5: Dead Men Tell No Tales - Johnny Depp (Jack Sparrow),1,1,1,,NO_PROPERTY_CANDIDATE,
Pirates 5: Dead Men Tell No Tales - Kaya Scodelario (Carina),1,1,1,,NO_PROPERTY_CANDIDATE,
Pirates 5: Dead Men Tell No Tales - Kevin McNally (Joshamee Gibbs),1,1,1,,NO_PROPERTY_CANDIDATE,
Pirates 5: Dead Men Tell No Tales - Orlando Bloom (Will Turner),1,1,1,,NO_PROPERTY_CANDIDATE,
Pirates 5: Dead Men Tell No Tales - Stephen Graham (Scrum),1,1,1,,NO_PROPERTY_CANDIDATE,
Pirates of the Caribbean,1,1,1,,NO_PROPERTY_CANDIDATE,
Pirates Of The Caribbean - Aztec Coin (Element Only 3D),1,1,1,,NO_PROPERTY_CANDIDATE,
Pirates Of The Caribbean - Black Pearl Ship With Name 3D,1,1,1,,NO_PROPERTY_CANDIDATE,
Pirates Of The Caribbean - Jack Monkey Likeness,1,1,1,,NO_PROPERTY_CANDIDATE,
Pirates of the Caribbean-Brye Cooper (Mallot),1,1,1,,NO_PROPERTY_CANDIDATE,
Pirates of the Caribbean-Geoffrey Rush (Captain Barbossa),1,1,1,,NO_PROPERTY_CANDIDATE,
Pirates of the Caribbean-Isaac C. Singleton (Bo`sun),1,1,1,,NO_PROPERTY_CANDIDATE,
Pirates of the Caribbean-J Depp (Jack),1,1,1,,NO_PROPERTY_CANDIDATE,
Pirates of the Caribbean-Jonathan Pryce (Governor Swann),1,1,1,,NO_PROPERTY_CANDIDATE,
Pirates of the Caribbean-Keira Knightley (Elizabeth Swann),1,1,1,,NO_PROPERTY_CANDIDATE,
Pirates of the Caribbean-Kevin McNally (Joshamee Gibbs),1,1,1,,NO_PROPERTY_CANDIDATE,
Pirates of the Caribbean-Lee Arenberg (Pintel),1,1,1,,NO_PROPERTY_CANDIDATE,
"Pirates of the Caribbean-Michael Berry, Jr. (Twigg)",1,1,1,,NO_PROPERTY_CANDIDATE,
Pirates of the Caribbean-O Bloom (Will),1,1,1,,NO_PROPERTY_CANDIDATE,
Pirates of the Caribbean-Treva Etienne (Koehler),1,1,1,,NO_PROPERTY_CANDIDATE,
Pirates of the Caribbean-Trevor Goddard (Grapple),1,1,1,,NO_PROPERTY_CANDIDATE,
Pirates of the Caribbean-Zoe Saldana (Anamaria),1,1,1,,NO_PROPERTY_CANDIDATE,
Pirates: Dead Man`s Chest - A Norton (Capt Bellamy),1,1,1,,NO_PROPERTY_CANDIDATE,
Pirates: Dead Man`s Chest - Aztec coin (element only 3-D),1,1,1,,NO_PROPERTY_CANDIDATE,
Pirates: Dead Man`s Chest - B Nighy (Davy Jones),1,1,1,,NO_PROPERTY_CANDIDATE,
Pirates: Dead Man`s Chest - Black Pearl ship with name 3-D,1,1,1,,NO_PROPERTY_CANDIDATE,
Pirates: Dead Man`s Chest - G Rush (Capt Barbossa),1,1,1,,NO_PROPERTY_CANDIDATE,
Pirates: Dead Man`s Chest - J Davenport (Como J Norrington),1,1,1,,NO_PROPERTY_CANDIDATE,
Pirates: Dead Man`s Chest - J Depp (Capt Jack Sparrow),1,1,1,,NO_PROPERTY_CANDIDATE,
Pirates: Dead Man`s Chest - J Pryce (Gov Swann),1,1,1,,NO_PROPERTY_CANDIDATE,
Pirates: Dead Man`s Chest - Jack Monkey likeness,1,1,1,,NO_PROPERTY_CANDIDATE,
Pirates: Dead Man`s Chest - K Knightley (Elizabeth Swann),1,1,1,,NO_PROPERTY_CANDIDATE,
Pirates: Dead Man`s Chest - K Mcnally (Joshamee Gibbs),1,1,1,,NO_PROPERTY_CANDIDATE,
Pirates: Dead Man`s Chest - L Arenberg (Pintel),1,1,1,,NO_PROPERTY_CANDIDATE,
Pirates: Dead Man`s Chest - M Cook (Ragetti),1,1,1,,NO_PROPERTY_CANDIDATE,
Pirates: Dead Man`s Chest - N Harris (Tia Dalma),1,1,1,,NO_PROPERTY_CANDIDATE,
Pirates: Dead Man`s Chest - O Bloom (Will Turner),1,1,1,,NO_PROPERTY_CANDIDATE,
Pirates: Dead Man`s Chest - S Skarsgard (Bootstrap Bill),1,1,1,,NO_PROPERTY_CANDIDATE,
Pixar Collection - A Bugs Life,1,1,1,,NO_PROPERTY_CANDIDATE,
Pixar Collection - Adventures of Andre and Wally B,1,1,1,,NO_PROPERTY_CANDIDATE,
Pixar Collection - Boundin`,1,1,1,,NO_PROPERTY_CANDIDATE,
Pixar Collection - Brave,1,1,1,,NO_PROPERTY_CANDIDATE,
Pixar Collection - BugLife FindNemo MonsterInc Incredible ToyStory,1,1,1,,NO_PROPERTY_CANDIDATE,
Pixar Collection - BugLife FindNemo Ratatouille Incredible ToyStory,1,1,1,,NO_PROPERTY_CANDIDATE,
Pixar Collection - BugLife Nemo Mon Ratat Incredi ToyStory UP,1,1,1,,NO_PROPERTY_CANDIDATE,
Pixar Collection - BugLife Nemo Mon Ratat Incredi ToyStory UP WallE,1,1,1,,NO_PROPERTY_CANDIDATE,
Pixar Collection - BugLife Nemo Monster Incredible ToyStory UP WallE,1,1,1,,NO_PROPERTY_CANDIDATE,
Pixar Collection - Cars,1,1,1,,NO_PROPERTY_CANDIDATE,
"Pixar Collection - Cars, Inside Out",1,1,1,,NO_PROPERTY_CANDIDATE,
Pixar Collection - Day and Night,1,1,1,,NO_PROPERTY_CANDIDATE,
Pixar Collection - Finding Dory,1,1,1,,NO_PROPERTY_CANDIDATE,
Pixar Collection - Finding Nemo,1,1,1,,NO_PROPERTY_CANDIDATE,
Pixar Collection - Finding Nemo Monsters Inc Incredibles Toy Story,1,1,1,,NO_PROPERTY_CANDIDATE,
Pixar Collection - Finding Nemo Monsters Inc Toy Story,1,1,1,,NO_PROPERTY_CANDIDATE,
Pixar Collection - Finding Nemo Monsters Inc Toy Story Cars,1,1,1,,NO_PROPERTY_CANDIDATE,
Pixar Collection - FindingNemo ToyStory UP WallE,1,1,1,,NO_PROPERTY_CANDIDATE,
Pixar Collection - For the Birds,1,1,1,,NO_PROPERTY_CANDIDATE,
Pixar Collection - Geri`s Game,1,1,1,,NO_PROPERTY_CANDIDATE,
Pixar Collection - Good Dinosaur,1,1,1,,NO_PROPERTY_CANDIDATE,
Pixar Collection - Incredi Rat Nemo MonInc ToyStory,1,1,1,,NO_PROPERTY_CANDIDATE,
Pixar Collection - Incredi Rat Nemo MonInc ToyStory BugLife,1,1,1,,NO_PROPERTY_CANDIDATE,
Pixar Collection - Incredi Rat Nemo MonInc ToyStory UP WallE,1,1,1,,NO_PROPERTY_CANDIDATE,
Pixar Collection - Incredi Rat Nemo MonU ToyStory Bugs Up WallE,1,1,1,,NO_PROPERTY_CANDIDATE,
Pixar Collection - Incredi Rat Nemo MonU ToyStory BugsLife WallE,1,1,1,,NO_PROPERTY_CANDIDATE,
Pixar Collection - Incredible Rataouile MonstersInc ToyStory BugLife,1,1,1,,NO_PROPERTY_CANDIDATE,
Pixar Collection - Incredibles BugsLife Ratatouille,1,1,1,,NO_PROPERTY_CANDIDATE,
Pixar Collection - Incredibles MonstersInc ToyStory,1,1,1,,NO_PROPERTY_CANDIDATE,
Pixar Collection - Incredibles Ratatouille MonstersInc ToyStory,1,1,1,,NO_PROPERTY_CANDIDATE,
Pixar Collection - Inside Out,1,1,1,,NO_PROPERTY_CANDIDATE,
Pixar Collection - Jack Jack Attack,1,1,1,,NO_PROPERTY_CANDIDATE,
Pixar Collection - Knick Knack,1,1,1,,NO_PROPERTY_CANDIDATE,
Pixar Collection - La Luna,1,1,1,,NO_PROPERTY_CANDIDATE,
Pixar Collection - Lifted,1,1,1,,NO_PROPERTY_CANDIDATE,
Pixar Collection - Luxo Jr,1,1,1,,NO_PROPERTY_CANDIDATE,
Pixar Collection - Mike`s New Car,1,1,1,,NO_PROPERTY_CANDIDATE,
Pixar Collection - Monsters Inc,1,1,1,,NO_PROPERTY_CANDIDATE,
Pixar Collection - Monsters University,1,1,1,,NO_PROPERTY_CANDIDATE,
Pixar Collection - MonstersInc Ratatouille Incredibles ToyStory UP,1,1,1,,NO_PROPERTY_CANDIDATE,
Pixar Collection - MonstersInc ToyStory BugsLife WallE,1,1,1,,NO_PROPERTY_CANDIDATE,
Pixar Collection - One Man Band,1,1,1,,NO_PROPERTY_CANDIDATE,
Pixar Collection - Partly Cloudy,1,1,1,,NO_PROPERTY_CANDIDATE,
Pixar Collection - Presto,1,1,1,,NO_PROPERTY_CANDIDATE,
Pixar Collection - Ratatouille,1,1,1,,NO_PROPERTY_CANDIDATE,
Pixar Collection - Red`s Dream,1,1,1,,NO_PROPERTY_CANDIDATE,
Pixar Collection - The Blue Umbrella,1,1,1,,NO_PROPERTY_CANDIDATE,
Pixar Collection - The Incredibles,1,1,1,,NO_PROPERTY_CANDIDATE,
Pixar Collection - Tin Toy,1,1,1,,NO_PROPERTY_CANDIDATE,
Pixar Collection - Toy Story,1,1,1,,NO_PROPERTY_CANDIDATE,
Pixar Collection - Up,1,1,1,,NO_PROPERTY_CANDIDATE,
Pixar Collection - Wall-E,1,1,1,,NO_PROPERTY_CANDIDATE,
Pizzicato Pussycat,2,1,1,LT,SINGLE_CANDIDATE,
Plasmus,2,1,1,,NO_PROPERTY_CANDIDATE,
Plastic Man,2,1,1,JG,SINGLE_CANDIDATE,
Platypool,3,1,1,DP,SINGLE_CANDIDATE,
Playboy Penguin,2,1,1,LT,SINGLE_CANDIDATE,
Plumbus,2,1,1,RK,SINGLE_CANDIDATE,
Pluto,1,1,1,MM,SINGLE_CANDIDATE,
Pluto ( Marvel Comics (Retro) ),3,1,1,MG,SINGLE_CANDIDATE,
Podrick Payne,2,1,1,GT,SINGLE_CANDIDATE,
Polar Express Name,2,1,1,XP,SINGLE_CANDIDATE,
Polaris ( Marvel Comics (Retro) ),3,1,1,MG,SINGLE_CANDIDATE,
Polaris ( MS Disney Plus TV Shows ),1,1,1,,NO_PROPERTY_CANDIDATE,
Polka Dot Man,2,1,1,,NO_PROPERTY_CANDIDATE,
Polka Dot Man's Mom,2,1,1,,NO_PROPERTY_CANDIDATE,
Poopool,3,1,1,DP,SINGLE_CANDIDATE,
Porcupine ( Marvel Comics (Retro) ),3,1,1,MG,SINGLE_CANDIDATE,
Porcupine ( MS Disney Plus TV Shows ),1,1,1,,NO_PROPERTY_CANDIDATE,
Porky Pig,2,1,1,LT,SINGLE_CANDIDATE,
Porky Pig as Aquaman,2,1,1,JG,SINGLE_CANDIDATE,
Porky Pig as Hufflepuff Fan,2,1,1,LT,SINGLE_CANDIDATE,
Porky Pig as Robin,2,1,1,LT,SINGLE_CANDIDATE,
Porky Pig as Superman,2,1,1,LT,SINGLE_CANDIDATE,
Portal Troop,3,1,1,GM,SINGLE_CANDIDATE,
"Porter, John ( Marvel Comics (Retro) )",3,1,1,MG,SINGLE_CANDIDATE,
Post,3,1,1,MU,SINGLE_CANDIDATE,
"Potts, Patricia Pepper",3,1,1,MU,SINGLE_CANDIDATE,
"Potts, Patricia Pepper ( Marvel Comics (Retro) )",3,1,1,MG,SINGLE_CANDIDATE,
"Potts, Virgil ( Marvel Comics (Retro) )",3,1,1,MG,SINGLE_CANDIDATE,
Power Broker,3,1,1,MU,SINGLE_CANDIDATE,
Power Broker ( MS Disney Plus TV Shows ),1,1,1,,NO_PROPERTY_CANDIDATE,
Power Girl,2,1,1,JG,SINGLE_CANDIDATE,
Power Man,2,1,1,JG,SINGLE_CANDIDATE,
Power Man ( Marvel Comics (Retro) ),3,1,1,MG,SINGLE_CANDIDATE,
Power Princess Zarda,3,1,1,AV,SINGLE_CANDIDATE,
Power Ring,2,1,1,JG,SINGLE_CANDIDATE,
Power Woman,2,1,1,JG,SINGLE_CANDIDATE,
Prank,2,1,1,BA,SINGLE_CANDIDATE,
Predator,2,1,1,GN,SINGLE_CANDIDATE,
President,2,1,1,RK,SINGLE_CANDIDATE,
Priest,2,1,1,,NO_PROPERTY_CANDIDATE,
Prince Daemon Targaryen,2,1,1,,NO_PROPERTY_CANDIDATE,
Prince Gumball,2,1,1,,NO_PROPERTY_CANDIDATE,
Princess - Other,1,1,1,PN,SINGLE_CANDIDATE,
Princess Bubblegum,2,1,1,,NO_PROPERTY_CANDIDATE,
Princess Cookie,2,1,1,,NO_PROPERTY_CANDIDATE,
Princess Princess Princess,2,1,1,,NO_PROPERTY_CANDIDATE,
Princess Rhaenyra Targaryen,2,1,1,,NO_PROPERTY_CANDIDATE,
Princess Rhaenys Velaryon,2,1,1,,NO_PROPERTY_CANDIDATE,
Princesses,1,1,1,PN,SINGLE_CANDIDATE,
Principal Vagina,2,1,1,RK,SINGLE_CANDIDATE,
Prismo,2,1,1,,NO_PROPERTY_CANDIDATE,
Prodigy,3,1,1,MU,SINGLE_CANDIDATE,
Prodnose,2,1,1,,NO_PROPERTY_CANDIDATE,
Prof. Dippet,2,1,1,HP,SINGLE_CANDIDATE,
Prof. Dumbledore (Talent),2,1,1,HP,SINGLE_CANDIDATE,
Prof. Flitwick (Talent),2,1,1,HP,SINGLE_CANDIDATE,
Prof. Gilderoy Lockhart,2,1,1,HP,SINGLE_CANDIDATE,
Prof. Mcgonagall,2,1,1,HP,SINGLE_CANDIDATE,
Prof. Quirrell,2,1,1,HP,SINGLE_CANDIDATE,
Prof. Quirrell (Talent),2,1,1,HP,SINGLE_CANDIDATE,
Prof. Snape,2,1,1,HP,SINGLE_CANDIDATE,
Professor Calvin Q. Calculus,2,1,1,LT,SINGLE_CANDIDATE,
Professor Emil Hamilton,2,1,1,SM,SINGLE_CANDIDATE,
Professor Eulalie Hicks,2,1,1,,NO_PROPERTY_CANDIDATE,
Professor Filius Flitwick,2,1,1,HP,SINGLE_CANDIDATE,
Professor Grubbly-Plank,2,1,1,HP,SINGLE_CANDIDATE,
Professor Hugo Strange,2,1,1,BM,SINGLE_CANDIDATE,
Professor Ivo,2,1,1,JG,SINGLE_CANDIDATE,
Professor Marvel,2,1,1,WZ,SINGLE_CANDIDATE,
Professor Power ( Marvel Comics (Retro) ),3,1,1,MG,SINGLE_CANDIDATE,
Professor Pyg,2,1,1,BM,SINGLE_CANDIDATE,
Professor Remus Lupin,2,1,1,HP,SINGLE_CANDIDATE,
Professor Trelawney,2,1,1,HP,SINGLE_CANDIDATE,
PROFESSOR UTONIUM,2,1,1,PW,SINGLE_CANDIDATE,
Professor X ( Marvel Comics (Retro) ),3,1,1,MG,SINGLE_CANDIDATE,
Professor X ( Marvel Studios’ Avengers Doomsday ),3,1,1,,NO_PROPERTY_CANDIDATE,
Professor X ( MS Disney Plus TV Shows ),1,1,1,,NO_PROPERTY_CANDIDATE,
Prometheius,2,1,1,JG,SINGLE_CANDIDATE,
Prometheus,2,1,1,BM,SINGLE_CANDIDATE,
Protector,3,1,1,MU,SINGLE_CANDIDATE,
Proteus,3,1,1,MU,SINGLE_CANDIDATE,
Prowler ( Marvel Comics (Retro) ),3,1,1,MG,SINGLE_CANDIDATE,
Proxima Midnight,3,1,1,MU,SINGLE_CANDIDATE,
Proxima Midnight ( Marvel Studios Collection ),3,1,1,,NO_PROPERTY_CANDIDATE,
"Pryde, Kitty ( Marvel Comics (Retro) )",3,1,1,MG,SINGLE_CANDIDATE,
Psimon,2,1,1,JG,SINGLE_CANDIDATE,
Psycho Man,3,1,1,MU,SINGLE_CANDIDATE,
Psycho Man ( Marvel Comics (Retro) ),3,1,1,MG,SINGLE_CANDIDATE,
Psycho-Pirate,2,1,1,JG,SINGLE_CANDIDATE,
Psylocke ( Marvel Comics (Retro) ),3,1,1,MG,SINGLE_CANDIDATE,
Psylocke ( MS Disney Plus TV Shows ),1,1,1,,NO_PROPERTY_CANDIDATE,
Public Eye Officer ( Marvel Comics (Retro) ),3,1,1,MG,SINGLE_CANDIDATE,
Puck,3,1,1,MU,SINGLE_CANDIDATE,
Puma,3,1,1,MU,SINGLE_CANDIDATE,
Puma ( Marvel Comics (Retro) ),3,1,1,MG,SINGLE_CANDIDATE,
Punchline,2,1,1,BM,SINGLE_CANDIDATE,
Punisher ( Marvel Comics (Retro) ),3,1,1,MG,SINGLE_CANDIDATE,
Punisher ( MS Disney Plus TV Shows ),1,1,1,,NO_PROPERTY_CANDIDATE,
Punisher (Venomized),3,1,1,SP,SINGLE_CANDIDATE,
Punisher 2099,3,1,1,GM,SINGLE_CANDIDATE,
Punkinhead Martin (Hillbilly Martins),2,1,1,LT,SINGLE_CANDIDATE,
Puppet Master ( Marvel Comics (Retro) ),3,1,1,MG,SINGLE_CANDIDATE,
Puppet Master ( Marvel Studios` Fantastic Four ),3,1,1,FFF,SINGLE_CANDIDATE,
Puppy,2,1,1,LT,SINGLE_CANDIDATE,
Puppy Krypto,2,1,1,SG,SINGLE_CANDIDATE,
"Pupstruction - Strangely Parked Productions, LLC",1,1,1,,NO_PROPERTY_CANDIDATE,
Purifiers,3,1,1,XM,SINGLE_CANDIDATE,
Purple Man,3,1,1,MU,SINGLE_CANDIDATE,
Purple Man ( Marvel Comics (Retro) ),3,1,1,MG,SINGLE_CANDIDATE,
Purple Princess,2,1,1,,NO_PROPERTY_CANDIDATE,
Pussyfoot,2,1,1,LT,SINGLE_CANDIDATE,
Putty Tat,2,1,1,LT,SINGLE_CANDIDATE,
Pyat Pree,2,1,1,GT,SINGLE_CANDIDATE,
Pym Particle ( Marvel Studios Collection ),3,1,1,,NO_PROPERTY_CANDIDATE,
Pym Particle ( Marvel Studios` Ant-Man Wasp Quantumania ),3,1,1,,NO_PROPERTY_CANDIDATE,
"Pym, Hank ( Marvel Comics (Retro) )",3,1,1,MG,SINGLE_CANDIDATE,
"Pym, Hank ( Marvel Studios: The Infinity Saga )",3,1,1,,NO_PROPERTY_CANDIDATE,
Pyro,3,1,1,XM,SINGLE_CANDIDATE,
Quan Chi,2,1,1,MB,SINGLE_CANDIDATE,
Quasar,3,1,1,MU,SINGLE_CANDIDATE,
Quasar ( Marvel Comics (Retro) ),3,1,1,MG,SINGLE_CANDIDATE,
Quasimodo ( Marvel Comics (Retro) ),3,1,1,MG,SINGLE_CANDIDATE,
Queen ( Marvel Comics (Retro) ),3,1,1,MG,SINGLE_CANDIDATE,
Queen Hippolyta,2,1,1,WW,SINGLE_CANDIDATE,
Queen Rina,2,1,1,AQ,SINGLE_CANDIDATE,
Queenie as portrayed by Alison Sudol,2,1,1,,NO_PROPERTY_CANDIDATE,
Quentin,2,1,1,NE,SINGLE_CANDIDATE,
Quentin Quail,2,1,1,LT,SINGLE_CANDIDATE,
Query And Echo,2,1,1,BM,SINGLE_CANDIDATE,
Quick Brown Fox,2,1,1,LT,SINGLE_CANDIDATE,
Quicksilver ( Marvel Comics (Retro) ),3,1,1,MG,SINGLE_CANDIDATE,
Quicksilver ( Marvel Studios Collection ),3,1,1,,NO_PROPERTY_CANDIDATE,
Quinjet ( Marvel Comics (Retro) ),3,1,1,MG,SINGLE_CANDIDATE,
Quizz,2,1,1,BA,SINGLE_CANDIDATE,
Quotes,2,1,1,BM,SINGLE_CANDIDATE,
R-Truth,12,1,1,WSU,SINGLE_CANDIDATE,
Rachel Grey,3,1,1,XM,SINGLE_CANDIDATE,
Rachel With No Character Likeness,2,1,1,BM,SINGLE_CANDIDATE,
Radioactive Man,3,1,1,MU,SINGLE_CANDIDATE,
Radioactive Man ( Marvel Comics (Retro) ),3,1,1,MG,SINGLE_CANDIDATE,
Ragman,2,1,1,JG,SINGLE_CANDIDATE,
Ragnarok,3,1,1,MU,SINGLE_CANDIDATE,
Raider ( Marvel Comics (Retro) ),3,1,1,MG,SINGLE_CANDIDATE,
Ralph Phillips,2,1,1,LT,SINGLE_CANDIDATE,
Ralph Wolf,2,1,1,LT,SINGLE_CANDIDATE,
"Ralston, Robert ``Rebel`` ( Marvel Comics (Retro) )",3,1,1,MG,SINGLE_CANDIDATE,
Rama-Tut (Nathaniel Richards),3,1,1,MU,SINGLE_CANDIDATE,
"Rambeau, Maria ( Captain Marvel Movie )",3,1,1,CM,SINGLE_CANDIDATE,
"Rambeau, Maria ( Marvel Studios: The Infinity Saga )",3,1,1,,NO_PROPERTY_CANDIDATE,
"Rambeau, Monica ( Captain Marvel Movie 2 )",3,1,1,CM,SINGLE_CANDIDATE,
"Rambeau, Monica ( Marvel Comics (Retro) )",3,1,1,MG,SINGLE_CANDIDATE,
Ramonda,3,1,1,MU,SINGLE_CANDIDATE,
Ramonda ( Marvel Studios Collection ),3,1,1,,NO_PROPERTY_CANDIDATE,
Ramonda ( Marvels Black Panther Movie 2 ),3,1,1,BP,SINGLE_CANDIDATE,
Ramonda ( MS Disney Plus TV Shows ),1,1,1,,NO_PROPERTY_CANDIDATE,
"Ramos, Nikki ( MS Disney Plus TV Shows )",1,1,1,,NO_PROPERTY_CANDIDATE,
Ramsay Bolton,2,1,1,GT,SINGLE_CANDIDATE,
Rand,2,1,1,,NO_PROPERTY_CANDIDATE,
Randau ( Marvel Comics (Retro) ),3,1,1,MG,SINGLE_CANDIDATE,
Randy Orton,12,1,1,WSU,SINGLE_CANDIDATE,
Raquel Rodriguez,12,1,1,WSU,SINGLE_CANDIDATE,
Ras Al Ghul,2,1,1,BM,SINGLE_CANDIDATE,
Ras Al Ghul With No Character Likeness,2,1,1,BM,SINGLE_CANDIDATE,
Rast,2,1,1,GT,SINGLE_CANDIDATE,
Ratatoskr,3,1,1,MU,SINGLE_CANDIDATE,
Ratcatcher,2,1,1,BM,SINGLE_CANDIDATE,
Ratcatcher 2,2,1,1,,NO_PROPERTY_CANDIDATE,
Rattled Rooster,2,1,1,LT,SINGLE_CANDIDATE,
Rattleshirt,2,1,1,GT,SINGLE_CANDIDATE,
Raul Mendoza,12,1,1,WSU,SINGLE_CANDIDATE,
Ravager,2,1,1,,NO_PROPERTY_CANDIDATE,
Raven Darkholme,3,1,1,MU,SINGLE_CANDIDATE,
Ravenous ( Marvel Comics (Retro) ),3,1,1,MG,SINGLE_CANDIDATE,
Ravishing Rick Rude,12,1,1,WSU,SINGLE_CANDIDATE,
Ravonna,3,1,1,MU,SINGLE_CANDIDATE,
Rawhide Kid,3,1,1,MU,SINGLE_CANDIDATE,
Rawhide Kid ( Marvel Comics (Retro) ),3,1,1,MG,SINGLE_CANDIDATE,
Ray II,2,1,1,JG,SINGLE_CANDIDATE,
Raza ( Marvel Comics (Retro) ),3,1,1,MG,SINGLE_CANDIDATE,
Razdal mo Eraz,2,1,1,GT,SINGLE_CANDIDATE,
Raze (Claire Dixon),3,1,1,MU,SINGLE_CANDIDATE,
Razor Fist ( Marvel Studios Collection ),3,1,1,,NO_PROPERTY_CANDIDATE,
Razor Ramon,12,1,1,WSU,SINGLE_CANDIDATE,
Razorback ( Marvel Comics (Retro) ),3,1,1,MG,SINGLE_CANDIDATE,
Reader,3,1,1,MU,SINGLE_CANDIDATE,
Rebecca Welton,2,1,1,TL,SINGLE_CANDIDATE,
Receptionist,2,1,1,BJ,SINGLE_CANDIDATE,
Reckoning,12,1,1,WSU,SINGLE_CANDIDATE,
Recorder ( Marvel Comics (Retro) ),3,1,1,MG,SINGLE_CANDIDATE,
Red,2,1,1,LT,SINGLE_CANDIDATE,
Red Arrow,2,1,1,JG,SINGLE_CANDIDATE,
Red Arrow and Red Lantern,2,1,1,GN,SINGLE_CANDIDATE,
RED CANARY,2,1,1,JG,SINGLE_CANDIDATE,
Red Dagger ( MS Disney Plus TV Shows ),1,1,1,,NO_PROPERTY_CANDIDATE,
Red Ghost ( Marvel Comics (Retro) ),3,1,1,MG,SINGLE_CANDIDATE,
Red Ghost ( Marvel Studios` Fantastic Four ),3,1,1,FFF,SINGLE_CANDIDATE,
Red Goblin,3,1,1,MU,SINGLE_CANDIDATE,
Red Guardian,3,1,1,MU,SINGLE_CANDIDATE,
Red Guardian ( Marvel Comics (Retro) ),3,1,1,MG,SINGLE_CANDIDATE,
Red Guardian ( Marvel Comics (Retro) ) - DO NOT USE,3,1,1,MG,SINGLE_CANDIDATE,
Red Guardian ( Marvel Studios’ Avengers Doomsday ),3,1,1,,NO_PROPERTY_CANDIDATE,
Red Guardian ( Marvel Studios` Thunderbolts ),3,1,1,,NO_PROPERTY_CANDIDATE,
Red Hood and the Outlaws,2,1,1,JG,SINGLE_CANDIDATE,
Red Hot Ryder,2,1,1,LT,SINGLE_CANDIDATE,
Red Hot Ryder Horse,2,1,1,LT,SINGLE_CANDIDATE,
Red Hulk ( Marvel Comics (Retro) ),3,1,1,MG,SINGLE_CANDIDATE,
Red King,3,1,1,MU,SINGLE_CANDIDATE,
Red Norvell,3,1,1,MU,SINGLE_CANDIDATE,
Red Raven,3,1,1,MU,SINGLE_CANDIDATE,
Red Raven ( Marvel Comics (Retro) ),3,1,1,MG,SINGLE_CANDIDATE,
Red Riding Hood,2,1,1,LT,SINGLE_CANDIDATE,
Red Rooster,12,1,1,WSU,SINGLE_CANDIDATE,
Red Skull ( Marvel Comics (Retro) ),3,1,1,MG,SINGLE_CANDIDATE,
Red Skull ( MS Disney Plus TV Shows ),1,1,1,,NO_PROPERTY_CANDIDATE,
Red Tornado III,2,1,1,JG,SINGLE_CANDIDATE,
Red Vulture,3,1,1,SP,SINGLE_CANDIDATE,
Red Widow,3,1,1,MU,SINGLE_CANDIDATE,
Red Wolf,3,1,1,MU,SINGLE_CANDIDATE,
Red Wolf ( Marvel Comics (Retro) ),3,1,1,MG,SINGLE_CANDIDATE,
Redbird aka Racecar,2,1,1,BA,SINGLE_CANDIDATE,
Redbird aka Robinmobile (vehicle),2,1,1,JG,SINGLE_CANDIDATE,
REDBIRD MOTORCYCLE,2,1,1,BM,SINGLE_CANDIDATE,
Redhead Girl,2,1,1,XP,SINGLE_CANDIDATE,
Redwing ( Marvel Comics (Retro) ),3,1,1,MG,SINGLE_CANDIDATE,
Regan,2,1,1,EX,SINGLE_CANDIDATE,
Reginald,2,1,1,RK,SINGLE_CANDIDATE,
RENE MONTOYA,2,1,1,BM,SINGLE_CANDIDATE,
Renee Young,12,1,1,WSU,SINGLE_CANDIDATE,
Renly Baratheon,2,1,1,GT,SINGLE_CANDIDATE,
Replicus ( Marvel Comics (Retro) ),3,1,1,MG,SINGLE_CANDIDATE,
Reptil,3,1,1,MU,SINGLE_CANDIDATE,
Reptil ( Marvel Comics (Retro) ),3,1,1,MG,SINGLE_CANDIDATE,
Rescue,3,1,1,MU,SINGLE_CANDIDATE,
Rescue ( Marvel Studios Collection ),3,1,1,,NO_PROPERTY_CANDIDATE,
Retrieving data. Wait a few seconds and try to cut or copy again.,3,1,1,MG,SINGLE_CANDIDATE,
Rex Ruthor,2,1,1,,NO_PROPERTY_CANDIDATE,
Rey Fenix,12,1,1,WSU,SINGLE_CANDIDATE,
Rey Mysterio,12,1,1,WSU,SINGLE_CANDIDATE,
Rezar,12,1,1,WSU,SINGLE_CANDIDATE,
Rhaegar Targaryen,2,1,1,GT,SINGLE_CANDIDATE,
Rhaena Targaryen,2,1,1,,NO_PROPERTY_CANDIDATE,
Rhea Ripley,12,1,1,WSU,SINGLE_CANDIDATE,
Rhino ( Marvel Comics (Retro) ),3,1,1,MG,SINGLE_CANDIDATE,
"Rhodes, James ``Rhodey``",3,1,1,MU,SINGLE_CANDIDATE,
"Rhodes, James ``Rhodey`` ( Marvel Comics (Retro) )",3,1,1,MG,SINGLE_CANDIDATE,
"Rhodes, James ``Rhodey`` ( Marvel Studios Collection )",3,1,1,,NO_PROPERTY_CANDIDATE,
"Rhodes, James ``Rhodey`` ( MS Disney Plus TV Shows )",1,1,1,,NO_PROPERTY_CANDIDATE,
"Rhodes, Roberta ( Marvel Comics (Retro) )",3,1,1,MG,SINGLE_CANDIDATE,
Rhyno,12,1,1,WSU,SINGLE_CANDIDATE,
Rhys Ifans - Curt Conners -Lizard ( Spider-Man Movie 2021 ) - With Likeness,3,1,1,SP,SINGLE_CANDIDATE,
Ricardio,2,1,1,,NO_PROPERTY_CANDIDATE,
Rich Santos,2,1,1,WD,SINGLE_CANDIDATE,
Richard (Data) Wang,2,1,1,,NO_PROPERTY_CANDIDATE,
Richard Parker,3,1,1,SP,SINGLE_CANDIDATE,
"Richards, Franklin ( Marvel Comics (Retro) )",3,1,1,MG,SINGLE_CANDIDATE,
Richie Tozier,2,1,1,T7,SINGLE_CANDIDATE,
"Richtofen, Molly Von ( Marvel Comics (Retro) )",3,1,1,MG,SINGLE_CANDIDATE,
Rick Boogs,12,1,1,WSU,SINGLE_CANDIDATE,
Rick Flag,2,1,1,,NO_PROPERTY_CANDIDATE,
Rick Jones,3,1,1,MU,SINGLE_CANDIDATE,
Rick Sanchez,2,1,1,RK,SINGLE_CANDIDATE,
Rick Steiner,12,1,1,WSU,SINGLE_CANDIDATE,
Rickard Karstark,2,1,1,GT,SINGLE_CANDIDATE,
Ricklets,2,1,1,RK,SINGLE_CANDIDATE,
Rickon Stark,2,1,1,GT,SINGLE_CANDIDATE,
Ricky Saints,12,1,1,WSU,SINGLE_CANDIDATE,
Ricochet,12,1,1,WSU,SINGLE_CANDIDATE,
Rictor,3,1,1,XM,SINGLE_CANDIDATE,
Riddle,12,1,1,WSU,SINGLE_CANDIDATE,
Riddler aka Ed Nygma,2,1,1,BM,SINGLE_CANDIDATE,
Riddler aka Edward Nashton,2,1,1,BM,SINGLE_CANDIDATE,
Riddler Cycle,2,1,1,BM,SINGLE_CANDIDATE,
Ridge Holland,12,1,1,WSU,SINGLE_CANDIDATE,
Rik Flagg,2,1,1,,NO_PROPERTY_CANDIDATE,
Rikishi,12,1,1,WSU,SINGLE_CANDIDATE,
Ringmaster,3,1,1,MU,SINGLE_CANDIDATE,
Ringmaster ( Marvel Comics (Retro) ),3,1,1,MG,SINGLE_CANDIDATE,
Rintrah,3,1,1,MU,SINGLE_CANDIDATE,
Rio Morales,3,1,1,MU,SINGLE_CANDIDATE,
Riot,3,1,1,MU,SINGLE_CANDIDATE,
Riot,2,1,1,SM,SINGLE_CANDIDATE,
Riot (Symbiote,3,1,1,,NO_PROPERTY_CANDIDATE,
Risotto Groupon,2,1,1,RK,SINGLE_CANDIDATE,
Rita Skeeter,2,1,1,HP,SINGLE_CANDIDATE,
ROACH COACH,2,1,1,PW,SINGLE_CANDIDATE,
Road Dogg,12,1,1,WSU,SINGLE_CANDIDATE,
Road Runner as Flash,2,1,1,LT,SINGLE_CANDIDATE,
Road Runner as Hufflepuff Fan,2,1,1,LT,SINGLE_CANDIDATE,
Rob,2,1,1,WT,SINGLE_CANDIDATE,
Rob As Voiced By Mark Ruffalo,2,1,1,WT,SINGLE_CANDIDATE,
Rob Van Dam,12,1,1,WSU,SINGLE_CANDIDATE,
Robb Stark,2,1,1,GT,SINGLE_CANDIDATE,
Robbie Reyes,3,1,1,MU,SINGLE_CANDIDATE,
Robert,2,1,1,LT,SINGLE_CANDIDATE,
Robert Baratheon,2,1,1,GT,SINGLE_CANDIDATE,
Robert Downey Jr - Iron Man ( Spider-Man Movie 2017 ) - With Likeness,3,1,1,SP,SINGLE_CANDIDATE,
"Robert Downey Jr - Stark, Tony ( Spider-Man Movie 2017 ) - With Likeness",3,1,1,SP,SINGLE_CANDIDATE,
Robert Roode,12,1,1,WSU,SINGLE_CANDIDATE,
Robert Stone,12,1,1,WSU,SINGLE_CANDIDATE,
Roberto ( MS Disney Plus TV Shows ),1,1,1,,NO_PROPERTY_CANDIDATE,
"Robertson, Robbie ( Marvel Comics (Retro) )",3,1,1,MG,SINGLE_CANDIDATE,
ROBIN (1966 ANIMATED CHARACTER),2,1,1,BM,SINGLE_CANDIDATE,
Robin (Dick Grayson),2,1,1,BM,SINGLE_CANDIDATE,
Robin aka Damian Wayne,2,1,1,JG,SINGLE_CANDIDATE,
Robin aka Duke Thomas,2,1,1,BA,SINGLE_CANDIDATE,
Robotman aka Clifford Steele,2,1,1,JG,SINGLE_CANDIDATE,
Robotman aka Robert Crane,2,1,1,JG,SINGLE_CANDIDATE,
Robotman III,2,1,1,JG,SINGLE_CANDIDATE,
Rocio Reyes,2,1,1,,NO_PROPERTY_CANDIDATE,
Rocket Raccoon ( Marvel Comics (Retro) ),3,1,1,MG,SINGLE_CANDIDATE,
Rocket Raccoon ( Marvel Studios Collection ),3,1,1,,NO_PROPERTY_CANDIDATE,
Rocket Raccoon ( MS Disney Plus TV Shows ),1,1,1,,NO_PROPERTY_CANDIDATE,
Rocket Racer,3,1,1,MU,SINGLE_CANDIDATE,
Rocket Racer ( Marvel Comics (Retro) ),3,1,1,MG,SINGLE_CANDIDATE,
Rocky,2,1,1,LT,SINGLE_CANDIDATE,
Rocky Johnson,12,1,1,WSU,SINGLE_CANDIDATE,
Rod Zapata,12,1,1,WSU,SINGLE_CANDIDATE,
Roderick Strong,12,1,1,WSU,SINGLE_CANDIDATE,
Rodrik Cassel,2,1,1,GT,SINGLE_CANDIDATE,
Roger Perron as portrayed Ron Livingston,2,1,1,C3,SINGLE_CANDIDATE,
"Rogers, Steve ( Marvel Comics (Retro) )",3,1,1,MG,SINGLE_CANDIDATE,
"Rogers, Steve ( Marvel Studios` Captain Marvel 2 )",3,1,1,CM,SINGLE_CANDIDATE,
Rogue ( Marvel Comics (Retro) ),3,1,1,MG,SINGLE_CANDIDATE,
Rogue ( MS Disney Plus TV Shows ),1,1,1,,NO_PROPERTY_CANDIDATE,
Roman Reigns,12,1,1,WSU,SINGLE_CANDIDATE,
"Romanoff, Natasha ( Marvel Comics (Retro) )",3,1,1,MG,SINGLE_CANDIDATE,
Romantic Adventures ( Marvel Comics (Retro) ),3,1,1,MG,SINGLE_CANDIDATE,
Rommbu ( Marvel Comics (Retro) ),3,1,1,MG,SINGLE_CANDIDATE,
Ron Killings,12,1,1,WSU,SINGLE_CANDIDATE,
Ron Simmons,12,1,1,WSU,SINGLE_CANDIDATE,
Ronan the Accuser ( Captain Marvel Movie 2 ),3,1,1,CM,SINGLE_CANDIDATE,
Ronan the Accuser ( Marvel Comics (Retro) ),3,1,1,MG,SINGLE_CANDIDATE,
Ronin ( Marvel Comics (Retro) ),3,1,1,MG,SINGLE_CANDIDATE,
Ronnie Grogan,2,1,1,WD,SINGLE_CANDIDATE,
Rookwood (Death Eater),2,1,1,HP,SINGLE_CANDIDATE,
Roose Bolton,2,1,1,GT,SINGLE_CANDIDATE,
Rory,2,1,1,BJ,SINGLE_CANDIDATE,
Rory Gilmore,2,1,1,GGS,SINGLE_CANDIDATE,
Ros,2,1,1,GT,SINGLE_CANDIDATE,
"Rose And Thorn, Rose Forrest",2,1,1,SM,SINGLE_CANDIDATE,
Rose Cotton,2,1,1,LR,SINGLE_CANDIDATE,
Rosey,12,1,1,WSU,SINGLE_CANDIDATE,
Roslin Frey,2,1,1,GT,SINGLE_CANDIDATE,
Ross Gellar,2,1,1,FN,SINGLE_CANDIDATE,
Ross Geller,2,1,1,FN,SINGLE_CANDIDATE,
"Ross, Betty ( Marvel Comics (Retro) )",3,1,1,MG,SINGLE_CANDIDATE,
"Ross, Betty ( Marvel Studios: The Infinity Saga )",3,1,1,,NO_PROPERTY_CANDIDATE,
"Ross, Everett ( Marvel Studios Collection )",3,1,1,,NO_PROPERTY_CANDIDATE,
"Ross, Everett ( Marvels Black Panther Movie 2 )",3,1,1,BP,SINGLE_CANDIDATE,
"Ross, Everett ( MS Disney Plus TV Shows )",1,1,1,,NO_PROPERTY_CANDIDATE,
Rover,2,1,1,LT,SINGLE_CANDIDATE,
Rowan Atkinson,2,1,1,,NO_PROPERTY_CANDIDATE,
Rowdy Roddy Piper,12,1,1,WSU,SINGLE_CANDIDATE,
ROWDY ROUGH BOYS,2,1,1,PW,SINGLE_CANDIDATE,
Roxanne Perez,12,1,1,WSU,SINGLE_CANDIDATE,
Roxxon ( Marvel Comics (Retro) ),3,1,1,MG,SINGLE_CANDIDATE,
Roxy Rocket,2,1,1,BM,SINGLE_CANDIDATE,
Roy Kent,2,1,1,TL,SINGLE_CANDIDATE,
Royal Rumble,12,1,1,WSU,SINGLE_CANDIDATE,
Royal Talon Fighter ( Marvel Comics (Retro) ),3,1,1,MG,SINGLE_CANDIDATE,
Royce Keys,12,1,1,WSU,SINGLE_CANDIDATE,
"Rozum, Bart ( Marvel Comics (Retro) )",3,1,1,MG,SINGLE_CANDIDATE,
Ruby Slippers,2,1,1,WZ,SINGLE_CANDIDATE,
Rudy,2,1,1,,NO_PROPERTY_CANDIDATE,
Ruin,2,1,1,SM,SINGLE_CANDIDATE,
Runaways,3,1,1,MU,SINGLE_CANDIDATE,
Rusev,12,1,1,WSU,SINGLE_CANDIDATE,
Russian ( Marvel Comics (Retro) ),3,1,1,MG,SINGLE_CANDIDATE,
RVD,12,1,1,WSU,SINGLE_CANDIDATE,
Ryan Reynolds ( Marvel Studios` Deadpool Movie 3 ) - With Likeness,3,1,1,DP,SINGLE_CANDIDATE,
Ryan Tran,12,1,1,WSU,SINGLE_CANDIDATE,
S.A.B.E.R. (Logo) ( Captain Marvel Movie 2 ),3,1,1,CM,SINGLE_CANDIDATE,
S.H.I.E.L.D. ( Marvel Comics (Retro) ),3,1,1,MG,SINGLE_CANDIDATE,
S.H.O.C. ( Marvel Comics (Retro) ),3,1,1,MG,SINGLE_CANDIDATE,
S.I.E.G.E. ( Marvel Comics (Retro) ),3,1,1,MG,SINGLE_CANDIDATE,
S.T.R.I.K.E. ( Marvel Comics (Retro) ),3,1,1,MG,SINGLE_CANDIDATE,
S.W.O.R.D.,3,1,1,MU,SINGLE_CANDIDATE,
Sabbac,2,1,1,FS,SINGLE_CANDIDATE,
Sabra,3,1,1,MU,SINGLE_CANDIDATE,
Sabretooth ( Marvel Comics (Retro) ),3,1,1,MG,SINGLE_CANDIDATE,
Sage,3,1,1,MU,SINGLE_CANDIDATE,
Sagittarians ( Marvel Comics (Retro) ),3,1,1,MG,SINGLE_CANDIDATE,
"Sailors, Gene ( Marvel Comics (Retro) )",3,1,1,MG,SINGLE_CANDIDATE,
Saint Walker,2,1,1,GN,SINGLE_CANDIDATE,
"Saint, Howard ( Marvel Comics (Retro) )",3,1,1,MG,SINGLE_CANDIDATE,
Salladhor Saan,2,1,1,GT,SINGLE_CANDIDATE,
Sam Emerson,2,1,1,LB,SINGLE_CANDIDATE,
Sam Fatu,12,1,1,WSU,SINGLE_CANDIDATE,
Sam Obisanya as protrayed by Toheeb Jimoh,2,1,1,TL,SINGLE_CANDIDATE,
Sam Roberts,12,1,1,WSU,SINGLE_CANDIDATE,
Sam Sheep Dog,2,1,1,LT,SINGLE_CANDIDATE,
Sam Wilson,3,1,1,MU,SINGLE_CANDIDATE,
Samantha Irvin,12,1,1,WSU,SINGLE_CANDIDATE,
Samantha March,2,1,1,SG,SINGLE_CANDIDATE,
Sameer Khaled,2,1,1,WW,SINGLE_CANDIDATE,
Sami Zayn,12,1,1,WSU,SINGLE_CANDIDATE,
Samir Singh,12,1,1,WSU,SINGLE_CANDIDATE,
Sammy Sea Gull,2,1,1,LT,SINGLE_CANDIDATE,
Samoa Joe,12,1,1,WSU,SINGLE_CANDIDATE,
Samu,12,1,1,WSU,SINGLE_CANDIDATE,
Samuel L. Jackson ( Captain Marvel Movie ) - With Likeness,3,1,1,CM,SINGLE_CANDIDATE,
Samuel L. Jackson ( Marvel Studios` Captain Marvel 2 ) - With Likeness,3,1,1,CM,SINGLE_CANDIDATE,
Samuel L. Jackson ( MS Disney Plus TV Shows ) - With Likeness,1,1,1,,NO_PROPERTY_CANDIDATE,
Samuel Sterns,3,1,1,MU,SINGLE_CANDIDATE,
Samuraipool,3,1,1,DP,SINGLE_CANDIDATE,
Samuraipool ( Marvel Studios` Deadpool Movie 3 ),3,1,1,DP,SINGLE_CANDIDATE,
Samwell Tarly,2,1,1,GT,SINGLE_CANDIDATE,
"Sanders, James ( MS Disney Plus TV Shows )",1,1,1,,NO_PROPERTY_CANDIDATE,
Sandman,2,1,1,JG,SINGLE_CANDIDATE,
Sandman,12,1,1,WSU,SINGLE_CANDIDATE,
Sandman ( Marvel Comics (Retro) ),3,1,1,MG,SINGLE_CANDIDATE,
Sandman ( Spider-Man Movie 2021 ),3,1,1,SP,SINGLE_CANDIDATE,
Sandman IV,2,1,1,JG,SINGLE_CANDIDATE,
Sandor `The Hound` Clegane,2,1,1,GT,SINGLE_CANDIDATE,
Sansa Stark,2,1,1,GT,SINGLE_CANDIDATE,
Santa,2,1,1,EF,SINGLE_CANDIDATE,
Santa Claus,2,1,1,XP,SINGLE_CANDIDATE,
Santa Claus With No Character Likeness,2,1,1,XP,SINGLE_CANDIDATE,
Santos Escobar,12,1,1,WSU,SINGLE_CANDIDATE,
Saquon Shugars,12,1,1,WSU,SINGLE_CANDIDATE,
SARA BELLUM,2,1,1,PW,SINGLE_CANDIDATE,
Sara Del Rey,12,1,1,WSU,SINGLE_CANDIDATE,
Saracen ( Marvel Comics (Retro) ),3,1,1,MG,SINGLE_CANDIDATE,
Sarah,2,1,1,RK,SINGLE_CANDIDATE,
Sarah Dean,2,1,1,BJ,SINGLE_CANDIDATE,
Sarah Logan,12,1,1,WSU,SINGLE_CANDIDATE,
Sarah Michelle Gellar,2,1,1,,NO_PROPERTY_CANDIDATE,
Sarray,12,1,1,WSU,SINGLE_CANDIDATE,
Sasha Banks,12,1,1,WSU,SINGLE_CANDIDATE,
Sasha Bordeaux,2,1,1,BM,SINGLE_CANDIDATE,
Satana,3,1,1,MU,SINGLE_CANDIDATE,
Satannish ( Marvel Comics (Retro) ),3,1,1,MG,SINGLE_CANDIDATE,
Satanus,2,1,1,SM,SINGLE_CANDIDATE,
Sati,2,1,1,,NO_PROPERTY_CANDIDATE,
Saturnyne ( Marvel Comics (Retro) ),3,1,1,MG,SINGLE_CANDIDATE,
Savage Steel ( Marvel Comics (Retro) ),3,1,1,MG,SINGLE_CANDIDATE,
Savant,2,1,1,,NO_PROPERTY_CANDIDATE,
Sawyer Fulton,12,1,1,WSU,SINGLE_CANDIDATE,
Scab,2,1,1,BM,SINGLE_CANDIDATE,
Scarecrow,3,1,1,MU,SINGLE_CANDIDATE,
Scarecrow ( Marvel Comics (Retro) ),3,1,1,MG,SINGLE_CANDIDATE,
Scarecrow (DNU),2,1,1,BM,SINGLE_CANDIDATE,
Scarface,2,1,1,BM,SINGLE_CANDIDATE,
Scarface the Dummy,2,1,1,JG,SINGLE_CANDIDATE,
Scarlet Scarab ( MS Disney Plus TV Shows ),1,1,1,,NO_PROPERTY_CANDIDATE,
Scarlet Spider (Felicity Hardy),3,1,1,SP,SINGLE_CANDIDATE,
Scarlet Spider Ben Reilly ( Marvel Comics (Retro) ),3,1,1,MG,SINGLE_CANDIDATE,
Scarlet Spider Kaine,3,1,1,MU,SINGLE_CANDIDATE,
Scarlet Spider Kaine ( Marvel Comics (Retro) ),3,1,1,MG,SINGLE_CANDIDATE,
Scarlet Witch ( Marvel Comics (Retro) ),3,1,1,MG,SINGLE_CANDIDATE,
Scarlet Witch ( Marvel Studios Collection ),3,1,1,,NO_PROPERTY_CANDIDATE,
Scarlett Johansson ( MS Disney Plus TV Shows ) - With Likeness,1,1,1,,NO_PROPERTY_CANDIDATE,
Scary Terry,2,1,1,RK,SINGLE_CANDIDATE,
Schemer ( Marvel Comics (Retro) ),3,1,1,MG,SINGLE_CANDIDATE,
Schlarbo,2,1,1,RK,SINGLE_CANDIDATE,
Scimitar ( Marvel Comics (Retro) ),3,1,1,MG,SINGLE_CANDIDATE,
Scooby-Dee,2,1,1,,NO_PROPERTY_CANDIDATE,
Scooby-Doo as Speedy,2,1,1,,NO_PROPERTY_CANDIDATE,
Scooby-Doo as voiced by Frank Welker,2,1,1,,NO_PROPERTY_CANDIDATE,
Scooby-Doo! as Superman,2,1,1,,NO_PROPERTY_CANDIDATE,
Scooby-Doo! as Wonder Woman,2,1,1,,NO_PROPERTY_CANDIDATE,
Scooby-Dum,2,1,1,,NO_PROPERTY_CANDIDATE,
Scorch,2,1,1,SM,SINGLE_CANDIDATE,
Scorn,2,1,1,SM,SINGLE_CANDIDATE,
Scorpia ( Marvel Comics (Retro) ),3,1,1,MG,SINGLE_CANDIDATE,
Scorpio,3,1,1,MU,SINGLE_CANDIDATE,
Scorpio ( Marvel Comics (Retro) ),3,1,1,MG,SINGLE_CANDIDATE,
Scorpion ( Marvel Comics (Retro) ),3,1,1,MG,SINGLE_CANDIDATE,
Scorpion ( Spider-Man: Brand New Day Movie 2026 ),3,1,1,SP,SINGLE_CANDIDATE,
Scott Hall,12,1,1,WSU,SINGLE_CANDIDATE,
Scott Lang,3,1,1,MU,SINGLE_CANDIDATE,
Scott Steiner,12,1,1,WSU,SINGLE_CANDIDATE,
Scott Summers,3,1,1,MU,SINGLE_CANDIDATE,
Scotty 2 Hotty,12,1,1,WSU,SINGLE_CANDIDATE,
Scrap Happy Goat,2,1,1,LT,SINGLE_CANDIDATE,
Scrappy-Doo,2,1,1,,NO_PROPERTY_CANDIDATE,
Scream ( Marvel Comics (Retro) ),3,1,1,MG,SINGLE_CANDIDATE,
Screwball,3,1,1,MU,SINGLE_CANDIDATE,
Scrooge,2,1,1,XP,SINGLE_CANDIDATE,
Scrooge With No Character Likeness,2,1,1,XP,SINGLE_CANDIDATE,
Scrypts,12,1,1,WSU,SINGLE_CANDIDATE,
Seamus Finnigan (Talent),2,1,1,HP,SINGLE_CANDIDATE,
Sebastian,2,1,1,,NO_PROPERTY_CANDIDATE,
Sebastian Shaw,3,1,1,XM,SINGLE_CANDIDATE,
Second Banana,2,1,1,LT,SINGLE_CANDIDATE,
Secret Six,2,1,1,JG,SINGLE_CANDIDATE,
Secret War Spider-Man,3,1,1,GM,SINGLE_CANDIDATE,
Secret War Spider-Man ( Marvel Comics (Retro) ),3,1,1,MG,SINGLE_CANDIDATE,
Sedusa,2,1,1,PW,SINGLE_CANDIDATE,
Seidring ( Marvel Comics (Retro) ),3,1,1,MG,SINGLE_CANDIDATE,
Selene,3,1,1,MU,SINGLE_CANDIDATE,
"Selvig, Doctor Erik ( Marvel Studios: The Infinity Saga )",3,1,1,,NO_PROPERTY_CANDIDATE,
Senator Finch,2,1,1,BM,SINGLE_CANDIDATE,
Senator Henry Shaw,2,1,1,,NO_PROPERTY_CANDIDATE,
Senator Miranda Crane,2,1,1,SG,SINGLE_CANDIDATE,
Senator Stern ( Marvel Comics (Retro) ),3,1,1,MG,SINGLE_CANDIDATE,
"Senor Suerte (Garcia, Ramon) ( Marvel Comics (Retro) )",3,1,1,MG,SINGLE_CANDIDATE,
Sensational Sherri,12,1,1,WSU,SINGLE_CANDIDATE,
Sentinel ( Marvel Comics (Retro) ),3,1,1,MG,SINGLE_CANDIDATE,
Sentinel ( Marvel Studios` Fantastic Four ),3,1,1,FFF,SINGLE_CANDIDATE,
Sentinel ( MS Disney Plus TV Shows ),1,1,1,,NO_PROPERTY_CANDIDATE,
Sentinel Alpha MK III,3,1,1,XM,SINGLE_CANDIDATE,
Sentry ( Marvel Comics (Retro) ),3,1,1,MG,SINGLE_CANDIDATE,
Sentry ( Marvel Studios` Thunderbolts ),3,1,1,,NO_PROPERTY_CANDIDATE,
Septa Mordane,2,1,1,GT,SINGLE_CANDIDATE,
Ser Criston Cole,2,1,1,,NO_PROPERTY_CANDIDATE,
Ser Harwin Strong,2,1,1,,NO_PROPERTY_CANDIDATE,
Sera,3,1,1,MU,SINGLE_CANDIDATE,
Seraphina,2,1,1,,NO_PROPERTY_CANDIDATE,
Serpent,3,1,1,MU,SINGLE_CANDIDATE,
Serpent Society,3,1,1,MU,SINGLE_CANDIDATE,
Serpent Society ( Marvel Comics (Retro) ),3,1,1,MG,SINGLE_CANDIDATE,
Sersi ( Marvel Comics (Retro) ),3,1,1,MG,SINGLE_CANDIDATE,
Sersi ( Marvel Studios Collection ),3,1,1,,NO_PROPERTY_CANDIDATE,
Seth Rollins,12,1,1,WSU,SINGLE_CANDIDATE,
Sgt. Rock,2,1,1,JG,SINGLE_CANDIDATE,
Shadow Jacker,2,1,1,RK,SINGLE_CANDIDATE,
Shadowcat,3,1,1,XM,SINGLE_CANDIDATE,
Shadowcat ( Marvel Comics (Retro) ),3,1,1,MG,SINGLE_CANDIDATE,
Shae,2,1,1,GT,SINGLE_CANDIDATE,
Shaggy,2,1,1,,NO_PROPERTY_CANDIDATE,
Shaggy as voiced by Will Forte,2,1,1,,NO_PROPERTY_CANDIDATE,
Shaggy Rogers,2,1,1,,NO_PROPERTY_CANDIDATE,
Shaggy Rogers as Batman,2,1,1,,NO_PROPERTY_CANDIDATE,
Shaggy Rogers as Robin,2,1,1,,NO_PROPERTY_CANDIDATE,
Shaggy Rogers as Superman,2,1,1,,NO_PROPERTY_CANDIDATE,
Shalla-bal,3,1,1,MU,SINGLE_CANDIDATE,
Shaman,3,1,1,MU,SINGLE_CANDIDATE,
Shame,2,1,1,BM,SINGLE_CANDIDATE,
Shane McMahon,12,1,1,WSU,SINGLE_CANDIDATE,
Shane Thorne,12,1,1,WSU,SINGLE_CANDIDATE,
Shang-Chi ( Marvel Comics (Retro) ),3,1,1,MG,SINGLE_CANDIDATE,
Shang-Chi ( Marvel Studios Collection ),3,1,1,,NO_PROPERTY_CANDIDATE,
Shang-Chi ( Marvel Studios: The Infinity Saga ),3,1,1,,NO_PROPERTY_CANDIDATE,
Shang-Chi ( Marvel Studios’ Avengers Doomsday ),3,1,1,,NO_PROPERTY_CANDIDATE,
Shang-Chi ( MS Disney Plus TV Shows ),1,1,1,,NO_PROPERTY_CANDIDATE,
Shanky,12,1,1,WSU,SINGLE_CANDIDATE,
Shanna The She-Devil,3,1,1,MU,SINGLE_CANDIDATE,
Shanna The She-Devil ( Marvel Comics (Retro) ),3,1,1,MG,SINGLE_CANDIDATE,
Shao Kahn,2,1,1,MB,SINGLE_CANDIDATE,
Shaper of Worlds ( Marvel Comics (Retro) ),3,1,1,MG,SINGLE_CANDIDATE,
Shark,2,1,1,GN,SINGLE_CANDIDATE,
Shark,12,1,1,WSU,SINGLE_CANDIDATE,
Sharkpool,3,1,1,DP,SINGLE_CANDIDATE,
Sharon Carter,3,1,1,MU,SINGLE_CANDIDATE,
Sharon Fieldstone,2,1,1,TL,SINGLE_CANDIDATE,
Shathra ( Marvel Comics (Retro) ),3,1,1,MG,SINGLE_CANDIDATE,
Shatterstar ( Marvel Comics (Retro) ),3,1,1,MG,SINGLE_CANDIDATE,
Shaw Sr.,2,1,1,,NO_PROPERTY_CANDIDATE,
Shawn Bennett,12,1,1,WSU,SINGLE_CANDIDATE,
Shawn Michaels,12,1,1,WSU,SINGLE_CANDIDATE,
Shawn Spears,12,1,1,WSU,SINGLE_CANDIDATE,
She Devil,2,1,1,LT,SINGLE_CANDIDATE,
She-Hulk ( Marvel Comics (Retro) ),3,1,1,MG,SINGLE_CANDIDATE,
She-Hulk ( Marvel Studios Collection ),3,1,1,,NO_PROPERTY_CANDIDATE,
She-Venom,3,1,1,MU,SINGLE_CANDIDATE,
Sheamus,12,1,1,WSU,SINGLE_CANDIDATE,
Shelby,2,1,1,,NO_PROPERTY_CANDIDATE,
Shelob,2,1,1,LR,SINGLE_CANDIDATE,
Shepherd,2,1,1,,NO_PROPERTY_CANDIDATE,
Sheriff Of Nottingham,2,1,1,LT,SINGLE_CANDIDATE,
Sherri Martel,12,1,1,WSU,SINGLE_CANDIDATE,
SHIELD logo,3,1,1,MU,SINGLE_CANDIDATE,
SHIELD logo ( Captain Marvel Movie ),3,1,1,CM,SINGLE_CANDIDATE,
SHIELD logo ( Marvel Comics (Retro) ),3,1,1,MG,SINGLE_CANDIDATE,
SHIELD logo ( Marvel Studios Collection ),3,1,1,,NO_PROPERTY_CANDIDATE,
Shiklah,3,1,1,XM,SINGLE_CANDIDATE,
Shiloh Hill,12,1,1,WSU,SINGLE_CANDIDATE,
Shingen Harada,3,1,1,XM,SINGLE_CANDIDATE,
Shinsuke Nakamura,12,1,1,WSU,SINGLE_CANDIDATE,
Shireen Baratheon,2,1,1,GT,SINGLE_CANDIDATE,
Shocker ( Marvel Comics (Retro) ),3,1,1,MG,SINGLE_CANDIDATE,
Shockmaster,12,1,1,WSU,SINGLE_CANDIDATE,
Shockwave ( Marvel Comics (Retro) ),3,1,1,MG,SINGLE_CANDIDATE,
Shooting Star,3,1,1,MU,SINGLE_CANDIDATE,
Shou-Lao,3,1,1,MU,SINGLE_CANDIDATE,
Shrapnel,2,1,1,SM,SINGLE_CANDIDATE,
Shriek,2,1,1,BM,SINGLE_CANDIDATE,
Shriek ( Marvel Comics (Retro) ),3,1,1,MG,SINGLE_CANDIDATE,
Shroud,3,1,1,MU,SINGLE_CANDIDATE,
Shroud ( Marvel Comics (Retro) ),3,1,1,MG,SINGLE_CANDIDATE,
Shuma-Gorath,3,1,1,MU,SINGLE_CANDIDATE,
Shuma-Gorath ( Marvel Comics (Retro) ),3,1,1,MG,SINGLE_CANDIDATE,
Shuri ( Marvel Studios Collection ),3,1,1,,NO_PROPERTY_CANDIDATE,
Shuri ( Marvel Studios` Avengers Doomsday ),3,1,1,,NO_PROPERTY_CANDIDATE,
SHUSH,2,1,1,JG,SINGLE_CANDIDATE,
Sid Justice,12,1,1,WSU,SINGLE_CANDIDATE,
Sid Vicious,12,1,1,WSU,SINGLE_CANDIDATE,
Sif,3,1,1,MU,SINGLE_CANDIDATE,
Sif ( Marvel Comics (Retro) ),3,1,1,MG,SINGLE_CANDIDATE,
Signal,2,1,1,BM,SINGLE_CANDIDATE,
Sigrid,2,1,1,,NO_PROPERTY_CANDIDATE,
Sigyn ( Marvel Comics (Retro) ),3,1,1,MG,SINGLE_CANDIDATE,
Sika - Wild Samoans,12,1,1,WSU,SINGLE_CANDIDATE,
Silk ( Marvel Comics (Retro) ),3,1,1,MG,SINGLE_CANDIDATE,
Silkie,2,1,1,,NO_PROPERTY_CANDIDATE,
Silver Sable ( Marvel Comics (Retro) ),3,1,1,MG,SINGLE_CANDIDATE,
Silver Surfer ( Marvel Comics (Retro) ),3,1,1,MG,SINGLE_CANDIDATE,
Silver Surfer ( Marvel Studios` Fantastic Four ),3,1,1,FFF,SINGLE_CANDIDATE,
Silvermane,3,1,1,MU,SINGLE_CANDIDATE,
Silvermane ( Marvel Comics (Retro) ),3,1,1,MG,SINGLE_CANDIDATE,
Simon,2,1,1,,NO_PROPERTY_CANDIDATE,
Simon Baz,2,1,1,JG,SINGLE_CANDIDATE,
Simon Gotch,12,1,1,WSU,SINGLE_CANDIDATE,
Simon Strong,2,1,1,,NO_PROPERTY_CANDIDATE,
Sin,3,1,1,MU,SINGLE_CANDIDATE,
Sin-Eater ( Marvel Comics (Retro) ),3,1,1,MG,SINGLE_CANDIDATE,
Sinestro Corps,2,1,1,JG,SINGLE_CANDIDATE,
Singin in the Rain Jerry,2,1,1,LT,SINGLE_CANDIDATE,
Singin in the Rain Spike,2,1,1,LT,SINGLE_CANDIDATE,
Singin in the Rain Tom,2,1,1,LT,SINGLE_CANDIDATE,
Singularity,3,1,1,MU,SINGLE_CANDIDATE,
Sinister Strange ( Marvel Studios Collection ),3,1,1,,NO_PROPERTY_CANDIDATE,
Siren,2,1,1,JG,SINGLE_CANDIDATE,
Siryn,3,1,1,XM,SINGLE_CANDIDATE,
Siryn ( Marvel Comics (Retro) ),3,1,1,MG,SINGLE_CANDIDATE,
Sister Grimm,3,1,1,MU,SINGLE_CANDIDATE,
Sister Irene,2,1,1,N3,SINGLE_CANDIDATE,
Sister Sarah,2,1,1,XP,SINGLE_CANDIDATE,
"Sitwell, Jasper ( Marvel Comics (Retro) )",3,1,1,MG,SINGLE_CANDIDATE,
Six-Armed Spider-Man,3,1,1,SP,SINGLE_CANDIDATE,
Skadi,3,1,1,MU,SINGLE_CANDIDATE,
Skeleton Butterfly,2,1,1,,NO_PROPERTY_CANDIDATE,
Skeleton Princess,2,1,1,,NO_PROPERTY_CANDIDATE,
Skender,2,1,1,,NO_PROPERTY_CANDIDATE,
Skism,2,1,1,SM,SINGLE_CANDIDATE,
Skratt The Snark ( Marvel Comics (Retro) ),3,1,1,MG,SINGLE_CANDIDATE,
Skrulls,3,1,1,MU,SINGLE_CANDIDATE,
Skrulls ( Marvel Comics (Retro) ),3,1,1,MG,SINGLE_CANDIDATE,
Skrulls ( Marvel Studios Collection ),3,1,1,,NO_PROPERTY_CANDIDATE,
Skrulls ( MS Disney Plus TV Shows ),1,1,1,,NO_PROPERTY_CANDIDATE,
Skullbuster,3,1,1,XM,SINGLE_CANDIDATE,
Skurge,3,1,1,TH,SINGLE_CANDIDATE,
Skurge ( Marvel Comics (Retro) ),3,1,1,MG,SINGLE_CANDIDATE,
Skurge ( Marvel Studios: The Infinity Saga ),3,1,1,,NO_PROPERTY_CANDIDATE,
Skye,3,1,1,MU,SINGLE_CANDIDATE,
Skye Scrapper,2,1,1,BM,SINGLE_CANDIDATE,
Skylor Clinton,12,1,1,WSU,SINGLE_CANDIDATE,
Slam Bradley,2,1,1,BM,SINGLE_CANDIDATE,
Slapjack,12,1,1,WSU,SINGLE_CANDIDATE,
Slapstick,3,1,1,MU,SINGLE_CANDIDATE,
Slasher,2,1,1,LT,SINGLE_CANDIDATE,
Sleeper,3,1,1,,NO_PROPERTY_CANDIDATE,
Sleeper ( Marvel Comics (Retro) ),3,1,1,MG,SINGLE_CANDIDATE,
Sleepy Jerry,2,1,1,RK,SINGLE_CANDIDATE,
Slick Fox,2,1,1,LT,SINGLE_CANDIDATE,
Slightly Creepy Boy,2,1,1,HP,SINGLE_CANDIDATE,
Slime Princess,2,1,1,,NO_PROPERTY_CANDIDATE,
Slipknot,2,1,1,,NO_PROPERTY_CANDIDATE,
Slippery Stair,2,1,1,RK,SINGLE_CANDIDATE,
Slowpoke Rodriguez,2,1,1,LT,SINGLE_CANDIDATE,
Slug ( Marvel Comics (Retro) ),3,1,1,MG,SINGLE_CANDIDATE,
Slugworth,2,1,1,,NO_PROPERTY_CANDIDATE,
Smash (Demolition),12,1,1,WSU,SINGLE_CANDIDATE,
Smasher,3,1,1,XM,SINGLE_CANDIDATE,
Smeagol,2,1,1,LR,SINGLE_CANDIDATE,
Smirk,2,1,1,BM,SINGLE_CANDIDATE,
"Smith, Jennifer ( Marvel Comics (Retro) )",3,1,1,MG,SINGLE_CANDIDATE,
Smokey,2,1,1,XP,SINGLE_CANDIDATE,
Smokey The Genie,2,1,1,LT,SINGLE_CANDIDATE,
Smokey With No Character Likeness,2,1,1,XP,SINGLE_CANDIDATE,
Smuggler,3,1,1,MU,SINGLE_CANDIDATE,
Smythe ( Marvel Comics (Retro) ),3,1,1,MG,SINGLE_CANDIDATE,
"Smythe, Spencer ( Marvel Comics (Retro) )",3,1,1,MG,SINGLE_CANDIDATE,
Snail,2,1,1,,NO_PROPERTY_CANDIDATE,
SNAKE,2,1,1,PW,SINGLE_CANDIDATE,
Sniffles,2,1,1,LT,SINGLE_CANDIDATE,
Snoop Dog,12,1,1,WSU,SINGLE_CANDIDATE,
Snowball,2,1,1,RK,SINGLE_CANDIDATE,
Snowbird,3,1,1,MU,SINGLE_CANDIDATE,
Snowy,2,1,1,BA,SINGLE_CANDIDATE,
Snuffles,2,1,1,RK,SINGLE_CANDIDATE,
Sol Ruca,12,1,1,WSU,SINGLE_CANDIDATE,
Sol Soria,2,1,1,,NO_PROPERTY_CANDIDATE,
Solarr ( Marvel Comics (Retro) ),3,1,1,MG,SINGLE_CANDIDATE,
Solo,3,1,1,MU,SINGLE_CANDIDATE,
Solo Sikoa,12,1,1,WSU,SINGLE_CANDIDATE,
Somewhat Doubtful Boy,2,1,1,HP,SINGLE_CANDIDATE,
Somewhere Over The Rainbow,2,1,1,WZ,SINGLE_CANDIDATE,
Son of Hulk,3,1,1,MU,SINGLE_CANDIDATE,
Son of Satan,3,1,1,MU,SINGLE_CANDIDATE,
Son of Satan ( Marvel Comics (Retro) ),3,1,1,MG,SINGLE_CANDIDATE,
Songbird ( Marvel Comics (Retro) ),3,1,1,MG,SINGLE_CANDIDATE,
Sookie St. James,2,1,1,GGS,SINGLE_CANDIDATE,
Sophie,2,1,1,N3,SINGLE_CANDIDATE,
Soranik Natu,2,1,1,GN,SINGLE_CANDIDATE,
Soup Nazi,2,1,1,SN,SINGLE_CANDIDATE,
Space Angel Princess,2,1,1,,NO_PROPERTY_CANDIDATE,
Space Armor I Iron Man,3,1,1,MU,SINGLE_CANDIDATE,
Space Beth,2,1,1,RK,SINGLE_CANDIDATE,
Space Parasite (Randau) ( Marvel Comics (Retro) ),3,1,1,MG,SINGLE_CANDIDATE,
Space Phantom,3,1,1,MU,SINGLE_CANDIDATE,
Spacker Dave ( Marvel Comics (Retro) ),3,1,1,MG,SINGLE_CANDIDATE,
Sparky,3,1,1,MU,SINGLE_CANDIDATE,
"Sparr, Kathleen ( Marvel Comics (Retro) )",3,1,1,MG,SINGLE_CANDIDATE,
Spectre,2,1,1,JG,SINGLE_CANDIDATE,
Spectrum,3,1,1,MU,SINGLE_CANDIDATE,
Spectrum ( Marvel Studios’ The Marvels ),3,1,1,CM,SINGLE_CANDIDATE,
Speed,3,1,1,MU,SINGLE_CANDIDATE,
Speed Demon,3,1,1,MU,SINGLE_CANDIDATE,
Speed Demon ( Marvel Comics (Retro) ),3,1,1,MG,SINGLE_CANDIDATE,
Speed Queen,2,1,1,,NO_PROPERTY_CANDIDATE,
Speedball,3,1,1,MU,SINGLE_CANDIDATE,
Speedy Gonzales as Neo,2,1,1,LT,SINGLE_CANDIDATE,
Spellbinder,2,1,1,BM,SINGLE_CANDIDATE,
Spencer Smythe,3,1,1,MU,SINGLE_CANDIDATE,
Sphinx,3,1,1,MU,SINGLE_CANDIDATE,
Spice,2,1,1,BM,SINGLE_CANDIDATE,
SPIDER CONROY,2,1,1,BM,SINGLE_CANDIDATE,
Spider Slayer ( Marvel Comics (Retro) ),3,1,1,MG,SINGLE_CANDIDATE,
Spider Woman ( Marvel Comics (Retro) ),3,1,1,MG,SINGLE_CANDIDATE,
Spider Woman (Julia Carpenter) ( Marvel Comics (Retro) ),3,1,1,MG,SINGLE_CANDIDATE,
Spider-Armor ( Marvel Comics (Retro) ),3,1,1,MG,SINGLE_CANDIDATE,
Spider-Bot,3,1,1,SP,SINGLE_CANDIDATE,
Spider-Boy (Bailey Briggs),3,1,1,MU,SINGLE_CANDIDATE,
Spider-Byte,3,1,1,SP,SINGLE_CANDIDATE,
Spider-Girl ( Marvel Comics (Retro) ),3,1,1,MG,SINGLE_CANDIDATE,
Spider-Girl ( Spider-Man Family Live Action Movies ),3,1,1,SP,SINGLE_CANDIDATE,
Spider-Girl (Anya Corazon) ( Marvel Comics (Retro) ),3,1,1,MG,SINGLE_CANDIDATE,
Spider-Girl (Venomized),3,1,1,SP,SINGLE_CANDIDATE,
Spider-Gwen ( Marvel Comics (Retro) ),3,1,1,MG,SINGLE_CANDIDATE,
Spider-Ham ( Marvel Comics (Retro) ),3,1,1,MG,SINGLE_CANDIDATE,
Spider-Ma`am,3,1,1,MU,SINGLE_CANDIDATE,
Spider-Machine Gp-7 ( Marvel Comics (Retro) ),3,1,1,MG,SINGLE_CANDIDATE,
Spider-Man ( Marvel Comics (Retro) ),3,1,1,MG,SINGLE_CANDIDATE,
Spider-Man ( Marvel Studios Collection ),3,1,1,,NO_PROPERTY_CANDIDATE,
Spider-Man ( Spider-Man Movie 2017 ),3,1,1,SP,SINGLE_CANDIDATE,
Spider-Man ( Spider-Man: Brand New Day Movie 2026 ),3,1,1,SP,SINGLE_CANDIDATE,
Spider-Man (Ben Reily),3,1,1,GM,SINGLE_CANDIDATE,
Spider-Man (India) ( Marvel Comics (Retro) ),3,1,1,MG,SINGLE_CANDIDATE,
Spider-Man (Venomized),3,1,1,SP,SINGLE_CANDIDATE,
Spider-Man 2099 ( Marvel Comics (Retro) ),3,1,1,MG,SINGLE_CANDIDATE,
Spider-Man Bag Man,3,1,1,SP,SINGLE_CANDIDATE,
Spider-Man Ben Reilly ( Marvel Comics (Retro) ),3,1,1,MG,SINGLE_CANDIDATE,
Spider-Man UK ( Marvel Comics (Retro) ),3,1,1,MG,SINGLE_CANDIDATE,
Spider-Punk ( Marvel Comics (Retro) ),3,1,1,MG,SINGLE_CANDIDATE,
Spider-Punk (Hobie Brown),3,1,1,SP,SINGLE_CANDIDATE,
Spider-Queen,3,1,1,MU,SINGLE_CANDIDATE,
Spider-Squad ( Marvel Comics (Retro) ),3,1,1,MG,SINGLE_CANDIDATE,
Spider-UK,3,1,1,MU,SINGLE_CANDIDATE,
Spider-Woman (Jessica Drew),3,1,1,SP,SINGLE_CANDIDATE,
Spider-Woman (Julia Cornwall) ( Spider-Man Family Live Action Movies ),3,1,1,SP,SINGLE_CANDIDATE,
Spider-Woman (Mattie Franklin) ( Spider-Man Family Live Action Movies ),3,1,1,SP,SINGLE_CANDIDATE,
Spider-Woman (May Parker),3,1,1,MU,SINGLE_CANDIDATE,
Spider-Woman (May Parker) ( Marvel Comics (Retro) ),3,1,1,MG,SINGLE_CANDIDATE,
Spider-X ( Marvel Comics (Retro) ),3,1,1,MG,SINGLE_CANDIDATE,
Spiderman,3,1,1,SP,SINGLE_CANDIDATE,
Spike,2,1,1,LT,SINGLE_CANDIDATE,
Spike as Ravenclaw Fan,2,1,1,LT,SINGLE_CANDIDATE,
Spinn,3,1,1,SX,SINGLE_CANDIDATE,
"Spinneret (Watson, Mary Jane)",3,1,1,MU,SINGLE_CANDIDATE,
Spiral,3,1,1,XM,SINGLE_CANDIDATE,
Spiral ( MS Disney Plus TV Shows ),1,1,1,,NO_PROPERTY_CANDIDATE,
Spirit,2,1,1,JG,SINGLE_CANDIDATE,
"Spiroza, Stephanie de la ( Marvel Comics (Retro) )",3,1,1,MG,SINGLE_CANDIDATE,
Spitfire,3,1,1,MU,SINGLE_CANDIDATE,
Spitfire ( Marvel Comics (Retro) ),3,1,1,MG,SINGLE_CANDIDATE,
Spoiler,2,1,1,BM,SINGLE_CANDIDATE,
Sprite ( Marvel Studios Collection ),3,1,1,,NO_PROPERTY_CANDIDATE,
Spymaster,3,1,1,MU,SINGLE_CANDIDATE,
Spymaster ( Marvel Comics (Retro) ),3,1,1,MG,SINGLE_CANDIDATE,
Squadron Supreme,3,1,1,MU,SINGLE_CANDIDATE,
Squanchy,2,1,1,RK,SINGLE_CANDIDATE,
Squirrel,2,1,1,LT,SINGLE_CANDIDATE,
Squirrel Girl ( Marvel Comics (Retro) ),3,1,1,MG,SINGLE_CANDIDATE,
Squirrelpool,3,1,1,DP,SINGLE_CANDIDATE,
St. George,3,1,1,MU,SINGLE_CANDIDATE,
Stacy Keibler,12,1,1,WSU,SINGLE_CANDIDATE,
Stacy X,3,1,1,MU,SINGLE_CANDIDATE,
"Stacy, Gabriel ( Marvel Comics (Retro) )",3,1,1,MG,SINGLE_CANDIDATE,
"Stacy, Gwen ( Marvel Comics (Retro) )",3,1,1,MG,SINGLE_CANDIDATE,
"Stacy, Sarah ( Marvel Comics (Retro) )",3,1,1,MG,SINGLE_CANDIDATE,
Stakar Ogord,3,1,1,MU,SINGLE_CANDIDATE,
Stallior ( Marvel Comics (Retro) ),3,1,1,MG,SINGLE_CANDIDATE,
"Stane, Obadiah ( Marvel Comics (Retro) )",3,1,1,MG,SINGLE_CANDIDATE,
"Stane, Whitney ( Marvel Comics (Retro) )",3,1,1,MG,SINGLE_CANDIDATE,
Stanley Uris,2,1,1,T7,SINGLE_CANDIDATE,
Stannis Baratheon,2,1,1,GT,SINGLE_CANDIDATE,
Stannis Baratheon House Sigil,2,1,1,GT,SINGLE_CANDIDATE,
Star Brand,3,1,1,MU,SINGLE_CANDIDATE,
Star Saphire,2,1,1,,NO_PROPERTY_CANDIDATE,
Star-Dancer,3,1,1,MU,SINGLE_CANDIDATE,
Star-Lord ( Marvel Studios Collection ),3,1,1,,NO_PROPERTY_CANDIDATE,
Star-Lord ( MS Disney Plus TV Shows ),1,1,1,,NO_PROPERTY_CANDIDATE,
Starblaster,3,1,1,GG,SINGLE_CANDIDATE,
Starbolt,3,1,1,MU,SINGLE_CANDIDATE,
Starchy,2,1,1,,NO_PROPERTY_CANDIDATE,
Starforce ( Captain Marvel Movie ),3,1,1,CM,SINGLE_CANDIDATE,
Starforce ( Marvel Studios: The Infinity Saga ),3,1,1,,NO_PROPERTY_CANDIDATE,
Starfox,3,1,1,MU,SINGLE_CANDIDATE,
Starfox ( Marvel Comics (Retro) ),3,1,1,MG,SINGLE_CANDIDATE,
Stargirl aka Star-Spangled Kid aka Courtney Whitmore,2,1,1,JG,SINGLE_CANDIDATE,
Stargirl aka The Star-Spangled Kid aka Courney Whitmore,2,1,1,JG,SINGLE_CANDIDATE,
Starhawk,3,1,1,MU,SINGLE_CANDIDATE,
Starhawk ( Marvel Comics (Retro) ),3,1,1,MG,SINGLE_CANDIDATE,
"Stark House Motto ""Winter is Coming""",2,1,1,GT,SINGLE_CANDIDATE,
Stark House Sigil,2,1,1,GT,SINGLE_CANDIDATE,
Stark Industries ( Marvel Comics (Retro) ),3,1,1,MG,SINGLE_CANDIDATE,
"Stark, Howard ( Marvel Comics (Retro) )",3,1,1,MG,SINGLE_CANDIDATE,
"Stark, Morgan ( Marvel Comics (Retro) )",3,1,1,MG,SINGLE_CANDIDATE,
"Stark, Tony ( Marvel Comics (Retro) )",3,1,1,MG,SINGLE_CANDIDATE,
"Stark, Tony (Old West)",3,1,1,MU,SINGLE_CANDIDATE,
Starman VIII,2,1,1,JG,SINGLE_CANDIDATE,
Starro,2,1,1,JG,SINGLE_CANDIDATE,
Static,2,1,1,,NO_PROPERTY_CANDIDATE,
Static Shock,2,1,1,JG,SINGLE_CANDIDATE,
Stature,3,1,1,MU,SINGLE_CANDIDATE,
Steamer,2,1,1,XP,SINGLE_CANDIDATE,
Steamer With No Character Likeness,2,1,1,XP,SINGLE_CANDIDATE,
Steel,2,1,1,JG,SINGLE_CANDIDATE,
Steel aka Haywood III,2,1,1,SM,SINGLE_CANDIDATE,
Steel Serpent,3,1,1,MU,SINGLE_CANDIDATE,
Steel Spider,3,1,1,SP,SINGLE_CANDIDATE,
Stef,2,1,1,,NO_PROPERTY_CANDIDATE,
Stegron,3,1,1,MU,SINGLE_CANDIDATE,
Stephanie McMahon,12,1,1,WSU,SINGLE_CANDIDATE,
Stephanie Vaquer,12,1,1,WSU,SINGLE_CANDIDATE,
Steppenwolf,2,1,1,JG,SINGLE_CANDIDATE,
"Sterns, Samuel ( Marvel Comics (Retro) )",3,1,1,MG,SINGLE_CANDIDATE,
Steve Blackman,12,1,1,WSU,SINGLE_CANDIDATE,
Steve Brody,2,1,1,LT,SINGLE_CANDIDATE,
Stevie Ray,12,1,1,WSU,SINGLE_CANDIDATE,
Stevie Turner,12,1,1,WSU,SINGLE_CANDIDATE,
Stick,3,1,1,MU,SINGLE_CANDIDATE,
Stick ( Marvel Comics (Retro) ),3,1,1,MG,SINGLE_CANDIDATE,
Stiletto ( Marvel Comics (Retro) ),3,1,1,MG,SINGLE_CANDIDATE,
Stiltman,3,1,1,MU,SINGLE_CANDIDATE,
Stiltman ( Marvel Comics (Retro) ),3,1,1,MG,SINGLE_CANDIDATE,
Stinger,3,1,1,MU,SINGLE_CANDIDATE,
Stingray,2,1,1,AQ,SINGLE_CANDIDATE,
Stingray,3,1,1,MU,SINGLE_CANDIDATE,
Stingray ( Marvel Comics (Retro) ),3,1,1,MG,SINGLE_CANDIDATE,
Stitch! The Movie (DSF),1,1,1,LS,SINGLE_CANDIDATE,
Stompa,2,1,1,,NO_PROPERTY_CANDIDATE,
Stone Cold Steve Austin,12,1,1,WSU,SINGLE_CANDIDATE,
Stone Men ( Marvel Comics (Retro) ),3,1,1,MG,SINGLE_CANDIDATE,
"Stone, Tyler ( Marvel Comics (Retro) )",3,1,1,MG,SINGLE_CANDIDATE,
Stork,2,1,1,LT,SINGLE_CANDIDATE,
Storm,2,1,1,,NO_PROPERTY_CANDIDATE,
Storm ( Marvel Comics (Retro) ),3,1,1,MG,SINGLE_CANDIDATE,
Storm ( MS Disney Plus TV Shows ),1,1,1,,NO_PROPERTY_CANDIDATE,
"Storm, Johnny ( Marvel Studios` Deadpool Movie 3 )",3,1,1,DP,SINGLE_CANDIDATE,
"Stragg, Dr. Karl ( Marvel Comics (Retro) )",3,1,1,MG,SINGLE_CANDIDATE,
Strange Visitor,2,1,1,SM,SINGLE_CANDIDATE,
Stranger,3,1,1,MU,SINGLE_CANDIDATE,
Stranger ( Marvel Comics (Retro) ),3,1,1,MG,SINGLE_CANDIDATE,
Stranger Visitor,2,1,1,SM,SINGLE_CANDIDATE,
Streaky the Supercat,2,1,1,SM,SINGLE_CANDIDATE,
Striker,3,1,1,MU,SINGLE_CANDIDATE,
Striker ( Marvel Comics (Retro) ),3,1,1,MG,SINGLE_CANDIDATE,
Stripe,2,1,1,,NO_PROPERTY_CANDIDATE,
"Stromm, Mendel ( Marvel Comics (Retro) )",3,1,1,MG,SINGLE_CANDIDATE,
Strong Guy,3,1,1,XM,SINGLE_CANDIDATE,
Strong Guy ( MS Disney Plus TV Shows ),1,1,1,,NO_PROPERTY_CANDIDATE,
Stryfe,3,1,1,XM,SINGLE_CANDIDATE,
SU-Ivy,2,1,1,BA,SINGLE_CANDIDATE,
Sub-Mariner,3,1,1,MU,SINGLE_CANDIDATE,
Sub-Mariner ( Marvel Comics (Retro) ),3,1,1,MG,SINGLE_CANDIDATE,
Sugar,2,1,1,BM,SINGLE_CANDIDATE,
Suite Life Of Zack And Cody - Ashley Tisdale,1,1,1,,NO_PROPERTY_CANDIDATE,
Suite Life Of Zack And Cody - Brenda Song,1,1,1,,NO_PROPERTY_CANDIDATE,
Suite Life of Zack and Cody - Brian Stepanek,1,1,1,,NO_PROPERTY_CANDIDATE,
Suite Life Of Zack And Cody - Cole And Dylan Sprouse,1,1,1,,NO_PROPERTY_CANDIDATE,
Suite Life Of Zack And Cody - Cole Sprouse,1,1,1,,NO_PROPERTY_CANDIDATE,
Suite Life Of Zack And Cody - Dylan Sprouse,1,1,1,,NO_PROPERTY_CANDIDATE,
Suite Life of Zack and Cody - Kim Rhodes,1,1,1,,NO_PROPERTY_CANDIDATE,
Suite Life of Zack and Cody - Phill Lewis,1,1,1,,NO_PROPERTY_CANDIDATE,
Summer,2,1,1,RK,SINGLE_CANDIDATE,
Summer Daze,2,1,1,BM,SINGLE_CANDIDATE,
SUMMER GLEESON,2,1,1,BM,SINGLE_CANDIDATE,
Summer Smith,2,1,1,RK,SINGLE_CANDIDATE,
"Summers, Rachel ( Marvel Comics (Retro) )",3,1,1,MG,SINGLE_CANDIDATE,
SummerSlam,12,1,1,WSU,SINGLE_CANDIDATE,
Sunfire ( Marvel Comics (Retro) ),3,1,1,MG,SINGLE_CANDIDATE,
Sunil Singh,12,1,1,WSU,SINGLE_CANDIDATE,
Sunset Bain,3,1,1,MU,SINGLE_CANDIDATE,
Sunset Bain ( Marvel Comics (Retro) ),3,1,1,MG,SINGLE_CANDIDATE,
Sunspot ( MS Disney Plus TV Shows ),1,1,1,,NO_PROPERTY_CANDIDATE,
Sunstreak,3,1,1,MU,SINGLE_CANDIDATE,
Supaidaman ( Marvel Comics (Retro) ),3,1,1,MG,SINGLE_CANDIDATE,
Super Adaptoid ( Marvel Comics (Retro) ),3,1,1,MG,SINGLE_CANDIDATE,
Super Apes ( Marvel Comics (Retro) ),3,1,1,MG,SINGLE_CANDIDATE,
Super Apes ( Marvel Studios` Fantastic Four ),3,1,1,FFF,SINGLE_CANDIDATE,
Super Humanoid ( Marvel Comics (Retro) ),3,1,1,MG,SINGLE_CANDIDATE,
Super Nova Nebula ( MS Disney Plus TV Shows ),1,1,1,,NO_PROPERTY_CANDIDATE,
Super Powers,2,1,1,SM,SINGLE_CANDIDATE,
Super Skrull ( Marvel Comics (Retro) ),3,1,1,MG,SINGLE_CANDIDATE,
Super-Woman,2,1,1,SM,SINGLE_CANDIDATE,
Superbaby,2,1,1,SM,SINGLE_CANDIDATE,
Superbaby (W,2,1,1,SM,SINGLE_CANDIDATE,
Superboy-Prime,2,1,1,GN,SINGLE_CANDIDATE,
Supergiant,3,1,1,MU,SINGLE_CANDIDATE,
Supergirl (DC Metal Force),2,1,1,JG,SINGLE_CANDIDATE,
Supergirl aka Cir El,2,1,1,SM,SINGLE_CANDIDATE,
Supergirl aka Kara Danvers,2,1,1,SG,SINGLE_CANDIDATE,
Supergirl as portrayed Helen Slater,2,1,1,FS,SINGLE_CANDIDATE,
Supergirl Movie,2,1,1,SM,SINGLE_CANDIDATE,
Superior Iron Man,3,1,1,MU,SINGLE_CANDIDATE,
Superior Spider-Man ( Marvel Comics (Retro) ),3,1,1,MG,SINGLE_CANDIDATE,
Superman Doomed,2,1,1,JG,SINGLE_CANDIDATE,
"Superman Logo, Superman",2,1,1,SM,SINGLE_CANDIDATE,
Superman-Prime,2,1,1,SM,SINGLE_CANDIDATE,
"Superman, Lois Lane",2,1,1,SM,SINGLE_CANDIDATE,
Superstar Billy Graham,12,1,1,WSU,SINGLE_CANDIDATE,
Superwoman,2,1,1,JG,SINGLE_CANDIDATE,
Suprema ( Marvel Comics (Retro) ),3,1,1,MG,SINGLE_CANDIDATE,
Supreme Intelligence,3,1,1,MU,SINGLE_CANDIDATE,
Supreme Intelligence ( Marvel Studios: The Infinity Saga ),3,1,1,,NO_PROPERTY_CANDIDATE,
Surtur,3,1,1,MU,SINGLE_CANDIDATE,
Surtur ( Marvel Comics (Retro) ),3,1,1,MG,SINGLE_CANDIDATE,
Surtur ( Marvel Studios: The Infinity Saga ),3,1,1,,NO_PROPERTY_CANDIDATE,
Survivor Series,12,1,1,WSU,SINGLE_CANDIDATE,
Susan Strong,2,1,1,,NO_PROPERTY_CANDIDATE,
Suttung,3,1,1,MU,SINGLE_CANDIDATE,
Suttung ( Marvel Comics (Retro) ),3,1,1,MG,SINGLE_CANDIDATE,
Suzanne,2,1,1,LT,SINGLE_CANDIDATE,
Swedish Short Snout,2,1,1,HP,SINGLE_CANDIDATE,
"Sweeney, Roscoe (Fixer) ( Marvel Comics (Retro) )",3,1,1,MG,SINGLE_CANDIDATE,
Sword Master,3,1,1,MU,SINGLE_CANDIDATE,
Swordman,3,1,1,MU,SINGLE_CANDIDATE,
Swordman ( Marvel Comics (Retro) ),3,1,1,MG,SINGLE_CANDIDATE,
Sybil Trelawney,2,1,1,HP,SINGLE_CANDIDATE,
Sycho Sid,12,1,1,WSU,SINGLE_CANDIDATE,
Sylvester,2,1,1,LT,SINGLE_CANDIDATE,
Sylvester as Cowardly Lion,2,1,1,LT,SINGLE_CANDIDATE,
Sylvester as Slytherin Fan,2,1,1,LT,SINGLE_CANDIDATE,
Sylvester as Superman,2,1,1,LT,SINGLE_CANDIDATE,
Sylvester Jr.,2,1,1,LT,SINGLE_CANDIDATE,
Sylvie ( MS Disney Plus TV Shows ),1,1,1,,NO_PROPERTY_CANDIDATE,
Symbiote Spider-Man ( MS Disney Plus TV Shows ),1,1,1,,NO_PROPERTY_CANDIDATE,
Syrio Forel,2,1,1,GT,SINGLE_CANDIDATE,
Syxx,12,1,1,WSU,SINGLE_CANDIDATE,
T.V.,2,1,1,,NO_PROPERTY_CANDIDATE,
T`Challa ( Marvel Comics (Retro) ),3,1,1,MG,SINGLE_CANDIDATE,
T`Challa ( Marvel Studios Collection ),3,1,1,,NO_PROPERTY_CANDIDATE,
Table,2,1,1,RK,SINGLE_CANDIDATE,
Tactical Force,3,1,1,MU,SINGLE_CANDIDATE,
"Talbot, Glenn ( Marvel Comics (Retro) )",3,1,1,MG,SINGLE_CANDIDATE,
Tales of Suspense ( Marvel Comics (Retro) ),3,1,1,MG,SINGLE_CANDIDATE,
Tales to Astonish ( Marvel Comics (Retro) ),3,1,1,MG,SINGLE_CANDIDATE,
Talia,2,1,1,BM,SINGLE_CANDIDATE,
Talia Head,2,1,1,BM,SINGLE_CANDIDATE,
Talisa Stark,2,1,1,GT,SINGLE_CANDIDATE,
Talkback ( Marvel Comics (Retro) ),3,1,1,MG,SINGLE_CANDIDATE,
Talking Dog,2,1,1,PW,SINGLE_CANDIDATE,
Talla Tonga,12,1,1,WSU,SINGLE_CANDIDATE,
Talokan ( Marvels Black Panther Movie 2 ),3,1,1,BP,SINGLE_CANDIDATE,
Talos ( Captain Marvel Movie ),3,1,1,CM,SINGLE_CANDIDATE,
Talos ( Marvel Studios: The Infinity Saga ),3,1,1,,NO_PROPERTY_CANDIDATE,
Talos ( MS Disney Plus TV Shows ),1,1,1,,NO_PROPERTY_CANDIDATE,
Tama Tonga,12,1,1,WSU,SINGLE_CANDIDATE,
Tamina Snuka,12,1,1,WSU,SINGLE_CANDIDATE,
Tammy,2,1,1,RK,SINGLE_CANDIDATE,
Tamyra Mensah Stock,12,1,1,WSU,SINGLE_CANDIDATE,
Tank Ledger,12,1,1,WSU,SINGLE_CANDIDATE,
Tanya Tank,2,1,1,BM,SINGLE_CANDIDATE,
Tarantula ( Marvel Comics (Retro) ),3,1,1,MG,SINGLE_CANDIDATE,
Tarantula ( Spider-Man: Brand New Day Movie 2026 ),3,1,1,SP,SINGLE_CANDIDATE,
"Targaryen House Motto ""Fire and Blood""",2,1,1,GT,SINGLE_CANDIDATE,
Targaryen House Sigil,2,1,1,GT,SINGLE_CANDIDATE,
Taserface,3,1,1,GG,SINGLE_CANDIDATE,
Taserface ( Marvel Studios: The Infinity Saga ),3,1,1,,NO_PROPERTY_CANDIDATE,
Task Master ( Marvel Comics (Retro) ),3,1,1,MG,SINGLE_CANDIDATE,
Taskmaster ( Marvel Studios` Thunderbolts ),3,1,1,,NO_PROPERTY_CANDIDATE,
Tasmanian Devil,2,1,1,LT,SINGLE_CANDIDATE,
Tatanka,12,1,1,WSU,SINGLE_CANDIDATE,
Tatsumi Fujinami,12,1,1,WSU,SINGLE_CANDIDATE,
Tatum Paxley,12,1,1,WSU,SINGLE_CANDIDATE,
Tavion Heights,12,1,1,WSU,SINGLE_CANDIDATE,
Taweret ( MS Disney Plus TV Shows ),1,1,1,,NO_PROPERTY_CANDIDATE,
Taz as Astro,2,1,1,LT,SINGLE_CANDIDATE,
Taz as Batman,2,1,1,LT,SINGLE_CANDIDATE,
Taz as Flash,2,1,1,JG,SINGLE_CANDIDATE,
Taz as Scooby-Doo,2,1,1,LT,SINGLE_CANDIDATE,
Taz as Superman,2,1,1,LT,SINGLE_CANDIDATE,
TDK,2,1,1,,NO_PROPERTY_CANDIDATE,
Techno,3,1,1,MU,SINGLE_CANDIDATE,
Techno-Racer,3,1,1,SX,SINGLE_CANDIDATE,
Technovore,3,1,1,MU,SINGLE_CANDIDATE,
Technovore ( Marvel Comics (Retro) ),3,1,1,MG,SINGLE_CANDIDATE,
Ted DiBiase,12,1,1,WSU,SINGLE_CANDIDATE,
Ted Lasso,2,1,1,TL,SINGLE_CANDIDATE,
Teddy Long,12,1,1,WSU,SINGLE_CANDIDATE,
Teddy Rick,2,1,1,RK,SINGLE_CANDIDATE,
Teen Abomination,3,1,1,MU,SINGLE_CANDIDATE,
Tegan Nox,12,1,1,WSU,SINGLE_CANDIDATE,
Tempest,2,1,1,JG,SINGLE_CANDIDATE,
Tempest,3,1,1,MU,SINGLE_CANDIDATE,
Tensai,12,1,1,WSU,SINGLE_CANDIDATE,
Terminatrix,3,1,1,MU,SINGLE_CANDIDATE,
Terra,2,1,1,,NO_PROPERTY_CANDIDATE,
Terrapin,2,1,1,BM,SINGLE_CANDIDATE,
Terry Funk,12,1,1,WSU,SINGLE_CANDIDATE,
Terry Taylor,12,1,1,WSU,SINGLE_CANDIDATE,
Thane,3,1,1,MU,SINGLE_CANDIDATE,
Thanos ( Marvel Comics (Retro) ),3,1,1,MG,SINGLE_CANDIDATE,
Thanos ( Marvel Studios Collection ),3,1,1,,NO_PROPERTY_CANDIDATE,
Thanos ( MS Disney Plus TV Shows ),1,1,1,,NO_PROPERTY_CANDIDATE,
That`s So Raven - Multi Character Group,1,1,1,,NO_PROPERTY_CANDIDATE,
That`s So Raven-Andrea (A. Conwell),1,1,1,,NO_PROPERTY_CANDIDATE,
That`s So Raven-Chelsea(AVanDerPol),1,1,1,,NO_PROPERTY_CANDIDATE,
That`s So Raven-Cory (K.O. Massey),1,1,1,,NO_PROPERTY_CANDIDATE,
That`s So Raven-Eddie (O Brown),1,1,1,,NO_PROPERTY_CANDIDATE,
That`s So Raven-Raven (R. Symone),1,1,1,,NO_PROPERTY_CANDIDATE,
That`s So Raven-Tonya( T.C. Keymah),1,1,1,,NO_PROPERTY_CANDIDATE,
That`s So Raven-Victor (R.Sheridan),1,1,1,,NO_PROPERTY_CANDIDATE,
The Abominable Snowman,2,1,1,LT,SINGLE_CANDIDATE,
The Aristocats,1,1,1,CP,SINGLE_CANDIDATE,
THE BATCOPTER,2,1,1,BM,SINGLE_CANDIDATE,
The Berzerker,12,1,1,WSU,SINGLE_CANDIDATE,
The Big Man ( Marvel Comics (Retro) ),3,1,1,MG,SINGLE_CANDIDATE,
The Black Widow Spider,2,1,1,LT,SINGLE_CANDIDATE,
The Boogeyman,12,1,1,WSU,SINGLE_CANDIDATE,
The Brain,2,1,1,,NO_PROPERTY_CANDIDATE,
The Call ( Marvel Comics (Retro) ),3,1,1,MG,SINGLE_CANDIDATE,
The Captain,3,1,1,MU,SINGLE_CANDIDATE,
The Chickens,2,1,1,LT,SINGLE_CANDIDATE,
The Conductor,2,1,1,XP,SINGLE_CANDIDATE,
The Conductor With No Character Likeness,2,1,1,XP,SINGLE_CANDIDATE,
The Cowardly Lion (Doll Only – No Talent Likeness),2,1,1,WZ,SINGLE_CANDIDATE,
The Cowardly Lion (Doll Only),2,1,1,WZ,SINGLE_CANDIDATE,
The Creeper,2,1,1,,NO_PROPERTY_CANDIDATE,
The Crusher,2,1,1,LT,SINGLE_CANDIDATE,
The Do-Do Bird,2,1,1,LT,SINGLE_CANDIDATE,
The Enforcers ( Marvel Comics (Retro) ),3,1,1,MG,SINGLE_CANDIDATE,
The Finisher,12,1,1,WSU,SINGLE_CANDIDATE,
The First Lantern,2,1,1,JG,SINGLE_CANDIDATE,
The Flying Kitten,2,1,1,LT,SINGLE_CANDIDATE,
The Frightful Four ( Marvel Comics (Retro) ),3,1,1,MG,SINGLE_CANDIDATE,
The Ghost Of Redbeard,2,1,1,,NO_PROPERTY_CANDIDATE,
The Giant,2,1,1,LT,SINGLE_CANDIDATE,
The Goon,12,1,1,WSU,SINGLE_CANDIDATE,
The Great Khali,12,1,1,WSU,SINGLE_CANDIDATE,
The Great Muta,12,1,1,WSU,SINGLE_CANDIDATE,
The Hood,3,1,1,MU,SINGLE_CANDIDATE,
The Hurricane,12,1,1,WSU,SINGLE_CANDIDATE,
The Jungle Book,1,1,1,CP,SINGLE_CANDIDATE,
The Kitten,2,1,1,LT,SINGLE_CANDIDATE,
The Lion King,1,1,1,CP,SINGLE_CANDIDATE,
The Living Laser,3,1,1,MU,SINGLE_CANDIDATE,
The Living Laser ( Marvel Comics (Retro) ),3,1,1,MG,SINGLE_CANDIDATE,
The Lollipop Guild,2,1,1,WZ,SINGLE_CANDIDATE,
The Lullaby League,2,1,1,WZ,SINGLE_CANDIDATE,
THE MAD HATTER,2,1,1,BM,SINGLE_CANDIDATE,
The Mayor,2,1,1,BM,SINGLE_CANDIDATE,
The Melter,3,1,1,MU,SINGLE_CANDIDATE,
The Melter ( Marvel Comics (Retro) ),3,1,1,MG,SINGLE_CANDIDATE,
The Milano ( Marvel Comics (Retro) ),3,1,1,MG,SINGLE_CANDIDATE,
The Milano ( Marvel Studios Collection ),3,1,1,,NO_PROPERTY_CANDIDATE,
The Miz,12,1,1,WSU,SINGLE_CANDIDATE,
The Munchkins,2,1,1,WZ,SINGLE_CANDIDATE,
The Nation of Domination,12,1,1,WSU,SINGLE_CANDIDATE,
The Other,3,1,1,MU,SINGLE_CANDIDATE,
The Peak,3,1,1,GM,SINGLE_CANDIDATE,
The Phantom,3,1,1,MU,SINGLE_CANDIDATE,
The Phantom ( Marvel Comics (Retro) ),3,1,1,MG,SINGLE_CANDIDATE,
The Presence,3,1,1,MU,SINGLE_CANDIDATE,
The Presence ( Marvel Comics (Retro) ),3,1,1,MG,SINGLE_CANDIDATE,
The Question,2,1,1,JG,SINGLE_CANDIDATE,
The Rock,12,1,1,WSU,SINGLE_CANDIDATE,
The Scarecrow (Doll Only),2,1,1,WZ,SINGLE_CANDIDATE,
The Scientist Supreme,3,1,1,MU,SINGLE_CANDIDATE,
The Scientist Supreme ( Marvel Comics (Retro) ),3,1,1,MG,SINGLE_CANDIDATE,
The Sentry Sinister ( Marvel Comics (Retro) ),3,1,1,MG,SINGLE_CANDIDATE,
The Sheriff,2,1,1,LT,SINGLE_CANDIDATE,
The Stranger ( Marvel Comics (Retro) ),3,1,1,MG,SINGLE_CANDIDATE,
The Sultan,12,1,1,WSU,SINGLE_CANDIDATE,
The Symbiote ( Marvel Comics (Retro) ),3,1,1,MG,SINGLE_CANDIDATE,
The Teen ( MS Disney Plus TV Shows ),1,1,1,,NO_PROPERTY_CANDIDATE,
The Thing ( Marvel Studios` Avengers Doomsday ),3,1,1,,NO_PROPERTY_CANDIDATE,
The Thinker,2,1,1,,NO_PROPERTY_CANDIDATE,
The Three Little Bops,2,1,1,LT,SINGLE_CANDIDATE,
The Time Keepers ( MS Disney Plus TV Shows ),1,1,1,,NO_PROPERTY_CANDIDATE,
The Tong ( Marvel Comics (Retro) ),3,1,1,MG,SINGLE_CANDIDATE,
The Watcher ( Marvel Studios Collection ),3,1,1,,NO_PROPERTY_CANDIDATE,
The Wicked Witch Of The West (Margaret Hamilton),2,1,1,WZ,SINGLE_CANDIDATE,
The Winkies,2,1,1,WZ,SINGLE_CANDIDATE,
"The Wizard Of Oz,",2,1,1,WZ,SINGLE_CANDIDATE,
The Zodiac,12,1,1,WSU,SINGLE_CANDIDATE,
Thea Hail,12,1,1,WSU,SINGLE_CANDIDATE,
Thena ( Marvel Studios Collection ),3,1,1,,NO_PROPERTY_CANDIDATE,
Theodred,2,1,1,LR,SINGLE_CANDIDATE,
Theon Greyjoy,2,1,1,GT,SINGLE_CANDIDATE,
There`S No Place Like Home,2,1,1,WZ,SINGLE_CANDIDATE,
Thestral,2,1,1,HP,SINGLE_CANDIDATE,
Thing,2,1,1,JG,SINGLE_CANDIDATE,
Thing ( Fantastic Four - Do Not Use ),3,1,1,FFF,SINGLE_CANDIDATE,
Thing ( Marvel Comics (Retro) ),3,1,1,MG,SINGLE_CANDIDATE,
Thomas Wayne With No Character Likeness,2,1,1,BM,SINGLE_CANDIDATE,
"Thompson, Flash ( Marvel Comics (Retro) )",3,1,1,MG,SINGLE_CANDIDATE,
Thor ( Marvel Comics (Retro) ),3,1,1,MG,SINGLE_CANDIDATE,
Thor ( Marvel Studios Collection ),3,1,1,,NO_PROPERTY_CANDIDATE,
Thor ( Marvel Studios` Avengers Doomsday ),3,1,1,,NO_PROPERTY_CANDIDATE,
Thor ( Marvel Studios` Deadpool Movie 3 ),3,1,1,DP,SINGLE_CANDIDATE,
Thor ( MS Disney Plus TV Shows ),1,1,1,,NO_PROPERTY_CANDIDATE,
Thor (Jane Foster),3,1,1,MU,SINGLE_CANDIDATE,
Thor Girl,3,1,1,MU,SINGLE_CANDIDATE,
Thorn,2,1,1,,NO_PROPERTY_CANDIDATE,
Thoros of Myr,2,1,1,GT,SINGLE_CANDIDATE,
Thousand ( Marvel Comics (Retro) ),3,1,1,MG,SINGLE_CANDIDATE,
Thrain (Young),2,1,1,,NO_PROPERTY_CANDIDATE,
Thrasher,12,1,1,WSU,SINGLE_CANDIDATE,
Three Bears,2,1,1,LT,SINGLE_CANDIDATE,
Three-Eyed Raven,2,1,1,GT,SINGLE_CANDIDATE,
Throg ( Marvel Comics (Retro) ),3,1,1,MG,SINGLE_CANDIDATE,
Throg ( MS Disney Plus TV Shows ),1,1,1,,NO_PROPERTY_CANDIDATE,
Thror,2,1,1,,NO_PROPERTY_CANDIDATE,
Thug1,2,1,1,BM,SINGLE_CANDIDATE,
Thug2,2,1,1,BM,SINGLE_CANDIDATE,
Thug3,2,1,1,BM,SINGLE_CANDIDATE,
Thuggee,2,1,1,BM,SINGLE_CANDIDATE,
Thunder,2,1,1,,NO_PROPERTY_CANDIDATE,
Thunderball ( Marvel Comics (Retro) ),3,1,1,MG,SINGLE_CANDIDATE,
Thunderbird ( Marvel Comics (Retro) ),3,1,1,MG,SINGLE_CANDIDATE,
Thunderbird II,3,1,1,MU,SINGLE_CANDIDATE,
Thunderbolt,2,1,1,JG,SINGLE_CANDIDATE,
Thunderbolt Ross ( Marvel Comics (Retro) ),3,1,1,MG,SINGLE_CANDIDATE,
Thunderbolts,3,1,1,MU,SINGLE_CANDIDATE,
Thunderstrike,3,1,1,MU,SINGLE_CANDIDATE,
Thunderstrike ( Marvel Comics (Retro) ),3,1,1,MG,SINGLE_CANDIDATE,
Thundra ( Marvel Comics (Retro) ),3,1,1,MG,SINGLE_CANDIDATE,
Tic,3,1,1,MU,SINGLE_CANDIDATE,
Tickets Please Guy,2,1,1,RK,SINGLE_CANDIDATE,
Tiffany Stratton,12,1,1,WSU,SINGLE_CANDIDATE,
Tigershark,3,1,1,MU,SINGLE_CANDIDATE,
Tigershark ( Marvel Comics (Retro) ),3,1,1,MG,SINGLE_CANDIDATE,
Tigra ( Marvel Comics (Retro) ),3,1,1,MG,SINGLE_CANDIDATE,
Tilda,2,1,1,,NO_PROPERTY_CANDIDATE,
Tim Allen Voice,1,1,1,TS,SINGLE_CANDIDATE,
Timberius ( Marvel Comics (Retro) ),3,1,1,MG,SINGLE_CANDIDATE,
Time Variance Authority ( Marvel Studios Collection ),3,1,1,,NO_PROPERTY_CANDIDATE,
"Timely, Victor ( MS Disney Plus TV Shows )",1,1,1,,NO_PROPERTY_CANDIDATE,
Timespinner ( Marvel Comics (Retro) ),3,1,1,MG,SINGLE_CANDIDATE,
Timothy Thatcher,12,1,1,WSU,SINGLE_CANDIDATE,
Tin Man,2,1,1,WZ,SINGLE_CANDIDATE,
Tina,2,1,1,,NO_PROPERTY_CANDIDATE,
Tinker Bell,1,1,1,PA,SINGLE_CANDIDATE,
Tinkerer ( Marvel Comics (Retro) ),3,1,1,MG,SINGLE_CANDIDATE,
Tinkles,2,1,1,RK,SINGLE_CANDIDATE,
Tiny Rick,2,1,1,RK,SINGLE_CANDIDATE,
Tiny Tunes,2,1,1,LT,SINGLE_CANDIDATE,
Tired Businessman,2,1,1,LT,SINGLE_CANDIDATE,
Titania,3,1,1,MU,SINGLE_CANDIDATE,
Titania ( MS Disney Plus TV Shows ),1,1,1,,NO_PROPERTY_CANDIDATE,
Titanium Man,3,1,1,MU,SINGLE_CANDIDATE,
Titanium Man ( Marvel Comics (Retro) ),3,1,1,MG,SINGLE_CANDIDATE,
Titannus,3,1,1,MU,SINGLE_CANDIDATE,
Titannus ( Marvel Comics (Retro) ),3,1,1,MG,SINGLE_CANDIDATE,
Tito Santana,12,1,1,WSU,SINGLE_CANDIDATE,
Titus O’Neil,12,1,1,WSU,SINGLE_CANDIDATE,
To Be Determined,2,1,1,,NO_PROPERTY_CANDIDATE,
Toad ( Marvel Comics (Retro) ),3,1,1,MG,SINGLE_CANDIDATE,
Toad Men ( Marvel Comics (Retro) ),3,1,1,MG,SINGLE_CANDIDATE,
Toast Princess,2,1,1,,NO_PROPERTY_CANDIDATE,
Tom as Batman,2,1,1,LT,SINGLE_CANDIDATE,
Tom as Slytherin Fan,2,1,1,LT,SINGLE_CANDIDATE,
Tom as Superman,2,1,1,LT,SINGLE_CANDIDATE,
Tom Dover,2,1,1,LT,SINGLE_CANDIDATE,
Tom Hardy - Eddie Brock-Venom ( Spider-Man Movie 2021 ) - With Likeness,3,1,1,SP,SINGLE_CANDIDATE,
Tom Hiddleston ( MS Disney Plus TV Shows ) - With Likeness,1,1,1,,NO_PROPERTY_CANDIDATE,
Tom in Bugs Bunny Pajamas,2,1,1,LT,SINGLE_CANDIDATE,
Tom Riddle,2,1,1,HP,SINGLE_CANDIDATE,
Tom Thumb,2,1,1,LT,SINGLE_CANDIDATE,
Tom Thumb (Infant),2,1,1,LT,SINGLE_CANDIDATE,
Tom Thumb`S Father,2,1,1,LT,SINGLE_CANDIDATE,
Tomar Re,2,1,1,GN,SINGLE_CANDIDATE,
Tombstone ( Spider-Man: Brand New Day Movie 2026 ),3,1,1,SP,SINGLE_CANDIDATE,
Tomcat,2,1,1,JG,SINGLE_CANDIDATE,
Tommaso Ciampa,12,1,1,WSU,SINGLE_CANDIDATE,
Tommen Baratheon,2,1,1,GT,SINGLE_CANDIDATE,
Tommy,2,1,1,GT,SINGLE_CANDIDATE,
Tommy DeVito,2,1,1,GS,SINGLE_CANDIDATE,
Tomorrow Man ( Marvel Comics (Retro) ),3,1,1,MG,SINGLE_CANDIDATE,
Tonga Kid,12,1,1,WSU,SINGLE_CANDIDATE,
Tonga Loa,12,1,1,WSU,SINGLE_CANDIDATE,
Toni Storm,12,1,1,WSU,SINGLE_CANDIDATE,
Tony D'Angelo,12,1,1,WSU,SINGLE_CANDIDATE,
Tony Nese,12,1,1,WSU,SINGLE_CANDIDATE,
Tony Revolori - Flash Thompson ( Spider-Man Movie 2021 ) - With Likeness,3,1,1,SP,SINGLE_CANDIDATE,
Toothgnasher ( Marvel Studios Collection ),3,1,1,,NO_PROPERTY_CANDIDATE,
Toothgrinder ( Marvel Studios Collection ),3,1,1,,NO_PROPERTY_CANDIDATE,
Toothless Boy,2,1,1,XP,SINGLE_CANDIDATE,
Toothless Boy With No Character Likeness,2,1,1,XP,SINGLE_CANDIDATE,
Toots,2,1,1,LT,SINGLE_CANDIDATE,
Toots (Quentin`S Daughter),2,1,1,LT,SINGLE_CANDIDATE,
Top Dolla,12,1,1,WSU,SINGLE_CANDIDATE,
Topo,2,1,1,,NO_PROPERTY_CANDIDATE,
Torg,3,1,1,MU,SINGLE_CANDIDATE,
Tormund Giantsbane,2,1,1,GT,SINGLE_CANDIDATE,
Tornado,2,1,1,JG,SINGLE_CANDIDATE,
Toro,3,1,1,MU,SINGLE_CANDIDATE,
Toro ( Marvel Comics (Retro) ),3,1,1,MG,SINGLE_CANDIDATE,
Torrie Wilson,12,1,1,WSU,SINGLE_CANDIDATE,
Totally Minnie,1,1,1,MM,SINGLE_CANDIDATE,
Totally Minnie With Friends,1,1,1,MM,SINGLE_CANDIDATE,
Toto as Toto,2,1,1,WZ,SINGLE_CANDIDATE,
Tough Little Bird,2,1,1,LT,SINGLE_CANDIDATE,
Toy Master,2,1,1,JG,SINGLE_CANDIDATE,
Toy Story - Slinky Dog (3D Representation),1,1,1,TS,SINGLE_CANDIDATE,
Toy Story 2 - Slinky Dog (3D Representation),1,1,1,TS,SINGLE_CANDIDATE,
Toy Story 2-Potato Head Alone,1,1,1,TS,SINGLE_CANDIDATE,
Toy Story 2-Potato Head w,1,1,1,TS,SINGLE_CANDIDATE,
Toy Story 2-Tim Allen Voice,1,1,1,TS,SINGLE_CANDIDATE,
Toy Story 3 - 3DSlinkDog Ken and,1,1,1,TS,SINGLE_CANDIDATE,
Toy Story 3 - Barbie Car alone,1,1,1,TS,SINGLE_CANDIDATE,
Toy Story 3 - Buzz alone,1,1,1,TS,SINGLE_CANDIDATE,
Toy Story 3 - Chatter Phone alone,1,1,1,TS,SINGLE_CANDIDATE,
Toy Story 3 - Jessie alone,1,1,1,TS,SINGLE_CANDIDATE,
Toy Story 3 - Ken and,1,1,1,TS,SINGLE_CANDIDATE,
Toy Story 3 - Mr Potato Head and,1,1,1,TS,SINGLE_CANDIDATE,
Toy Story 3 - Mr Potato Head and Mrs Potato Head with other TS3 characters,1,1,1,TS,SINGLE_CANDIDATE,
Toy Story 3 - Slinky Dog (3D Representation),1,1,1,TS,SINGLE_CANDIDATE,
Toy Story 3 - Woody alone,1,1,1,TS,SINGLE_CANDIDATE,
Toy Story 4 - 3D Slinky Dog,1,1,1,TS,SINGLE_CANDIDATE,
Toy Story 4 - Barbie,1,1,1,TS,SINGLE_CANDIDATE,
Toy Story 4 - Mr. Potato Head Alone,1,1,1,TS,SINGLE_CANDIDATE,
Toy Story 4 - Mr. Potato Head with Others,1,1,1,TS,SINGLE_CANDIDATE,
Toy Story 4 - Mrs. Potato Head Alone,1,1,1,TS,SINGLE_CANDIDATE,
Toy Story 4 - Mrs. Potato Head with Others,1,1,1,TS,SINGLE_CANDIDATE,
Trace-E,3,1,1,SX,SINGLE_CANDIDATE,
Tracksuit Mafia ( MS Disney Plus TV Shows ),1,1,1,,NO_PROPERTY_CANDIDATE,
Trapster ( Marvel Comics (Retro) ),3,1,1,MG,SINGLE_CANDIDATE,
Trauma,3,1,1,MU,SINGLE_CANDIDATE,
"Traveller, Judas ( Marvel Comics (Retro) )",3,1,1,MG,SINGLE_CANDIDATE,
Travesty ( Marvel Comics (Retro) ),3,1,1,MG,SINGLE_CANDIDATE,
Travis Scott,12,1,1,WSU,SINGLE_CANDIDATE,
Tree Trunks,2,1,1,,NO_PROPERTY_CANDIDATE,
Trench,2,1,1,JG,SINGLE_CANDIDATE,
Trench King,2,1,1,AQ,SINGLE_CANDIDATE,
Trent,2,1,1,FT,SINGLE_CANDIDATE,
"Trevorik, Janos ( Marvel Comics (Retro) )",3,1,1,MG,SINGLE_CANDIDATE,
Triathlon ( Marvel Comics (Retro) ),3,1,1,MG,SINGLE_CANDIDATE,
Trick Shot ( Marvel Comics (Retro) ),3,1,1,MG,SINGLE_CANDIDATE,
Trick Williams,12,1,1,WSU,SINGLE_CANDIDATE,
Triple H,12,1,1,WSU,SINGLE_CANDIDATE,
Triplicate Girl,2,1,1,,NO_PROPERTY_CANDIDATE,
Trish Stratus,12,1,1,WSU,SINGLE_CANDIDATE,
Triton ( Marvel Comics (Retro) ),3,1,1,MG,SINGLE_CANDIDATE,
Trixie Dunn,2,1,1,RK,SINGLE_CANDIDATE,
Troia (Donna Troy),2,1,1,WW,SINGLE_CANDIDATE,
Troy Yearwood,12,1,1,WSU,SINGLE_CANDIDATE,
Truckula,2,1,1,RK,SINGLE_CANDIDATE,
Tsum Tsum - 101 Dalmatians,1,1,1,,NO_PROPERTY_CANDIDATE,
Tsum Tsum - A Bug`s Life,1,1,1,,NO_PROPERTY_CANDIDATE,
Tsum Tsum - Aladdin,1,1,1,,NO_PROPERTY_CANDIDATE,
Tsum Tsum - Alice in Wonderland,1,1,1,,NO_PROPERTY_CANDIDATE,
Tsum Tsum - Aristocats,1,1,1,,NO_PROPERTY_CANDIDATE,
Tsum Tsum - Bambi,1,1,1,,NO_PROPERTY_CANDIDATE,
Tsum Tsum - Beauty and the Beast,1,1,1,,NO_PROPERTY_CANDIDATE,
Tsum Tsum - Big Hero 6,1,1,1,,NO_PROPERTY_CANDIDATE,
Tsum Tsum - Cars 3,1,1,1,,NO_PROPERTY_CANDIDATE,
Tsum Tsum - Cinderella,1,1,1,,NO_PROPERTY_CANDIDATE,
Tsum Tsum - Ducktales,1,1,1,,NO_PROPERTY_CANDIDATE,
Tsum Tsum - Dumbo,1,1,1,,NO_PROPERTY_CANDIDATE,
Tsum Tsum - Finding Dory,1,1,1,,NO_PROPERTY_CANDIDATE,
Tsum Tsum - Finding Nemo,1,1,1,,NO_PROPERTY_CANDIDATE,
Tsum Tsum - Frozen,1,1,1,,NO_PROPERTY_CANDIDATE,
Tsum Tsum - Inside Out,1,1,1,,NO_PROPERTY_CANDIDATE,
Tsum Tsum - Jungle Book,1,1,1,,NO_PROPERTY_CANDIDATE,
Tsum Tsum - Lady and the Tramp,1,1,1,,NO_PROPERTY_CANDIDATE,
Tsum Tsum - Lilo and Stitch,1,1,1,,NO_PROPERTY_CANDIDATE,
Tsum Tsum - Lion King,1,1,1,,NO_PROPERTY_CANDIDATE,
Tsum Tsum - Little Mermaid,1,1,1,,NO_PROPERTY_CANDIDATE,
Tsum Tsum - Logo with Character Group Including Pooh,1,1,1,,NO_PROPERTY_CANDIDATE,
Tsum Tsum - Logo with Character Group without Pooh,1,1,1,,NO_PROPERTY_CANDIDATE,
Tsum Tsum - Logo with Winnie the Pooh only,1,1,1,,NO_PROPERTY_CANDIDATE,
Tsum Tsum - Mickey Mouse Club,1,1,1,,NO_PROPERTY_CANDIDATE,
Tsum Tsum - Mickey`s Christmas Carol,1,1,1,,NO_PROPERTY_CANDIDATE,
Tsum Tsum - Moana,1,1,1,,NO_PROPERTY_CANDIDATE,
Tsum Tsum - Monsters Inc,1,1,1,,NO_PROPERTY_CANDIDATE,
Tsum Tsum - Monsters University,1,1,1,,NO_PROPERTY_CANDIDATE,
Tsum Tsum - Mulan,1,1,1,,NO_PROPERTY_CANDIDATE,
Tsum Tsum - Multi-Property,1,1,1,,NO_PROPERTY_CANDIDATE,
Tsum Tsum - Muppets,1,1,1,,NO_PROPERTY_CANDIDATE,
Tsum Tsum - Nightmare Before Christmas,1,1,1,,NO_PROPERTY_CANDIDATE,
Tsum Tsum - Oswald,1,1,1,,NO_PROPERTY_CANDIDATE,
Tsum Tsum - Peter Pan,1,1,1,,NO_PROPERTY_CANDIDATE,
Tsum Tsum - Pinocchio,1,1,1,,NO_PROPERTY_CANDIDATE,
Tsum Tsum - Pirates of the Caribbean,1,1,1,,NO_PROPERTY_CANDIDATE,
Tsum Tsum - Pocahontas,1,1,1,,NO_PROPERTY_CANDIDATE,
Tsum Tsum - Princess and the Frog,1,1,1,,NO_PROPERTY_CANDIDATE,
Tsum Tsum - Sleeping Beauty,1,1,1,,NO_PROPERTY_CANDIDATE,
Tsum Tsum - Snow White and the Seven Dwarfs,1,1,1,,NO_PROPERTY_CANDIDATE,
Tsum Tsum - Soy Luna,1,1,1,,NO_PROPERTY_CANDIDATE,
Tsum Tsum - Standard Characters,1,1,1,,NO_PROPERTY_CANDIDATE,
Tsum Tsum - Steamboat Willie,1,1,1,,NO_PROPERTY_CANDIDATE,
Tsum Tsum - Tangled,1,1,1,,NO_PROPERTY_CANDIDATE,
Tsum Tsum - The Emperor`s New Groove,1,1,1,,NO_PROPERTY_CANDIDATE,
Tsum Tsum - The Fox and the Hound,1,1,1,,NO_PROPERTY_CANDIDATE,
Tsum Tsum - The Incredibles,1,1,1,,NO_PROPERTY_CANDIDATE,
Tsum Tsum - The Incredibles 2,1,1,1,,NO_PROPERTY_CANDIDATE,
Tsum Tsum - Toy Story,1,1,1,,NO_PROPERTY_CANDIDATE,
Tsum Tsum - Tron,1,1,1,,NO_PROPERTY_CANDIDATE,
Tsum Tsum - Up,1,1,1,,NO_PROPERTY_CANDIDATE,
Tsum Tsum - Villains,1,1,1,,NO_PROPERTY_CANDIDATE,
Tsum Tsum - Wall -E,1,1,1,,NO_PROPERTY_CANDIDATE,
Tsum Tsum - Winnie the Pooh,1,1,1,,NO_PROPERTY_CANDIDATE,
Tsum Tsum - Wreck-It Ralph,1,1,1,,NO_PROPERTY_CANDIDATE,
Tsum Tsum - Zootopia,1,1,1,,NO_PROPERTY_CANDIDATE,
Tsum Tsum – Brave,1,1,1,,NO_PROPERTY_CANDIDATE,
Tsum Tsum – Coco,1,1,1,,NO_PROPERTY_CANDIDATE,
Tsum Tsum – Fantasia,1,1,1,,NO_PROPERTY_CANDIDATE,
Tsum Tsum – Ratatouille,1,1,1,,NO_PROPERTY_CANDIDATE,
Tuff,2,1,1,LT,SINGLE_CANDIDATE,
Tuff Mickey,1,1,1,MM,SINGLE_CANDIDATE,
Tugboat,12,1,1,WSU,SINGLE_CANDIDATE,
Tullk,3,1,1,MU,SINGLE_CANDIDATE,
"Tully House Motto ""Family, Duty, Honor""",2,1,1,GT,SINGLE_CANDIDATE,
Tully House Sigil,2,1,1,GT,SINGLE_CANDIDATE,
Tumbler ( Marvel Comics (Retro) ),3,1,1,MG,SINGLE_CANDIDATE,
Turbo,3,1,1,MU,SINGLE_CANDIDATE,
Turtle Princess,2,1,1,,NO_PROPERTY_CANDIDATE,
Tv Anchorman,2,1,1,HP,SINGLE_CANDIDATE,
Tv Weatherman,2,1,1,HP,SINGLE_CANDIDATE,
Tweety,2,1,1,LT,SINGLE_CANDIDATE,
Tweety as Batman,2,1,1,LT,SINGLE_CANDIDATE,
Tweety as Elroy Jetson,2,1,1,LT,SINGLE_CANDIDATE,
Tweety as Slytherin Fan,2,1,1,LT,SINGLE_CANDIDATE,
Tweety as Superman,2,1,1,LT,SINGLE_CANDIDATE,
Tweety as Velma Dinkley,2,1,1,LT,SINGLE_CANDIDATE,
Twin 1,2,1,1,,NO_PROPERTY_CANDIDATE,
Twin 2,2,1,1,,NO_PROPERTY_CANDIDATE,
Twirl-E,3,1,1,SX,SINGLE_CANDIDATE,
Twist-E,3,1,1,SX,SINGLE_CANDIDATE,
Two Headed Duck,2,1,1,,NO_PROPERTY_CANDIDATE,
Two-Gun Kid,3,1,1,MU,SINGLE_CANDIDATE,
Two-Gun Kid ( Marvel Comics (Retro) ),3,1,1,MG,SINGLE_CANDIDATE,
Ty Schmidt,12,1,1,WSU,SINGLE_CANDIDATE,
Tycho Nestoris,2,1,1,GT,SINGLE_CANDIDATE,
Tyland Lannister,2,1,1,,NO_PROPERTY_CANDIDATE,
Tyler Bate,12,1,1,WSU,SINGLE_CANDIDATE,
Tyler Breeze,12,1,1,WSU,SINGLE_CANDIDATE,
Typhoid Mary,3,1,1,MU,SINGLE_CANDIDATE,
Typhoid Mary ( Marvel Comics (Retro) ),3,1,1,MG,SINGLE_CANDIDATE,
Typhoon,12,1,1,WSU,SINGLE_CANDIDATE,
Tyr,3,1,1,MU,SINGLE_CANDIDATE,
Tyr ( Marvel Comics (Retro) ),3,1,1,MG,SINGLE_CANDIDATE,
Tyra Mae Steele,12,1,1,WSU,SINGLE_CANDIDATE,
Tyrannus ( Marvel Comics (Retro) ),3,1,1,MG,SINGLE_CANDIDATE,
"Tyrell House Motto ""Growing Strong""",2,1,1,GT,SINGLE_CANDIDATE,
Tyrell House Sigil,2,1,1,GT,SINGLE_CANDIDATE,
Tyriek Igwe,12,1,1,WSU,SINGLE_CANDIDATE,
Tyrion Lannister,2,1,1,GT,SINGLE_CANDIDATE,
Tyson Dupont,12,1,1,WSU,SINGLE_CANDIDATE,
Tyson Kidd,12,1,1,WSU,SINGLE_CANDIDATE,
Tywin Lannister,2,1,1,GT,SINGLE_CANDIDATE,
U. ( MS Disney Plus TV Shows ),1,1,1,,NO_PROPERTY_CANDIDATE,
U.S. Agent,3,1,1,MU,SINGLE_CANDIDATE,
Uatu The Watcher,3,1,1,MU,SINGLE_CANDIDATE,
Ubu,2,1,1,BM,SINGLE_CANDIDATE,
Ulf the White,2,1,1,,NO_PROPERTY_CANDIDATE,
Ulik,3,1,1,MU,SINGLE_CANDIDATE,
Ulik ( Marvel Comics (Retro) ),3,1,1,MG,SINGLE_CANDIDATE,
Ultimate Black Widow,3,1,1,GM,SINGLE_CANDIDATE,
Ultimate Doctor Octopus,3,1,1,SP,SINGLE_CANDIDATE,
Ultimate Mysterio,3,1,1,SP,SINGLE_CANDIDATE,
Ultimate Spider-Man ( Marvel Comics (Retro) ),3,1,1,MG,SINGLE_CANDIDATE,
Ultimate Spider-Woman,3,1,1,GM,SINGLE_CANDIDATE,
Ultimate Ultron,3,1,1,MU,SINGLE_CANDIDATE,
Ultimate Venom,3,1,1,MU,SINGLE_CANDIDATE,
Ultimate Warrior,12,1,1,WSU,SINGLE_CANDIDATE,
Ultimatum ( Marvel Comics (Retro) ),3,1,1,MG,SINGLE_CANDIDATE,
Ultimo ( Marvel Comics (Retro) ),3,1,1,MG,SINGLE_CANDIDATE,
Ultra Girl,3,1,1,MU,SINGLE_CANDIDATE,
Ultron ( Marvel Studios Collection ),3,1,1,,NO_PROPERTY_CANDIDATE,
Ultron ( Marvel Studios` Ant-Man Wasp Quantumania ),3,1,1,,NO_PROPERTY_CANDIDATE,
Ultron ( MS Disney Plus TV Shows ),1,1,1,,NO_PROPERTY_CANDIDATE,
Ulysses,2,1,1,JG,SINGLE_CANDIDATE,
Umaga,12,1,1,WSU,SINGLE_CANDIDATE,
Umar ( Marvel Comics (Retro) ),3,1,1,MG,SINGLE_CANDIDATE,
Umber House Sigil,2,1,1,GT,SINGLE_CANDIDATE,
Umbu the Unliving ( Marvel Comics (Retro) ),3,1,1,MG,SINGLE_CANDIDATE,
Uncle Henry,2,1,1,WZ,SINGLE_CANDIDATE,
Uncle Howdy,12,1,1,WSU,SINGLE_CANDIDATE,
Uncle Leo,2,1,1,SN,SINGLE_CANDIDATE,
Uncle Scrooge - Do Not Use,1,1,1,,NO_PROPERTY_CANDIDATE,
Uncle Vernon,2,1,1,HP,SINGLE_CANDIDATE,
Uncle Vernon (Talent),2,1,1,HP,SINGLE_CANDIDATE,
Uncle Vernon Dursley,2,1,1,HP,SINGLE_CANDIDATE,
UNCOILED,2,1,1,JG,SINGLE_CANDIDATE,
Undertaker,12,1,1,WSU,SINGLE_CANDIDATE,
Unicorn,3,1,1,MU,SINGLE_CANDIDATE,
Unicorn ( Marvel Comics (Retro) ),3,1,1,MG,SINGLE_CANDIDATE,
Union Jack,3,1,1,MU,SINGLE_CANDIDATE,
Union Jack ( Marvel Comics (Retro) ),3,1,1,MG,SINGLE_CANDIDATE,
Unity,2,1,1,RK,SINGLE_CANDIDATE,
Unnamed Sweetwater Shnook,2,1,1,LT,SINGLE_CANDIDATE,
Unsullied,2,1,1,GT,SINGLE_CANDIDATE,
Untitled WDAS Stitch Short (DSF),1,1,1,LS,SINGLE_CANDIDATE,
Uranian,3,1,1,MU,SINGLE_CANDIDATE,
Uriah Connors,12,1,1,WSU,SINGLE_CANDIDATE,
Ursa,2,1,1,,NO_PROPERTY_CANDIDATE,
Ursa Major,3,1,1,MU,SINGLE_CANDIDATE,
Ursa Major ( Marvel Comics (Retro) ),3,1,1,MG,SINGLE_CANDIDATE,
Vader,12,1,1,WSU,SINGLE_CANDIDATE,
Val-Zod,2,1,1,SM,SINGLE_CANDIDATE,
Valar Morghulis,2,1,1,GT,SINGLE_CANDIDATE,
Valhalla,12,1,1,WSU,SINGLE_CANDIDATE,
Valkyrie ( Marvel Comics (Retro) ),3,1,1,MG,SINGLE_CANDIDATE,
Valkyrie ( Marvel Studios Collection ),3,1,1,,NO_PROPERTY_CANDIDATE,
Valkyrie ( MS Disney Plus TV Shows ),1,1,1,,NO_PROPERTY_CANDIDATE,
Vampire,3,1,1,MU,SINGLE_CANDIDATE,
"Van Dyne, Hope ( Marvel Studios Collection )",3,1,1,,NO_PROPERTY_CANDIDATE,
"Van Dyne, Janet ( Marvel Studios Collection )",3,1,1,,NO_PROPERTY_CANDIDATE,
Vance Astro,3,1,1,MU,SINGLE_CANDIDATE,
Vandal Savage,2,1,1,JG,SINGLE_CANDIDATE,
Vanisher,3,1,1,MU,SINGLE_CANDIDATE,
"Vanko, Ivan ( Marvel Comics (Retro) )",3,1,1,MG,SINGLE_CANDIDATE,
Vartox,2,1,1,JG,SINGLE_CANDIDATE,
"Vasquez, Maria ( MS Disney Plus TV Shows )",1,1,1,,NO_PROPERTY_CANDIDATE,
VDFP,2,1,1,BJ,SINGLE_CANDIDATE,
Vector ( Marvel Comics (Retro) ),3,1,1,MG,SINGLE_CANDIDATE,
VEHICLE REPLICAS,2,1,1,BM,SINGLE_CANDIDATE,
Veil,3,1,1,MU,SINGLE_CANDIDATE,
Veil ( Marvel Comics (Retro) ),3,1,1,MG,SINGLE_CANDIDATE,
Velma,2,1,1,,NO_PROPERTY_CANDIDATE,
Velma as voiced by Gina Rodriguez,2,1,1,,NO_PROPERTY_CANDIDATE,
Velma Dinkly,2,1,1,,NO_PROPERTY_CANDIDATE,
Vengeance ( Marvel Comics (Retro) ),3,1,1,MG,SINGLE_CANDIDATE,
Venom ( Marvel Comics (Retro) ),3,1,1,MG,SINGLE_CANDIDATE,
Venom ( Venom Movie 2024 ),3,1,1,VN,SINGLE_CANDIDATE,
Venom 2099,3,1,1,MU,SINGLE_CANDIDATE,
Venomasaurus Rex,3,1,1,MU,SINGLE_CANDIDATE,
Venompool,3,1,1,GM,SINGLE_CANDIDATE,
Ventriloquist aka Arnold Wesker,2,1,1,JG,SINGLE_CANDIDATE,
Ventriloquist aka Scarface,2,1,1,BM,SINGLE_CANDIDATE,
Venus,3,1,1,MU,SINGLE_CANDIDATE,
Veranke,3,1,1,AV,SINGLE_CANDIDATE,
"Vernard, Kristoff ( Marvel Comics (Retro) )",3,1,1,MG,SINGLE_CANDIDATE,
Vertigo,3,1,1,MU,SINGLE_CANDIDATE,
Veruca Salt,2,1,1,,NO_PROPERTY_CANDIDATE,
Vespa,1,1,1,,NO_PROPERTY_CANDIDATE,
Vespa - Vespa Scooter,1,1,1,,NO_PROPERTY_CANDIDATE,
Veuve Noire,2,1,1,RK,SINGLE_CANDIDATE,
Vibe,2,1,1,JG,SINGLE_CANDIDATE,
Vicencia Santos,2,1,1,,NO_PROPERTY_CANDIDATE,
Victor Creed,3,1,1,MU,SINGLE_CANDIDATE,
Victor Mancha,3,1,1,MU,SINGLE_CANDIDATE,
Victor Vasquez,2,1,1,,NO_PROPERTY_CANDIDATE,
Victoria,2,1,1,CD,SINGLE_CANDIDATE,
Victoria,12,1,1,WSU,SINGLE_CANDIDATE,
Victoria D'Errico,12,1,1,WSU,SINGLE_CANDIDATE,
Victoria Hand,3,1,1,MU,SINGLE_CANDIDATE,
Victoria Kord,2,1,1,,NO_PROPERTY_CANDIDATE,
"Vidal, Rio ( MS Disney Plus TV Shows )",1,1,1,,NO_PROPERTY_CANDIDATE,
Viktor,2,1,1,HP,SINGLE_CANDIDATE,
Viktor Krum,2,1,1,HP,SINGLE_CANDIDATE,
Vincent Crabbe,2,1,1,HP,SINGLE_CANDIDATE,
Vincent Van Ghoul,2,1,1,,NO_PROPERTY_CANDIDATE,
Vincent Winey,12,1,1,WSU,SINGLE_CANDIDATE,
Vindicator,3,1,1,MU,SINGLE_CANDIDATE,
Vindicators,2,1,1,RK,SINGLE_CANDIDATE,
Viola,2,1,1,,NO_PROPERTY_CANDIDATE,
Violet Beauregarde,2,1,1,,NO_PROPERTY_CANDIDATE,
Viper,3,1,1,MU,SINGLE_CANDIDATE,
Virgil,12,1,1,WSU,SINGLE_CANDIDATE,
Viserys Targaryen,2,1,1,GT,SINGLE_CANDIDATE,
Vision ( Marvel Comics (Retro) ),3,1,1,MG,SINGLE_CANDIDATE,
Vision ( Marvel Studios Collection ),3,1,1,,NO_PROPERTY_CANDIDATE,
Vision (Aarkus),3,1,1,GM,SINGLE_CANDIDATE,
Vision (Aarkus) ( Marvel Comics (Retro) ),3,1,1,MG,SINGLE_CANDIDATE,
Viv,3,1,1,MU,SINGLE_CANDIDATE,
Voice of Ring as voiced by Alan Howard,2,1,1,LR,SINGLE_CANDIDATE,
Void,3,1,1,MU,SINGLE_CANDIDATE,
Void ( Marvel Studios` Thunderbolts ),3,1,1,,NO_PROPERTY_CANDIDATE,
Volla ( Marvel Comics (Retro) ),3,1,1,MG,SINGLE_CANDIDATE,
Volstagg,3,1,1,MU,SINGLE_CANDIDATE,
Volstagg ( Marvel Comics (Retro) ),3,1,1,MG,SINGLE_CANDIDATE,
Volstagg ( Marvel Studios: The Infinity Saga ),3,1,1,,NO_PROPERTY_CANDIDATE,
"Von Bardas, Lucia ( Marvel Comics (Retro) )",3,1,1,MG,SINGLE_CANDIDATE,
"Von Doom, Victor",3,1,1,MU,SINGLE_CANDIDATE,
"von Frankenstein, Dr. Ludwig ( Marvel Comics (Retro) )",3,1,1,MG,SINGLE_CANDIDATE,
Vormir,3,1,1,GM,SINGLE_CANDIDATE,
Vormund,3,1,1,MU,SINGLE_CANDIDATE,
Vulcan,3,1,1,XM,SINGLE_CANDIDATE,
Vulture ( Marvel Comics (Retro) ),3,1,1,MG,SINGLE_CANDIDATE,
W`Kabi ( Marvel Studios Collection ),3,1,1,,NO_PROPERTY_CANDIDATE,
Wade Barrett,12,1,1,WSU,SINGLE_CANDIDATE,
Walda Bolton,2,1,1,GT,SINGLE_CANDIDATE,
Walder Frey,2,1,1,GT,SINGLE_CANDIDATE,
Walker Gabriel,2,1,1,GN,SINGLE_CANDIDATE,
"Walker, John F. ( Marvel Studios Collection )",3,1,1,,NO_PROPERTY_CANDIDATE,
"Walker, John F. ( Marvel Studios’ Avengers Doomsday )",3,1,1,,NO_PROPERTY_CANDIDATE,
"Walker, John F. ( Marvel Studios` Thunderbolts )",3,1,1,,NO_PROPERTY_CANDIDATE,
Wallow ( Marvel Comics (Retro) ),3,1,1,MG,SINGLE_CANDIDATE,
Walter,2,1,1,EF,SINGLE_CANDIDATE,
Walter,12,1,1,WSU,SINGLE_CANDIDATE,
"Walters, Jennifer ( Marvel Comics (Retro) )",3,1,1,MG,SINGLE_CANDIDATE,
"Walters, Jennifer ( MS Disney Plus TV Shows )",1,1,1,,NO_PROPERTY_CANDIDATE,
War Machine ( Marvel Comics (Retro) ),3,1,1,MG,SINGLE_CANDIDATE,
War Machine ( Marvel Studios Collection ),3,1,1,,NO_PROPERTY_CANDIDATE,
Warbird,3,1,1,MU,SINGLE_CANDIDATE,
Warbird ( Marvel Comics (Retro) ),3,1,1,MG,SINGLE_CANDIDATE,
Warlord,12,1,1,WSU,SINGLE_CANDIDATE,
Warmaker,3,1,1,MU,SINGLE_CANDIDATE,
Warpath ( Marvel Comics (Retro) ),3,1,1,MG,SINGLE_CANDIDATE,
"Warren, Miles ( Marvel Comics (Retro) )",3,1,1,MG,SINGLE_CANDIDATE,
Warrior Princess,2,1,1,,NO_PROPERTY_CANDIDATE,
Warth,2,1,1,GN,SINGLE_CANDIDATE,
Warwolf,3,1,1,MU,SINGLE_CANDIDATE,
Warwolf ( Marvel Comics (Retro) ),3,1,1,MG,SINGLE_CANDIDATE,
Wasp ( Marvel Comics (Retro) ),3,1,1,MG,SINGLE_CANDIDATE,
Wasp ( Marvel Studios Collection ),3,1,1,,NO_PROPERTY_CANDIDATE,
Wasp ( MS Disney Plus TV Shows ),1,1,1,,NO_PROPERTY_CANDIDATE,
Wasp (Nadia Pym),3,1,1,MU,SINGLE_CANDIDATE,
Water Wizard ( Marvel Comics (Retro) ),3,1,1,MG,SINGLE_CANDIDATE,
"Watson, Anna ( Marvel Comics (Retro) )",3,1,1,MG,SINGLE_CANDIDATE,
"Watson, Mary Jane ( Marvel Comics (Retro) )",3,1,1,MG,SINGLE_CANDIDATE,
Wave,3,1,1,MU,SINGLE_CANDIDATE,
Waverider,2,1,1,JG,SINGLE_CANDIDATE,
"We, Alice ( MS Disney Plus TV Shows )",1,1,1,,NO_PROPERTY_CANDIDATE,
Weapon X ( Marvel Studios` Deadpool Movie 3 ),3,1,1,DP,SINGLE_CANDIDATE,
Weasel ( Marvel Comics (Retro) ),3,1,1,MG,SINGLE_CANDIDATE,
Weasel and Calendar Man,2,1,1,,NO_PROPERTY_CANDIDATE,
Web-Crawler,3,1,1,SX,SINGLE_CANDIDATE,
Webbigail - Do Not Use,1,1,1,,NO_PROPERTY_CANDIDATE,
Webquarters,3,1,1,SX,SINGLE_CANDIDATE,
Wellington,2,1,1,LT,SINGLE_CANDIDATE,
Welsh Green,2,1,1,HP,SINGLE_CANDIDATE,
Wendi Richter,12,1,1,WSU,SINGLE_CANDIDATE,
Wendigo,3,1,1,MU,SINGLE_CANDIDATE,
Wendigo ( Marvel Comics (Retro) ),3,1,1,MG,SINGLE_CANDIDATE,
Wendy Choo,12,1,1,WSU,SINGLE_CANDIDATE,
WenWu ( Marvel Studios Collection ),3,1,1,,NO_PROPERTY_CANDIDATE,
Werewolf By Night ( Marvel Comics (Retro) ),3,1,1,MG,SINGLE_CANDIDATE,
Werewolf By Night ( Marvel Studios Collection ),3,1,1,,NO_PROPERTY_CANDIDATE,
Werewolf By Night ( MS Disney Plus TV Shows ),1,1,1,,NO_PROPERTY_CANDIDATE,
Wes Lee,12,1,1,WSU,SINGLE_CANDIDATE,
Westeros Silhouette,2,1,1,GT,SINGLE_CANDIDATE,
Whiplash ( Marvel Comics (Retro) ),3,1,1,MG,SINGLE_CANDIDATE,
Whirlwind,3,1,1,MU,SINGLE_CANDIDATE,
Whirlwind ( Marvel Comics (Retro) ),3,1,1,MG,SINGLE_CANDIDATE,
Whisper D Aire,2,1,1,BM,SINGLE_CANDIDATE,
Whistler,3,1,1,MU,SINGLE_CANDIDATE,
Whistler ( Marvel Comics (Retro) ),3,1,1,MG,SINGLE_CANDIDATE,
White Fox,3,1,1,MU,SINGLE_CANDIDATE,
White Queen,3,1,1,MU,SINGLE_CANDIDATE,
White Rabbit,3,1,1,MU,SINGLE_CANDIDATE,
White Tiger ( Marvel Comics (Retro) ),3,1,1,MG,SINGLE_CANDIDATE,
White walker,2,1,1,GT,SINGLE_CANDIDATE,
"Whitman, Debra ( Marvel Comics (Retro) )",3,1,1,MG,SINGLE_CANDIDATE,
Whitney,2,1,1,FT,SINGLE_CANDIDATE,
Whiz,2,1,1,JG,SINGLE_CANDIDATE,
Whizzer ( Marvel Comics (Retro) ),3,1,1,MG,SINGLE_CANDIDATE,
Whomping Willow,2,1,1,HP,SINGLE_CANDIDATE,
Wiccan,3,1,1,MU,SINGLE_CANDIDATE,
Wiccan ( Marvel Comics (Retro) ),3,1,1,MG,SINGLE_CANDIDATE,
Wicked Witch,2,1,1,WZ,SINGLE_CANDIDATE,
Wicked Witch Castle,2,1,1,WZ,SINGLE_CANDIDATE,
Wild Child,3,1,1,XM,SINGLE_CANDIDATE,
Wildberry Princess,2,1,1,,NO_PROPERTY_CANDIDATE,
"Wilder, Alex ( Marvel Comics (Retro) )",3,1,1,MG,SINGLE_CANDIDATE,
Wildlings,2,1,1,GT,SINGLE_CANDIDATE,
Wildside,3,1,1,MU,SINGLE_CANDIDATE,
Wile E. Coyote,2,1,1,LT,SINGLE_CANDIDATE,
Wile E. Coyote as Batman,2,1,1,LT,SINGLE_CANDIDATE,
Wile E. Coyote as Clark Griswold,2,1,1,LT,SINGLE_CANDIDATE,
Wile E. Coyote as Cyborg,2,1,1,JG,SINGLE_CANDIDATE,
Wile E. Coyote as Ravenclaw Fan,2,1,1,LT,SINGLE_CANDIDATE,
Wile E. Coyote as Scarecrow,2,1,1,LT,SINGLE_CANDIDATE,
Will Hanlon,2,1,1,WD,SINGLE_CANDIDATE,
William Regal,12,1,1,WSU,SINGLE_CANDIDATE,
"Williams, Martha ( Marvel Comics (Retro) )",3,1,1,MG,SINGLE_CANDIDATE,
Willie The Weasel,2,1,1,LT,SINGLE_CANDIDATE,
Willie Weasel,2,1,1,LT,SINGLE_CANDIDATE,
Willoughby The Fox Hound,2,1,1,LT,SINGLE_CANDIDATE,
Willy's Mother,2,1,1,,NO_PROPERTY_CANDIDATE,
"Wilson, Jim ( Marvel Comics (Retro) )",3,1,1,MG,SINGLE_CANDIDATE,
"Wing, Colleen ( Marvel Comics (Retro) )",3,1,1,MG,SINGLE_CANDIDATE,
Winged Monkeys,2,1,1,WZ,SINGLE_CANDIDATE,
Winn Schott,2,1,1,SG,SINGLE_CANDIDATE,
Winslow Schott Sr.,2,1,1,SG,SINGLE_CANDIDATE,
Winter Soldier ( Marvel Comics (Retro) ),3,1,1,MG,SINGLE_CANDIDATE,
Winter Soldier ( Marvel Studios Collection ),3,1,1,,NO_PROPERTY_CANDIDATE,
Winterfell Silhouette,2,1,1,GT,SINGLE_CANDIDATE,
Witch Doctor,2,1,1,,NO_PROPERTY_CANDIDATE,
Witch Hazel,2,1,1,LT,SINGLE_CANDIDATE,
Witches Palace,2,1,1,WZ,SINGLE_CANDIDATE,
Wizard ( Marvel Comics (Retro) ),3,1,1,MG,SINGLE_CANDIDATE,
Wizards of Waverly Place - D DeLuise (Jerry),1,1,1,,NO_PROPERTY_CANDIDATE,
Wizards of Waverly Place - D Henrie (Justin),1,1,1,,NO_PROPERTY_CANDIDATE,
Wizards of Waverly Place - J Austin (Max),1,1,1,,NO_PROPERTY_CANDIDATE,
Wizards of Waverly Place - J Stone (Harper),1,1,1,,NO_PROPERTY_CANDIDATE,
Wizards of Waverly Place - M Canals (Theresa),1,1,1,,NO_PROPERTY_CANDIDATE,
Wizards of Waverly Place - S Gomez (Alex),1,1,1,,NO_PROPERTY_CANDIDATE,
Wolf,2,1,1,LT,SINGLE_CANDIDATE,
Wolfman,2,1,1,,NO_PROPERTY_CANDIDATE,
Wolfsbane ( MS Disney Plus TV Shows ),1,1,1,,NO_PROPERTY_CANDIDATE,
Wolverine ( Marvel Comics (Retro) ),3,1,1,MG,SINGLE_CANDIDATE,
Wolverine ( MS Disney Plus TV Shows ),1,1,1,,NO_PROPERTY_CANDIDATE,
Wonder Girl,2,1,1,WW,SINGLE_CANDIDATE,
Wonder Man ( Marvel Comics (Retro) ),3,1,1,MG,SINGLE_CANDIDATE,
Wonder Woman (Gal Gadot),2,1,1,WW,SINGLE_CANDIDATE,
Wonder Woman aka Yara Flor,2,1,1,JG,SINGLE_CANDIDATE,
Wondergirl,2,1,1,JG,SINGLE_CANDIDATE,
Wong ( Marvel Comics (Retro) ),3,1,1,MG,SINGLE_CANDIDATE,
Wong ( Marvel Studios Collection ),3,1,1,,NO_PROPERTY_CANDIDATE,
Wong ( MS Disney Plus TV Shows ),1,1,1,,NO_PROPERTY_CANDIDATE,
Wong ( Spider-Man Movie 2021 ),3,1,1,SP,SINGLE_CANDIDATE,
Worm,2,1,1,,NO_PROPERTY_CANDIDATE,
Wormhole Bus Translator,2,1,1,SG,SINGLE_CANDIDATE,
Wraith (Zak-Del),3,1,1,MU,SINGLE_CANDIDATE,
Wraith (Zak-Del) ( Marvel Comics (Retro) ),3,1,1,MG,SINGLE_CANDIDATE,
Wrecker ( Marvel Comics (Retro) ),3,1,1,MG,SINGLE_CANDIDATE,
Wrecking Crew,3,1,1,MU,SINGLE_CANDIDATE,
Wrecking Crew ( Marvel Comics (Retro) ),3,1,1,MG,SINGLE_CANDIDATE,
Wren Sinclair,12,1,1,WSU,SINGLE_CANDIDATE,
WrestleMania,12,1,1,WSU,SINGLE_CANDIDATE,
WWE Battleground,12,1,1,WSU,SINGLE_CANDIDATE,
WWE Heavyweight Championship Title,12,1,1,WSU,SINGLE_CANDIDATE,
WWE Payback,12,1,1,WSU,SINGLE_CANDIDATE,
WWE Tag Team Title,12,1,1,WSU,SINGLE_CANDIDATE,
WWE TEST IP,12,1,1,WSU,SINGLE_CANDIDATE,
WWE United States Championship Title,12,1,1,WSU,SINGLE_CANDIDATE,
WWE World at WrestleMania,12,1,1,WSU,SINGLE_CANDIDATE,
Wyatt Wingfoot,3,1,1,MU,SINGLE_CANDIDATE,
X-23 ( Marvel Comics (Retro) ),3,1,1,MG,SINGLE_CANDIDATE,
X-23 (Laura Kinney) ( Marvel Studios` Deadpool Movie 3 ),3,1,1,DP,SINGLE_CANDIDATE,
X-Jet,3,1,1,XM,SINGLE_CANDIDATE,
X-Jet ( Marvel Comics (Retro) ),3,1,1,MG,SINGLE_CANDIDATE,
X-Men Logo ( Marvel Comics (Retro) ),3,1,1,MG,SINGLE_CANDIDATE,
X-Men Logo ( Marvel Studios` Avengers Doomsday ),3,1,1,,NO_PROPERTY_CANDIDATE,
X-Men Logo ( MS Disney Plus TV Shows ),1,1,1,,NO_PROPERTY_CANDIDATE,
X-Ray,3,1,1,MU,SINGLE_CANDIDATE,
X-Ray ( Marvel Comics (Retro) ),3,1,1,MG,SINGLE_CANDIDATE,
X.S.E.,3,1,1,MU,SINGLE_CANDIDATE,
Xaro Xoan Daxos,2,1,1,GT,SINGLE_CANDIDATE,
Xavier Woods,12,1,1,WSU,SINGLE_CANDIDATE,
Xavier`s School for Gifted Youngsters,3,1,1,XM,SINGLE_CANDIDATE,
Xemnu the Titan ( Marvel Comics (Retro) ),3,1,1,MG,SINGLE_CANDIDATE,
Xenophage ( Venom Movie 2024 ),3,1,1,VN,SINGLE_CANDIDATE,
Xenophilius Lovegood,2,1,1,HP,SINGLE_CANDIDATE,
XiaLing ( Marvel Studios Collection ),3,1,1,,NO_PROPERTY_CANDIDATE,
XiaLing ( Marvel Studios: The Infinity Saga ),3,1,1,,NO_PROPERTY_CANDIDATE,
Yan ( Captain Marvel Movie 2 ),3,1,1,CM,SINGLE_CANDIDATE,
Yandroth,3,1,1,MU,SINGLE_CANDIDATE,
Yara Flor,2,1,1,WW,SINGLE_CANDIDATE,
Yara Greyjoy,2,1,1,GT,SINGLE_CANDIDATE,
Yelena ( Marvel Studios Collection ),3,1,1,,NO_PROPERTY_CANDIDATE,
Yelena ( Marvel Studios` Avengers Doomsday ),3,1,1,,NO_PROPERTY_CANDIDATE,
Yelena ( Marvel Studios` Thunderbolts ),3,1,1,,NO_PROPERTY_CANDIDATE,
Yelena ( MS Disney Plus TV Shows ),1,1,1,,NO_PROPERTY_CANDIDATE,
Yellow Brick Road,2,1,1,WZ,SINGLE_CANDIDATE,
Yellow Claw ( Marvel Comics (Retro) ),3,1,1,MG,SINGLE_CANDIDATE,
Yellowjacket ( Marvel Comics (Retro) ),3,1,1,MG,SINGLE_CANDIDATE,
Ygritte,2,1,1,GT,SINGLE_CANDIDATE,
Yinsen,3,1,1,MU,SINGLE_CANDIDATE,
Yinsen ( Marvel Comics (Retro) ),3,1,1,MG,SINGLE_CANDIDATE,
Yinsen ( Marvel Studios: The Infinity Saga ),3,1,1,,NO_PROPERTY_CANDIDATE,
Ymir ( Marvel Comics (Retro) ),3,1,1,MG,SINGLE_CANDIDATE,
Yokozuna,12,1,1,WSU,SINGLE_CANDIDATE,
Yon-Rogg,3,1,1,MU,SINGLE_CANDIDATE,
Yon-Rogg ( Marvel Studios: The Infinity Saga ),3,1,1,,NO_PROPERTY_CANDIDATE,
Yondu ( Marvel Comics (Retro) ),3,1,1,MG,SINGLE_CANDIDATE,
Yondu ( Marvel Studios Collection ),3,1,1,,NO_PROPERTY_CANDIDATE,
Yondu ( MS Disney Plus TV Shows ),1,1,1,,NO_PROPERTY_CANDIDATE,
Yondu (Retro),3,1,1,MU,SINGLE_CANDIDATE,
Yosemite Sam,2,1,1,LT,SINGLE_CANDIDATE,
Yosemite Sam as Batman,2,1,1,LT,SINGLE_CANDIDATE,
Yosemite Sam as Sam,2,1,1,LT,SINGLE_CANDIDATE,
Yosemite Sam as Superman,2,1,1,LT,SINGLE_CANDIDATE,
Yoshiki Inamura,12,1,1,WSU,SINGLE_CANDIDATE,
Young Alicent Hightower,2,1,1,,NO_PROPERTY_CANDIDATE,
Young Arthur (13 years old),2,1,1,AQ,SINGLE_CANDIDATE,
Young Arthur (9 years old),2,1,1,AQ,SINGLE_CANDIDATE,
Young Bruce Wayne With No Likeness,2,1,1,BM,SINGLE_CANDIDATE,
Young Dumbledore,2,1,1,HP,SINGLE_CANDIDATE,
Young James Potter,2,1,1,HP,SINGLE_CANDIDATE,
Young Lily Potter,2,1,1,HP,SINGLE_CANDIDATE,
Young Lupin,2,1,1,HP,SINGLE_CANDIDATE,
Young Newt,2,1,1,,NO_PROPERTY_CANDIDATE,
Young Rhaenyra Targaryen,2,1,1,,NO_PROPERTY_CANDIDATE,
Young Sirius,2,1,1,HP,SINGLE_CANDIDATE,
Young Snape (15 Yrs),2,1,1,HP,SINGLE_CANDIDATE,
Young Wormtail,2,1,1,HP,SINGLE_CANDIDATE,
Yuri Watanabe,3,1,1,MU,SINGLE_CANDIDATE,
Yusaf Kama,2,1,1,,NO_PROPERTY_CANDIDATE,
Yusuf Kama,2,1,1,,NO_PROPERTY_CANDIDATE,
Z78,3,1,1,MG,SINGLE_CANDIDATE,
Zabu,3,1,1,MU,SINGLE_CANDIDATE,
Zabu ( Marvel Comics (Retro) ),3,1,1,MG,SINGLE_CANDIDATE,
Zacharias Smith,2,1,1,HP,SINGLE_CANDIDATE,
Zaladane,3,1,1,MU,SINGLE_CANDIDATE,
Zanda ( Marvel Comics (Retro) ),3,1,1,MG,SINGLE_CANDIDATE,
Zander,2,1,1,BM,SINGLE_CANDIDATE,
Zantor ( Marvel Comics (Retro) ),3,1,1,MG,SINGLE_CANDIDATE,
Zaria,12,1,1,WSU,SINGLE_CANDIDATE,
Zatanna aka New 52,2,1,1,,NO_PROPERTY_CANDIDATE,
Zauriel,2,1,1,JG,SINGLE_CANDIDATE,
Zava,2,1,1,TL,SINGLE_CANDIDATE,
Zeb Colter,12,1,1,WSU,SINGLE_CANDIDATE,
Zeep Xanflorp,2,1,1,RK,SINGLE_CANDIDATE,
Zeke,2,1,1,WZ,SINGLE_CANDIDATE,
Zelina Vega,12,1,1,WSU,SINGLE_CANDIDATE,
Zelma Stanton,3,1,1,MU,SINGLE_CANDIDATE,
Zena Sterling,12,1,1,WSU,SINGLE_CANDIDATE,
Zendaya - MJ ( Spider-Man Movie 2021 ) - With Likeness,3,1,1,SP,SINGLE_CANDIDATE,
Zenpool ( Marvel Studios` Deadpool Movie 3 ),3,1,1,DP,SINGLE_CANDIDATE,
Zero-G ( Marvel Comics (Retro) ),3,1,1,MG,SINGLE_CANDIDATE,
Zeus,3,1,1,MU,SINGLE_CANDIDATE,
Zeus,12,1,1,WSU,SINGLE_CANDIDATE,
Zeus ( Marvel Comics (Retro) ),3,1,1,MG,SINGLE_CANDIDATE,
Zhang ( Marvel Comics (Retro) ),3,1,1,MG,SINGLE_CANDIDATE,
Zheng Ziu,3,1,1,MU,SINGLE_CANDIDATE,
Zigerions,2,1,1,RK,SINGLE_CANDIDATE,
Zoey Stark,12,1,1,WSU,SINGLE_CANDIDATE,
"Zola, Arnim ( Marvel Comics (Retro) )",3,1,1,MG,SINGLE_CANDIDATE,
Zombie,3,1,1,MU,SINGLE_CANDIDATE,
Zombie,2,1,1,,NO_PROPERTY_CANDIDATE,
Zombie ( Marvel Comics (Retro) ),3,1,1,MG,SINGLE_CANDIDATE,
Zombie Morbius,3,1,1,MU,SINGLE_CANDIDATE,
Zsaz,2,1,1,BM,SINGLE_CANDIDATE,
Zuri ( Marvel Studios Collection ),3,1,1,,NO_PROPERTY_CANDIDATE,
Zzzak ( Marvel Comics (Retro) ),3,1,1,MG,SINGLE_CANDIDATE,
Zzzax,3,1,1,MU,SINGLE_CANDIDATE,
