queryid,role,db,query_normalized,calls,rows,total_exec_time,mean_exec_time,max_exec_time,stddev_exec_time,total_plan_time,shared_blks_hit,shared_blks_read,shared_blks_dirtied,shared_blks_written,local_blks_hit,local_blks_read,temp_blks_read,temp_blks_written,wal_records,wal_fpi,wal_bytes
4550013849410467231,supabase_admin,postgres,"SELECT wal->>$5 as type,
       wal->>$6 as schema,
       wal->>$7 as table,
       COALESCE(wal->>$8, $9) as columns,
       COALESCE(wal->>$10, $11) as record,
       COALESCE(wal->>$12, $13) as old_record,
       wal->>$14 as commit_timestamp,
       subscription_ids,
       errors,
       slot_changes_count
FROM realtime.list_changes($1, $2, $3, $4)",1363171,1381354,39356351.5410637,28.8711772338638,14065.768883,73.2555864479313,0,3946775455,4847,544,612,0,0,0,0,42973,355,4009605
3555393742696291462,service_role,postgres,"WITH pgrst_source AS (SELECT ""pgrst_call"".* FROM (SELECT $1 AS json_data) pgrst_payload, LATERAL (SELECT ""p_last_asset_id"", ""p_batch_size"" FROM json_to_record(pgrst_payload.json_data) AS _(""p_last_asset_id"" uuid, ""p_batch_size"" integer) LIMIT $4) pgrst_body , LATERAL ""public"".""rebuild_style_groups_batch""(""p_last_asset_id"" := pgrst_body.""p_last_asset_id"", ""p_batch_size"" := pgrst_body.""p_batch_size"") pgrst_call) SELECT $5::bigint AS total_result_set, pg_catalog.count(_postgrest_t) AS page_total, coalesce(json_agg(_postgrest_t), $6) AS body, nullif(current_setting($7, $8), $9) AS response_headers, nullif(current_setting($10, $11), $12) AS response_status, $13 AS response_inserted FROM (SELECT ""record"".* FROM ""pgrst_source"" AS ""record""   LIMIT $2 OFFSET $3) _postgrest_t",3973,3973,11849391.86581,2982.47970445759,27345.941895,2348.07771761469,0,332901512,14159155,12547151,6407007,0,0,0,0,67880724,4956293,26509771284
8381277050776427963,service_role,postgres,"WITH pgrst_source AS (SELECT ""pgrst_call"".* FROM (SELECT $1 AS json_data) pgrst_payload, LATERAL (SELECT ""p_last_id"", ""p_batch_size"" FROM json_to_record(pgrst_payload.json_data) AS _(""p_last_id"" uuid, ""p_batch_size"" integer) LIMIT $4) pgrst_body , LATERAL ""public"".""clear_style_group_batch""(""p_last_id"" := pgrst_body.""p_last_id"", ""p_batch_size"" := pgrst_body.""p_batch_size"") pgrst_call) SELECT $5::bigint AS total_result_set, pg_catalog.count(_postgrest_t) AS page_total, coalesce(json_agg(_postgrest_t), $6) AS body, nullif(current_setting($7, $8), $9) AS response_headers, nullif(current_setting($10, $11), $12) AS response_status, $13 AS response_inserted FROM (SELECT ""record"".* FROM ""pgrst_source"" AS ""record""   LIMIT $2 OFFSET $3) _postgrest_t",287,287,9935165.139839,34617.3001388118,62925.954091,9434.79579791928,0,217527000,13358540,11639912,6924105,0,0,0,0,51936950,4104231,19926936419
6787204381169158368,service_role,postgres,"WITH pgrst_source AS ( SELECT ""crm"".""email_message"".""id"", ""crm"".""email_message"".""subject"", ""crm"".""email_message"".""company_id"" FROM ""crm"".""email_message"" WHERE  ""crm"".""email_message"".""routing_status"" = ANY ($1)  AND NOT ""crm"".""email_message"".""company_id"" IS NULL AND  ""crm"".""email_message"".""subject"" ilike $2   LIMIT $3 OFFSET $4 )  SELECT $5::bigint AS total_result_set, pg_catalog.count(_postgrest_t) AS page_total, coalesce(json_agg(_postgrest_t), $6) AS body, nullif(current_setting($7, $8), $9) AS response_headers, nullif(current_setting($10, $11), $12) AS response_status, $13 AS response_inserted FROM ( SELECT * FROM pgrst_source ) _postgrest_t",173818,173818,8705752.88704804,50.0854507993878,298.603981,15.2105048424603,0,325459683,2080,0,28,0,0,0,0,77,0,4314
8695287796313115953,service_role,postgres,"WITH pgrst_source AS (UPDATE ""public"".""assets"" SET ""division_code"" = ""pgrst_body"".""division_code"", ""division_name"" = ""pgrst_body"".""division_name"", ""file_created_at"" = ""pgrst_body"".""file_created_at"", ""file_size"" = ""pgrst_body"".""file_size"", ""file_type"" = ""pgrst_body"".""file_type"", ""filename"" = ""pgrst_body"".""filename"", ""height"" = ""pgrst_body"".""height"", ""is_licensed"" = ""pgrst_body"".""is_licensed"", ""last_seen_at"" = ""pgrst_body"".""last_seen_at"", ""licensor_code"" = ""pgrst_body"".""licensor_code"", ""licensor_id"" = ""pgrst_body"".""licensor_id"", ""licensor_name"" = ""pgrst_body"".""licensor_name"", ""mg01_code"" = ""pgrst_body"".""mg01_code"", ""mg01_name"" = ""pgrst_body"".""mg01_name"", ""mg02_code"" = ""pgrst_body"".""mg02_code"", ""mg02_name"" = ""pgrst_body"".""mg02_name"", ""mg03_code"" = ""pgrst_body"".""mg03_code"", ""mg03_name"" = ""pgrst_body"".""mg03_name"", ""modified_at"" = ""pgrst_body"".""modified_at"", ""property_code"" = ""pgrst_body"".""property_code"", ""property_id"" = ""pgrst_body"".""property_id"", ""property_name"" = ""pgrst_body"".""property_name"", ""quick_hash"" = ""pgrst_body"".""quick_hash"", ""quick_hash_version"" = ""pgrst_body"".""quick_hash_version"", ""size_code"" = ""pgrst_body"".""size_code"", ""size_name"" = ""pgrst_body"".""size_name"", ""sku"" = ""pgrst_body"".""sku"", ""sku_sequence"" = ""pgrst_body"".""sku_sequence"", ""width"" = ""pgrst_body"".""width"", ""workflow_status"" = ""pgrst_body"".""workflow_status"" FROM (SELECT $1 AS json_data) pgrst_payload, LATERAL (SELECT ""division_code"", ""division_name"", ""file_created_at"", ""file_size"", ""file_type"", ""filename"", ""height"", ""is_licensed"", ""last_seen_at"", ""licensor_code"", ""licensor_id"", ""licensor_name"", ""mg01_code"", ""mg01_name"", ""mg02_code"", ""mg02_name"", ""mg03_code"", ""mg03_name"", ""modified_at"", ""property_code"", ""property_id"", ""property_name"", ""quick_hash"", ""quick_hash_version"", ""size_code"", ""size_name"", ""sku"", ""sku_sequence"", ""width"", ""workflow_status"" FROM json_to_record(pgrst_payload.json_data) AS _(""division_code"" text, ""division_name"" text, ""file_created_at"" timestamp with time zone, ""file_size"" bigint, ""fil",538871,538871,5913870.90287524,10.9745577380765,7585.980625,82.5817839905952,0,77341192,6423424,6802572,137184,0,0,0,0,16730812,6297308,22259261473
1709814085433522657,postgres,postgres,SELECT public.refresh_style_guide_matviews(),657,657,5279954.25843,8036.46005849315,63889.186808,8500.08099625658,0,182922442,7264316,55822,905573,2752362,1305812,1275186,1276500,962361,48636,192324622
4811727320277260459,service_role,postgres,"WITH pgrst_source AS (SELECT pgrst_call.pgrst_scalar FROM (SELECT ""public"".""get_dam_search_embedding_status""() pgrst_scalar) pgrst_call) SELECT $3::bigint AS total_result_set, $4 AS page_total, coalesce(json_agg(_postgrest_t.pgrst_scalar)->$5, $6) AS body, nullif(current_setting($7, $8), $9) AS response_headers, nullif(current_setting($10, $11), $12) AS response_status, $13 AS response_inserted FROM (SELECT ""get_dam_search_embedding_status"".* FROM ""pgrst_source"" AS ""get_dam_search_embedding_status""   LIMIT $1 OFFSET $2) _postgrest_t",13244,13244,3520858.98188399,265.845589088191,4431.251704,198.287145256657,0,355412893,97980567,59127,4714,0,0,0,0,124890,60139,216560703
-2200186808143858685,service_role,postgres,"WITH pgrst_source AS (UPDATE ""public"".""assets"" SET ""file_created_at"" = ""pgrst_body"".""file_created_at"", ""file_size"" = ""pgrst_body"".""file_size"", ""file_type"" = ""pgrst_body"".""file_type"", ""filename"" = ""pgrst_body"".""filename"", ""height"" = ""pgrst_body"".""height"", ""is_licensed"" = ""pgrst_body"".""is_licensed"", ""last_seen_at"" = ""pgrst_body"".""last_seen_at"", ""licensor_code"" = ""pgrst_body"".""licensor_code"", ""licensor_id"" = ""pgrst_body"".""licensor_id"", ""licensor_name"" = ""pgrst_body"".""licensor_name"", ""modified_at"" = ""pgrst_body"".""modified_at"", ""property_code"" = ""pgrst_body"".""property_code"", ""property_id"" = ""pgrst_body"".""property_id"", ""property_name"" = ""pgrst_body"".""property_name"", ""quick_hash"" = ""pgrst_body"".""quick_hash"", ""quick_hash_version"" = ""pgrst_body"".""quick_hash_version"", ""width"" = ""pgrst_body"".""width"", ""workflow_status"" = ""pgrst_body"".""workflow_status"" FROM (SELECT $1 AS json_data) pgrst_payload, LATERAL (SELECT ""file_created_at"", ""file_size"", ""file_type"", ""filename"", ""height"", ""is_licensed"", ""last_seen_at"", ""licensor_code"", ""licensor_id"", ""licensor_name"", ""modified_at"", ""property_code"", ""property_id"", ""property_name"", ""quick_hash"", ""quick_hash_version"", ""width"", ""workflow_status"" FROM json_to_record(pgrst_payload.json_data) AS _(""file_created_at"" timestamp with time zone, ""file_size"" bigint, ""file_type"" public.file_type, ""filename"" text, ""height"" integer, ""is_licensed"" boolean, ""last_seen_at"" timestamp with time zone, ""licensor_code"" text, ""licensor_id"" uuid, ""licensor_name"" text, ""modified_at"" timestamp with time zone, ""property_code"" text, ""property_id"" uuid, ""property_name"" text, ""quick_hash"" text, ""quick_hash_version"" integer, ""width"" integer, ""workflow_status"" public.workflow_status) ) pgrst_body  WHERE  ""public"".""assets"".""id"" = $2 RETURNING $3) SELECT $4 AS total_result_set, pg_catalog.count(_postgrest_t) AS page_total, array[]::text[] AS header, $5::text AS body, nullif(current_setting($6, $7), $8) AS response_headers, nullif(current_setting($9, $10), $11) AS response_st",335253,335253,3307470.19765407,9.86559463346771,6382.994008,78.391375363974,0,46262972,3619840,3934647,56461,0,0,0,0,9676023,3639141,12893109013
-8004675240498225694,service_role,postgres,"WITH pgrst_source AS (INSERT INTO ""public"".""style_guide_files""(""basename_no_ext"", ""crawl_run_id"", ""directory_path"", ""file_extension"", ""filename"", ""is_active"", ""last_seen_at"", ""modified_at"", ""normalized_name"", ""normalized_style_guide_folder"", ""property_folder"", ""relative_path"", ""root_label"", ""size_bytes"", ""style_guide_folder"") SELECT ""pgrst_body"".""basename_no_ext"", ""pgrst_body"".""crawl_run_id"", ""pgrst_body"".""directory_path"", ""pgrst_body"".""file_extension"", ""pgrst_body"".""filename"", ""pgrst_body"".""is_active"", ""pgrst_body"".""last_seen_at"", ""pgrst_body"".""modified_at"", ""pgrst_body"".""normalized_name"", ""pgrst_body"".""normalized_style_guide_folder"", ""pgrst_body"".""property_folder"", ""pgrst_body"".""relative_path"", ""pgrst_body"".""root_label"", ""pgrst_body"".""size_bytes"", ""pgrst_body"".""style_guide_folder"" FROM (SELECT $1 AS json_data) pgrst_payload, LATERAL (SELECT ""basename_no_ext"", ""crawl_run_id"", ""directory_path"", ""file_extension"", ""filename"", ""is_active"", ""last_seen_at"", ""modified_at"", ""normalized_name"", ""normalized_style_guide_folder"", ""property_folder"", ""relative_path"", ""root_label"", ""size_bytes"", ""style_guide_folder"" FROM json_to_recordset(pgrst_payload.json_data) AS _(""basename_no_ext"" text, ""crawl_run_id"" uuid, ""directory_path"" text, ""file_extension"" text, ""filename"" text, ""is_active"" boolean, ""last_seen_at"" timestamp with time zone, ""modified_at"" timestamp with time zone, ""normalized_name"" text, ""normalized_style_guide_folder"" text, ""property_folder"" text, ""relative_path"" text, ""root_label"" text, ""size_bytes"" bigint, ""style_guide_folder"" text) ) pgrst_body WHERE set_config($2, (coalesce(nullif(current_setting($3, $4), $5)::int, $6) + $7)::text, $8) <> $9 ON CONFLICT(""root_label"", ""relative_path"") DO UPDATE SET ""basename_no_ext"" = EXCLUDED.""basename_no_ext"", ""crawl_run_id"" = EXCLUDED.""crawl_run_id"", ""directory_path"" = EXCLUDED.""directory_path"", ""file_extension"" = EXCLUDED.""file_extension"", ""filename"" = EXCLUDED.""filename"", ""is_active"" = EXCLUDED.""is_active"", ""last_seen_at"" = EXCL",3073,3073,2781142.31312701,905.025158843801,5684.295779,607.959826843724,0,131622133,2692652,2988602,337756,0,0,0,0,41321063,1574762,16275749215
-7853395289554324335,service_role,postgres,"WITH pgrst_source AS ( SELECT ""public"".""agent_registrations"".""metadata"" FROM ""public"".""agent_registrations"" WHERE  ""public"".""agent_registrations"".""id"" = $1   LIMIT $2 OFFSET $3 )  SELECT $4::bigint AS total_result_set, pg_catalog.count(_postgrest_t) AS page_total, coalesce(json_agg(_postgrest_t), $5) AS body, nullif(current_setting($6, $7), $8) AS response_headers, nullif(current_setting($9, $10), $11) AS response_status, $12 AS response_inserted FROM ( SELECT * FROM pgrst_source ) _postgrest_t",898796,898796,678744.597819024,0.755170915112012,91.188974,0.372007446979937,0,5581629,209,4,60,0,0,0,0,1582,2,104170
-733252465507071713,postgres,postgres,"SELECT public.refresh_style_group_counts_batch(array_agg(id))
    FROM public.style_groups",7,7,669462.759648,95637.5370925714,116037.483351,14332.2185572708,0,15417148,918614,298591,13941,0,0,0,0,3053837,263627,1612542570
-8019404536502027852,service_role,postgres,"WITH pgrst_source AS ( SELECT ""public"".""assets"".""id"" FROM ""public"".""assets"" WHERE  ""public"".""assets"".""relative_path"" = $1   LIMIT $2 OFFSET $3 )  SELECT $4::bigint AS total_result_set, pg_catalog.count(_postgrest_t) AS page_total, coalesce(json_agg(_postgrest_t), $5) AS body, nullif(current_setting($6, $7), $8) AS response_headers, nullif(current_setting($9, $10), $11) AS response_status, $12 AS response_inserted FROM ( SELECT * FROM pgrst_source ) _postgrest_t",897651,897651,598506.078959034,0.666746963974892,357.775142,0.934044276791001,0,3748270,724957,4328,7318,0,0,0,0,6259,3346,7353054
-5785821415936494638,service_role,postgres,"WITH pgrst_source AS (SELECT ""pgrst_call"".* FROM (SELECT $1 AS json_data) pgrst_payload, LATERAL (SELECT ""p_cursor"", ""p_batch_size"", ""p_sub"" FROM json_to_record(pgrst_payload.json_data) AS _(""p_cursor"" uuid, ""p_batch_size"" integer, ""p_sub"" text) LIMIT $4) pgrst_body , LATERAL ""public"".""reconcile_style_group_stats_batch""(""p_cursor"" := pgrst_body.""p_cursor"", ""p_batch_size"" := pgrst_body.""p_batch_size"", ""p_sub"" := pgrst_body.""p_sub"") pgrst_call) SELECT $5::bigint AS total_result_set, pg_catalog.count(_postgrest_t) AS page_total, coalesce(json_agg(_postgrest_t), $6) AS body, nullif(current_setting($7, $8), $9) AS response_headers, nullif(current_setting($10, $11), $12) AS response_status, $13 AS response_inserted FROM (SELECT ""record"".* FROM ""pgrst_source"" AS ""record""   LIMIT $2 OFFSET $3) _postgrest_t",1629,1629,489547.089277,300.520005694905,4888.190915,354.513798398404,0,11187288,569536,303563,88274,0,0,0,0,1656771,142773,879973182
-7821780334453251234,service_role,postgres,"select set_config('search_path', $1, true), set_config('role', $2, true), set_config('request.jwt.claims', $3, true), set_config('request.method', $4, true), set_config('request.path', $5, true), set_config('request.headers', $6, true), set_config('request.cookies', $7, true)",15678290,15678290,477191.419791068,0.0304364455429126,21.590161,0.0311240825859185,0,27484,434,0,44,0,0,0,0,0,0,0
2613447306623245679,service_role,postgres,"WITH pgrst_source AS (UPDATE ""public"".""style_groups"" SET ""division_code"" = ""pgrst_body"".""division_code"", ""division_name"" = ""pgrst_body"".""division_name"", ""mg01_code"" = ""pgrst_body"".""mg01_code"", ""mg01_name"" = ""pgrst_body"".""mg01_name"", ""mg02_code"" = ""pgrst_body"".""mg02_code"", ""mg02_name"" = ""pgrst_body"".""mg02_name"", ""mg03_code"" = ""pgrst_body"".""mg03_code"", ""mg03_name"" = ""pgrst_body"".""mg03_name"", ""size_code"" = ""pgrst_body"".""size_code"", ""size_name"" = ""pgrst_body"".""size_name"" FROM (SELECT $1 AS json_data) pgrst_payload, LATERAL (SELECT ""division_code"", ""division_name"", ""mg01_code"", ""mg01_name"", ""mg02_code"", ""mg02_name"", ""mg03_code"", ""mg03_name"", ""size_code"", ""size_name"" FROM json_to_record(pgrst_payload.json_data) AS _(""division_code"" text, ""division_name"" text, ""mg01_code"" text, ""mg01_name"" text, ""mg02_code"" text, ""mg02_name"" text, ""mg03_code"" text, ""mg03_name"" text, ""size_code"" text, ""size_name"" text) ) pgrst_body  WHERE  ""public"".""style_groups"".""id"" = $2 RETURNING ""public"".""style_groups"".""id"") SELECT $3 AS total_result_set, pg_catalog.count(_postgrest_t) AS page_total, array[]::text[] AS header, coalesce(json_agg(_postgrest_t)->$4, $5) AS body, nullif(current_setting($6, $7), $8) AS response_headers, nullif(current_setting($9, $10), $11) AS response_status, $12 AS response_inserted FROM (SELECT ""style_groups"".""id"" FROM ""pgrst_source"" AS ""style_groups""   ) _postgrest_t",50300,50300,471483.244742001,9.3734243487475,7152.544481,111.210027314077,0,10172499,319559,301321,2225,0,0,0,0,1104013,270646,969481674
3919962346937101634,service_role,postgres,"WITH pgrst_source AS ( SELECT ""public"".""admin_config"".""key"", ""public"".""admin_config"".""value"" FROM ""public"".""admin_config"" WHERE  ""public"".""admin_config"".""key"" = ANY ($1)    LIMIT $2 OFFSET $3 )  SELECT $4::bigint AS total_result_set, pg_catalog.count(_postgrest_t) AS page_total, coalesce(json_agg(_postgrest_t), $5) AS body, nullif(current_setting($6, $7), $8) AS response_headers, nullif(current_setting($9, $10), $11) AS response_status, $12 AS response_inserted FROM ( SELECT * FROM pgrst_source ) _postgrest_t",154304,154304,362980.934614002,2.35237540578337,356.709729,4.52066836454555,0,3134693,6024,14,1954,0,0,0,0,467,9,78040
-4163127368925283207,service_role,postgres,"WITH pgrst_source AS ( SELECT ""core"".""customer"".""id"", ""core"".""customer"".""name"", ""core"".""customer"".""domain"", ""core"".""customer"".""routing_aliases"", ""core"".""customer"".""customer_status"" FROM ""core"".""customer"" WHERE  ( ""core"".""customer"".""domain"" ilike $1 OR  ""core"".""customer"".""routing_aliases"" ilike $2) AND  ""core"".""customer"".""customer_status"" = ANY ($3)    LIMIT $4 OFFSET $5 )  SELECT $6::bigint AS total_result_set, pg_catalog.count(_postgrest_t) AS page_total, coalesce(json_agg(_postgrest_t), $7) AS body, nullif(current_setting($8, $9), $10) AS response_headers, nullif(current_setting($11, $12), $13) AS response_status, $14 AS response_inserted FROM ( SELECT * FROM pgrst_source ) _postgrest_t",477410,477410,353471.774534997,0.740394576014327,18.351338,0.213034098226697,0,42843085,2494,0,188,0,0,0,0,0,0,0
-5908457393812619822,service_role,postgres,"WITH pgrst_source AS (SELECT ""pgrst_call"".* FROM (SELECT $1 AS json_data) pgrst_payload, LATERAL (SELECT ""p_agent_id"", ""p_batch_size"" FROM json_to_record(pgrst_payload.json_data) AS _(""p_agent_id"" text, ""p_batch_size"" integer) LIMIT $4) pgrst_body , LATERAL ""public"".""claim_sg_render_jobs""(""p_agent_id"" := pgrst_body.""p_agent_id"", ""p_batch_size"" := pgrst_body.""p_batch_size"") pgrst_call) SELECT $5::bigint AS total_result_set, pg_catalog.count(_postgrest_t) AS page_total, coalesce(json_agg(_postgrest_t), $6) AS body, nullif(current_setting($7, $8), $9) AS response_headers, nullif(current_setting($10, $11), $12) AS response_status, $13 AS response_inserted FROM (SELECT ""record"".* FROM ""pgrst_source"" AS ""record""   LIMIT $2 OFFSET $3) _postgrest_t",157664,157664,309159.020912003,1.96087262096609,181.528374,2.82177506344368,0,36695724,6953,1936,1039,0,0,0,0,20991,1732,7913782
-851761547523402355,service_role,postgres,"WITH pgrst_source AS ( SELECT ""public"".""admin_config"".""value"" FROM ""public"".""admin_config"" WHERE  ""public"".""admin_config"".""key"" = $1   LIMIT $2 OFFSET $3 )  SELECT $4::bigint AS total_result_set, pg_catalog.count(_postgrest_t) AS page_total, coalesce(json_agg(_postgrest_t), $5) AS body, nullif(current_setting($6, $7), $8) AS response_headers, nullif(current_setting($9, $10), $11) AS response_status, $12 AS response_inserted FROM ( SELECT * FROM pgrst_source ) _postgrest_t",3338881,3338881,295727.823375986,0.0885709384000224,110.703524,0.221981393090921,0,10270118,223,97,3,0,0,0,0,2977,93,400109
4677856998303021188,service_role,postgres,"WITH pgrst_source AS ( SELECT ""public"".""assets"".""thumbnail_url"" FROM ""public"".""assets"" WHERE  ""public"".""assets"".""id"" = $1   LIMIT $2 OFFSET $3 )  SELECT $4::bigint AS total_result_set, pg_catalog.count(_postgrest_t) AS page_total, coalesce(json_agg(_postgrest_t)->$5, $6) AS body, nullif(current_setting($7, $8), $9) AS response_headers, nullif(current_setting($10, $11), $12) AS response_status, $13 AS response_inserted FROM ( SELECT * FROM pgrst_source ) _postgrest_t",890628,890628,264235.160750997,0.296684093416109,133.92563,0.513561321465814,0,3312867,255797,4067,8695,0,0,0,0,3985,3442,10256312
-7152428693913757379,authenticated,postgres,"WITH pgrst_source AS ( SELECT ""public"".""style_tracker_rows_with_bridge"".* FROM ""public"".""style_tracker_rows_with_bridge"" WHERE  ""public"".""style_tracker_rows_with_bridge"".""source_sheet"" = $1  ORDER BY ""public"".""style_tracker_rows_with_bridge"".""source_row_number"" DESC  LIMIT $2 OFFSET $3 )  SELECT $4::bigint AS total_result_set, pg_catalog.count(_postgrest_t) AS page_total, coalesce(json_agg(_postgrest_t), $5) AS body, nullif(current_setting($6, $7), $8) AS response_headers, nullif(current_setting($9, $10), $11) AS response_status, $12 AS response_inserted FROM ( SELECT * FROM pgrst_source ) _postgrest_t",259,259,215867.998725,833.467176544402,4274.327199,348.367896777378,0,12726285,93243,2,0,0,0,0,0,4839,2,290272
-8020635155744982675,service_role,postgres,"WITH pgrst_source AS (UPDATE ""public"".""style_groups"" SET ""folder_path"" = ""pgrst_body"".""folder_path"" FROM (SELECT $1 AS json_data) pgrst_payload, LATERAL (SELECT ""folder_path"" FROM json_to_record(pgrst_payload.json_data) AS _(""folder_path"" text) ) pgrst_body  WHERE  ""public"".""style_groups"".""id"" = $2 RETURNING ""public"".""style_groups"".""id"") SELECT $3 AS total_result_set, pg_catalog.count(_postgrest_t) AS page_total, array[]::text[] AS header, coalesce(json_agg(_postgrest_t)->$4, $5) AS body, nullif(current_setting($6, $7), $8) AS response_headers, nullif(current_setting($9, $10), $11) AS response_status, $12 AS response_inserted FROM (SELECT ""style_groups"".""id"" FROM ""pgrst_source"" AS ""style_groups""   ) _postgrest_t",12222,12222,186137.09375,15.2296754827361,6857.046496,124.286931432299,0,2372860,152977,104662,790,0,0,0,0,375858,94542,328768347
-5047519692933708811,service_role,postgres,"WITH pgrst_source AS (INSERT INTO ""public"".""admin_config""(""key"", ""updated_at"", ""value"") SELECT ""pgrst_body"".""key"", ""pgrst_body"".""updated_at"", ""pgrst_body"".""value"" FROM (SELECT $1 AS json_data) pgrst_payload, LATERAL (SELECT ""key"", ""updated_at"", ""value"" FROM json_to_record(pgrst_payload.json_data) AS _(""key"" text, ""updated_at"" timestamp with time zone, ""value"" jsonb) ) pgrst_body WHERE set_config($2, (coalesce(nullif(current_setting($3, $4), $5)::int, $6) + $7)::text, $8) <> $9 ON CONFLICT(""key"") DO UPDATE SET ""key"" = EXCLUDED.""key"", ""updated_at"" = EXCLUDED.""updated_at"", ""value"" = EXCLUDED.""value""WHERE set_config($10, (coalesce(nullif(current_setting($11, $12), $13)::int, $14) - $15)::text, $16) <> $17 RETURNING $18) SELECT $19 AS total_result_set, pg_catalog.count(_postgrest_t) AS page_total, array[]::text[] AS header, $20::text AS body, nullif(current_setting($21, $22), $23) AS response_headers, nullif(current_setting($24, $25), $26) AS response_status, nullif(current_setting($27, $28),$29)::int AS response_inserted FROM (SELECT * FROM pgrst_source) _postgrest_t",253837,253837,184520.661430004,0.726925788714795,1121.980161,11.5053260117004,0,1396775,1454,4159,377,0,0,0,0,515424,3965,292678789
2235628885664766616,postgres,postgres,"insert into public.asset_effective_tags (asset_id, tag, scope)
select a.id, t.tag, $1
from public.assets a
join public.asset_tags t on t.asset_id = a.id
where a.is_deleted = $2
  and t.status = $3
union all
select a.id, t.tag, $4
from public.assets a
join public.style_group_tags t on t.style_group_id = a.style_group_id
where a.is_deleted = $5
  and t.status = $6
on conflict do nothing",1,2045705,181670.62462,181670.62462,181670.62462,0,0,33618174,110118,126683,70925,0,0,0,0,8343717,80527,847020758
-8200628094239888068,service_role,postgres,"WITH pgrst_source AS ( SELECT ""public"".""agent_registrations"".""id"", ""public"".""agent_registrations"".""agent_name"", ""public"".""agent_registrations"".""agent_type"" FROM ""public"".""agent_registrations"" WHERE  ""public"".""agent_registrations"".""agent_key_hash"" = $1   LIMIT $2 OFFSET $3 )  SELECT $4::bigint AS total_result_set, pg_catalog.count(_postgrest_t) AS page_total, coalesce(json_agg(_postgrest_t), $5) AS body, nullif(current_setting($6, $7), $8) AS response_headers, nullif(current_setting($9, $10), $11) AS response_status, $12 AS response_inserted FROM ( SELECT * FROM pgrst_source ) _postgrest_t",2758552,2758552,166748.384306984,0.0604477944613711,14.685618,0.0655838347258052,0,5516109,11,4,1,0,0,0,0,5,1,1429
700368908055288077,service_role,postgres,"WITH pgrst_source AS ( SELECT ""public"".""admin_config"".""key"", ""public"".""admin_config"".""value"", ""public"".""admin_config"".""updated_at"" FROM ""public"".""admin_config"" WHERE  ""public"".""admin_config"".""key"" like $1  ORDER BY ""public"".""admin_config"".""updated_at"" ASC  LIMIT $2 OFFSET $3 )  SELECT $4::bigint AS total_result_set, pg_catalog.count(_postgrest_t) AS page_total, coalesce(json_agg(_postgrest_t), $5) AS body, nullif(current_setting($6, $7), $8) AS response_headers, nullif(current_setting($9, $10), $11) AS response_status, $12 AS response_inserted FROM ( SELECT * FROM pgrst_source ) _postgrest_t",78345,78345,160891.062180002,2.05362259467738,144.260293,1.21769095303548,0,10236849,3678,10,532,0,0,0,0,410,9,42854
-3331105351608255819,service_role,postgres,"WITH pgrst_source AS (UPDATE ""public"".""assets"" SET ""division_code"" = ""pgrst_body"".""division_code"", ""division_name"" = ""pgrst_body"".""division_name"", ""file_created_at"" = ""pgrst_body"".""file_created_at"", ""filename"" = ""pgrst_body"".""filename"", ""is_licensed"" = ""pgrst_body"".""is_licensed"", ""last_seen_at"" = ""pgrst_body"".""last_seen_at"", ""licensor_code"" = ""pgrst_body"".""licensor_code"", ""licensor_id"" = ""pgrst_body"".""licensor_id"", ""licensor_name"" = ""pgrst_body"".""licensor_name"", ""mg01_code"" = ""pgrst_body"".""mg01_code"", ""mg01_name"" = ""pgrst_body"".""mg01_name"", ""mg02_code"" = ""pgrst_body"".""mg02_code"", ""mg02_name"" = ""pgrst_body"".""mg02_name"", ""mg03_code"" = ""pgrst_body"".""mg03_code"", ""mg03_name"" = ""pgrst_body"".""mg03_name"", ""modified_at"" = ""pgrst_body"".""modified_at"", ""property_code"" = ""pgrst_body"".""property_code"", ""property_id"" = ""pgrst_body"".""property_id"", ""property_name"" = ""pgrst_body"".""property_name"", ""relative_path"" = ""pgrst_body"".""relative_path"", ""size_code"" = ""pgrst_body"".""size_code"", ""size_name"" = ""pgrst_body"".""size_name"", ""sku"" = ""pgrst_body"".""sku"", ""sku_sequence"" = ""pgrst_body"".""sku_sequence"", ""workflow_status"" = ""pgrst_body"".""workflow_status"" FROM (SELECT $1 AS json_data) pgrst_payload, LATERAL (SELECT ""division_code"", ""division_name"", ""file_created_at"", ""filename"", ""is_licensed"", ""last_seen_at"", ""licensor_code"", ""licensor_id"", ""licensor_name"", ""mg01_code"", ""mg01_name"", ""mg02_code"", ""mg02_name"", ""mg03_code"", ""mg03_name"", ""modified_at"", ""property_code"", ""property_id"", ""property_name"", ""relative_path"", ""size_code"", ""size_name"", ""sku"", ""sku_sequence"", ""workflow_status"" FROM json_to_record(pgrst_payload.json_data) AS _(""division_code"" text, ""division_name"" text, ""file_created_at"" timestamp with time zone, ""filename"" text, ""is_licensed"" boolean, ""last_seen_at"" timestamp with time zone, ""licensor_code"" text, ""licensor_id"" uuid, ""licensor_name"" text, ""mg01_code"" text, ""mg01_name"" text, ""mg02_code"" text, ""mg02_name"" text, ""mg03_code"" text, ""mg03_name"" text, ""modified_at"" timestamp with time",7595,7595,145573.930472,19.1670744531929,5988.510393,144.112552373141,0,1562876,195958,226648,12805,0,0,0,0,475025,217741,519980655
2928812735650796166,authenticated,postgres,"WITH pgrst_source AS ( SELECT ""public"".""assets"".* FROM ""public"".""assets"" WHERE  ""public"".""assets"".""is_deleted"" = $1   LIMIT $2 OFFSET $3 ) , pgrst_source_count AS (SELECT $5  FROM ""public"".""assets"" WHERE  ""public"".""assets"".""is_deleted"" = $4) SELECT (SELECT pg_catalog.count(*) FROM pgrst_source_count) AS total_result_set, pg_catalog.count(_postgrest_t) AS page_total, $6::text AS body, nullif(current_setting($7, $8), $9) AS response_headers, nullif(current_setting($10, $11), $12) AS response_status, $13 AS response_inserted FROM ( SELECT * FROM pgrst_source ) _postgrest_t",44,44,143217.645361,3254.94648547727,7815.693551,2506.97556876522,0,5112049,191427,18984,7411,0,0,0,0,18371,18279,43571690
1673081969097439980,postgres,postgres,SELECT public.resolve_sku_files_used_fuzzy($1),7,7,141433.698504,20204.814072,22727.864198,1445.62675401074,0,2534945,227318,61,10334,0,0,0,0,676,62,268783
-4489082252313461571,service_role,postgres,"WITH pgrst_source AS (UPDATE ""public"".""assets"" SET ""file_created_at"" = ""pgrst_body"".""file_created_at"", ""filename"" = ""pgrst_body"".""filename"", ""is_licensed"" = ""pgrst_body"".""is_licensed"", ""last_seen_at"" = ""pgrst_body"".""last_seen_at"", ""licensor_code"" = ""pgrst_body"".""licensor_code"", ""licensor_id"" = ""pgrst_body"".""licensor_id"", ""licensor_name"" = ""pgrst_body"".""licensor_name"", ""modified_at"" = ""pgrst_body"".""modified_at"", ""property_code"" = ""pgrst_body"".""property_code"", ""property_id"" = ""pgrst_body"".""property_id"", ""property_name"" = ""pgrst_body"".""property_name"", ""relative_path"" = ""pgrst_body"".""relative_path"", ""workflow_status"" = ""pgrst_body"".""workflow_status"" FROM (SELECT $1 AS json_data) pgrst_payload, LATERAL (SELECT ""file_created_at"", ""filename"", ""is_licensed"", ""last_seen_at"", ""licensor_code"", ""licensor_id"", ""licensor_name"", ""modified_at"", ""property_code"", ""property_id"", ""property_name"", ""relative_path"", ""workflow_status"" FROM json_to_record(pgrst_payload.json_data) AS _(""file_created_at"" timestamp with time zone, ""filename"" text, ""is_licensed"" boolean, ""last_seen_at"" timestamp with time zone, ""licensor_code"" text, ""licensor_id"" uuid, ""licensor_name"" text, ""modified_at"" timestamp with time zone, ""property_code"" text, ""property_id"" uuid, ""property_name"" text, ""relative_path"" text, ""workflow_status"" public.workflow_status) ) pgrst_body  WHERE  ""public"".""assets"".""id"" = $2 RETURNING $3) SELECT $4 AS total_result_set, pg_catalog.count(_postgrest_t) AS page_total, array[]::text[] AS header, $5::text AS body, nullif(current_setting($6, $7), $8) AS response_headers, nullif(current_setting($9, $10), $11) AS response_status, $12 AS response_inserted FROM (SELECT * FROM pgrst_source) _postgrest_t",6572,6572,135781.434885,20.6605956915703,5915.172023,167.079102065798,0,1535013,223129,241573,8474,0,0,0,0,513005,227575,523182147
-9175510899886638694,service_role,postgres,"WITH pgrst_source AS (SELECT pgrst_call.pgrst_scalar FROM (SELECT $1 AS json_data) pgrst_payload, LATERAL (SELECT ""p_document_type"", ""p_entity_id"", ""p_content_sha256"", ""p_lease_token"", ""p_embedding"", ""p_embedding_model"" FROM json_to_record(pgrst_payload.json_data) AS _(""p_document_type"" text, ""p_entity_id"" uuid, ""p_content_sha256"" text, ""p_lease_token"" uuid, ""p_embedding"" extensions.vector, ""p_embedding_model"" text) LIMIT $4) pgrst_body , LATERAL (SELECT ""public"".""upsert_dam_search_embedding""(""p_document_type"" := pgrst_body.""p_document_type"", ""p_entity_id"" := pgrst_body.""p_entity_id"", ""p_content_sha256"" := pgrst_body.""p_content_sha256"", ""p_lease_token"" := pgrst_body.""p_lease_token"", ""p_embedding"" := pgrst_body.""p_embedding"", ""p_embedding_model"" := pgrst_body.""p_embedding_model"") pgrst_scalar) pgrst_call) SELECT $5::bigint AS total_result_set, $6 AS page_total, coalesce(json_agg(_postgrest_t.pgrst_scalar)->$7, $8) AS body, nullif(current_setting($9, $10), $11) AS response_headers, nullif(current_setting($12, $13), $14) AS response_status, $15 AS response_inserted FROM (SELECT ""upsert_dam_search_embedding"".* FROM ""pgrst_source"" AS ""upsert_dam_search_embedding""   LIMIT $2 OFFSET $3) _postgrest_t",13000,13000,129486.350791,9.9604885223847,4611.264002,117.218205452481,0,23611394,162886,181730,3829,0,0,0,0,633456,180460,737107128
-7301619819502132643,authenticated,postgres,"WITH pgrst_source AS (SELECT pgrst_call.pgrst_scalar FROM (SELECT ""public"".""get_dam_customer_facets""() pgrst_scalar) pgrst_call) SELECT $3::bigint AS total_result_set, $4 AS page_total, coalesce(json_agg(_postgrest_t.pgrst_scalar)->$5, $6) AS body, nullif(current_setting($7, $8), $9) AS response_headers, nullif(current_setting($10, $11), $12) AS response_status, $13 AS response_inserted FROM (SELECT ""get_dam_customer_facets"".* FROM ""pgrst_source"" AS ""get_dam_customer_facets""   LIMIT $1 OFFSET $2) _postgrest_t",49,49,128480.759046,2622.05630706122,7237.494866,2274.95308552403,0,548854,137153,2262,7631,0,0,0,0,1965,1434,3081453
3811174456089147240,service_role,postgres,"WITH pgrst_source AS (UPDATE ""public"".""assets"" SET ""style_group_id"" = ""pgrst_body"".""style_group_id"" FROM (SELECT $1 AS json_data) pgrst_payload, LATERAL (SELECT ""style_group_id"" FROM json_to_record(pgrst_payload.json_data) AS _(""style_group_id"" uuid) ) pgrst_body  WHERE  ""public"".""assets"".""id"" = $2 AND  ""public"".""assets"".""style_group_id"" <> $3 RETURNING $4) SELECT $5 AS total_result_set, pg_catalog.count(_postgrest_t) AS page_total, array[]::text[] AS header, $6::text AS body, nullif(current_setting($7, $8), $9) AS response_headers, nullif(current_setting($10, $11), $12) AS response_status, $13 AS response_inserted FROM (SELECT * FROM pgrst_source) _postgrest_t",646913,646913,126729.333024995,0.1958985721805,30.893843,0.192427978199488,0,2925291,195,28,44,0,0,0,0,185231,124,11371505
3380183161425343299,authenticated,postgres,"WITH pgrst_source AS ( SELECT ""public"".""assets"".* FROM ""public"".""assets"" WHERE  ""public"".""assets"".""style_group_id"" IS NULL AND  ""public"".""assets"".""is_deleted"" = $1   LIMIT $2 OFFSET $3 ) , pgrst_source_count AS (SELECT $5  FROM ""public"".""assets"" WHERE  ""public"".""assets"".""style_group_id"" IS NULL AND  ""public"".""assets"".""is_deleted"" = $4) SELECT (SELECT pg_catalog.count(*) FROM pgrst_source_count) AS total_result_set, pg_catalog.count(_postgrest_t) AS page_total, $6::text AS body, nullif(current_setting($7, $8), $9) AS response_headers, nullif(current_setting($10, $11), $12) AS response_status, $13 AS response_inserted FROM ( SELECT * FROM pgrst_source ) _postgrest_t",48,48,121895.047362,2539.480153375,6557.739574,1916.13744028237,0,1586378,127418,2079,5187,0,0,0,0,2132,2049,2220568
952069425858978493,service_role,postgres,"WITH pgrst_source AS ( SELECT ""public"".""style_guide_files"".""id"", ""public"".""style_guide_files"".""root_label"", ""public"".""style_guide_files"".""relative_path"", ""public"".""style_guide_files"".""crawl_run_id"", ""public"".""style_guide_files"".""file_extension"", ""public"".""style_guide_files"".""licensor_name"", ""public"".""style_guide_files"".""property_folder"", ""public"".""style_guide_files"".""thumbnail_url"", ""public"".""style_guide_files"".""thumbnail_error"", ""public"".""style_guide_files"".""tag_search_text"" FROM ""public"".""style_guide_files"" WHERE  ""public"".""style_guide_files"".""is_active"" = $1   LIMIT $2 OFFSET $3 )  SELECT $4::bigint AS total_result_set, pg_catalog.count(_postgrest_t) AS page_total, coalesce(json_agg(_postgrest_t), $5) AS body, nullif(current_setting($6, $7), $8) AS response_headers, nullif(current_setting($9, $10), $11) AS response_status, $12 AS response_inserted FROM ( SELECT * FROM pgrst_source ) _postgrest_t",908,908,121281.230936,133.569637594714,392.4387,72.3974527169198,0,16875648,154,0,0,0,0,0,0,0,0,0
4762134411122352677,supabase_admin,postgres,"select
    schemaname, tablename, format($2, schemaname, tablename)::regclass as oid
    from pg_publication_tables where pubname = $1",19731,414351,101362.184041,5.13720460397344,50.2788,2.3649996448784,0,10587889,0,17,0,0,0,0,0,59,17,28826
-6012168953842310182,service_role,postgres,"WITH pgrst_source AS (DELETE FROM ""public"".""render_queue""  WHERE  ""public"".""render_queue"".""status"" = ANY ($1)  AND  ""public"".""render_queue"".""created_at"" < $2 RETURNING $3) SELECT $4 AS total_result_set, pg_catalog.count(_postgrest_t) AS page_total, array[]::text[] AS header, $5::text AS body, nullif(current_setting($6, $7), $8) AS response_headers, nullif(current_setting($9, $10), $11) AS response_status, $12 AS response_inserted FROM (SELECT * FROM pgrst_source) _postgrest_t",38741,38741,100434.906228,2.59247067003949,374.716921,6.63219053436805,0,18903665,193497,2359,106379,0,0,0,0,9105,2187,5105079
526707471002185018,supabase_read_only_user,postgres,"explain (analyze,buffers,format json,timing true,summary true) with opa_scope_latest as materialized (
    select distinct on (
      m.licensed_property_id, m.region_code, m.branch_code,
      m.line_of_business_id, m.product_type_code, m.template_id, m.workflow_id
    )
      m.licensed_property_id, m.branch_code
    from plm.opa_property_scope_membership m
    where m.approval_status = $1
    order by m.licensed_property_id, m.region_code, m.branch_code,
      m.line_of_business_id, m.product_type_code, m.template_id, m.workflow_id,
      m.source_captured_at desc, m.created_at desc, m.membership_id desc
  ), opa_scope_summary as materialized (
    select licensed_property_id,
      count(distinct branch_code) as scope_count,
      min(branch_code) as studio_code
    from opa_scope_latest
    group by licensed_property_id
  ), opa_studio_summary as materialized (
    select r.licensed_property_id,
      case
        when count(*) filter (where r.resolution_status = $2) > $3
          or count(distinct r.studio_code) filter (where r.resolution_status = $4) > $5
          then $6
        when count(*) filter (where r.resolution_status = $7) = $8 then $9
        else $10
      end as resolution_status,
      case
        when count(*) filter (where r.resolution_status = $11) = $12
          and count(*) filter (where r.resolution_status = $13) = $14
          then min(r.studio_code) filter (where r.resolution_status = $15)
      end as studio_code
    from plm.opa_property_studio_resolution r
    group by r.licensed_property_id
  ), dcp_current_resolution as materialized (
    select distinct on (r.source_system, r.source_table, r.source_property_id)
      r.resolution_id, r.source_system, r.source_table, r.source_property_id,
      r.contract_asserted_studio_code
    from plm.dcp_opa_property_resolution r
    where r.approval_status = $16
      and not exists (
        select $17 from plm.dcp_opa_property_resolution newer
        where newer.supersedes_resolution_i",8,0,96005.64966,12000.7062075,26370.029749,11866.9399386638,0,26433719,8961,2,0,0,0,244168,366216,2,2,7061
-3455900469509286851,authenticated,postgres,select count(*)::int n from public.get_filter_counts($1::jsonb),12,12,93323.642815,7776.97023458333,14588.922172,5410.74234877549,0,619556,291903,4590,1079,0,0,40020,8280,4698,4554,8341643
-7726440967385220442,authenticator,postgres,SELECT name FROM pg_timezone_names,175,209300,93011.462592,531.494071954286,1418.706409,414.950208019231,0,0,0,0,0,0,0,0,0,0,0,0
-6408571764798647371,service_role,postgres,"WITH pgrst_source AS (UPDATE ""public"".""assets"" SET ""thumbnail_error"" = ""pgrst_body"".""thumbnail_error"", ""thumbnail_url"" = ""pgrst_body"".""thumbnail_url"" FROM (SELECT $1 AS json_data) pgrst_payload, LATERAL (SELECT ""thumbnail_error"", ""thumbnail_url"" FROM json_to_record(pgrst_payload.json_data) AS _(""thumbnail_error"" text, ""thumbnail_url"" text) ) pgrst_body  WHERE  ""public"".""assets"".""id"" = $2 RETURNING $3) SELECT $4 AS total_result_set, pg_catalog.count(_postgrest_t) AS page_total, array[]::text[] AS header, $5::text AS body, nullif(current_setting($6, $7), $8) AS response_headers, nullif(current_setting($9, $10), $11) AS response_status, $12 AS response_inserted FROM (SELECT * FROM pgrst_source) _postgrest_t",6997,6997,92634.887927,13.2392293735887,5955.003573,150.142508199972,0,1302041,131660,138266,1907,0,0,0,0,419067,130644,351097318
-9035248356232759254,service_role,postgres,"WITH pgrst_source AS ( SELECT ""core"".""contact"".""id"" FROM ""core"".""contact"" WHERE  ""core"".""contact"".""email"" = ANY ($1)    LIMIT $2 OFFSET $3 )  SELECT $4::bigint AS total_result_set, pg_catalog.count(_postgrest_t) AS page_total, coalesce(json_agg(_postgrest_t), $5) AS body, nullif(current_setting($6, $7), $8) AS response_headers, nullif(current_setting($9, $10), $11) AS response_status, $12 AS response_inserted FROM ( SELECT * FROM pgrst_source ) _postgrest_t",247183,247183,91673.0213840001,0.37087106064737,143.677557,1.01839142259139,0,2721200,14535,0,96,0,0,0,0,0,0,0
1812500629620965285,service_role,postgres,"WITH pgrst_source AS (SELECT ""pgrst_call"".* FROM (SELECT $1 AS json_data) pgrst_payload, LATERAL (SELECT ""p_after_id"", ""p_limit"", ""p_rebuild"" FROM json_to_record(pgrst_payload.json_data) AS _(""p_after_id"" uuid, ""p_limit"" integer, ""p_rebuild"" boolean) LIMIT $4) pgrst_body , LATERAL ""public"".""get_style_guide_deterministic_tag_batch_v2""(""p_after_id"" := pgrst_body.""p_after_id"", ""p_limit"" := pgrst_body.""p_limit"", ""p_rebuild"" := pgrst_body.""p_rebuild"") pgrst_call) SELECT $5::bigint AS total_result_set, pg_catalog.count(_postgrest_t) AS page_total, coalesce(json_agg(_postgrest_t), $6) AS body, nullif(current_setting($7, $8), $9) AS response_headers, nullif(current_setting($10, $11), $12) AS response_status, $13 AS response_inserted FROM (SELECT ""record"".* FROM ""pgrst_source"" AS ""record""   LIMIT $2 OFFSET $3) _postgrest_t",18485,18485,87590.708113,4.7384748776305,1032.889398,19.5177885405029,0,18038049,129122,3324,16541,0,0,0,0,89326,2547,13851885
-7221984546333565575,service_role,postgres,"WITH pgrst_source AS (SELECT ""pgrst_call"".* FROM (SELECT $1 AS json_data) pgrst_payload, LATERAL (SELECT ""p_agent_id"", ""p_batch_size"", ""p_lease_minutes"", ""p_max_attempts"" FROM json_to_record(pgrst_payload.json_data) AS _(""p_agent_id"" text, ""p_batch_size"" integer, ""p_lease_minutes"" integer, ""p_max_attempts"" integer) LIMIT $4) pgrst_body , LATERAL ""public"".""claim_render_jobs""(""p_agent_id"" := pgrst_body.""p_agent_id"", ""p_batch_size"" := pgrst_body.""p_batch_size"", ""p_lease_minutes"" := pgrst_body.""p_lease_minutes"", ""p_max_attempts"" := pgrst_body.""p_max_attempts"") pgrst_call) SELECT $5::bigint AS total_result_set, pg_catalog.count(_postgrest_t) AS page_total, coalesce(json_agg(_postgrest_t), $6) AS body, nullif(current_setting($7, $8), $9) AS response_headers, nullif(current_setting($10, $11), $12) AS response_status, $13 AS response_inserted FROM (SELECT ""record"".* FROM ""pgrst_source"" AS ""record""   LIMIT $2 OFFSET $3) _postgrest_t",166286,166286,77775.6649610005,0.467722267424797,158.196923,0.936829183459278,0,5601201,4045,2124,812,0,0,0,0,51024,2289,9348869
-8856799461280935852,authenticator,postgres,"WITH
-- Recursively get the base types of domains
base_types AS (
  WITH RECURSIVE
  recurse AS (
    SELECT
      oid,
      typbasetype,
      typnamespace AS base_namespace,
      COALESCE(NULLIF(typbasetype, $2), oid) AS base_type
    FROM pg_type
    UNION
    SELECT
      t.oid,
      b.typbasetype,
      b.typnamespace AS base_namespace,
      COALESCE(NULLIF(b.typbasetype, $3), b.oid) AS base_type
    FROM recurse t
    JOIN pg_type b ON t.typbasetype = b.oid
  )
  SELECT
    oid,
    base_namespace,
    base_type
  FROM recurse
  WHERE typbasetype = $4
),
columns AS (
    SELECT
        c.oid AS relid,
        a.attname::name AS column_name,
        d.description AS description,
        -- typbasetype and typdefaultbin handles `CREATE DOMAIN .. DEFAULT val`,  attidentity/attgenerated handles generated columns, pg_get_expr gets the default of a column
        CASE
          WHEN (t.typbasetype != $5) AND (ad.adbin IS NULL) THEN pg_get_expr(t.typdefaultbin, $6)
          WHEN a.attidentity  = $7 THEN format($8, seq.objid::regclass)
          WHEN a.attgenerated = $9 THEN $10
          ELSE pg_get_expr(ad.adbin, ad.adrelid)::text
        END AS column_default,
        not (a.attnotnull OR t.typtype = $11 AND t.typnotnull) AS is_nullable,
        CASE
            WHEN t.typtype = $12 THEN
            CASE
                WHEN bt.base_namespace = $13::regnamespace THEN format_type(bt.base_type, $14::integer)
                ELSE format_type(a.atttypid, a.atttypmod)
            END
            ELSE
            CASE
                WHEN t.typnamespace = $15::regnamespace THEN format_type(a.atttypid, $16::integer)
                ELSE format_type(a.atttypid, a.atttypmod)
            END
        END::text AS data_type,
        format_type(a.atttypid, a.atttypmod)::text AS nominal_data_type,
        information_schema._pg_char_max_length(
            information_schema._pg_truetypid(a.*, t.*),
            information_schema._pg_truetypmod(a.*, t.*)
        )::integer",176,169192,77717.253946,441.575306511363,1047.518612,206.088401267887,0,2667402,105275,1222,2650,0,0,0,0,1881,1220,1736907
-2816937139790846427,service_role,postgres,"WITH pgrst_source AS ( SELECT ""public"".""erp_items_current"".""division_code"", ""public"".""erp_items_current"".""licensor_code"", ""public"".""erp_items_current"".""property_code"" FROM ""public"".""erp_items_current"" WHERE  ""public"".""erp_items_current"".""style_number"" = $1   LIMIT $2 OFFSET $3 )  SELECT $4::bigint AS total_result_set, pg_catalog.count(_postgrest_t) AS page_total, coalesce(json_agg(_postgrest_t), $5) AS body, nullif(current_setting($6, $7), $8) AS response_headers, nullif(current_setting($9, $10), $11) AS response_status, $12 AS response_inserted FROM ( SELECT * FROM pgrst_source ) _postgrest_t",510463,510463,72284.8741149975,0.141606490803446,34.59141,0.304874984148879,0,1464675,50721,0,644,0,0,0,0,0,0,0
6259660442312278842,authenticated,postgres,"WITH pgrst_source AS (SELECT pgrst_call.pgrst_scalar FROM (SELECT $1 AS json_data) pgrst_payload, LATERAL (SELECT ""p_filters"" FROM json_to_record(pgrst_payload.json_data) AS _(""p_filters"" jsonb) LIMIT $4) pgrst_body , LATERAL (SELECT ""public"".""get_filter_counts""(""p_filters"" := pgrst_body.""p_filters"") pgrst_scalar) pgrst_call) SELECT $5::bigint AS total_result_set, $6 AS page_total, coalesce(json_agg(_postgrest_t.pgrst_scalar)->$7, $8) AS body, nullif(current_setting($9, $10), $11) AS response_headers, nullif(current_setting($12, $13), $14) AS response_status, $15 AS response_inserted FROM (SELECT ""get_filter_counts"".* FROM ""pgrst_source"" AS ""get_filter_counts""   LIMIT $2 OFFSET $3) _postgrest_t",44,44,70780.403534,1608.64553486364,7779.469132,2058.57182854608,0,1466860,671577,4437,22,0,0,69150,13830,4443,4435,7326205
-5552578835513396413,postgres,postgres,"select
        count(distinct style_group_id) filter (where document_type=$2 and style_group_id is not null) direct_groups,
        count(distinct style_group_id) filter (where document_type=$3 and style_group_id is not null) member_groups,
        count(*) filter (where document_type=$4) asset_documents
      from public.dam_search_documents
      where search_tsv @@ websearch_to_tsquery($5,$1)",41,41,70651.929923,1723.217803,7619.591205,2520.85857909299,0,296346,270517,24701,15791,0,0,0,0,36917,24938,88641048
2998177497619480665,supabase_read_only_user,postgres,"with
      tables as (SELECT
  c.oid :: int8 AS id,
  nc.nspname AS schema,
  c.relname AS name,
  c.relrowsecurity AS rls_enabled,
  c.relforcerowsecurity AS rls_forced,
  CASE
    WHEN c.relreplident = $10 THEN $11
    WHEN c.relreplident = $12 THEN $13
    WHEN c.relreplident = $14 THEN $15
    ELSE $16
  END AS replica_identity,
  pg_total_relation_size(format($17, nc.nspname, c.relname)) :: int8 AS bytes,
  pg_size_pretty(
    pg_total_relation_size(format($18, nc.nspname, c.relname))
  ) AS size,
  pg_stat_get_live_tuples(c.oid) AS live_rows_estimate,
  pg_stat_get_dead_tuples(c.oid) AS dead_rows_estimate,
  obj_description(c.oid) AS comment,
  coalesce(pk.primary_keys, $19) as primary_keys,
  coalesce(
    jsonb_agg(relationships) filter (where relationships is not null),
    $20
  ) as relationships
FROM
  pg_namespace nc
  JOIN pg_class c ON nc.oid = c.relnamespace
  left join (
    select
      table_id,
      jsonb_agg(_pk.*) as primary_keys
    from (
      select
        n.nspname as schema,
        c.relname as table_name,
        a.attname as name,
        c.oid :: int8 as table_id
      from
        pg_index i,
        pg_class c,
        pg_attribute a,
        pg_namespace n
      where
        i.indrelid = c.oid
        and c.relnamespace = n.oid
        and a.attrelid = c.oid
        and a.attnum = any (i.indkey)
        and i.indisprimary
    ) as _pk
    group by table_id
  ) as pk
  on pk.table_id = c.oid
  left join (
    select
      c.oid :: int8 as id,
      c.conname as constraint_name,
      nsa.nspname as source_schema,
      csa.relname as source_table_name,
      array_agg(sa.attname order by cols.ord) as source_columns,
      nta.nspname as target_table_schema,
      cta.relname as target_table_name,
      array_agg(ta.attname order by cols.ord) as target_columns
    from
      pg_constraint c
      join lateral unnest(c.conkey, c.confkey)
        with ordinality as cols(conkey, confkey, ord) on $21
      join pg_class csa on csa.oid",1,590,65268.197984,65268.197984,65268.197984,0,0,3051042,67,2,0,0,0,30,53,2,2,2062
-2925114897127061700,service_role,postgres,"WITH pgrst_source AS ( SELECT ""public"".""assets"".""filename"", ""public"".""assets"".""relative_path"", ""public"".""assets"".""thumbnail_url"" FROM ""public"".""assets"" WHERE  ""public"".""assets"".""id"" = $1   LIMIT $2 OFFSET $3 )  SELECT $4::bigint AS total_result_set, pg_catalog.count(_postgrest_t) AS page_total, coalesce(json_agg(_postgrest_t)->$5, $6) AS body, nullif(current_setting($7, $8), $9) AS response_headers, nullif(current_setting($10, $11), $12) AS response_status, $13 AS response_inserted FROM ( SELECT * FROM pgrst_source ) _postgrest_t",897493,897493,62577.5470019991,0.0697248301680341,43.644528,0.0663875715652325,0,3649367,1,29,0,0,0,0,0,62608,61,3986148
-8382972256043689247,service_role,postgres,"WITH pgrst_source AS (SELECT pgrst_call.pgrst_scalar FROM (SELECT $1 AS json_data) pgrst_payload, LATERAL (SELECT ""p_op_key"", ""p_op_state"", ""p_only_if_status"" FROM json_to_record(pgrst_payload.json_data) AS _(""p_op_key"" text, ""p_op_state"" jsonb, ""p_only_if_status"" text) LIMIT $4) pgrst_body , LATERAL (SELECT ""public"".""update_bulk_operation""(""p_op_key"" := pgrst_body.""p_op_key"", ""p_op_state"" := pgrst_body.""p_op_state"", ""p_only_if_status"" := pgrst_body.""p_only_if_status"") pgrst_scalar) pgrst_call) SELECT $5::bigint AS total_result_set, $6 AS page_total, coalesce(json_agg(_postgrest_t.pgrst_scalar)->$7, $8) AS body, nullif(current_setting($9, $10), $11) AS response_headers, nullif(current_setting($12, $13), $14) AS response_status, $15 AS response_inserted FROM (SELECT ""update_bulk_operation"".* FROM ""pgrst_source"" AS ""update_bulk_operation""   LIMIT $2 OFFSET $3) _postgrest_t",10372,10372,61780.5615799998,5.95647527767066,63.664314,3.93122560825649,0,917831,14156,15983,1441,0,0,0,0,374306,1252,241848290
-5779616113435692722,service_role,postgres,"WITH pgrst_source AS (UPDATE ""public"".""agent_registrations"" SET ""last_heartbeat"" = ""pgrst_body"".""last_heartbeat"", ""metadata"" = ""pgrst_body"".""metadata"" FROM (SELECT $1 AS json_data) pgrst_payload, LATERAL (SELECT ""last_heartbeat"", ""metadata"" FROM json_to_record(pgrst_payload.json_data) AS _(""last_heartbeat"" timestamp with time zone, ""metadata"" jsonb) ) pgrst_body  WHERE  ""public"".""agent_registrations"".""id"" = $2 RETURNING $3) SELECT $4 AS total_result_set, pg_catalog.count(_postgrest_t) AS page_total, array[]::text[] AS header, $5::text AS body, nullif(current_setting($6, $7), $8) AS response_headers, nullif(current_setting($9, $10), $11) AS response_status, $12 AS response_inserted FROM (SELECT * FROM pgrst_source) _postgrest_t",38741,38741,60825.2332389999,1.57004809475749,47.585143,1.33696717300747,0,998841,3600,33115,2822,0,0,0,0,470957,25000,169422047
-3236139411688684513,service_role,postgres,"WITH pgrst_source AS ( SELECT ""public"".""style_groups"".""id"", ""public"".""style_groups"".""sku"", ""public"".""style_groups"".""folder_path"", ""public"".""style_groups"".""is_licensed"", ""public"".""style_groups"".""licensor_id"", ""public"".""style_groups"".""licensor_code"", ""public"".""style_groups"".""licensor_name"", ""public"".""style_groups"".""property_id"", ""public"".""style_groups"".""property_code"", ""public"".""style_groups"".""property_name"", ""public"".""style_groups"".""division_code"", ""public"".""style_groups"".""division_name"", ""public"".""style_groups"".""mg01_code"", ""public"".""style_groups"".""mg01_name"", ""public"".""style_groups"".""mg02_code"", ""public"".""style_groups"".""mg02_name"", ""public"".""style_groups"".""mg03_code"", ""public"".""style_groups"".""mg03_name"", ""public"".""style_groups"".""size_code"", ""public"".""style_groups"".""size_name"" FROM ""public"".""style_groups"" WHERE  ""public"".""style_groups"".""sku"" = $1   LIMIT $2 OFFSET $3 )  SELECT $4::bigint AS total_result_set, pg_catalog.count(_postgrest_t) AS page_total, coalesce(json_agg(_postgrest_t), $5) AS body, nullif(current_setting($6, $7), $8) AS response_headers, nullif(current_setting($9, $10), $11) AS response_status, $12 AS response_inserted FROM ( SELECT * FROM pgrst_source ) _postgrest_t",646948,646948,55395.4105060039,0.0856257543202858,31.673605,0.114456092532503,0,1969122,6129,334,108,0,0,0,0,13427,262,1426943
-355462539915246840,service_role,postgres,"WITH pgrst_source AS (UPDATE ""public"".""style_groups"" SET ""licensor_code"" = ""pgrst_body"".""licensor_code"", ""licensor_id"" = ""pgrst_body"".""licensor_id"", ""licensor_name"" = ""pgrst_body"".""licensor_name"", ""property_code"" = ""pgrst_body"".""property_code"", ""property_id"" = ""pgrst_body"".""property_id"", ""property_name"" = ""pgrst_body"".""property_name"" FROM (SELECT $1 AS json_data) pgrst_payload, LATERAL (SELECT ""licensor_code"", ""licensor_id"", ""licensor_name"", ""property_code"", ""property_id"", ""property_name"" FROM json_to_record(pgrst_payload.json_data) AS _(""licensor_code"" text, ""licensor_id"" uuid, ""licensor_name"" text, ""property_code"" text, ""property_id"" uuid, ""property_name"" text) ) pgrst_body  WHERE  ""public"".""style_groups"".""id"" = $2 RETURNING ""public"".""style_groups"".""id"") SELECT $3 AS total_result_set, pg_catalog.count(_postgrest_t) AS page_total, array[]::text[] AS header, coalesce(json_agg(_postgrest_t)->$4, $5) AS body, nullif(current_setting($6, $7), $8) AS response_headers, nullif(current_setting($9, $10), $11) AS response_status, $12 AS response_inserted FROM (SELECT ""style_groups"".""id"" FROM ""pgrst_source"" AS ""style_groups""   ) _postgrest_t",3909,3909,54783.3050409999,14.0146597700179,4254.111956,75.0237761501262,0,812938,45388,27654,330,0,0,0,0,110628,24042,101838015
7175796169577422299,service_role,postgres,"WITH pgrst_source AS (DELETE FROM ""public"".""style_groups""  WHERE  ""public"".""style_groups"".""id"" = ANY ($1)  RETURNING $2) SELECT $3 AS total_result_set, pg_catalog.count(_postgrest_t) AS page_total, array[]::text[] AS header, $4::text AS body, nullif(current_setting($5, $6), $7) AS response_headers, nullif(current_setting($8, $9), $10) AS response_status, $11 AS response_inserted FROM (SELECT * FROM pgrst_source) _postgrest_t",165,165,54707.091586,331.558130824243,1129.079647,147.237463205904,0,931839,66271,50056,21751,0,0,0,0,204763,21310,78139820
-2334785494443258120,service_role,postgres,"WITH pgrst_source AS ( SELECT ""crm"".""email_message"".""id"" FROM ""crm"".""email_message"" WHERE  ""crm"".""email_message"".""outlook_message_id"" = $1   LIMIT $2 OFFSET $3 )  SELECT $4::bigint AS total_result_set, pg_catalog.count(_postgrest_t) AS page_total, coalesce(json_agg(_postgrest_t), $5) AS body, nullif(current_setting($6, $7), $8) AS response_headers, nullif(current_setting($9, $10), $11) AS response_status, $12 AS response_inserted FROM ( SELECT * FROM pgrst_source ) _postgrest_t",1926,1926,53633.004094,27.8468349397716,646.191802,35.5717525996191,0,3294264,339310,118,19286,0,0,0,0,118,118,205515
-3597316717182848178,service_role,postgres,"WITH pgrst_source AS (SELECT pgrst_call.pgrst_scalar FROM (SELECT $1 AS json_data) pgrst_payload, LATERAL (SELECT ""p_file_id"", ""p_tags"", ""p_input_fingerprint"", ""p_rule_version"" FROM json_to_record(pgrst_payload.json_data) AS _(""p_file_id"" uuid, ""p_tags"" jsonb, ""p_input_fingerprint"" text, ""p_rule_version"" text) LIMIT $4) pgrst_body , LATERAL (SELECT ""public"".""replace_style_guide_deterministic_tags""(""p_file_id"" := pgrst_body.""p_file_id"", ""p_tags"" := pgrst_body.""p_tags"", ""p_input_fingerprint"" := pgrst_body.""p_input_fingerprint"", ""p_rule_version"" := pgrst_body.""p_rule_version"") pgrst_scalar) pgrst_call) SELECT $5::bigint AS total_result_set, $6 AS page_total, coalesce(json_agg(_postgrest_t.pgrst_scalar)->$7, $8) AS body, nullif(current_setting($9, $10), $11) AS response_headers, nullif(current_setting($12, $13), $14) AS response_status, $15 AS response_inserted FROM (SELECT ""replace_style_guide_deterministic_tags"".* FROM ""pgrst_source"" AS ""replace_style_guide_deterministic_tags""   LIMIT $2 OFFSET $3) _postgrest_t",2234,2234,53139.4241760001,23.7866715201432,2016.72042,68.2658213597429,0,1445341,34717,37879,6619,0,0,0,0,359883,21256,161767458
8429298319343969935,service_role,postgres,"WITH pgrst_source AS (INSERT INTO ""public"".""assets""(""division_code"", ""division_name"", ""file_created_at"", ""file_size"", ""file_type"", ""filename"", ""height"", ""is_licensed"", ""last_seen_at"", ""licensor_code"", ""licensor_id"", ""licensor_name"", ""mg01_code"", ""mg01_name"", ""mg02_code"", ""mg02_name"", ""mg03_code"", ""mg03_name"", ""modified_at"", ""property_code"", ""property_id"", ""property_name"", ""quick_hash"", ""quick_hash_version"", ""relative_path"", ""size_code"", ""size_name"", ""sku"", ""sku_sequence"", ""thumbnail_error"", ""thumbnail_url"", ""width"", ""workflow_status"") SELECT ""pgrst_body"".""division_code"", ""pgrst_body"".""division_name"", ""pgrst_body"".""file_created_at"", ""pgrst_body"".""file_size"", ""pgrst_body"".""file_type"", ""pgrst_body"".""filename"", ""pgrst_body"".""height"", ""pgrst_body"".""is_licensed"", ""pgrst_body"".""last_seen_at"", ""pgrst_body"".""licensor_code"", ""pgrst_body"".""licensor_id"", ""pgrst_body"".""licensor_name"", ""pgrst_body"".""mg01_code"", ""pgrst_body"".""mg01_name"", ""pgrst_body"".""mg02_code"", ""pgrst_body"".""mg02_name"", ""pgrst_body"".""mg03_code"", ""pgrst_body"".""mg03_name"", ""pgrst_body"".""modified_at"", ""pgrst_body"".""property_code"", ""pgrst_body"".""property_id"", ""pgrst_body"".""property_name"", ""pgrst_body"".""quick_hash"", ""pgrst_body"".""quick_hash_version"", ""pgrst_body"".""relative_path"", ""pgrst_body"".""size_code"", ""pgrst_body"".""size_name"", ""pgrst_body"".""sku"", ""pgrst_body"".""sku_sequence"", ""pgrst_body"".""thumbnail_error"", ""pgrst_body"".""thumbnail_url"", ""pgrst_body"".""width"", ""pgrst_body"".""workflow_status"" FROM (SELECT $1 AS json_data) pgrst_payload, LATERAL (SELECT ""division_code"", ""division_name"", ""file_created_at"", ""file_size"", ""file_type"", ""filename"", ""height"", ""is_licensed"", ""last_seen_at"", ""licensor_code"", ""licensor_id"", ""licensor_name"", ""mg01_code"", ""mg01_name"", ""mg02_code"", ""mg02_name"", ""mg03_code"", ""mg03_name"", ""modified_at"", ""property_code"", ""property_id"", ""property_name"", ""quick_hash"", ""quick_hash_version"", ""relative_path"", ""size_code"", ""size_name"", ""sku"", ""sku_sequence"", ""thumbnail_error"", ""thumbnail_url"", ""width"", ""wor",3552,3552,52919.146545,14.8984083741554,6243.386698,190.252479333784,0,746577,83429,83899,1794,0,0,0,0,229456,79381,173011075
2748998582441269780,authenticated,postgres,"select document_type,entity_id,asset_id,style_group_id,total_count,has_more,facets
    from public.search_dam_documents($1,$4::jsonb,$2,$3,$5,$6,$7)",12,1200,51432.076803,4286.00640025,18735.235163,5685.88659556802,0,639727,34233,358,265,0,0,0,0,583,324,1259928
-3019703091017380260,service_role,postgres,"WITH pgrst_source AS (INSERT INTO ""public"".""assets""(""file_created_at"", ""file_size"", ""file_type"", ""filename"", ""height"", ""is_licensed"", ""last_seen_at"", ""licensor_code"", ""licensor_id"", ""licensor_name"", ""modified_at"", ""property_code"", ""property_id"", ""property_name"", ""quick_hash"", ""quick_hash_version"", ""relative_path"", ""thumbnail_error"", ""thumbnail_url"", ""width"", ""workflow_status"") SELECT ""pgrst_body"".""file_created_at"", ""pgrst_body"".""file_size"", ""pgrst_body"".""file_type"", ""pgrst_body"".""filename"", ""pgrst_body"".""height"", ""pgrst_body"".""is_licensed"", ""pgrst_body"".""last_seen_at"", ""pgrst_body"".""licensor_code"", ""pgrst_body"".""licensor_id"", ""pgrst_body"".""licensor_name"", ""pgrst_body"".""modified_at"", ""pgrst_body"".""property_code"", ""pgrst_body"".""property_id"", ""pgrst_body"".""property_name"", ""pgrst_body"".""quick_hash"", ""pgrst_body"".""quick_hash_version"", ""pgrst_body"".""relative_path"", ""pgrst_body"".""thumbnail_error"", ""pgrst_body"".""thumbnail_url"", ""pgrst_body"".""width"", ""pgrst_body"".""workflow_status"" FROM (SELECT $1 AS json_data) pgrst_payload, LATERAL (SELECT ""file_created_at"", ""file_size"", ""file_type"", ""filename"", ""height"", ""is_licensed"", ""last_seen_at"", ""licensor_code"", ""licensor_id"", ""licensor_name"", ""modified_at"", ""property_code"", ""property_id"", ""property_name"", ""quick_hash"", ""quick_hash_version"", ""relative_path"", ""thumbnail_error"", ""thumbnail_url"", ""width"", ""workflow_status"" FROM json_to_record(pgrst_payload.json_data) AS _(""file_created_at"" timestamp with time zone, ""file_size"" bigint, ""file_type"" public.file_type, ""filename"" text, ""height"" integer, ""is_licensed"" boolean, ""last_seen_at"" timestamp with time zone, ""licensor_code"" text, ""licensor_id"" uuid, ""licensor_name"" text, ""modified_at"" timestamp with time zone, ""property_code"" text, ""property_id"" uuid, ""property_name"" text, ""quick_hash"" text, ""quick_hash_version"" integer, ""relative_path"" text, ""thumbnail_error"" text, ""thumbnail_url"" text, ""width"" integer, ""workflow_status"" public.workflow_status) ) pgrst_body  RETURNING ""public"".""asse",3471,3471,48293.310723,13.9133709948142,5680.032525,164.910921838533,0,713998,86255,89551,1467,0,0,0,0,232675,83398,189478106
-1403659420738011380,postgres,postgres,"do $$
declare
  c_disney_legacy constant uuid := '10a445bc-cdb8-4384-ad6f-a46fd029f2bc';
  c_wwe_legacy    constant uuid := '1e3ebfce-7d9d-4424-a68c-73c4e57b6d83';
  c_disney_core   constant uuid := '7d141a6f-e229-46a2-b3f5-0ba0c97dd820';
  c_wwe_core      constant uuid := '7575d1db-dbee-4336-84a9-aa378f05f105';
  v_before        bigint;
  v_after         bigint;
  v_ds_before     bigint;
  v_ds_after      bigint;
  v_sg_ds_before  bigint;
  v_sg_ds_after   bigint;
  v_code          text;
  v_bad           bigint;
  v_n             bigint;
  v_existing_comment text;
  -- Declared ONCE and used by both the overwrite guard and the write itself, so the two
  -- cannot drift apart and re-silently break idempotency.
  c_comment constant text :=
    'Canonical licensor code, aligned to core.licensor.code since 2026-08-07 (owner ruling: change DS to DY at its source). Legacy values DS/WWE were normalised to DY/WW by issue #505. public.dam_character_catalog still carries a defensive DS/WWE remap; it is now a no-op and is deliberately retained as a safety net.';
begin
  -- ---------- preconditions ----------
  if not exists (select 1 from public.licensors where id = c_disney_legacy) then
    raise exception 'abort: legacy Disney licensor row % is missing', c_disney_legacy;
  end if;
  if not exists (select 1 from public.licensors where id = c_wwe_legacy) then
    raise exception 'abort: legacy WWE licensor row % is missing', c_wwe_legacy;
  end if;

  select code into v_code from core.licensor where id = c_disney_core;
  if v_code is distinct from 'DY' then
    raise exception 'abort: core.licensor % has code %, expected DY',
      c_disney_core, coalesce(v_code, '<missing>');
  end if;
  select code into v_code from core.licensor where id = c_wwe_core;
  if v_code is distinct from 'WW' then
    raise exception 'abort: core.licensor % has code %, expected WW',
      c_wwe_core, coalesce(v_code, '<missing>');
  end if;

  -- The target codes must be free, or the unique index ",1,0,48003.500103,48003.500103,48003.500103,0,0,10419,774177,57,0,0,0,0,0,102,57,172927
-6950523102935705397,supabase_read_only_user,postgres,"select string_agg(quote_literal(id::text), $1 order by id) as ids, count(*) as n
from public.assets where licensor_code=$2 and licensor_name=$3",1,1,47593.143472,47593.143472,47593.143472,0,0,72018,74369,367,0,0,0,0,0,367,367,998024
-6019717523838313193,authenticator,postgres,"with recursive
pks_fks as (
  -- pk + fk referencing col
  select
    contype::text as contype,
    conname,
    array_length(conkey, $3) as ncol,
    conrelid as resorigtbl,
    col as resorigcol,
    ord
  from pg_constraint
  left join lateral unnest(conkey) with ordinality as _(col, ord) on $4
  where contype IN ($5, $6)
  union
  -- fk referenced col
  select
    concat(contype, $7) as contype,
    conname,
    array_length(confkey, $8) as ncol,
    confrelid,
    col,
    ord
  from pg_constraint
  left join lateral unnest(confkey) with ordinality as _(col, ord) on $9
  where contype=$10
),
views as (
  select
    c.oid          as view_id,
    c.relnamespace as view_schema_id,
    n.nspname      as view_schema,
    c.relname      as view_name,
    r.ev_action    as view_definition
  from pg_class c
  join pg_namespace n on n.oid = c.relnamespace
  join pg_rewrite r on r.ev_class = c.oid
  where c.relkind in ($11, $12) and c.relnamespace = ANY($1::regnamespace[] || $2::regnamespace[])
),
transform_json as (
  select
    view_id, view_schema_id, view_schema, view_name,
    -- the following formatting is without indentation on purpose
    -- to allow simple diffs, with less whitespace noise
    replace(
      replace(
      replace(
      replace(
      replace(
      replace(
      replace(
      regexp_replace(
      replace(
      replace(
      replace(
      replace(
      replace(
      replace(
      replace(
      replace(
      replace(
      replace(
      replace(
        view_definition::text,
      -- This conversion to json is heavily optimized for performance.
      -- The general idea is to use as few regexp_replace() calls as possible.
      -- Simple replace() is a lot faster, so we jump through some hoops
      -- to be able to use regexp_replace() only once.
      -- This has been tested against a huge schema with 250+ different views.
      -- The unit tests do NOT reflect all possible inputs. Be careful when changing this!
      -- --------",175,122276,46017.459735,262.956912771429,507.201365,56.7490978006203,0,1995836,440,0,6,0,0,0,0,0,0,0
-1079904947729919110,supabase_read_only_user,postgres,"select count(distinct tag) as distinct_tags, count(*) as rows from public.asset_effective_tags

-- source: POST /v1/projects/:ref/database/query
-- user: pat:8463633
-- date: 2026-09-03T00:31:36.640Z",1,1,39148.453994,39148.453994,39148.453994,0,0,878215,28027,7862,229,0,0,0,0,7862,7862,24960280
3383652680291884513,service_role,postgres,"WITH pgrst_source AS (UPDATE ""public"".""style_groups"" SET ""folder_path"" = ""pgrst_body"".""folder_path"", ""licensor_code"" = ""pgrst_body"".""licensor_code"", ""licensor_id"" = ""pgrst_body"".""licensor_id"", ""licensor_name"" = ""pgrst_body"".""licensor_name"", ""property_code"" = ""pgrst_body"".""property_code"", ""property_id"" = ""pgrst_body"".""property_id"", ""property_name"" = ""pgrst_body"".""property_name"" FROM (SELECT $1 AS json_data) pgrst_payload, LATERAL (SELECT ""folder_path"", ""licensor_code"", ""licensor_id"", ""licensor_name"", ""property_code"", ""property_id"", ""property_name"" FROM json_to_record(pgrst_payload.json_data) AS _(""folder_path"" text, ""licensor_code"" text, ""licensor_id"" uuid, ""licensor_name"" text, ""property_code"" text, ""property_id"" uuid, ""property_name"" text) ) pgrst_body  WHERE  ""public"".""style_groups"".""id"" = $2 RETURNING ""public"".""style_groups"".""id"") SELECT $3 AS total_result_set, pg_catalog.count(_postgrest_t) AS page_total, array[]::text[] AS header, coalesce(json_agg(_postgrest_t)->$4, $5) AS body, nullif(current_setting($6, $7), $8) AS response_headers, nullif(current_setting($9, $10), $11) AS response_status, $12 AS response_inserted FROM (SELECT ""style_groups"".""id"" FROM ""pgrst_source"" AS ""style_groups""   ) _postgrest_t",1785,1785,38618.092604,21.634785772549,3008.676671,132.642043724307,0,450731,38317,24902,397,0,0,0,0,63517,23727,69952736
-4262595463668731424,service_role,postgres,"WITH pgrst_source AS (UPDATE ""public"".""style_groups"" SET ""licensor_code"" = ""pgrst_body"".""licensor_code"", ""licensor_name"" = ""pgrst_body"".""licensor_name"", ""property_code"" = ""pgrst_body"".""property_code"", ""property_name"" = ""pgrst_body"".""property_name"" FROM (SELECT $1 AS json_data) pgrst_payload, LATERAL (SELECT ""licensor_code"", ""licensor_name"", ""property_code"", ""property_name"" FROM json_to_record(pgrst_payload.json_data) AS _(""licensor_code"" text, ""licensor_name"" text, ""property_code"" text, ""property_name"" text) ) pgrst_body  WHERE  ""public"".""style_groups"".""id"" = $2 RETURNING ""public"".""style_groups"".""id"") SELECT $3 AS total_result_set, pg_catalog.count(_postgrest_t) AS page_total, array[]::text[] AS header, coalesce(json_agg(_postgrest_t)->$4, $5) AS body, nullif(current_setting($6, $7), $8) AS response_headers, nullif(current_setting($9, $10), $11) AS response_status, $12 AS response_inserted FROM (SELECT ""style_groups"".""id"" FROM ""pgrst_source"" AS ""style_groups""   ) _postgrest_t",1680,1680,36936.2433559999,21.9858591404762,3189.199865,167.204000495162,0,439917,30919,24949,790,0,0,0,0,82042,32151,87571741
3919962346937101634,authenticated,postgres,"WITH pgrst_source AS ( SELECT ""public"".""admin_config"".""key"", ""public"".""admin_config"".""value"" FROM ""public"".""admin_config"" WHERE  ""public"".""admin_config"".""key"" = ANY ($1)    LIMIT $2 OFFSET $3 )  SELECT $4::bigint AS total_result_set, pg_catalog.count(_postgrest_t) AS page_total, coalesce(json_agg(_postgrest_t), $5) AS body, nullif(current_setting($6, $7), $8) AS response_headers, nullif(current_setting($9, $10), $11) AS response_status, $12 AS response_inserted FROM ( SELECT * FROM pgrst_source ) _postgrest_t",340116,340116,36703.9749629999,0.107916049121475,7.040071,0.0720677049342732,0,1356432,0,8,0,0,0,0,0,1100,9,81349
8644235645905024401,postgres,postgres,"select count(distinct style_group_id) filter(where document_type=$2 and style_group_id is not null)::int direct_groups,count(distinct style_group_id) filter(where document_type=$3 and style_group_id is not null)::int member_groups,count(*) filter(where document_type=$4)::int asset_documents from public.dam_search_documents where search_tsv@@websearch_to_tsquery($5,$1)",30,30,36652.620223,1221.75400743333,7581.368137,2355.47283728808,0,265755,146943,15504,16540,0,0,0,0,26522,16439,58970506
2569813170303710273,supabase_read_only_user,postgres,"explain (analyze, buffers, timing)
with md as materialized (select (value #>> $1)::timestamptz d from public.admin_config where key=$2),
pgrst_source as (
  select a.* from public.assets a, md
  where a.is_deleted = $3
    and (a.modified_at >= md.d or a.file_created_at >= md.d or a.thumbnail_url is not null)
)
select (select count(*) from pgrst_source) as total_result_set,
       count(t) as page_total
from (select * from pgrst_source limit $4 offset $5) t

-- source: POST /v1/projects/:ref/database/query
-- user: pat:8463633
-- date: 2026-09-02T04:39:53.899Z",2,0,36439.534517,18219.7672585,22361.772892,4142.0056335,0,50819,105443,0,8392,0,0,0,39396,20,0,1242
-1650097512054850409,authenticated,postgres,"WITH pgrst_source AS (SELECT pgrst_call.pgrst_scalar FROM (SELECT $1 AS json_data) pgrst_payload, LATERAL (SELECT ""p_search"", ""p_cursor"", ""p_page_size"" FROM json_to_record(pgrst_payload.json_data) AS _(""p_search"" text, ""p_cursor"" text, ""p_page_size"" integer) LIMIT $4) pgrst_body , LATERAL (SELECT ""api"".""db_data_admin_scraped_properties""(""p_search"" := pgrst_body.""p_search"", ""p_cursor"" := pgrst_body.""p_cursor"", ""p_page_size"" := pgrst_body.""p_page_size"") pgrst_scalar) pgrst_call) SELECT $5::bigint AS total_result_set, $6 AS page_total, coalesce(json_agg(_postgrest_t.pgrst_scalar)->$7, $8) AS body, nullif(current_setting($9, $10), $11) AS response_headers, nullif(current_setting($12, $13), $14) AS response_status, $15 AS response_inserted FROM (SELECT ""db_data_admin_scraped_properties"".* FROM ""pgrst_source"" AS ""db_data_admin_scraped_properties""   LIMIT $2 OFFSET $3) _postgrest_t",24,24,34391.522278,1432.98009491667,5382.836033,1689.67717068798,0,722687,125339,40,6122,0,0,51744,68224,78,40,157426
4820812211567023008,authenticated,postgres,"WITH pgrst_source AS ( SELECT ""core"".""property"".""id"", ""core"".""property"".""name"", row_to_json(""property_licensor_1"".*)::jsonb AS ""licensor"" FROM ""core"".""property"" LEFT JOIN LATERAL ( SELECT ""licensor_1"".""name"" FROM ""core"".""licensor"" AS ""licensor_1"" WHERE ""licensor_1"".""id"" = ""core"".""property"".""licensor_id""   LIMIT $1 OFFSET $2 ) AS ""property_licensor_1"" ON $6 WHERE  ""core"".""property"".""status"" = $3  ORDER BY ""core"".""property"".""name"" ASC  LIMIT $4 OFFSET $5 )  SELECT $7::bigint AS total_result_set, pg_catalog.count(_postgrest_t) AS page_total, coalesce(json_agg(_postgrest_t), $8) AS body, nullif(current_setting($9, $10), $11) AS response_headers, nullif(current_setting($12, $13), $14) AS response_status, $15 AS response_inserted FROM ( SELECT * FROM pgrst_source ) _postgrest_t",29,29,32421.297675,1117.97578189655,1915.202967,416.288561837905,0,150197,347,0,0,0,0,0,0,0,0,0
-5315361379071864077,supabase_read_only_user,postgres,"explain (analyze,buffers,format json,timing true,summary true) with opa_scope_latest as materialized (
    select distinct on (
      m.licensed_property_id, m.region_code, m.branch_code,
      m.line_of_business_id, m.product_type_code, m.template_id, m.workflow_id
    )
      m.licensed_property_id, m.branch_code
    from plm.opa_property_scope_membership m
    where m.approval_status = $1
    order by m.licensed_property_id, m.region_code, m.branch_code,
      m.line_of_business_id, m.product_type_code, m.template_id, m.workflow_id,
      m.source_captured_at desc, m.created_at desc, m.membership_id desc
  ), opa_scope_summary as materialized (
    select licensed_property_id,
      count(distinct branch_code) as scope_count,
      min(branch_code) as studio_code
    from opa_scope_latest
    group by licensed_property_id
  ), opa_studio_summary as materialized (
    select r.licensed_property_id,
      case
        when count(*) filter (where r.resolution_status = $2) > $3
          or count(distinct r.studio_code) filter (where r.resolution_status = $4) > $5
          then $6
        when count(*) filter (where r.resolution_status = $7) = $8 then $9
        else $10
      end as resolution_status,
      case
        when count(*) filter (where r.resolution_status = $11) = $12
          and count(*) filter (where r.resolution_status = $13) = $14
          then min(r.studio_code) filter (where r.resolution_status = $15)
      end as studio_code
    from plm.opa_property_studio_resolution r
    group by r.licensed_property_id
  ), dcp_current_resolution as materialized (
    select distinct on (r.source_system, r.source_table, r.source_property_id)
      r.resolution_id, r.source_system, r.source_table, r.source_property_id,
      r.contract_asserted_studio_code
    from plm.dcp_opa_property_resolution r
    where r.approval_status = $16
      and not exists (
        select $17 from plm.dcp_opa_property_resolution newer
        where newer.supersedes_resolution_i",3,0,32101.1695,10700.3898333333,11271.191496,420.184356018411,0,5575911,0,0,0,0,0,94953,140721,0,0,0
3011369578049282355,authenticated,postgres,"WITH pgrst_source AS (SELECT pgrst_call.pgrst_scalar FROM (SELECT $1 AS json_data) pgrst_payload, LATERAL (SELECT ""p_filters"" FROM json_to_record(pgrst_payload.json_data) AS _(""p_filters"" jsonb) LIMIT $4) pgrst_body , LATERAL (SELECT ""public"".""get_effective_filter_counts""(""p_filters"" := pgrst_body.""p_filters"") pgrst_scalar) pgrst_call) SELECT $5::bigint AS total_result_set, $6 AS page_total, coalesce(json_agg(_postgrest_t.pgrst_scalar)->$7, $8) AS body, nullif(current_setting($9, $10), $11) AS response_headers, nullif(current_setting($12, $13), $14) AS response_status, $15 AS response_inserted FROM (SELECT ""get_effective_filter_counts"".* FROM ""pgrst_source"" AS ""get_effective_filter_counts""   LIMIT $2 OFFSET $3) _postgrest_t",8,8,31808.816094,3976.10201175,6159.810074,1640.04529690545,0,2223655,53534,32,0,0,0,27640,4837,49,31,42301
4879607054075475111,service_role,postgres,"WITH pgrst_source AS ( SELECT ""public"".""assets"".* FROM ""public"".""assets"" WHERE  ""public"".""assets"".""is_deleted"" = $1 AND NOT ""public"".""assets"".""thumbnail_url"" IS NULL   LIMIT $2 OFFSET $3 ) , pgrst_source_count AS (SELECT $5  FROM ""public"".""assets"" WHERE  ""public"".""assets"".""is_deleted"" = $4 AND NOT ""public"".""assets"".""thumbnail_url"" IS NULL) SELECT (SELECT pg_catalog.count(*) FROM pgrst_source_count) AS total_result_set, pg_catalog.count(_postgrest_t) AS page_total, $6::text AS body, nullif(current_setting($7, $8), $9) AS response_headers, nullif(current_setting($10, $11), $12) AS response_status, $13 AS response_inserted FROM ( SELECT * FROM pgrst_source ) _postgrest_t",5,5,31653.761224,6330.7522448,7691.614916,822.868146355065,0,37330,132806,1423,9321,0,0,0,0,1430,1414,2441225
2223390689624364362,service_role,postgres,"WITH pgrst_source AS (UPDATE ""public"".""style_groups"" SET ""division_code"" = ""pgrst_body"".""division_code"", ""division_name"" = ""pgrst_body"".""division_name"", ""folder_path"" = ""pgrst_body"".""folder_path"", ""mg01_code"" = ""pgrst_body"".""mg01_code"", ""mg01_name"" = ""pgrst_body"".""mg01_name"", ""mg02_code"" = ""pgrst_body"".""mg02_code"", ""mg02_name"" = ""pgrst_body"".""mg02_name"", ""mg03_code"" = ""pgrst_body"".""mg03_code"", ""mg03_name"" = ""pgrst_body"".""mg03_name"", ""size_code"" = ""pgrst_body"".""size_code"", ""size_name"" = ""pgrst_body"".""size_name"" FROM (SELECT $1 AS json_data) pgrst_payload, LATERAL (SELECT ""division_code"", ""division_name"", ""folder_path"", ""mg01_code"", ""mg01_name"", ""mg02_code"", ""mg02_name"", ""mg03_code"", ""mg03_name"", ""size_code"", ""size_name"" FROM json_to_record(pgrst_payload.json_data) AS _(""division_code"" text, ""division_name"" text, ""folder_path"" text, ""mg01_code"" text, ""mg01_name"" text, ""mg02_code"" text, ""mg02_name"" text, ""mg03_code"" text, ""mg03_name"" text, ""size_code"" text, ""size_name"" text) ) pgrst_body  WHERE  ""public"".""style_groups"".""id"" = $2 RETURNING ""public"".""style_groups"".""id"") SELECT $3 AS total_result_set, pg_catalog.count(_postgrest_t) AS page_total, array[]::text[] AS header, coalesce(json_agg(_postgrest_t)->$4, $5) AS body, nullif(current_setting($6, $7), $8) AS response_headers, nullif(current_setting($9, $10), $11) AS response_status, $12 AS response_inserted FROM (SELECT ""style_groups"".""id"" FROM ""pgrst_source"" AS ""style_groups""   ) _postgrest_t",2030,2030,31071.670523,15.3062416369458,3205.351982,103.263869568341,0,399325,28517,16908,157,0,0,0,0,61880,15248,52007481
1525695472047001449,service_role,postgres,"WITH pgrst_source AS (SELECT ""pgrst_call"".* FROM (SELECT $1 AS json_data) pgrst_payload, LATERAL (SELECT ""p_agent_id"", ""p_batch_size"" FROM json_to_record(pgrst_payload.json_data) AS _(""p_agent_id"" text, ""p_batch_size"" integer) LIMIT $4) pgrst_body , LATERAL ""public"".""claim_tiff_jobs""(""p_agent_id"" := pgrst_body.""p_agent_id"", ""p_batch_size"" := pgrst_body.""p_batch_size"") pgrst_call) SELECT $5::bigint AS total_result_set, pg_catalog.count(_postgrest_t) AS page_total, coalesce(json_agg(_postgrest_t), $6) AS body, nullif(current_setting($7, $8), $9) AS response_headers, nullif(current_setting($10, $11), $12) AS response_status, $13 AS response_inserted FROM (SELECT ""record"".* FROM ""pgrst_source"" AS ""record""   LIMIT $2 OFFSET $3) _postgrest_t",109683,109683,30149.5937130002,0.274879367933045,69.738911,0.546758866897731,0,867938,1030,0,116,0,0,0,0,0,0,0
18160969453415090,service_role,postgres,"WITH pgrst_source AS ( SELECT ""public"".""assets"".* FROM ""public"".""assets"" WHERE  ""public"".""assets"".""is_deleted"" = $1 AND NOT ""public"".""assets"".""thumbnail_url"" IS NULL AND  ""public"".""assets"".""style_group_id"" IS NULL AND  ""public"".""assets"".""status"" <> $2 AND NOT ""public"".""assets"".""primary_sort_tier"" = ANY ($3)    LIMIT $4 OFFSET $5 ) , pgrst_source_count AS (SELECT $9  FROM ""public"".""assets"" WHERE  ""public"".""assets"".""is_deleted"" = $6 AND NOT ""public"".""assets"".""thumbnail_url"" IS NULL AND  ""public"".""assets"".""style_group_id"" IS NULL AND  ""public"".""assets"".""status"" <> $7 AND NOT ""public"".""assets"".""primary_sort_tier"" = ANY ($8) ) SELECT (SELECT pg_catalog.count(*) FROM pgrst_source_count) AS total_result_set, pg_catalog.count(_postgrest_t) AS page_total, $10::text AS body, nullif(current_setting($11, $12), $13) AS response_headers, nullif(current_setting($14, $15), $16) AS response_status, $17 AS response_inserted FROM ( SELECT * FROM pgrst_source ) _postgrest_t",5,5,29543.263823,5908.6527646,7715.343337,1320.83968093821,0,174770,57924,1277,357,0,0,0,0,1289,1269,1804396
-8485032346387823306,service_role,postgres,"insert into plm.wwe_asset_tag (capture_id,asset_source_id,tag_source_key,tag_value,tag_source,raw) values ($1,$2,$3,$4,$5,$6),($7,$8,$9,$10,$11,$12),($13,$14,$15,$16,$17,$18),($19,$20,$21,$22,$23,$24),($25,$26,$27,$28,$29,$30),($31,$32,$33,$34,$35,$36),($37,$38,$39,$40,$41,$42),($43,$44,$45,$46,$47,$48),($49,$50,$51,$52,$53,$54),($55,$56,$57,$58,$59,$60),($61,$62,$63,$64,$65,$66),($67,$68,$69,$70,$71,$72),($73,$74,$75,$76,$77,$78),($79,$80,$81,$82,$83,$84),($85,$86,$87,$88,$89,$90),($91,$92,$93,$94,$95,$96),($97,$98,$99,$100,$101,$102),($103,$104,$105,$106,$107,$108),($109,$110,$111,$112,$113,$114),($115,$116,$117,$118,$119,$120),($121,$122,$123,$124,$125,$126),($127,$128,$129,$130,$131,$132),($133,$134,$135,$136,$137,$138),($139,$140,$141,$142,$143,$144),($145,$146,$147,$148,$149,$150),($151,$152,$153,$154,$155,$156),($157,$158,$159,$160,$161,$162),($163,$164,$165,$166,$167,$168),($169,$170,$171,$172,$173,$174),($175,$176,$177,$178,$179,$180),($181,$182,$183,$184,$185,$186),($187,$188,$189,$190,$191,$192),($193,$194,$195,$196,$197,$198),($199,$200,$201,$202,$203,$204),($205,$206,$207,$208,$209,$210),($211,$212,$213,$214,$215,$216),($217,$218,$219,$220,$221,$222),($223,$224,$225,$226,$227,$228),($229,$230,$231,$232,$233,$234),($235,$236,$237,$238,$239,$240),($241,$242,$243,$244,$245,$246),($247,$248,$249,$250,$251,$252),($253,$254,$255,$256,$257,$258),($259,$260,$261,$262,$263,$264),($265,$266,$267,$268,$269,$270),($271,$272,$273,$274,$275,$276),($277,$278,$279,$280,$281,$282),($283,$284,$285,$286,$287,$288),($289,$290,$291,$292,$293,$294),($295,$296,$297,$298,$299,$300),($301,$302,$303,$304,$305,$306),($307,$308,$309,$310,$311,$312),($313,$314,$315,$316,$317,$318),($319,$320,$321,$322,$323,$324),($325,$326,$327,$328,$329,$330),($331,$332,$333,$334,$335,$336),($337,$338,$339,$340,$341,$342),($343,$344,$345,$346,$347,$348),($349,$350,$351,$352,$353,$354),($355,$356,$357,$358,$359,$360),($361,$362,$363,$364,$365,$366),($367,$368,$369,$370,$371,$372),($373,$374,$375,$3",801,200250,29328.837412,36.6152776679151,126.346205,14.9193091310093,0,4165863,2,9327,9327,0,0,0,0,821628,2,129135851
3944222756913680138,service_role,postgres,"WITH pgrst_source AS (SELECT pgrst_call.pgrst_scalar FROM (SELECT $1 AS json_data) pgrst_payload, LATERAL (SELECT ""p_file_ids"" FROM json_to_record(pgrst_payload.json_data) AS _(""p_file_ids"" uuid[]) LIMIT $4) pgrst_body , LATERAL (SELECT ""public"".""queue_sg_render_jobs_by_ids""(""p_file_ids"" := pgrst_body.""p_file_ids"") pgrst_scalar) pgrst_call) SELECT $5::bigint AS total_result_set, $6 AS page_total, coalesce(json_agg(_postgrest_t.pgrst_scalar)->$7, $8) AS body, nullif(current_setting($9, $10), $11) AS response_headers, nullif(current_setting($12, $13), $14) AS response_status, $15 AS response_inserted FROM (SELECT ""queue_sg_render_jobs_by_ids"".* FROM ""pgrst_source"" AS ""queue_sg_render_jobs_by_ids""   LIMIT $2 OFFSET $3) _postgrest_t",3073,3073,29231.464846,9.51235432671654,428.531413,13.0244214857853,0,8157736,1207,4312,91,0,0,0,0,972065,3562,64629985
2415360602114516748,service_role,postgres,"WITH pgrst_source AS (UPDATE ""public"".""style_groups"" SET ""licensor_code"" = ""pgrst_body"".""licensor_code"", ""licensor_id"" = ""pgrst_body"".""licensor_id"", ""licensor_name"" = ""pgrst_body"".""licensor_name"", ""property_code"" = ""pgrst_body"".""property_code"", ""property_name"" = ""pgrst_body"".""property_name"" FROM (SELECT $1 AS json_data) pgrst_payload, LATERAL (SELECT ""licensor_code"", ""licensor_id"", ""licensor_name"", ""property_code"", ""property_name"" FROM json_to_record(pgrst_payload.json_data) AS _(""licensor_code"" text, ""licensor_id"" uuid, ""licensor_name"" text, ""property_code"" text, ""property_name"" text) ) pgrst_body  WHERE  ""public"".""style_groups"".""id"" = $2 RETURNING ""public"".""style_groups"".""id"") SELECT $3 AS total_result_set, pg_catalog.count(_postgrest_t) AS page_total, array[]::text[] AS header, coalesce(json_agg(_postgrest_t)->$4, $5) AS body, nullif(current_setting($6, $7), $8) AS response_headers, nullif(current_setting($9, $10), $11) AS response_status, $12 AS response_inserted FROM (SELECT ""style_groups"".""id"" FROM ""pgrst_source"" AS ""style_groups""   ) _postgrest_t",937,937,28735.038749,30.6670637662754,2910.47423,217.566157832096,0,180645,14475,11320,71,0,0,0,0,30135,10419,32033739
-1846952656692994224,service_role,postgres,"WITH pgrst_source AS ( SELECT ""public"".""agent_registrations"".""metadata"" FROM ""public"".""agent_registrations"" WHERE  ""public"".""agent_registrations"".""id"" = $1   LIMIT $2 OFFSET $3 )  SELECT $4::bigint AS total_result_set, pg_catalog.count(_postgrest_t) AS page_total, coalesce(json_agg(_postgrest_t)->$5, $6) AS body, nullif(current_setting($7, $8), $9) AS response_headers, nullif(current_setting($10, $11), $12) AS response_status, $13 AS response_inserted FROM ( SELECT * FROM pgrst_source ) _postgrest_t",38741,38741,27978.062762,0.722182255543225,15.671152,0.489054408408096,0,244524,47,15,10,0,0,0,0,114,14,63960
955222958547401152,supabase_read_only_user,postgres,"with corpus as (
  select
    count(*) filter (where document_type=$1) as asset_documents,
    count(*) filter (where document_type=$2) as style_group_documents,
    count(*) filter (where embedding is not null) as embedded_documents,
    count(distinct style_group_id) filter (where document_type=$3 and style_group_id is not null) as groups_with_member_asset_documents
  from public.dam_search_documents
), library as (
  select
    count(*) filter (where is_deleted is false) as non_deleted_assets,
    count(*) filter (where is_deleted is false and style_group_id is not null) as non_deleted_grouped_assets,
    count(distinct style_group_id) filter (where is_deleted is false and style_group_id is not null) as represented_style_groups
  from public.assets
)
select * from corpus cross join library",1,1,27510.049187,27510.049187,27510.049187,0,0,107921,60230,224,9255,0,0,499,500,224,224,522668
-4471648368696359837,service_role,postgres,"WITH pgrst_source AS ( SELECT ""public"".""assets"".""id"" FROM ""public"".""assets"" WHERE  ""public"".""assets"".""licensor_id"" = $1 AND  ""public"".""assets"".""is_deleted"" = $2   LIMIT $3 OFFSET $4 ) , pgrst_source_count AS (SELECT $7  FROM ""public"".""assets"" WHERE  ""public"".""assets"".""licensor_id"" = $5 AND  ""public"".""assets"".""is_deleted"" = $6) SELECT (SELECT pg_catalog.count(*) FROM pgrst_source_count) AS total_result_set, pg_catalog.count(_postgrest_t) AS page_total, $8::text AS body, nullif(current_setting($9, $10), $11) AS response_headers, nullif(current_setting($12, $13), $14) AS response_status, $15 AS response_inserted FROM ( SELECT * FROM pgrst_source ) _postgrest_t",108,108,27117.805414,251.09079087037,4093.31253,716.05384019233,0,43171,68901,7,4542,0,0,0,0,11,7,23840
3363752313125169092,service_role,postgres,"WITH pgrst_source AS ( SELECT ""core"".""customer"".""id"", ""core"".""customer"".""name"", ""core"".""customer"".""domain"", ""core"".""customer"".""routing_aliases"", ""core"".""customer"".""customer_status"" FROM ""core"".""customer"" WHERE  ( ""core"".""customer"".""domain"" ilike $1 OR  ""core"".""customer"".""routing_aliases"" ilike $2 OR  ""core"".""customer"".""domain"" ilike $3 OR  ""core"".""customer"".""routing_aliases"" ilike $4) AND  ""core"".""customer"".""customer_status"" = ANY ($5)    LIMIT $6 OFFSET $7 )  SELECT $8::bigint AS total_result_set, pg_catalog.count(_postgrest_t) AS page_total, coalesce(json_agg(_postgrest_t), $9) AS body, nullif(current_setting($10, $11), $12) AS response_headers, nullif(current_setting($13, $14), $15) AS response_status, $16 AS response_inserted FROM ( SELECT * FROM pgrst_source ) _postgrest_t",27149,27149,26714.5455169999,0.983997403845446,11.5467,0.316482684479964,0,2350599,0,0,0,0,0,0,0,0,0,0
7580091574729113632,supabase_read_only_user,postgres,"with sk as (select distinct nullif(regexp_replace(regexp_replace(lower(coalesce(n,$1)),$2,$3),$4,$5,$6),$7) k from (
  select label n from plm.wb_character_normalized
  union all select character_name from plm.opa_property_character) s)
select l.code lic, count(*) core_only_props, count(*) filter (where exists (select $8 from sk where sk.k=nullif(regexp_replace(regexp_replace(lower(p.name),$9,$10),$11,$12,$13),$14))) matched_as_character
from core.property p join core.licensor l on l.id=p.licensor_id
where l.code in ($15,$16,$17,$18,$19,$20) group by 1 order by 2 desc

-- source: POST /v1/projects/:ref/database/query
-- user: pat:8463633
-- date: 2026-09-03T19:32:11.981Z",1,6,26531.763773,26531.763773,26531.763773,0,0,91059,630,0,0,0,0,0,0,0,0,0
-3451308922301326685,authenticated,postgres,"WITH pgrst_source AS (SELECT ""pgrst_call"".""id"" FROM (SELECT $1 AS json_data) pgrst_payload, LATERAL (SELECT ""p_filters"" FROM json_to_record(pgrst_payload.json_data) AS _(""p_filters"" jsonb) LIMIT $4) pgrst_body , LATERAL ""public"".""filter_effective_assets""(""p_filters"" := pgrst_body.""p_filters"") pgrst_call) SELECT $5::bigint AS total_result_set, pg_catalog.count(_postgrest_t) AS page_total, coalesce(json_agg(_postgrest_t), $6) AS body, nullif(current_setting($7, $8), $9) AS response_headers, nullif(current_setting($10, $11), $12) AS response_status, $13 AS response_inserted FROM (SELECT ""assets"".""id"" FROM ""pgrst_source"" AS ""assets""   LIMIT $2 OFFSET $3) _postgrest_t",19,19,25860.186381,1361.06244110526,7626.72163,2513.843072077,0,2366641,6501,0,0,0,0,0,0,5,0,304
2333296168106959760,service_role,postgres,"WITH pgrst_source AS ( SELECT ""core"".""contact_company"".""crm_department_id"", ""core"".""contact_company"".""scope"" FROM ""core"".""contact_company"" WHERE  ""core"".""contact_company"".""company_id"" = $1 AND  ""core"".""contact_company"".""scope"" = $2 AND  ""core"".""contact_company"".""contact_id"" = ANY ($3)  AND NOT ""core"".""contact_company"".""crm_department_id"" IS NULL   LIMIT $4 OFFSET $5 )  SELECT $6::bigint AS total_result_set, pg_catalog.count(_postgrest_t) AS page_total, coalesce(json_agg(_postgrest_t), $7) AS body, nullif(current_setting($8, $9), $10) AS response_headers, nullif(current_setting($11, $12), $13) AS response_status, $14 AS response_inserted FROM ( SELECT * FROM pgrst_source ) _postgrest_t",244212,244212,24291.0812129998,0.0994671892167465,83.855293,0.338136910521356,0,1905022,5150,3,72,0,0,0,0,3,3,10943
8763828679376256460,authenticated,postgres,"WITH pgrst_source AS (SELECT ""pgrst_call"".* FROM (SELECT $1 AS json_data) pgrst_payload, LATERAL (SELECT ""p_filters"" FROM json_to_record(pgrst_payload.json_data) AS _(""p_filters"" jsonb) LIMIT $4) pgrst_body , LATERAL ""public"".""filter_effective_assets""(""p_filters"" := pgrst_body.""p_filters"") pgrst_call) SELECT $5::bigint AS total_result_set, pg_catalog.count(_postgrest_t) AS page_total, coalesce(json_agg(_postgrest_t), $6) AS body, nullif(current_setting($7, $8), $9) AS response_headers, nullif(current_setting($10, $11), $12) AS response_status, $13 AS response_inserted FROM (SELECT ""assets"".* FROM ""pgrst_source"" AS ""assets""   LIMIT $2 OFFSET $3) _postgrest_t",9,9,23949.171555,2661.01906166667,7817.539729,3135.42146447173,0,2146005,50,0,0,0,0,0,0,2,0,122
-2225664627238730135,supabase_read_only_user,postgres,"select count(*) filter (where style_group_id is null) as sg_null,
 count(*) filter (where style_group_id is not null) as sg_set,
 count(distinct licensor_id) as licensors, count(distinct property_id) as properties,
 count(distinct customer_id) as customers,
 count(*) filter (where thumbnail_url is not null) as with_thumb
from public.assets where is_deleted=$1

-- source: POST /v1/projects/:ref/database/query
-- user: pat:8463633
-- date: 2026-09-03T00:31:36.616Z",1,1,23853.537713,23853.537713,23853.537713,0,0,6720,70318,5,7371,0,0,2027,2031,9,6,21426
-317686680840032550,supabase_read_only_user,postgres,"with tags(t) as (values ($1),($2),($3),($4)),
old as (
  select tg.t, count(*) n, md5(string_agg(a.id::text, $5 order by a.id::text)) sig
  from tags tg join public.assets a on $6
  where a.is_deleted = $7
    and exists (select $8 from public.asset_effective_tags e where e.asset_id = a.id and e.tag = tg.t)
  group by tg.t),
new as (
  select tg.t, count(*) n, md5(string_agg(a.id::text, $9 order by a.id::text)) sig
  from tags tg
  join lateral (select distinct e.asset_id from public.asset_effective_tags e where e.tag = tg.t) x on $10
  join public.assets a on a.id = x.asset_id
  where a.is_deleted = $11
  group by tg.t)
select coalesce(o.t,n.t) tag, o.n old_n, n.n new_n, (o.sig is not distinct from n.sig) identical
from old o full join new n on n.t = o.t order by 1

-- source: POST /v1/projects/:ref/database/query
-- user: pat:8463633
-- date: 2026-09-03T19:37:29.741Z",1,4,23819.105231,23819.105231,23819.105231,0,0,323746,45214,0,0,0,0,18173,18201,0,0,0
9159426826111909496,postgres,postgres,select public.refresh_sku_human_description(),7,7,23795.300318,3399.32861685714,7298.666303,3099.10511165055,0,1767540,47326,16356,2821,0,0,0,0,847007,9068,196081797
-9069413989212911722,service_role,postgres,"WITH pgrst_source AS (SELECT ""pgrst_call"".* FROM (SELECT $1 AS json_data) pgrst_payload, LATERAL (SELECT ""p_limit"", ""p_worker_id"", ""p_lease_seconds"" FROM json_to_record(pgrst_payload.json_data) AS _(""p_limit"" integer, ""p_worker_id"" text, ""p_lease_seconds"" integer) LIMIT $4) pgrst_body , LATERAL ""public"".""claim_dam_search_embedding_documents""(""p_limit"" := pgrst_body.""p_limit"", ""p_worker_id"" := pgrst_body.""p_worker_id"", ""p_lease_seconds"" := pgrst_body.""p_lease_seconds"") pgrst_call) SELECT $5::bigint AS total_result_set, pg_catalog.count(_postgrest_t) AS page_total, coalesce(json_agg(_postgrest_t), $6) AS body, nullif(current_setting($7, $8), $9) AS response_headers, nullif(current_setting($10, $11), $12) AS response_status, $13 AS response_inserted FROM (SELECT ""record"".* FROM ""pgrst_source"" AS ""record""   LIMIT $2 OFFSET $3) _postgrest_t",4336,4336,23308.503283,5.37557732541511,3187.948526,54.0745840053313,0,727347,22671,35526,25,0,0,0,0,113822,37048,156439253
-8257768177232028250,supabase_read_only_user,postgres,"explain (analyze,buffers,format json,timing true,summary true) with opa_scope_latest as materialized (
    select distinct on (
      m.licensed_property_id, m.region_code, m.branch_code,
      m.line_of_business_id, m.product_type_code, m.template_id, m.workflow_id
    )
      m.licensed_property_id, m.branch_code
    from plm.opa_property_scope_membership m
    where m.approval_status = $1
    order by m.licensed_property_id, m.region_code, m.branch_code,
      m.line_of_business_id, m.product_type_code, m.template_id, m.workflow_id,
      m.source_captured_at desc, m.created_at desc, m.membership_id desc
  ), opa_scope_summary as materialized (
    select licensed_property_id,
      count(distinct branch_code) as scope_count,
      min(branch_code) as studio_code
    from opa_scope_latest
    group by licensed_property_id
  ), opa_studio_summary as materialized (
    select r.licensed_property_id,
      case
        when count(*) filter (where r.resolution_status = $2) > $3
          or count(distinct r.studio_code) filter (where r.resolution_status = $4) > $5
          then $6
        when count(*) filter (where r.resolution_status = $7) = $8 then $9
        else $10
      end as resolution_status,
      case
        when count(*) filter (where r.resolution_status = $11) = $12
          and count(*) filter (where r.resolution_status = $13) = $14
          then min(r.studio_code) filter (where r.resolution_status = $15)
      end as studio_code
    from plm.opa_property_studio_resolution r
    group by r.licensed_property_id
  ), dcp_current_resolution as materialized (
    select distinct on (r.source_system, r.source_table, r.source_property_id)
      r.resolution_id, r.source_system, r.source_table, r.source_property_id,
      r.contract_asserted_studio_code
    from plm.dcp_opa_property_resolution r
    where r.approval_status = $16
      and not exists (
        select $17 from plm.dcp_opa_property_resolution newer
        where newer.supersedes_resolution_i",2,0,22268.163001,11134.0815005,11266.319481,132.2379805,0,7079512,0,0,0,0,0,89554,68952,0,0,0
8004848837379563104,supabase_read_only_user,postgres,"explain (analyze, buffers)
with b as materialized (select (value #>> $1)::timestamptz d from public.admin_config where key=$2),
identity_asset_ids as (select a.id from public.assets a),
matched as materialized (
  select a.file_type, a.status, a.workflow_status, a.stage, a.is_licensed
  from identity_asset_ids i join public.assets a on a.id = i.id cross join b
  where a.is_deleted = $3
    and (a.modified_at >= b.d or a.file_created_at >= b.d or a.thumbnail_url is not null)
)
select count(*) from matched

-- source: POST /v1/projects/:ref/database/query
-- user: pat:8463633
-- date: 2026-09-02T04:43:44.781Z",1,0,21669.341313,21669.341313,21669.341313,0,0,159364,64026,210,382,0,0,0,691,218,210,547894
5299301975933694258,authenticator,postgres,"WITH
-- Recursively get the base types of domains
base_types AS (
  WITH RECURSIVE
  recurse AS (
    SELECT
      oid,
      typbasetype,
      typnamespace AS base_namespace,
      COALESCE(NULLIF(typbasetype, $3), oid) AS base_type
    FROM pg_type
    UNION
    SELECT
      t.oid,
      b.typbasetype,
      b.typnamespace AS base_namespace,
      COALESCE(NULLIF(b.typbasetype, $4), b.oid) AS base_type
    FROM recurse t
    JOIN pg_type b ON t.typbasetype = b.oid
  )
  SELECT
    oid,
    base_namespace,
    base_type
  FROM recurse
  WHERE typbasetype = $5
),
arguments AS (
  SELECT
    oid,
    array_agg((
      COALESCE(name, $6), -- name
      type::regtype::text, -- type
      CASE type
        WHEN $7::regtype THEN $8
        WHEN $9::regtype THEN $10
        WHEN $11::regtype THEN $12
        WHEN $13::regtype THEN $14
        ELSE type::regtype::text
      END, -- convert types that ignore the length and accept any value till maximum size
      idx <= (pronargs - pronargdefaults), -- is_required
      COALESCE(mode = $15, $16) -- is_variadic
    ) ORDER BY idx) AS args,
    CASE COUNT(*) - COUNT(name) -- number of unnamed arguments
      WHEN $17 THEN $18
      WHEN $19 THEN (array_agg(type))[$20] IN ($21::regtype, $22::regtype, $23::regtype, $24::regtype, $25::regtype)
      ELSE $26
    END AS callable
  FROM pg_proc,
       unnest(proargnames, proargtypes, proargmodes)
         WITH ORDINALITY AS _ (name, type, mode, idx)
  WHERE type IS NOT NULL -- only input arguments
  GROUP BY oid
)
SELECT
  pn.nspname AS proc_schema,
  p.proname AS proc_name,
  d.description AS proc_description,
  COALESCE(a.args, $27) AS args,
  tn.nspname AS schema,
  COALESCE(comp.relname, t.typname) AS name,
  p.proretset AS rettype_is_setof,
  (t.typtype = $28
   -- if any TABLE, INOUT or OUT arguments present, treat as composite
   or COALESCE(proargmodes::text[] && $29, $30)
  ) AS rettype_is_composite,
  bt.oid <> bt.base_type as rettype_is_composite_alias,
  p.provolatil",175,41291,20989.655497,119.940888554286,498.356934,70.4752028460542,0,385171,17144,32,584,0,0,0,0,44,32,70346
-3762435617636642357,authenticated,postgres,select count(*)::int n from public.get_effective_filter_counts($1::jsonb),9,9,20876.136357,2319.57070633333,5461.96792,1729.06434069183,0,1523700,54654,14,55,0,0,31050,6210,49,13,27448
8680897988998575173,supabase_read_only_user,postgres,"explain (analyze, buffers)
with md as materialized (select coalesce((select (value #>> $1)::timestamptz from public.admin_config where key=$2),$3::timestamptz) d),
pgrst_source as (
  select a.*
  from public.assets a
  cross join md
  left join public.style_groups sg on sg.id = a.style_group_id
  where a.is_deleted = $4
    and (a.modified_at >= md.d or a.file_created_at >= md.d or a.thumbnail_url is not null)
)
select (select count(*) from pgrst_source) as total, count(t.*) as page_total
from (select * from pgrst_source limit $5) t",1,0,20508.675896,20508.675896,20508.675896,0,0,16664,61778,34,3048,0,0,0,19698,43,34,114077
7851181953646192394,supabase_read_only_user,postgres,"explain (analyze, buffers)
with md as materialized (select (value #>> $1)::timestamptz d from public.admin_config where key=$2)
select count(*) from public.assets a left join public.style_groups sg on sg.id = a.style_group_id, md
where a.is_deleted = $3
  and (a.modified_at >= md.d or a.file_created_at >= md.d or a.thumbnail_url is not null)
  and case when a.style_group_id is null then a.licensor_id else sg.licensor_id end = $4::uuid

-- source: POST /v1/projects/:ref/database/query
-- user: pat:8463633
-- date: 2026-09-02T04:42:29.339Z",1,0,19224.115155,19224.115155,19224.115155,0,0,19712,60024,0,78,0,0,0,0,2,0,120
522898660278116298,service_role,postgres,"WITH pgrst_source AS ( SELECT ""public"".""assets"".""id"", ""public"".""assets"".""relative_path"" FROM ""public"".""assets"" WHERE  ""public"".""assets"".""quick_hash"" = $1 AND  ""public"".""assets"".""filename"" = $2 AND  ""public"".""assets"".""is_deleted"" = $3 AND  ""public"".""assets"".""relative_path"" <> $4   LIMIT $5 OFFSET $6 )  SELECT $7::bigint AS total_result_set, pg_catalog.count(_postgrest_t) AS page_total, coalesce(json_agg(_postgrest_t), $8) AS body, nullif(current_setting($9, $10), $11) AS response_headers, nullif(current_setting($12, $13), $14) AS response_status, $15 AS response_inserted FROM ( SELECT * FROM pgrst_source ) _postgrest_t",18789,18789,18762.3135239999,0.998579675554841,14.895514,0.708338190473306,0,53109,23737,50,20,0,0,0,0,75,44,134907
299627199756641608,postgres,postgres,"with tables as (
SELECT
  c.oid :: int8 AS id,
  nc.nspname AS schema,
  c.relname AS name,
  c.relrowsecurity AS rls_enabled,
  c.relforcerowsecurity AS rls_forced,
  CASE
    WHEN c.relreplident = $1 THEN $2
    WHEN c.relreplident = $3 THEN $4
    WHEN c.relreplident = $5 THEN $6
    ELSE $7
  END AS replica_identity,
  pg_total_relation_size(format($8, nc.nspname, c.relname)) :: int8 AS bytes,
  pg_size_pretty(
    pg_total_relation_size(format($9, nc.nspname, c.relname))
  ) AS size,
  pg_stat_get_live_tuples(c.oid) AS live_rows_estimate,
  pg_stat_get_dead_tuples(c.oid) AS dead_rows_estimate,
  obj_description(c.oid) AS comment,
  coalesce(pk.primary_keys, $10) as primary_keys,
  coalesce(
    jsonb_agg(relationships) filter (where relationships is not null),
    $11
  ) as relationships
FROM
  pg_namespace nc
  JOIN pg_class c ON nc.oid = c.relnamespace
  left join (
    select
      c.oid::int8 as table_id,
      jsonb_agg(
        jsonb_build_object(
          $12, c.oid::int8,
          $13, n.nspname,
          $14, c.relname,
          $15, a.attname
        )
        order by array_position(i.indkey, a.attnum)
      ) as primary_keys
    from
      pg_index i
      join pg_class c on i.indrelid = c.oid
      join pg_namespace n on c.relnamespace = n.oid
      join pg_attribute a on a.attrelid = c.oid and a.attnum = any(i.indkey)
    where
      i.indisprimary
    group by c.oid
  ) as pk
  on pk.table_id = c.oid
  left join (
    select
      c.oid :: int8 as id,
      c.conname as constraint_name,
      nsa.nspname as source_schema,
      csa.relname as source_table_name,
      sa.attname as source_column_name,
      nta.nspname as target_table_schema,
      cta.relname as target_table_name,
      ta.attname as target_column_name
    from
      pg_constraint c
    join (
      pg_attribute sa
      join pg_class csa on sa.attrelid = csa.oid
      join pg_namespace nsa on csa.relnamespace = nsa.oid
    ) on sa.attrelid = c.conrelid and sa.attnum = any (",7,448,18583.748386,2654.821198,3068.663922,456.952948392952,0,722203,552,4,0,0,0,0,0,5,4,3954
1779864645932392164,service_role,postgres,"WITH pgrst_source AS (UPDATE ""public"".""style_groups"" SET ""licensor_id"" = ""pgrst_body"".""licensor_id"", ""licensor_name"" = ""pgrst_body"".""licensor_name"", ""property_name"" = ""pgrst_body"".""property_name"" FROM (SELECT $1 AS json_data) pgrst_payload, LATERAL (SELECT ""licensor_id"", ""licensor_name"", ""property_name"" FROM json_to_record(pgrst_payload.json_data) AS _(""licensor_id"" uuid, ""licensor_name"" text, ""property_name"" text) ) pgrst_body  WHERE  ""public"".""style_groups"".""id"" = $2 RETURNING ""public"".""style_groups"".""id"") SELECT $3 AS total_result_set, pg_catalog.count(_postgrest_t) AS page_total, array[]::text[] AS header, coalesce(json_agg(_postgrest_t)->$4, $5) AS body, nullif(current_setting($6, $7), $8) AS response_headers, nullif(current_setting($9, $10), $11) AS response_status, $12 AS response_inserted FROM (SELECT ""style_groups"".""id"" FROM ""pgrst_source"" AS ""style_groups""   ) _postgrest_t",1680,1680,18551.617941,11.0426297267857,851.16173,21.4499166132028,0,312741,15289,11721,24,0,0,0,0,44495,10428,41812342
1833382281668282199,supabase_read_only_user,postgres,"select table_name, (xpath($1, query_to_xml(format($2, table_name), $3,$4,$5)))[$6]::text::int n
from information_schema.tables where table_schema=$7 and table_type=$8
and (table_name like $9 or table_name like $10 or table_name like $11 or table_name like $12 or table_name like $13) order by table_name

-- source: POST /v1/projects/:ref/database/query
-- user: pat:8463633
-- date: 2026-08-30T01:39:15.893Z",1,82,18074.922176,18074.922176,18074.922176,0,0,134793,64100,11,218,0,0,0,0,22,11,39487
4272184973515172242,authenticator,postgres,"WITH
pks_uniques_cols AS (
  SELECT
    conrelid,
    array_agg(key order by key) as cols
  FROM pg_constraint,
  LATERAL unnest(conkey) AS _(key)
  WHERE
    contype IN ($1, $2)
    AND connamespace <> $3::regnamespace
  GROUP BY oid, conrelid
)
SELECT
  ns1.nspname AS table_schema,
  tab.relname AS table_name,
  ns2.nspname AS foreign_table_schema,
  other.relname AS foreign_table_name,
  traint.conrelid = traint.confrelid AS is_self,
  traint.conname  AS constraint_name,
  column_info.cols_and_fcols,
  (column_info.cols IN (SELECT cols FROM pks_uniques_cols WHERE conrelid = traint.conrelid)) AS one_to_one
FROM pg_constraint traint
JOIN LATERAL (
  SELECT
    array_agg(row(cols.attname, refs.attname) order by ord) AS cols_and_fcols,
    array_agg(cols.attnum order by cols.attnum) AS cols
  FROM unnest(traint.conkey, traint.confkey) WITH ORDINALITY AS _(col, ref, ord)
  JOIN pg_attribute cols ON cols.attrelid = traint.conrelid AND cols.attnum = col
  JOIN pg_attribute refs ON refs.attrelid = traint.confrelid AND refs.attnum = ref
) AS column_info ON $4
JOIN pg_namespace ns1 ON ns1.oid = traint.connamespace
JOIN pg_class tab ON tab.oid = traint.conrelid
JOIN pg_class other ON other.oid = traint.confrelid
JOIN pg_namespace ns2 ON ns2.oid = other.relnamespace
WHERE traint.contype = $5
AND traint.conparentid = $6
ORDER BY traint.conrelid, traint.conname",175,185526,17351.821756,99.1532671771429,227.881844,33.5162133665317,0,3296602,3700,96,51,0,0,0,0,166,96,120099
-2641713417546905127,service_role,postgres,"WITH pgrst_source AS ( SELECT ""public"".""agent_registrations"".""agent_type"", ""public"".""agent_registrations"".""last_heartbeat"", ""public"".""agent_registrations"".""metadata"" FROM ""public"".""agent_registrations"" WHERE  ""public"".""agent_registrations"".""agent_type"" = $1   LIMIT $2 OFFSET $3 )  SELECT $4::bigint AS total_result_set, pg_catalog.count(_postgrest_t) AS page_total, coalesce(json_agg(_postgrest_t), $5) AS body, nullif(current_setting($6, $7), $8) AS response_headers, nullif(current_setting($9, $10), $11) AS response_status, $12 AS response_inserted FROM ( SELECT * FROM pgrst_source ) _postgrest_t",38741,38741,17165.9804279999,0.443095955912341,35.349423,0.637280807313866,0,363032,1358,27,582,0,0,0,0,4369,1,266441
-3504579777409486643,service_role,postgres,"WITH pgrst_source AS (UPDATE ""public"".""style_groups"" SET ""folder_path"" = ""pgrst_body"".""folder_path"", ""licensor_code"" = ""pgrst_body"".""licensor_code"", ""licensor_name"" = ""pgrst_body"".""licensor_name"", ""property_code"" = ""pgrst_body"".""property_code"", ""property_name"" = ""pgrst_body"".""property_name"" FROM (SELECT $1 AS json_data) pgrst_payload, LATERAL (SELECT ""folder_path"", ""licensor_code"", ""licensor_name"", ""property_code"", ""property_name"" FROM json_to_record(pgrst_payload.json_data) AS _(""folder_path"" text, ""licensor_code"" text, ""licensor_name"" text, ""property_code"" text, ""property_name"" text) ) pgrst_body  WHERE  ""public"".""style_groups"".""id"" = $2 RETURNING ""public"".""style_groups"".""id"") SELECT $3 AS total_result_set, pg_catalog.count(_postgrest_t) AS page_total, array[]::text[] AS header, coalesce(json_agg(_postgrest_t)->$4, $5) AS body, nullif(current_setting($6, $7), $8) AS response_headers, nullif(current_setting($9, $10), $11) AS response_status, $12 AS response_inserted FROM (SELECT ""style_groups"".""id"" FROM ""pgrst_source"" AS ""style_groups""   ) _postgrest_t",1157,1157,17090.020824,14.7709773759723,1358.94514,52.5525271318812,0,278715,12289,6273,185,0,0,0,0,31719,5508,26636017
-3707587181174481537,service_role,postgres,"WITH pgrst_source AS (INSERT INTO ""public"".""asset_path_history""(""asset_id"", ""new_relative_path"", ""old_relative_path"") SELECT ""pgrst_body"".""asset_id"", ""pgrst_body"".""new_relative_path"", ""pgrst_body"".""old_relative_path"" FROM (SELECT $1 AS json_data) pgrst_payload, LATERAL (SELECT ""asset_id"", ""new_relative_path"", ""old_relative_path"" FROM json_to_record(pgrst_payload.json_data) AS _(""asset_id"" uuid, ""new_relative_path"" text, ""old_relative_path"" text) ) pgrst_body  RETURNING $2) SELECT $3 AS total_result_set, pg_catalog.count(_postgrest_t) AS page_total, array[]::text[] AS header, $4::text AS body, nullif(current_setting($5, $6), $7) AS response_headers, nullif(current_setting($8, $9), $10) AS response_status, $11 AS response_inserted FROM (SELECT * FROM pgrst_source) _postgrest_t",14231,14231,16513.817397,1.16041159419577,114.919392,1.35171335360254,0,190062,17132,23902,83,0,0,0,0,60527,21617,52620801
-8285496964777773984,postgres,postgres,"-- #1703 forward 2: remove candidate x library OR joins from ranked search.
-- derived-from: 20260831074401

create index if not exists assets_style_group_id_active_idx
  on public.assets (style_group_id, id)
  where is_deleted = false and style_group_id is not null",1,0,16244.844051,16244.844051,16244.844051,0,0,2937,256755,14763,8,0,0,509,507,14807,15334,26232110
-5180657156886814964,postgres,postgres,"with
core_p as (
  select p.id, coalesce(l.code,$1) lic_code, p.code prop_code, p.name,
         btrim(regexp_replace(lower(p.name),$2,$3,$4)) s_nm,
         -- loose: truncate at colon/dash on the RAW string first, then year, then articles
         btrim(regexp_replace(regexp_replace(regexp_replace(
           btrim(regexp_replace(lower(regexp_replace(p.name,$5,$6)),$7,$8,$9)),
           $10,$11),$12,$13),$14,$15)) l_nm
  from core.property p left join core.licensor l on l.id=p.licensor_id),
src_raw as (
  select $16 portal, property_name nm from plm.opa_property where status=$17
  union select $18, label from plm.wb_property where source_namespace=$19 and status=$20
  union select $21, property_label from plm.nbcu_property where source_kind=$22
  union select $23, property_name from plm.pmt_property where is_licensed_selection),
src_l as (
  select portal, nm,
    btrim(regexp_replace(lower(nm),$24,$25,$26)) s_nm,
    btrim(regexp_replace(regexp_replace(regexp_replace(
      btrim(regexp_replace(lower(regexp_replace(nm,$27,$28)),$29,$30,$31)),
      $32,$33),$34,$35),$36,$37)) l_nm
  from src_raw)
, keyed as (select entity_id, string_agg(distinct source_system,$38) sys from core.taxonomy_source_ref
            where entity_schema=$39 and entity_table=$40 and source_system in ($41,$42) group by 1)
, m as (
  select c.id, c.lic_code, c.prop_code, c.name,
    (select string_agg(distinct s.portal,$43 order by s.portal) from src_l s where s.s_nm=c.s_nm and c.s_nm<>$44) strict_portals,
    (select string_agg(distinct s.portal,$45 order by s.portal) from src_l s where (s.s_nm=c.s_nm or s.l_nm=c.l_nm) and c.l_nm<>$46) loose_portals,
    coalesce(k.sys,$47) source_key_link
  from core_p c left join keyed k on k.entity_id=c.id)
select id, lic_code as licensor_code, prop_code as property_code, name,
  coalesce(strict_portals,$48) as strict_match_portals,
  coalesce(loose_portals,$49)  as loose_match_portals,
  source_key_link,
  case when loose_portals is null then $50
    ",1,260,15731.757567,15731.757567,15731.757567,0,0,123,2,0,0,0,0,0,0,0,0,0
7911484771229135958,service_role,postgres,"WITH pgrst_source AS ( SELECT ""public"".""admin_config"".""key"", ""public"".""admin_config"".""value"", ""public"".""admin_config"".""updated_at"" FROM ""public"".""admin_config"" WHERE  ""public"".""admin_config"".""key"" = ANY ($1)    LIMIT $2 OFFSET $3 )  SELECT $4::bigint AS total_result_set, pg_catalog.count(_postgrest_t) AS page_total, coalesce(json_agg(_postgrest_t), $5) AS body, nullif(current_setting($6, $7), $8) AS response_headers, nullif(current_setting($9, $10), $11) AS response_status, $12 AS response_inserted FROM ( SELECT * FROM pgrst_source ) _postgrest_t",13272,13272,15706.054827,1.18339774163652,61.792725,0.709171302387468,0,189793,5,7,0,0,0,0,0,92,1,10656
4049576047754437459,supabase_read_only_user,postgres,"select $1 t, licensor_code, licensor_name, count(*) n from public.assets
 where licensor_code in ($2,$3,$4,$5) group by 1,2,3
union all
select $6, licensor_code, licensor_name, count(*) from public.style_groups
 where licensor_code in ($7,$8,$9,$10) group by 1,2,3
order by 1,2,4 desc",1,9,15654.831145,15654.831145,15654.831145,0,0,771,259124,121,0,0,0,0,0,176,114,394658
-3608058388621833503,postgres,postgres,"with
core_p as (
  select p.id, coalesce(l.code,$1) lic_code, p.code prop_code, p.name,
         btrim(regexp_replace(lower(p.name),$2,$3,$4)) s_nm,
         -- loose: truncate at colon/dash on the RAW string first, then year, then articles
         btrim(regexp_replace(regexp_replace(regexp_replace(
           btrim(regexp_replace(lower(regexp_replace(p.name,$5,$6)),$7,$8,$9)),
           $10,$11),$12,$13),$14,$15)) l_nm
  from core.property p left join core.licensor l on l.id=p.licensor_id),
src_raw as (
  select $16 portal, property_name nm from plm.opa_property where status=$17
  union select $18, label from plm.wb_property where source_namespace=$19 and status=$20
  union select $21, property_label from plm.nbcu_property where source_kind=$22
  union select $23, property_name from plm.pmt_property where is_licensed_selection),
src_l as (
  select portal, nm,
    btrim(regexp_replace(lower(nm),$24,$25,$26)) s_nm,
    btrim(regexp_replace(regexp_replace(regexp_replace(
      btrim(regexp_replace(lower(regexp_replace(nm,$27,$28)),$29,$30,$31)),
      $32,$33),$34,$35),$36,$37)) l_nm
  from src_raw)
select c.lic_code, s.portal, count(distinct c.id) core_rows
from core_p c join src_l s on (s.s_nm=c.s_nm or s.l_nm=c.l_nm) and c.l_nm<>$38
group by 1,2 order by 1,2",1,10,15603.341309,15603.341309,15603.341309,0,0,376,0,0,0,0,0,0,0,0,0,0
-6875584821489554312,supabase_read_only_user,postgres,"select $1 as t,
       count(*) filter (where licensor_code=$2) as ds_rows,
       count(*) filter (where licensor_code=$3 and (licensor_name is not null or licensor_id is not null or is_licensed is distinct from $4)) as would_abort
from public.assets
union all
select $5,
       count(*) filter (where licensor_code=$6),
       count(*) filter (where licensor_code=$7 and (licensor_name is not null or licensor_id is not null or is_licensed is distinct from $8))
from public.style_groups",1,2,15295.652012,15295.652012,15295.652012,0,0,1539,258353,27,0,0,0,0,0,44,28,97182
1468955641183524917,supabase_read_only_user,postgres,"select sku, licensor_code, licensor_name from public.assets where licensor_code=$1 order by sku",1,15,15268.641712,15268.641712,15268.641712,0,0,56883,202192,0,0,0,0,0,0,0,0,0
1223686224349238036,postgres,postgres,"COPY dflow.""AuditLog"" (id, ""oldValue"", ""newValue"", username, ""actionType"", ""actionDate"", user_id_fk, ""moduleName"", ref_id_fk, element_id) TO stdout",1,580758,14608.860673,14608.860673,14608.860673,0,0,143523,45149,0,0,0,0,0,0,0,0,0
1481259116325434953,authenticated,postgres,"select count(*)::int n from public.search_assets_full_text($1,$2)",6,6,14588.01587,2431.33597833333,11022.176678,3842.01506733296,0,321112,0,0,0,0,0,0,0,15,0,846
-9187087523409134926,supabase_read_only_user,postgres,"select sku, licensor_code, licensor_name, licensor_id, is_licensed from public.assets where licensor_code=$1 order by sku",1,7,14523.753453,14523.753453,14523.753453,0,0,56596,202479,0,0,0,0,0,0,2,0,116
5360251647081715348,authenticated,postgres,"select set_config('search_path', $1, true), set_config($2, $3, true), set_config('role', $4, true), set_config('request.jwt.claims', $5, true), set_config('request.method', $6, true), set_config('request.path', $7, true), set_config('request.headers', $8, true), set_config('request.cookies', $9, true)",349999,349999,14322.1938720008,0.0409206708362016,9.56533,0.0465650558790212,0,11750,17,0,4,0,0,0,0,0,0,0
8991160736376435043,supabase_read_only_user,postgres,"select count(*) as live_rows,
  avg(pg_column_size(t.*))::numeric(10,1) as avg_row_bytes,
  max(pg_column_size(t.*)) as max_row_bytes,
  percentile_cont($1) within group (order by pg_column_size(t.*))::numeric(10,1) as median_row_bytes
from public.dam_search_documents t",1,1,14289.032577,14289.032577,14289.032577,0,0,373512,56931,9877,1630,0,0,0,0,12914,9547,34851431
7947686185015646568,authenticated,postgres,"select style_group_id from public.search_style_groups_full_text($1,$2)",6,4668,14082.96757,2347.16126166667,9778.707132,3323.96616324636,0,329379,1209,0,0,0,0,3330,6660,8,0,454
-2647655532108368607,postgres,postgres,"SELECT
  e.name,
  n.nspname AS schema,
  e.default_version,
  x.extversion AS installed_version,
  e.comment,
  ev.schema AS default_version_schema
FROM
  pg_available_extensions e
  LEFT JOIN pg_extension x ON e.name = x.extname
  LEFT JOIN pg_namespace n ON x.extnamespace = n.oid
  LEFT JOIN pg_available_extension_versions ev
    ON ev.name = e.name AND ev.version = e.default_version",22,1716,13745.274279,624.7851945,1136.462155,256.930699182953,0,549,1,0,0,0,0,0,0,0,0,0
2866603474038615101,authenticated,postgres,select * from public.get_effective_filter_counts($1::jsonb),3,3,13576.173515,4525.39117166667,5158.995811,740.860656462721,0,1305862,6375,2,0,0,0,10350,2070,11,2,3719
3890448853617159550,authenticated,postgres,"WITH pgrst_source AS ( SELECT ""api"".""dam_order_list"".""order_line_id"", ""api"".""dam_order_list"".""order_id"", ""api"".""dam_order_list"".""item_id"", ""api"".""dam_order_list"".""sku_normalized"", ""api"".""dam_order_list"".""source_style_type"", ""api"".""dam_order_list"".""master_data_match_status"", ""api"".""dam_order_list"".""item_link_missing"", ""api"".""dam_order_list"".""item_link_type_mismatch"", ""api"".""dam_order_list"".""snapshot_description"", ""api"".""dam_order_list"".""snapshot_license_status"", ""api"".""dam_order_list"".""item_description"", ""api"".""dam_order_list"".""item_name"", ""api"".""dam_order_list"".""order_voided_at"", ""api"".""dam_order_list"".""line_voided_at"", ""api"".""dam_order_list"".""order_status"", ""api"".""dam_order_list"".""production_order_number"", ""api"".""dam_order_list"".""vendor_name"", ""api"".""dam_order_list"".""order_date"", ""api"".""dam_order_list"".""sent_po_date"", ""api"".""dam_order_list"".""customer_name"", ""api"".""dam_order_list"".""customer_po_number"", ""api"".""dam_order_list"".""sku"", ""api"".""dam_order_list"".""master_data_description"", ""api"".""dam_order_list"".""master_data_license_status"", ""api"".""dam_order_list"".""master_data_licensor"", ""api"".""dam_order_list"".""quantity_ordered"", ""api"".""dam_order_list"".""case_pack"", ""api"".""dam_order_list"".""start_ship_date"", ""api"".""dam_order_list"".""cancel_date"", ""api"".""dam_order_list"".""requested_ship_date"", ""api"".""dam_order_list"".""actual_ship_date"", ""api"".""dam_order_list"".""etd"", ""api"".""dam_order_list"".""eta"", ""api"".""dam_order_list"".""warehouse_date"", ""api"".""dam_order_list"".""container_booking_group"", ""api"".""dam_order_list"".""mbl"", ""api"".""dam_order_list"".""close_tracking"", ""api"".""dam_order_list"".""line_number"", ""api"".""dam_order_list"".""order_person"", ""api"".""dam_order_list"".""order_type"", ""api"".""dam_order_list"".""customer_suffix"", ""api"".""dam_order_list"".""ordering_company"", ""api"".""dam_order_list"".""assortment_id"", ""api"".""dam_order_list"".""assortment_component_ordinal"", ""api"".""dam_order_list"".""quantity_shipped"", ""api"".""dam_order_list"".""unit_cost"", ""api"".""dam_order_list"".""order_depth_inches"", ""api"".""dam_order",4,4,13489.062319,3372.26557975,4656.009488,1205.61342084302,0,133629,28879,0,5592,0,0,0,0,0,0,0
-5990631570953951546,authenticated,postgres,"WITH pgrst_source AS (SELECT ""pgrst_call"".* FROM (SELECT $1 AS json_data) pgrst_payload, LATERAL (SELECT ""p_business_unit"", ""p_limit"" FROM json_to_record(pgrst_payload.json_data) AS _(""p_business_unit"" text, ""p_limit"" integer) LIMIT $4) pgrst_body , LATERAL ""api"".""pm_pipeline_page""(""p_business_unit"" := pgrst_body.""p_business_unit"", ""p_limit"" := pgrst_body.""p_limit"") pgrst_call) SELECT $5::bigint AS total_result_set, pg_catalog.count(_postgrest_t) AS page_total, coalesce(json_agg(_postgrest_t), $6) AS body, nullif(current_setting($7, $8), $9) AS response_headers, nullif(current_setting($10, $11), $12) AS response_status, $13 AS response_inserted FROM (SELECT ""record"".* FROM ""pgrst_source"" AS ""record""   LIMIT $2 OFFSET $3) _postgrest_t",4,4,13318.896138,3329.7240345,3486.129792,114.349254338919,0,1108805,259,0,0,0,0,0,0,0,0,0
6802033281228780187,service_role,postgres,"WITH pgrst_source AS ( SELECT ""public"".""render_queue"".* FROM ""public"".""render_queue"" WHERE  ""public"".""render_queue"".""status"" = ANY ($1)    LIMIT $2 OFFSET $3 ) , pgrst_source_count AS (SELECT $5  FROM ""public"".""render_queue"" WHERE  ""public"".""render_queue"".""status"" = ANY ($4) ) SELECT (SELECT pg_catalog.count(*) FROM pgrst_source_count) AS total_result_set, pg_catalog.count(_postgrest_t) AS page_total, $6::text AS body, nullif(current_setting($7, $8), $9) AS response_headers, nullif(current_setting($10, $11), $12) AS response_status, $13 AS response_inserted FROM ( SELECT * FROM pgrst_source ) _postgrest_t",38741,38741,13143.268877,0.339259928163962,103.477218,1.02704424971678,0,2234728,3716,113,1645,0,0,0,0,404,70,112570
6862715532547800613,service_role,postgres,"WITH pgrst_source AS (UPDATE ""public"".""assets"" SET ""file_created_at"" = ""pgrst_body"".""file_created_at"", ""file_size"" = ""pgrst_body"".""file_size"", ""file_type"" = ""pgrst_body"".""file_type"", ""filename"" = ""pgrst_body"".""filename"", ""height"" = ""pgrst_body"".""height"", ""is_licensed"" = ""pgrst_body"".""is_licensed"", ""last_seen_at"" = ""pgrst_body"".""last_seen_at"", ""licensor_code"" = ""pgrst_body"".""licensor_code"", ""licensor_id"" = ""pgrst_body"".""licensor_id"", ""licensor_name"" = ""pgrst_body"".""licensor_name"", ""modified_at"" = ""pgrst_body"".""modified_at"", ""property_code"" = ""pgrst_body"".""property_code"", ""property_id"" = ""pgrst_body"".""property_id"", ""property_name"" = ""pgrst_body"".""property_name"", ""quick_hash"" = ""pgrst_body"".""quick_hash"", ""quick_hash_version"" = ""pgrst_body"".""quick_hash_version"", ""thumbnail_error"" = ""pgrst_body"".""thumbnail_error"", ""width"" = ""pgrst_body"".""width"", ""workflow_status"" = ""pgrst_body"".""workflow_status"" FROM (SELECT $1 AS json_data) pgrst_payload, LATERAL (SELECT ""file_created_at"", ""file_size"", ""file_type"", ""filename"", ""height"", ""is_licensed"", ""last_seen_at"", ""licensor_code"", ""licensor_id"", ""licensor_name"", ""modified_at"", ""property_code"", ""property_id"", ""property_name"", ""quick_hash"", ""quick_hash_version"", ""thumbnail_error"", ""width"", ""workflow_status"" FROM json_to_record(pgrst_payload.json_data) AS _(""file_created_at"" timestamp with time zone, ""file_size"" bigint, ""file_type"" public.file_type, ""filename"" text, ""height"" integer, ""is_licensed"" boolean, ""last_seen_at"" timestamp with time zone, ""licensor_code"" text, ""licensor_id"" uuid, ""licensor_name"" text, ""modified_at"" timestamp with time zone, ""property_code"" text, ""property_id"" uuid, ""property_name"" text, ""quick_hash"" text, ""quick_hash_version"" integer, ""thumbnail_error"" text, ""width"" integer, ""workflow_status"" public.workflow_status) ) pgrst_body  WHERE  ""public"".""assets"".""id"" = $2 RETURNING $3) SELECT $4 AS total_result_set, pg_catalog.count(_postgrest_t) AS page_total, array[]::text[] AS header, $5::text AS body, nullif(current",1424,1424,12998.110088,9.12788629775281,2249.044325,59.4861096298927,0,208182,12321,13922,134,0,0,0,0,42104,12917,45914891
5921498560982909829,service_role,postgres,"WITH pgrst_source AS ( SELECT ""public"".""assets"".""id"" FROM ""public"".""assets"" WHERE  ""public"".""assets"".""property_id"" = $1 AND  ""public"".""assets"".""is_deleted"" = $2   LIMIT $3 OFFSET $4 ) , pgrst_source_count AS (SELECT $7  FROM ""public"".""assets"" WHERE  ""public"".""assets"".""property_id"" = $5 AND  ""public"".""assets"".""is_deleted"" = $6) SELECT (SELECT pg_catalog.count(*) FROM pgrst_source_count) AS total_result_set, pg_catalog.count(_postgrest_t) AS page_total, $8::text AS body, nullif(current_setting($9, $10), $11) AS response_headers, nullif(current_setting($12, $13), $14) AS response_status, $15 AS response_inserted FROM ( SELECT * FROM pgrst_source ) _postgrest_t",1040,1040,12429.313109,11.9512626048077,903.751304,64.8306602856636,0,76216,17674,0,57,0,0,0,0,1,0,58
4436957462538395946,service_role,postgres,"WITH pgrst_source AS (UPDATE ""public"".""style_groups"" SET ""folder_path"" = ""pgrst_body"".""folder_path"", ""licensor_code"" = ""pgrst_body"".""licensor_code"", ""licensor_id"" = ""pgrst_body"".""licensor_id"", ""licensor_name"" = ""pgrst_body"".""licensor_name"", ""property_code"" = ""pgrst_body"".""property_code"", ""property_name"" = ""pgrst_body"".""property_name"" FROM (SELECT $1 AS json_data) pgrst_payload, LATERAL (SELECT ""folder_path"", ""licensor_code"", ""licensor_id"", ""licensor_name"", ""property_code"", ""property_name"" FROM json_to_record(pgrst_payload.json_data) AS _(""folder_path"" text, ""licensor_code"" text, ""licensor_id"" uuid, ""licensor_name"" text, ""property_code"" text, ""property_name"" text) ) pgrst_body  WHERE  ""public"".""style_groups"".""id"" = $2 RETURNING ""public"".""style_groups"".""id"") SELECT $3 AS total_result_set, pg_catalog.count(_postgrest_t) AS page_total, array[]::text[] AS header, coalesce(json_agg(_postgrest_t)->$4, $5) AS body, nullif(current_setting($6, $7), $8) AS response_headers, nullif(current_setting($9, $10), $11) AS response_status, $12 AS response_inserted FROM (SELECT ""style_groups"".""id"" FROM ""pgrst_source"" AS ""style_groups""   ) _postgrest_t",456,456,12336.829856,27.0544514385965,2854.25426,185.556100519995,0,130728,20435,17496,2881,0,0,0,0,28112,8058,23926250
-9048687063009294559,supabase_read_only_user,postgres,"select (select count(*) from public.assets) as assets_rows,
       (select count(*) from public.asset_effective_tags) as tag_rows,
       (select count(*) from public.style_groups) as style_group_rows",1,1,11878.995813,11878.995813,11878.995813,0,0,10683,32189,13128,8840,0,0,0,0,13337,11377,19223528
-7184753955984504968,service_role,postgres,"WITH pgrst_source AS ( SELECT ""crm"".""email_message"".""id"", ""crm"".""email_message"".""subject"", ""crm"".""email_message"".""body_preview"", ""crm"".""email_message"".""sender"", ""crm"".""email_message"".""recipients"", ""crm"".""email_message"".""routing_status"", ""crm"".""email_message"".""company_id"" FROM ""crm"".""email_message"" WHERE  ""crm"".""email_message"".""routing_status"" = ANY ($1)  AND  ""crm"".""email_message"".""id"" > $2  ORDER BY ""crm"".""email_message"".""id"" ASC  LIMIT $3 OFFSET $4 )  SELECT $5::bigint AS total_result_set, pg_catalog.count(_postgrest_t) AS page_total, coalesce(json_agg(_postgrest_t), $6) AS body, nullif(current_setting($7, $8), $9) AS response_headers, nullif(current_setting($10, $11), $12) AS response_status, $13 AS response_inserted FROM ( SELECT * FROM pgrst_source ) _postgrest_t",708,708,11824.765016,16.7016455028249,135.458451,21.0968562644128,0,376031,20424,32,0,0,0,0,0,32,32,136753
1059306380694259319,supabase_read_only_user,postgres,"select count(*) dup_pairs from (select asset_id, tag from public.asset_effective_tags group by 1,2 having count(*) > $1) d

-- source: POST /v1/projects/:ref/database/query
-- user: pat:8463633
-- date: 2026-09-03T19:33:53.484Z",1,1,11506.476952,11506.476952,11506.476952,0,0,597631,19636,6797,0,0,0,0,0,6797,6797,21458098
-2534690954999740010,service_role,postgres,"WITH pgrst_source AS ( SELECT ""core"".""customer"".""so_patterns"" FROM ""core"".""customer"" WHERE  ""core"".""customer"".""id"" = $1   LIMIT $2 OFFSET $3 )  SELECT $4::bigint AS total_result_set, pg_catalog.count(_postgrest_t) AS page_total, coalesce(json_agg(_postgrest_t), $5) AS body, nullif(current_setting($6, $7), $8) AS response_headers, nullif(current_setting($9, $10), $11) AS response_status, $12 AS response_inserted FROM ( SELECT * FROM pgrst_source ) _postgrest_t",247555,247555,11463.4852509995,0.0463068217204256,20.550534,0.0783756053101227,0,742288,458,0,22,0,0,0,0,0,0,0
-733869263948011471,postgres,postgres,"do $$
    declare
      migrations text;
    begin
      if pg_catalog.to_regclass('supabase_migrations.schema_migrations') is not null then
        select coalesce(
          pg_catalog.jsonb_agg(pg_catalog.to_jsonb(sm) order by sm.version desc),
          '[]'::pg_catalog.jsonb
        )::text
        into migrations
        from supabase_migrations.schema_migrations sm;
      else
        migrations := '[]';
      end if;
      perform pg_catalog.set_config('supabase.studio_migrations', migrations, true);
    end $$",15,0,10490.978018,699.398534533333,1188.528861,251.561895563612,0,21747,3369,16,0,0,0,0,0,35,16,106718
-3310997478349792204,supabase_admin,postgres,"with sub_tables as (
        select
        rr.entity
        from
        pg_publication_tables pub,
        lateral (
        select
        format($12, pub.schemaname, pub.tablename)::regclass entity
        ) rr
        where
        pub.pubname = $1
        and pub.schemaname like (case $2 when $13 then $14 else $2 end) escape $15
        and pub.tablename like (case $3 when $16 then $17 else $3 end) escape $18
     )
     insert into realtime.subscription as x(
        subscription_id,
        entity,
        filters,
        claims,
        action_filter,
        selected_columns
      )
      select
        $4::text::uuid,
        sub_tables.entity,
        -- Build the realtime.user_defined_filter[] server-side from primitive type arrays
        -- instead of binding a list of composite tuples. Postgrex caches the composite type's
        -- field count per connection at bootstrap and never refreshes it, so a long-lived
        -- connection whose cache predates an ALTER TYPE on user_defined_filter would otherwise
        -- encode against a stale arity and crash with :badarg. Constructing the rows here keeps
        -- the arity resolved by the server's current catalog.
        (
          select coalesce(
            array_agg(row(c, o::realtime.equality_op, v, n)::realtime.user_defined_filter),
            $19::realtime.user_defined_filter[]
          )
          from unnest($6::text[], $7::text[], $8::text[], $9::boolean[]) as f(c, o, v, n)
        ),
        $5,
        $10,
        $11
      from
        sub_tables
        on conflict
        -- coalesce needed: NULL != NULL in unique constraints; NULL selected_columns means all columns
        (subscription_id, entity, filters, action_filter, coalesce(selected_columns, $20))
        do update set
        claims = excluded.claims,
        created_at = now()
      returning
         id",735,693,10170.100644,13.8368716244898,129.688823,21.2393000953468,0,43268,635,1075,8,0,0,0,0,2671,711,1320994
-5708723254081763768,postgres,postgres,"select
      m->>$1 as version,
      m->>$2 as name,
      case
        when pg_catalog.jsonb_typeof(m->$3) = $4
        then array(select pg_catalog.jsonb_array_elements_text(m->$5))
        else $6
      end as statements
    from pg_catalog.jsonb_array_elements(
      coalesce(
        nullif(pg_catalog.current_setting($7, $8), $9)::pg_catalog.jsonb,
        $10::pg_catalog.jsonb
      )
    ) as m
    order by m->>'version' desc
  

-- source: dashboard
-- user: session:70e03955-5717-425f-9051-148dea335dd4
-- date: 2026-08-29T13:12:47.161Z",15,8750,10119.519695,674.634646333333,2103.728854,551.941435243794,0,45,0,0,0,0,0,28251,28266,0,0,0
5435157498550083806,authenticated,postgres,"do $accept$
declare
 dam_uid uuid; non_dam_uid uuid; t timestamptz; ms numeric; n bigint;
 total1 bigint; total2 bigint; facets1 text; facets2 text; ids1 text[]; ids2 text[];
 overlap_n int; dup1 int; dup2 int; direct_n bigint; member_n bigint; group_n bigint;
 refused int:=0;
begin
 select a.dam_uid,a.non_dam_uid into dam_uid,non_dam_uid from acceptance_users a;
 if dam_uid is null or non_dam_uid is null then raise exception 'acceptance user classes unavailable'; end if;
 perform set_config('request.jwt.claims',jsonb_build_object('sub',dam_uid,'role','authenticated')::text,true);

 t:=clock_timestamp();
 begin
   perform 1 from public.filter_effective_assets('{}'::jsonb) limit 1;
   ms:=round(extract(epoch from clock_timestamp()-t)*1000,1);
   raise notice 'DAM filter path PASS ms=%',ms;
 exception when query_canceled then
   ms:=round(extract(epoch from clock_timestamp()-t)*1000,1);
   raise notice 'DAM filter path TIMEOUT ms=%',ms;
 end;

 t:=clock_timestamp();
 begin
   perform public.get_filter_counts('{}'::jsonb);
   ms:=round(extract(epoch from clock_timestamp()-t)*1000,1);
   raise notice 'DAM legacy count PASS ms=%',ms;
 exception when query_canceled then
   ms:=round(extract(epoch from clock_timestamp()-t)*1000,1);
   raise notice 'DAM legacy count TIMEOUT ms=%',ms;
 end;

 t:=clock_timestamp();
 begin
   perform public.get_effective_filter_counts('{}'::jsonb);
   ms:=round(extract(epoch from clock_timestamp()-t)*1000,1);
   raise notice 'DAM effective count PASS ms=%',ms;
 exception when query_canceled then
   ms:=round(extract(epoch from clock_timestamp()-t)*1000,1);
   raise notice 'DAM effective count TIMEOUT ms=%',ms;
 end;

 t:=clock_timestamp();
 begin
   select count(*),min(total_count),min(facets::text),array_agg(md5(document_type||':'||entity_id::text)),
          count(*)-count(distinct document_type||':'||entity_id::text)
   into n,total1,facets1,ids1,dup1
   from public.search_dam_documents('jpg','{}'::jsonb,100,0,null,null,0);
   ms:=round(ex",1,0,10059.618846,10059.618846,10059.618846,0,0,473631,15203,155,0,1,0,6210,1380,203,155,438668
2540843525286021607,service_role,postgres,"WITH pgrst_source AS (SELECT pgrst_call.pgrst_scalar FROM (SELECT ""public"".""count_pdf_backfill_remaining""() pgrst_scalar) pgrst_call) SELECT $3::bigint AS total_result_set, $4 AS page_total, coalesce(json_agg(_postgrest_t.pgrst_scalar)->$5, $6) AS body, nullif(current_setting($7, $8), $9) AS response_headers, nullif(current_setting($10, $11), $12) AS response_status, $13 AS response_inserted FROM (SELECT ""count_pdf_backfill_remaining"".* FROM ""pgrst_source"" AS ""count_pdf_backfill_remaining""   LIMIT $1 OFFSET $2) _postgrest_t",3,3,10059.594981,3353.198327,5396.663911,1939.24780806869,0,161046,48037,0,9068,0,0,0,0,3,0,174
1266599645574215535,authenticated,postgres,"do $x$ declare t timestamptz:=clock_timestamp(); ms numeric; n bigint; begin
 select count(*) into n from public.search_style_groups_full_text('style',100);
 ms:=round(extract(epoch from clock_timestamp()-t)*1000,1);
 raise notice 'STYLE wrapper PASS ms=% groups=% headroom_ms=%',ms,n,round(8000-ms,1);
exception when query_canceled then ms:=round(extract(epoch from clock_timestamp()-t)*1000,1); raise notice 'STYLE wrapper TIMEOUT ms=%',ms;
end $x$",1,0,10008.099024,10008.099024,10008.099024,0,0,217651,2731,272,0,0,0,143387,772,343,295,869575
-1962605036954593126,authenticated,postgres,"do $x$ declare t timestamptz:=clock_timestamp(); ms numeric; n bigint; begin
 select count(distinct style_group_id) into n from public.search_assets_full_text('style',100) where style_group_id is not null;
 ms:=round(extract(epoch from clock_timestamp()-t)*1000,1);
 raise notice 'STYLE member path PASS ms=% groups=%',ms,n;
exception when query_canceled then ms:=round(extract(epoch from clock_timestamp()-t)*1000,1); raise notice 'STYLE member path TIMEOUT ms=%',ms;
end $x$",1,0,10003.232927,10003.232927,10003.232927,0,0,184181,169,2,0,0,0,186985,772,4,3,9785
-260462358808444464,authenticated,postgres,"do $x$ declare t timestamptz:=clock_timestamp(); ms numeric; begin
 insert into acceptance_pages
 select 2,md5(document_type||':'||entity_id::text),total_count,facets::text
 from public.search_dam_documents('style','{}',100,100,null,null,0);
 ms:=round(extract(epoch from clock_timestamp()-t)*1000,1);
 raise notice 'RANKED populated page2 PASS ms=% rows=% headroom_ms=%',ms,(select count(*) from acceptance_pages where page_no=2),round(8000-ms,1);
exception when query_canceled then
 ms:=round(extract(epoch from clock_timestamp()-t)*1000,1); raise notice 'RANKED populated page2 TIMEOUT ms=%',ms;
end $x$",1,0,10002.584195,10002.584195,10002.584195,0,0,170078,13409,429,35,0,0,104997,773,583,474,1624995
5636876830482280558,authenticated,postgres,"do $x$ declare t timestamptz:=clock_timestamp(); ms numeric; begin
 insert into acceptance_pages
 select 1,md5(document_type||':'||entity_id::text),total_count,facets::text
 from public.search_dam_documents('style','{}',100,0,null,null,0);
 ms:=round(extract(epoch from clock_timestamp()-t)*1000,1);
 raise notice 'RANKED populated page1 PASS ms=% rows=% headroom_ms=%',ms,(select count(*) from acceptance_pages where page_no=1),round(8000-ms,1);
exception when query_canceled then
 ms:=round(extract(epoch from clock_timestamp()-t)*1000,1); raise notice 'RANKED populated page1 TIMEOUT ms=%',ms;
end $x$",1,0,10001.107211,10001.107211,10001.107211,0,0,102743,34040,3348,847,0,0,0,0,4624,3735,13054691
-5146055083372886079,authenticated,postgres,"WITH pgrst_source AS ( SELECT ""public"".""style_groups"".*, row_to_json(""style_groups_primary_asset_1"".*)::jsonb AS ""primary_asset"" FROM ""public"".""style_groups"" LEFT JOIN LATERAL ( SELECT ""assets_1"".""thumbnail_url"", ""assets_1"".""thumbnail_error"" FROM ""public"".""assets"" AS ""assets_1"" WHERE ""assets_1"".""id"" = ""public"".""style_groups"".""primary_asset_id""   LIMIT $1 OFFSET $2 ) AS ""style_groups_primary_asset_1"" ON $9 WHERE  ( ""public"".""style_groups"".""latest_file_date"" >= $3 OR  ( ""public"".""style_groups"".""latest_file_date"" IS NULL AND  ""public"".""style_groups"".""asset_count"" > $4))  ORDER BY ""public"".""style_groups"".""latest_file_date"" DESC  LIMIT $5 OFFSET $6 ) , pgrst_source_count AS (SELECT $10  FROM ""public"".""style_groups"" WHERE  ( ""public"".""style_groups"".""latest_file_date"" >= $7 OR  ( ""public"".""style_groups"".""latest_file_date"" IS NULL AND  ""public"".""style_groups"".""asset_count"" > $8))) SELECT (SELECT pg_catalog.count(*) FROM pgrst_source_count) AS total_result_set, pg_catalog.count(_postgrest_t) AS page_total, coalesce(json_agg(_postgrest_t), $11) AS body, nullif(current_setting($12, $13), $14) AS response_headers, nullif(current_setting($15, $16), $17) AS response_status, $18 AS response_inserted FROM ( SELECT * FROM pgrst_source ) _postgrest_t",79,79,9403.345772,119.029693316456,618.286372,121.365850458979,0,166001,7649,28,4,0,0,0,0,52,28,89634
-1621991700619362973,postgres,postgres,"explain (analyze,buffers,timing off,summary true) with q as materialized (select websearch_to_tsquery($1,query_text) tsq,$2||query_text||$3 pat,length(query_text)>=$4 allow_substring from public.expand_dam_search_queries($5)) select count(*) from q join public.dam_search_documents d on d.search_tsv@@q.tsq or (q.allow_substring and (d.title ilike q.pat or d.path ilike q.pat or d.customer ilike q.pat or d.program ilike q.pat))",1,0,9371.530798,9371.530798,9371.530798,0,0,578394,16461,41,0,0,0,0,0,118,26,128721
6531009103865517133,postgres,postgres,"select $1 t, count(*) from public.asset_tags
union all select $2, count(*) from plm.nbcu_asset_metadata_value
union all select $3, count(*) from public.style_guide_file_tags
union all select $4, count(*) from plm.dcp_metadata_asset
union all select $5, count(*) from public.erp_items_raw
union all select $6, count(*) from plm.nbcu_asset
union all select $7, count(*) from plm.dcp_asset_term_observation
union all select $8, count(*) from plm.nbcu_asset_property
union all select $9, count(*) from plm.pmt_asset_metadata_value
union all select $10, count(*) from plm.wb_asset_normalized
union all select $11, count(*) from plm.nbcu_asset_style_guide",1,11,9098.320624,9098.320624,9098.320624,0,0,86142,71729,22386,7009,0,0,0,0,22572,22388,51510813
-92634972583413814,authenticated,postgres,"WITH pgrst_source AS ( SELECT ""public"".""agent_registrations"".""id"", ""public"".""agent_registrations"".""agent_name"", ""public"".""agent_registrations"".""agent_type"", ""public"".""agent_registrations"".""last_heartbeat"", ""public"".""agent_registrations"".""metadata"" FROM ""public"".""agent_registrations""   LIMIT $1 OFFSET $2 )  SELECT $3::bigint AS total_result_set, pg_catalog.count(_postgrest_t) AS page_total, coalesce(json_agg(_postgrest_t), $4) AS body, nullif(current_setting($5, $6), $7) AS response_headers, nullif(current_setting($8, $9), $10) AS response_status, $11 AS response_inserted FROM ( SELECT * FROM pgrst_source ) _postgrest_t",8298,8298,8881.35035799999,1.07030011544951,32.783873,0.826404046594353,0,109380,11,1,2,0,0,0,0,221,1,14978
-1750889614269966710,service_role,postgres,"WITH pgrst_source AS (UPDATE ""public"".""style_groups"" SET ""size_code"" = ""pgrst_body"".""size_code"", ""size_name"" = ""pgrst_body"".""size_name"" FROM (SELECT $1 AS json_data) pgrst_payload, LATERAL (SELECT ""size_code"", ""size_name"" FROM json_to_record(pgrst_payload.json_data) AS _(""size_code"" text, ""size_name"" text) ) pgrst_body  WHERE  ""public"".""style_groups"".""id"" = $2 RETURNING ""public"".""style_groups"".""id"") SELECT $3 AS total_result_set, pg_catalog.count(_postgrest_t) AS page_total, array[]::text[] AS header, coalesce(json_agg(_postgrest_t)->$4, $5) AS body, nullif(current_setting($6, $7), $8) AS response_headers, nullif(current_setting($9, $10), $11) AS response_status, $12 AS response_inserted FROM (SELECT ""style_groups"".""id"" FROM ""pgrst_source"" AS ""style_groups""   ) _postgrest_t",1471,1471,8327.31962200001,5.66099226512575,853.901542,22.7683012219607,0,275219,9459,8103,87,0,0,0,0,29059,7269,24619238
-1720764314978235132,postgres,postgres,"SELECT
    tbl.schemaname,
    tbl.tablename,
    tbl.quoted_name,
    tbl.is_table,
    json_agg(a) as columns
  FROM
    (
      SELECT
        n.nspname as schemaname,
        c.relname as tablename,
        (quote_ident(n.nspname) || $1 || quote_ident(c.relname)) as quoted_name,
        $2 as is_table
      FROM
        pg_catalog.pg_class c
        JOIN pg_catalog.pg_namespace n ON n.oid = c.relnamespace
      WHERE
        c.relkind = $3
        AND n.nspname not in ($4, $5, $6)
        AND n.nspname not like $7
        AND n.nspname not like $8
        AND has_schema_privilege(n.oid, $9) = $10
        AND has_table_privilege(quote_ident(n.nspname) || $11 || quote_ident(c.relname), $12) = $13
      union all
      SELECT
        n.nspname as schemaname,
        c.relname as tablename,
        (quote_ident(n.nspname) || $14 || quote_ident(c.relname)) as quoted_name,
        $15 as is_table
      FROM
        pg_catalog.pg_class c
        JOIN pg_catalog.pg_namespace n ON n.oid = c.relnamespace
      WHERE
        c.relkind in ($16, $17)
        AND n.nspname not in ($18, $19, $20)
        AND n.nspname not like $21
        AND n.nspname not like $22
        AND has_schema_privilege(n.oid, $23) = $24
        AND has_table_privilege(quote_ident(n.nspname) || $25 || quote_ident(c.relname), $26) = $27
    ) as tbl
    LEFT JOIN (
      SELECT
        attrelid,
        attname,
        format_type(atttypid, atttypmod) as data_type,
        attnum,
        attisdropped
      FROM
        pg_attribute
    ) as a ON (
      a.attrelid = tbl.quoted_name::regclass
      AND a.attnum > $28
      AND NOT a.attisdropped
      AND has_column_privilege(tbl.quoted_name, a.attname, $29)
    )
  
  GROUP BY schemaname, tablename, quoted_name, is_table",8,7857,8094.57249,1011.82156125,1346.351167,354.210826500191,0,706156,576,3,0,0,0,0,0,3,3,5782
4857114598304661516,authenticated,postgres,select * from public.get_filter_counts($1::jsonb),1,1,7738.83995,7738.83995,7738.83995,0,0,1351,31884,1667,2,0,0,2760,690,1699,1667,2920883
6562685500243375499,service_role,postgres,"WITH pgrst_source AS (SELECT pgrst_call.pgrst_scalar FROM (SELECT ""public"".""refresh_style_guide_matviews""() pgrst_scalar) pgrst_call) SELECT $3::bigint AS total_result_set, $4 AS page_total, coalesce(json_agg(_postgrest_t.pgrst_scalar)->$5, $6) AS body, nullif(current_setting($7, $8), $9) AS response_headers, nullif(current_setting($10, $11), $12) AS response_status, $13 AS response_inserted FROM (SELECT ""refresh_style_guide_matviews"".* FROM ""pgrst_source"" AS ""refresh_style_guide_matviews""   LIMIT $1 OFFSET $2) _postgrest_t",1,1,7467.032588,7467.032588,7467.032588,0,0,314052,17998,1741,11856,11527,1989,1938,1940,23566,1395,5812653
5506040402688530280,service_role,postgres,"WITH pgrst_source AS (SELECT pgrst_call.pgrst_scalar FROM (SELECT $1 AS json_data) pgrst_payload, LATERAL (SELECT ""p_cursor_key"" FROM json_to_record(pgrst_payload.json_data) AS _(""p_cursor_key"" text) LIMIT $4) pgrst_body , LATERAL (SELECT ""crm"".""load_worker_delta_cursor""(""p_cursor_key"" := pgrst_body.""p_cursor_key"") pgrst_scalar) pgrst_call) SELECT $5::bigint AS total_result_set, $6 AS page_total, coalesce(json_agg(_postgrest_t.pgrst_scalar)->$7, $8) AS body, nullif(current_setting($9, $10), $11) AS response_headers, nullif(current_setting($12, $13), $14) AS response_status, $15 AS response_inserted FROM (SELECT ""load_worker_delta_cursor"".* FROM ""pgrst_source"" AS ""load_worker_delta_cursor""   LIMIT $2 OFFSET $3) _postgrest_t",1314,1314,7017.32523400001,5.34043016286149,318.714028,15.4572303987972,0,84614,4213,753,442,0,0,0,0,966,752,1700724
3582757793876659918,authenticated,postgres,"WITH pgrst_source AS (SELECT pgrst_call.pgrst_scalar FROM (SELECT $1 AS json_data) pgrst_payload, LATERAL (SELECT ""p_filters"" FROM json_to_record(pgrst_payload.json_data) AS _(""p_filters"" jsonb) LIMIT $4) pgrst_body , LATERAL (SELECT ""public"".""get_filter_counts""(""p_filters"" := pgrst_body.""p_filters"") pgrst_scalar) pgrst_call) SELECT $5::bigint AS total_result_set, $6 AS page_total, coalesce(json_agg(_postgrest_t.pgrst_scalar)->$7, $8) AS body, nullif(current_setting($9, $10), $11) AS response_headers, nullif(current_setting($12, $13), $14) AS response_status, $15 AS response_inserted FROM (SELECT ""get_filter_counts"".* FROM ""pgrst_source"" AS ""get_filter_counts""   LIMIT $2 OFFSET $3) _postgrest_t",2,2,6836.993458,3418.496729,6184.692006,2766.195277,0,52741,25159,1960,0,0,0,5520,1380,1966,1954,3468159
-1757245125923883727,postgres,postgres,"with params as materialized (
    select nullif(trim($1), $2) query_text,
      greatest($3, least(coalesce($4, $5), $6)) page_limit,
      greatest(coalesce($7, $8), $9) page_offset,
      greatest(coalesce($10::real, $11), $12)::real min_rank
    where public.require_dam_access()
  ), queries as materialized (
    select websearch_to_tsquery($13, q.query_text) tsq,
      $14 || q.query_text || $15 like_pattern,
      length(q.query_text) >= $16 allow_substring
    from params p
    cross join public.expand_dam_search_queries(p.query_text) q
    where p.query_text is not null
  ), keyword_candidates as materialized (
    select d.document_type, d.entity_id, d.asset_id, d.style_group_id,
      greatest(ts_rank_cd(d.search_tsv, q.tsq), $17)::real keyword_rank
    from queries q
    join public.dam_search_documents d on d.search_tsv @@ q.tsq
    where $18::text[] is null or d.document_type = any($19::text[])
    union all
    select d.document_type, d.entity_id, d.asset_id, d.style_group_id,
      case when d.title ilike q.like_pattern then $20
           when d.path ilike q.like_pattern then $21
           when d.customer ilike q.like_pattern or d.program ilike q.like_pattern then $22
           else $23 end::real keyword_rank
    from queries q
    join public.dam_search_documents d on q.allow_substring and (
      d.title ilike q.like_pattern or d.path ilike q.like_pattern
      or d.customer ilike q.like_pattern or d.program ilike q.like_pattern
    )
    where $24::text[] is null or d.document_type = any($25::text[])
  ), semantic_candidates as materialized (
    select d.document_type, d.entity_id, d.asset_id, d.style_group_id,
      greatest($26, $27 - (d.embedding <=> $28::extensions.vector))::real semantic_rank
    from params p
    join public.dam_search_documents d
      on $29::extensions.vector is not null and d.embedding is not null
    where $30::text[] is null or d.document_type = any($31::text[])
    order by d.embedding <=> $32::extensions.vector
   ",2,200,6804.051063,3402.0255315,6054.518242,2652.4927105,0,121264,8214,15,0,0,0,13696,4538,46,12,45974
4301620166271931446,supabase_read_only_user,postgres,"explain (analyze,buffers,format json,timing true,summary true) with opa_scope_latest as materialized (
    select distinct on (
      m.licensed_property_id, m.region_code, m.branch_code,
      m.line_of_business_id, m.product_type_code, m.template_id, m.workflow_id
    )
      m.licensed_property_id, m.branch_code
    from plm.opa_property_scope_membership m
    where m.approval_status = $1
    order by m.licensed_property_id, m.region_code, m.branch_code,
      m.line_of_business_id, m.product_type_code, m.template_id, m.workflow_id,
      m.source_captured_at desc, m.created_at desc, m.membership_id desc
  ), opa_scope_summary as materialized (
    select licensed_property_id,
      count(distinct branch_code) as scope_count,
      min(branch_code) as studio_code
    from opa_scope_latest
    group by licensed_property_id
  ), opa_studio_summary as materialized (
    select r.licensed_property_id,
      case
        when count(*) filter (where r.resolution_status = $2) > $3
          or count(distinct r.studio_code) filter (where r.resolution_status = $4) > $5
          then $6
        when count(*) filter (where r.resolution_status = $7) = $8 then $9
        else $10
      end as resolution_status,
      case
        when count(*) filter (where r.resolution_status = $11) = $12
          and count(*) filter (where r.resolution_status = $13) = $14
          then min(r.studio_code) filter (where r.resolution_status = $15)
      end as studio_code
    from plm.opa_property_studio_resolution r
    group by r.licensed_property_id
  ), dcp_current_resolution as materialized (
    select distinct on (r.source_system, r.source_table, r.source_property_id)
      r.resolution_id, r.source_system, r.source_table, r.source_property_id,
      r.contract_asserted_studio_code
    from plm.dcp_opa_property_resolution r
    where r.approval_status = $16
      and not exists (
        select $17 from plm.dcp_opa_property_resolution newer
        where newer.supersedes_resolution_i",1,0,6721.522929,6721.522929,6721.522929,0,0,1890481,6231,0,0,0,0,659,660,2,0,122
-4425658799522648977,authenticated,postgres,"WITH pgrst_source AS ( SELECT ""core"".""licensor"".""id"", ""core"".""licensor"".""name"" FROM ""core"".""licensor""  ORDER BY ""core"".""licensor"".""name"" ASC  LIMIT $1 OFFSET $2 )  SELECT $3::bigint AS total_result_set, pg_catalog.count(_postgrest_t) AS page_total, coalesce(json_agg(_postgrest_t), $4) AS body, nullif(current_setting($5, $6), $7) AS response_headers, nullif(current_setting($8, $9), $10) AS response_status, $11 AS response_inserted FROM ( SELECT * FROM pgrst_source ) _postgrest_t",31,31,6641.810267,214.251944096774,391.950751,85.6865338200236,0,22346,159,0,0,0,0,0,0,0,0,0
9040081736878613003,postgres,postgres,"select json_build_object(
$1,public.get_sg_preview_stats(),
$2,public.count_pdf_backfill_remaining(),
$3,(select count(*) from public.sku_files_used where style_guide_file_id is not null),
$4,(select count(*) from public.sku_files_used where style_guide_file_id is null),
$5,(select count(*) from public.style_guide_files where is_active and nullif(tag_search_text,$6) is not null)
)",1,1,6612.935403,6612.935403,6612.935403,0,0,121429,19722,62,4001,0,0,0,0,106,62,187499
7223610950912267817,supabase_read_only_user,postgres,"explain (analyze, buffers)
with b as materialized (select (value #>> $1)::timestamptz d from public.admin_config where key=$2),
f as materialized (select $3::jsonb v),
identity_asset_ids as (
  select a.id from public.assets a, f
  where nullif(f.v->>$4,$5) is not null and a.style_group_id is null
    and a.licensor_id = (f.v->>$6)::uuid
  union all
  select a.id from public.style_groups sg join public.assets a on a.style_group_id=sg.id, f
  where nullif(f.v->>$7,$8) is not null and sg.licensor_id = (f.v->>$9)::uuid
),
matched as materialized (
  select a.file_type, a.status, a.workflow_status, a.stage, a.is_licensed
  from public.assets a cross join b cross join f
  where nullif(f.v->>$10,$11) is null
    and a.is_deleted = $12
    and (a.modified_at >= b.d or a.file_created_at >= b.d or a.thumbnail_url is not null)
  union all
  select a.file_type, a.status, a.workflow_status, a.stage, a.is_licensed
  from identity_asset_ids i join public.assets a on a.id = i.id cross join b cross join f
  where nullif(f.v->>$13,$14) is not null
    and a.is_deleted = $15
    and (a.modified_at >= b.d or a.file_created_at >= b.d or a.thumbnail_url is not null)
)
select count(*) from matched

-- source: POST /v1/projects/:ref/database/query
-- user: pat:8463633
-- date: 2026-09-02T04:44:26.324Z",1,0,6589.638329,6589.638329,6589.638329,0,0,12517,25603,74,0,0,0,0,691,85,73,133946
-6719042958420779256,service_role,postgres,"WITH pgrst_source AS (UPDATE ""public"".""style_guide_files"" SET ""thumbnail_error"" = ""pgrst_body"".""thumbnail_error"", ""thumbnail_url"" = ""pgrst_body"".""thumbnail_url"" FROM (SELECT $1 AS json_data) pgrst_payload, LATERAL (SELECT ""thumbnail_error"", ""thumbnail_url"" FROM json_to_record(pgrst_payload.json_data) AS _(""thumbnail_error"" text, ""thumbnail_url"" text) ) pgrst_body  WHERE  ""public"".""style_guide_files"".""id"" = $2 RETURNING $3) SELECT $4 AS total_result_set, pg_catalog.count(_postgrest_t) AS page_total, array[]::text[] AS header, $5::text AS body, nullif(current_setting($6, $7), $8) AS response_headers, nullif(current_setting($9, $10), $11) AS response_status, $12 AS response_inserted FROM (SELECT * FROM pgrst_source) _postgrest_t",2208,2208,6562.792556,2.97227923731884,2509.401664,59.9413140952279,0,164116,7990,12587,280,0,0,0,0,50839,8644,34369541
6869571573701951588,authenticated,postgres,"WITH pgrst_source AS ( SELECT ""api"".""dam_order_list"".""order_line_id"" FROM ""api"".""dam_order_list""   LIMIT $1 OFFSET $2 ) , pgrst_source_count AS (SELECT $3  FROM ""api"".""dam_order_list"") SELECT (SELECT pg_catalog.count(*) FROM pgrst_source_count) AS total_result_set, pg_catalog.count(_postgrest_t) AS page_total, $4::text AS body, nullif(current_setting($5, $6), $7) AS response_headers, nullif(current_setting($8, $9), $10) AS response_status, $11 AS response_inserted FROM ( SELECT * FROM pgrst_source ) _postgrest_t",8,8,6464.440898,808.05511225,2353.749675,907.461456006904,0,74840,7599,1,0,0,0,0,0,1,1,5570
554964158386959758,service_role,postgres,"WITH pgrst_source AS ( SELECT ""crm"".""opportunity"".""id"", ""crm"".""opportunity"".""name"", ""crm"".""opportunity"".""company_id"", ""crm"".""opportunity"".""department_id"", ""crm"".""opportunity"".""sales_order_number"", ""crm"".""opportunity"".""production_po_number"" FROM ""crm"".""opportunity"" WHERE NOT ""crm"".""opportunity"".""stage"" = ANY ($1)  AND  ""crm"".""opportunity"".""company_id"" = $2   LIMIT $3 OFFSET $4 )  SELECT $5::bigint AS total_result_set, pg_catalog.count(_postgrest_t) AS page_total, coalesce(json_agg(_postgrest_t), $6) AS body, nullif(current_setting($7, $8), $9) AS response_headers, nullif(current_setting($10, $11), $12) AS response_status, $13 AS response_inserted FROM ( SELECT * FROM pgrst_source ) _postgrest_t",247183,247183,6375.33097700004,0.0257919475732559,2.409174,0.0235087532792965,0,494364,2,0,0,0,0,0,0,0,0,0
1337845518704088457,authenticated,postgres,"WITH pgrst_source AS ( SELECT ""public"".""style_tracker_rows_with_bridge"".""id"" FROM ""public"".""style_tracker_rows_with_bridge"" WHERE  ""public"".""style_tracker_rows_with_bridge"".""source_sheet"" = $1   LIMIT $2 OFFSET $3 ) , pgrst_source_count AS (SELECT $5  FROM ""public"".""style_tracker_rows_with_bridge"" WHERE  ""public"".""style_tracker_rows_with_bridge"".""source_sheet"" = $4) SELECT (SELECT pg_catalog.count(*) FROM pgrst_source_count) AS total_result_set, pg_catalog.count(_postgrest_t) AS page_total, $6::text AS body, nullif(current_setting($7, $8), $9) AS response_headers, nullif(current_setting($10, $11), $12) AS response_status, $13 AS response_inserted FROM ( SELECT * FROM pgrst_source ) _postgrest_t",29,29,6283.832471,216.683878310345,1186.917197,210.361981846761,0,42907,80032,0,0,0,0,0,0,0,0,0
-2272335309068898356,authenticated,postgres,"WITH pgrst_source AS (SELECT pgrst_call.pgrst_scalar FROM (SELECT $1 AS json_data) pgrst_payload, LATERAL (SELECT ""p_business_unit"" FROM json_to_record(pgrst_payload.json_data) AS _(""p_business_unit"" text) LIMIT $4) pgrst_body , LATERAL (SELECT ""api"".""pm_department_report""(""p_business_unit"" := pgrst_body.""p_business_unit"") pgrst_scalar) pgrst_call) SELECT $5::bigint AS total_result_set, $6 AS page_total, coalesce(json_agg(_postgrest_t.pgrst_scalar)->$7, $8) AS body, nullif(current_setting($9, $10), $11) AS response_headers, nullif(current_setting($12, $13), $14) AS response_status, $15 AS response_inserted FROM (SELECT ""pm_department_report"".* FROM ""pgrst_source"" AS ""pm_department_report""   LIMIT $2 OFFSET $3) _postgrest_t",3,3,6235.041653,2078.34721766667,2618.606983,382.117109242848,0,367972,21317,1,0,0,0,0,0,3,1,5375
2833914213800123181,authenticated,postgres,"WITH pgrst_source AS (SELECT ""pgrst_call"".* FROM ""public"".""refresh_style_tracker_item_bridge""() pgrst_call) SELECT $3::bigint AS total_result_set, pg_catalog.count(_postgrest_t) AS page_total, coalesce(json_agg(_postgrest_t), $4) AS body, nullif(current_setting($5, $6), $7) AS response_headers, nullif(current_setting($8, $9), $10) AS response_status, $11 AS response_inserted FROM (SELECT ""record"".* FROM ""pgrst_source"" AS ""record""   LIMIT $1 OFFSET $2) _postgrest_t",1,1,6193.992966,6193.992966,6193.992966,0,0,725119,13,247,2,0,0,6978,2326,177269,188,37929428
8666304547376524118,supabase_read_only_user,postgres,"explain (analyze,buffers,format json,timing true,summary true) with opa_scope_latest as materialized (
    select distinct on (
      m.licensed_property_id, m.region_code, m.branch_code,
      m.line_of_business_id, m.product_type_code, m.template_id, m.workflow_id
    )
      m.licensed_property_id, m.branch_code
    from plm.opa_property_scope_membership m
    where m.approval_status = $1
    order by m.licensed_property_id, m.region_code, m.branch_code,
      m.line_of_business_id, m.product_type_code, m.template_id, m.workflow_id,
      m.source_captured_at desc, m.created_at desc, m.membership_id desc
  ), opa_scope_summary as materialized (
    select licensed_property_id,
      count(distinct branch_code) as scope_count,
      min(branch_code) as studio_code
    from opa_scope_latest
    group by licensed_property_id
  ), opa_studio_summary as materialized (
    select r.licensed_property_id,
      case
        when count(*) filter (where r.resolution_status = $2) > $3
          or count(distinct r.studio_code) filter (where r.resolution_status = $4) > $5
          then $6
        when count(*) filter (where r.resolution_status = $7) = $8 then $9
        else $10
      end as resolution_status,
      case
        when count(*) filter (where r.resolution_status = $11) = $12
          and count(*) filter (where r.resolution_status = $13) = $14
          then min(r.studio_code) filter (where r.resolution_status = $15)
      end as studio_code
    from plm.opa_property_studio_resolution r
    group by r.licensed_property_id
  ), dcp_current_resolution as materialized (
    select distinct on (r.source_system, r.source_table, r.source_property_id)
      r.resolution_id, r.source_system, r.source_table, r.source_property_id,
      r.contract_asserted_studio_code
    from plm.dcp_opa_property_resolution r
    where r.approval_status = $16
      and not exists (
        select $17 from plm.dcp_opa_property_resolution newer
        where newer.supersedes_resolution_i",1,0,6152.037691,6152.037691,6152.037691,0,0,107232,443,0,0,0,0,38152,44176,0,0,0
-9172451651300148137,service_role,postgres,"WITH pgrst_source AS (UPDATE ""public"".""assets"" SET ""division_code"" = ""pgrst_body"".""division_code"", ""division_name"" = ""pgrst_body"".""division_name"", ""file_created_at"" = ""pgrst_body"".""file_created_at"", ""file_size"" = ""pgrst_body"".""file_size"", ""file_type"" = ""pgrst_body"".""file_type"", ""filename"" = ""pgrst_body"".""filename"", ""height"" = ""pgrst_body"".""height"", ""is_licensed"" = ""pgrst_body"".""is_licensed"", ""last_seen_at"" = ""pgrst_body"".""last_seen_at"", ""licensor_code"" = ""pgrst_body"".""licensor_code"", ""licensor_id"" = ""pgrst_body"".""licensor_id"", ""licensor_name"" = ""pgrst_body"".""licensor_name"", ""mg01_code"" = ""pgrst_body"".""mg01_code"", ""mg01_name"" = ""pgrst_body"".""mg01_name"", ""mg02_code"" = ""pgrst_body"".""mg02_code"", ""mg02_name"" = ""pgrst_body"".""mg02_name"", ""mg03_code"" = ""pgrst_body"".""mg03_code"", ""mg03_name"" = ""pgrst_body"".""mg03_name"", ""modified_at"" = ""pgrst_body"".""modified_at"", ""property_code"" = ""pgrst_body"".""property_code"", ""property_id"" = ""pgrst_body"".""property_id"", ""property_name"" = ""pgrst_body"".""property_name"", ""quick_hash"" = ""pgrst_body"".""quick_hash"", ""quick_hash_version"" = ""pgrst_body"".""quick_hash_version"", ""size_code"" = ""pgrst_body"".""size_code"", ""size_name"" = ""pgrst_body"".""size_name"", ""sku"" = ""pgrst_body"".""sku"", ""sku_sequence"" = ""pgrst_body"".""sku_sequence"", ""thumbnail_error"" = ""pgrst_body"".""thumbnail_error"", ""width"" = ""pgrst_body"".""width"", ""workflow_status"" = ""pgrst_body"".""workflow_status"" FROM (SELECT $1 AS json_data) pgrst_payload, LATERAL (SELECT ""division_code"", ""division_name"", ""file_created_at"", ""file_size"", ""file_type"", ""filename"", ""height"", ""is_licensed"", ""last_seen_at"", ""licensor_code"", ""licensor_id"", ""licensor_name"", ""mg01_code"", ""mg01_name"", ""mg02_code"", ""mg02_name"", ""mg03_code"", ""mg03_name"", ""modified_at"", ""property_code"", ""property_id"", ""property_name"", ""quick_hash"", ""quick_hash_version"", ""size_code"", ""size_name"", ""sku"", ""sku_sequence"", ""thumbnail_error"", ""width"", ""workflow_status"" FROM json_to_record(pgrst_payload.json_data) AS _(""division_code"" text, ""division_name"" tex",753,753,6142.81209800001,8.15778499070384,59.27157,4.01166418637258,0,89529,4518,4791,114,0,0,0,0,14814,4516,17822264
8691384460304764982,authenticated,postgres,"WITH pgrst_source AS ( SELECT ""api"".""opa_property_reconciliation"".""licensed_property_id"", ""api"".""opa_property_reconciliation"".""opa_property_name"" FROM ""api"".""opa_property_reconciliation"" WHERE  ""api"".""opa_property_reconciliation"".""licensed_property_id"" = ANY ($1)    LIMIT $2 OFFSET $3 )  SELECT $4::bigint AS total_result_set, pg_catalog.count(_postgrest_t) AS page_total, coalesce(json_agg(_postgrest_t), $5) AS body, nullif(current_setting($6, $7), $8) AS response_headers, nullif(current_setting($9, $10), $11) AS response_status, $12 AS response_inserted FROM ( SELECT * FROM pgrst_source ) _postgrest_t",8,8,6044.734311,755.591788875,1238.22979,440.721529782534,0,50290,754,0,0,0,0,0,0,0,0,0
-1375260487211596062,service_role,postgres,"WITH pgrst_source AS ( SELECT ""public"".""assets"".""id"" FROM ""public"".""assets"" WHERE  ""public"".""assets"".""is_deleted"" = $1   LIMIT $2 OFFSET $3 ) , pgrst_source_count AS (SELECT $5  FROM ""public"".""assets"" WHERE  ""public"".""assets"".""is_deleted"" = $4) SELECT (SELECT pg_catalog.count(*) FROM pgrst_source_count) AS total_result_set, pg_catalog.count(_postgrest_t) AS page_total, $6::text AS body, nullif(current_setting($7, $8), $9) AS response_headers, nullif(current_setting($10, $11), $12) AS response_status, $13 AS response_inserted FROM ( SELECT * FROM pgrst_source ) _postgrest_t",3,3,6019.733125,2006.57770833333,3329.369021,1318.93706028337,0,101747,12264,1071,0,0,0,0,0,1093,1071,2382016
-1091260087087531319,postgres,postgres,"select jsonb_build_object(
$1, public.count_pdf_backfill_remaining(),
$2, (select count(*) from public.pdf_text_samples),
$3, (select count(*) from public.pdf_text_samples where coalesce(char_count,$4)>$5),
$6, (select count(*) from public.pdf_text_samples where coalesce(char_count,$7)=$8),
$9,(select count(*) from public.sku_files_used where style_guide_file_id is not null),
$10,(select count(*) from public.sku_files_used where style_guide_file_id is null),
$11,(select jsonb_agg(to_jsonb(x)) from (select id,status,started_at,completed_at,files_found,coalesce(cardinality(inaccessible_roots),$12) inaccessible_root_count from public.style_guide_crawl_runs order by started_at desc limit $13) x)
) baseline",1,1,5847.622871,5847.622871,5847.622871,0,0,51915,20050,33,468,0,0,0,0,53,33,114188
5012998718673906360,postgres,postgres,"-- Issue #1881: durable Warner entity lifecycle. No source rows are included.

alter table plm.wb_asset_normalized
  add column status text not null default 'active',
  add column withdrawn_at timestamptz,
  add column first_withdrawn_at timestamptz,
  add column change_signal text generated always as (source_hash) stored,
  add constraint wb_asset_normalized_lifecycle_status_chk
    check (status in ('active', 'withdrawn')),
  add constraint wb_asset_normalized_withdrawn_at_chk
    check ((status = 'withdrawn') = (withdrawn_at is not null))",1,0,5643.479846,5643.479846,5643.479846,0,0,24527,51741,18914,35712,0,0,1743,1739,148095,2021,159712170
-1572449443415218544,supabase_read_only_user,postgres,"select (select count(*) from public.assets) as assets_all,
 (select count(*) from public.assets where is_deleted=$1) as assets_live,
 (select count(*) from public.style_groups) as style_groups,
 (select count(*) from public.asset_effective_tags) as eff_tags

-- source: POST /v1/projects/:ref/database/query
-- user: pat:8463633
-- date: 2026-09-03T00:27:53.598Z",1,1,5610.929087,5610.929087,5610.929087,0,0,119701,30507,2018,0,0,0,0,0,2056,2001,4452407
-8129193835705095231,authenticated,postgres,"WITH pgrst_source AS (SELECT ""pgrst_call"".* FROM ""public"".""get_dam_material_facets""() pgrst_call) SELECT $3::bigint AS total_result_set, pg_catalog.count(_postgrest_t) AS page_total, coalesce(json_agg(_postgrest_t), $4) AS body, nullif(current_setting($5, $6), $7) AS response_headers, nullif(current_setting($8, $9), $10) AS response_status, $11 AS response_inserted FROM (SELECT ""record"".* FROM ""pgrst_source"" AS ""record""   LIMIT $1 OFFSET $2) _postgrest_t",41,41,5572.898199,135.924346317073,282.881789,57.5958689769284,0,32284,68887,423,1640,0,0,0,0,444,245,605350
5313788921426493005,supabase_read_only_user,postgres,"select (select count(*) from public.assets) as assets_total,
       (select count(*) from public.style_groups) as style_groups_total,
       (select count(*) from public.dam_character_catalog) as dam_char_catalog_rows,
       (select count(*) from plm.style_tracker_item_bridge where public_licensor_id=$1) as disney_bridge_rows,
       (select count(*) from public.licensors where external_id in ($2,$3)) as target_codes_taken",1,1,5551.95411,5551.95411,5551.95411,0,0,1450,25064,689,30,0,0,0,0,692,689,716036
4280501332577693774,postgres,postgres,"explain (analyze,buffers,timing off,summary true) with q as materialized (select websearch_to_tsquery($1,query_text) tsq from public.expand_dam_search_queries($2)) select count(*) from q join public.dam_search_documents d on d.search_tsv@@q.tsq",1,0,5425.664168,5425.664168,5425.664168,0,0,6327,19733,1,1125,0,0,0,0,66,0,3700
-4929500781591525985,supabase_read_only_user,postgres,"select current_setting($1) st, (select count(*) from public.assets) assets, (select count(*) from public.style_groups) sgs, pg_get_functiondef($2::regprocedure) rda",1,1,5422.655213,5422.655213,5422.655213,0,0,2029,14061,214,0,0,0,0,0,245,214,435029
-3076875962393720596,postgres,postgres,"with f as (
      
-- CTE with sane arg_modes, arg_names, and arg_types.
-- All three are always of the same length.
-- All three include all args, including OUT and TABLE args.
with functions as (
  select
    *,
    -- proargmodes is null when all arg modes are IN
    coalesce(
      p.proargmodes,
      array_fill($1::text, array[cardinality(coalesce(p.proallargtypes, p.proargtypes))])
    ) as arg_modes,
    -- proargnames is null when all args are unnamed
    coalesce(
      p.proargnames,
      array_fill($2::text, array[cardinality(coalesce(p.proallargtypes, p.proargtypes))])
    ) as arg_names,
    -- proallargtypes is null when all arg modes are IN
    coalesce(p.proallargtypes, p.proargtypes) as arg_types,
    array_cat(
      array_fill($3, array[pronargs - pronargdefaults]),
      array_fill($4, array[pronargdefaults])) as arg_has_defaults
  from
    pg_proc as p
  where
    p.prokind in ($5, $6)
)
select
  f.oid as id,
  n.nspname as schema,
  f.proname as name,
  l.lanname as language,
  case f.prokind
    when $7 then $8
    when $9 then $10
    when $11 then $12
    when $13 then $14
    else $15
  end as type,
  case
    when l.lanname = $16 then $17
    else f.prosrc
  end as definition,
  case
    when l.lanname = $18 then f.prosrc
    else pg_get_functiondef(f.oid)
  end as complete_statement,
  coalesce(f_args.args, $19) as args,
  pg_get_function_arguments(f.oid) as argument_types,
  pg_get_function_identity_arguments(f.oid) as identity_argument_types,
  f.prorettype as return_type_id,
  pg_get_function_result(f.oid) as return_type,
  nullif(rt.typrelid, $20) as return_type_relation_id,
  f.proretset as is_set_returning_function,
  case
    when f.provolatile = $21 then $22
    when f.provolatile = $23 then $24
    when f.provolatile = $25 then $26
  end as behavior,
  f.prosecdef as security_definer,
  f_config.config_params as config_params
from
  functions f
  left join pg_namespace n on f.pronamespace = n.oid
  left join pg_language l on f.",7,5901,5407.164373,772.452053285714,1123.279912,331.491890048301,0,27341,358,2,0,0,0,455,3962,3,2,1702
-8829265200766291108,service_role,postgres,"WITH pgrst_source AS (SELECT pgrst_call.pgrst_scalar FROM (SELECT $1 AS json_data) pgrst_payload, LATERAL (SELECT ""p_cursor_key"", ""p_purpose"", ""p_owner_identity"", ""p_delta_link"", ""p_expected_version"" FROM json_to_record(pgrst_payload.json_data) AS _(""p_cursor_key"" text, ""p_purpose"" text, ""p_owner_identity"" text, ""p_delta_link"" text, ""p_expected_version"" uuid) LIMIT $4) pgrst_body , LATERAL (SELECT ""crm"".""save_worker_delta_cursor""(""p_cursor_key"" := pgrst_body.""p_cursor_key"", ""p_purpose"" := pgrst_body.""p_purpose"", ""p_owner_identity"" := pgrst_body.""p_owner_identity"", ""p_delta_link"" := pgrst_body.""p_delta_link"", ""p_expected_version"" := pgrst_body.""p_expected_version"") pgrst_scalar) pgrst_call) SELECT $5::bigint AS total_result_set, $6 AS page_total, coalesce(json_agg(_postgrest_t.pgrst_scalar)->$7, $8) AS body, nullif(current_setting($9, $10), $11) AS response_headers, nullif(current_setting($12, $13), $14) AS response_status, $15 AS response_inserted FROM (SELECT ""save_worker_delta_cursor"".* FROM ""pgrst_source"" AS ""save_worker_delta_cursor""   LIMIT $2 OFFSET $3) _postgrest_t",1314,1314,5378.870385,4.09350866438356,29.580449,3.2813703173955,0,115537,1071,30,50,0,0,0,0,2639,24,1000510
7432828585224685791,service_role,postgres,"WITH pgrst_source AS (UPDATE ""public"".""style_groups"" SET ""division_code"" = ""pgrst_body"".""division_code"", ""division_name"" = ""pgrst_body"".""division_name"", ""licensor_code"" = ""pgrst_body"".""licensor_code"", ""licensor_id"" = ""pgrst_body"".""licensor_id"", ""licensor_name"" = ""pgrst_body"".""licensor_name"", ""mg01_code"" = ""pgrst_body"".""mg01_code"", ""mg01_name"" = ""pgrst_body"".""mg01_name"", ""mg02_code"" = ""pgrst_body"".""mg02_code"", ""mg02_name"" = ""pgrst_body"".""mg02_name"", ""mg03_code"" = ""pgrst_body"".""mg03_code"", ""mg03_name"" = ""pgrst_body"".""mg03_name"", ""property_code"" = ""pgrst_body"".""property_code"", ""property_id"" = ""pgrst_body"".""property_id"", ""property_name"" = ""pgrst_body"".""property_name"", ""size_code"" = ""pgrst_body"".""size_code"", ""size_name"" = ""pgrst_body"".""size_name"" FROM (SELECT $1 AS json_data) pgrst_payload, LATERAL (SELECT ""division_code"", ""division_name"", ""licensor_code"", ""licensor_id"", ""licensor_name"", ""mg01_code"", ""mg01_name"", ""mg02_code"", ""mg02_name"", ""mg03_code"", ""mg03_name"", ""property_code"", ""property_id"", ""property_name"", ""size_code"", ""size_name"" FROM json_to_record(pgrst_payload.json_data) AS _(""division_code"" text, ""division_name"" text, ""licensor_code"" text, ""licensor_id"" uuid, ""licensor_name"" text, ""mg01_code"" text, ""mg01_name"" text, ""mg02_code"" text, ""mg02_name"" text, ""mg03_code"" text, ""mg03_name"" text, ""property_code"" text, ""property_id"" uuid, ""property_name"" text, ""size_code"" text, ""size_name"" text) ) pgrst_body  WHERE  ""public"".""style_groups"".""id"" = $2 RETURNING ""public"".""style_groups"".""id"") SELECT $3 AS total_result_set, pg_catalog.count(_postgrest_t) AS page_total, array[]::text[] AS header, coalesce(json_agg(_postgrest_t)->$4, $5) AS body, nullif(current_setting($6, $7), $8) AS response_headers, nullif(current_setting($9, $10), $11) AS response_status, $12 AS response_inserted FROM (SELECT ""style_groups"".""id"" FROM ""pgrst_source"" AS ""style_groups""   ) _postgrest_t",216,216,5368.610918,24.8546801759259,2452.509637,165.710168875436,0,55853,9262,7486,55,0,0,0,0,11537,6922,15538223
4868794970434878014,supabase_admin,postgres,"SELECT case when pg_is_in_recovery() then $2 else (pg_walfile_name_offset(lsn)).file_name end, lsn::text, pg_is_in_recovery() FROM pg_backup_start($1, $3) lsn",7,7,4958.748345,708.392620714286,954.242072,276.526409407012,0,0,0,0,0,0,0,0,0,7,0,168
3739114171066344472,authenticated,postgres,"WITH pgrst_source AS ( SELECT ""public"".""assets"".* FROM ""public"".""assets"" WHERE  ( ""public"".""assets"".""modified_at"" >= $1 OR  ""public"".""assets"".""file_created_at"" >= $2 OR NOT ""public"".""assets"".""thumbnail_url"" IS NULL) AND  ""public"".""assets"".""is_deleted"" = $3  ORDER BY ""public"".""assets"".""modified_at"" DESC  LIMIT $4 OFFSET $5 ) , pgrst_source_count AS (SELECT $9  FROM ""public"".""assets"" WHERE  ( ""public"".""assets"".""modified_at"" >= $6 OR  ""public"".""assets"".""file_created_at"" >= $7 OR NOT ""public"".""assets"".""thumbnail_url"" IS NULL) AND  ""public"".""assets"".""is_deleted"" = $8) SELECT (SELECT pg_catalog.count(*) FROM pgrst_source_count) AS total_result_set, pg_catalog.count(_postgrest_t) AS page_total, coalesce(json_agg(_postgrest_t), $10) AS body, nullif(current_setting($11, $12), $13) AS response_headers, nullif(current_setting($14, $15), $16) AS response_status, $17 AS response_inserted FROM ( SELECT * FROM pgrst_source ) _postgrest_t",4,4,4922.510169,1230.62754225,3468.543509,1341.64352103362,0,128209,26763,1648,0,0,0,0,0,1651,1648,2786169
1933651717437651302,service_role,postgres,"WITH pgrst_source AS ( SELECT ""crm"".""email_message"".""id"", ""crm"".""email_message"".""subject"", ""crm"".""email_message"".""sender"", ""crm"".""email_message"".""recipients"" FROM ""crm"".""email_message"" WHERE  ""crm"".""email_message"".""id"" > $1  ORDER BY ""crm"".""email_message"".""id"" ASC  LIMIT $2 OFFSET $3 )  SELECT $4::bigint AS total_result_set, pg_catalog.count(_postgrest_t) AS page_total, coalesce(json_agg(_postgrest_t), $5) AS body, nullif(current_setting($6, $7), $8) AS response_headers, nullif(current_setting($9, $10), $11) AS response_status, $12 AS response_inserted FROM ( SELECT * FROM pgrst_source ) _postgrest_t",242,242,4893.634404,20.221629768595,111.608126,24.3837926276632,0,92820,10926,4,3187,0,0,0,0,4,4,9396
6844497792291254095,service_role,postgres,"WITH pgrst_source AS (UPDATE ""public"".""style_groups"" SET ""mg03_code"" = ""pgrst_body"".""mg03_code"", ""mg03_name"" = ""pgrst_body"".""mg03_name"" FROM (SELECT $1 AS json_data) pgrst_payload, LATERAL (SELECT ""mg03_code"", ""mg03_name"" FROM json_to_record(pgrst_payload.json_data) AS _(""mg03_code"" text, ""mg03_name"" text) ) pgrst_body  WHERE  ""public"".""style_groups"".""id"" = $2 RETURNING ""public"".""style_groups"".""id"") SELECT $3 AS total_result_set, pg_catalog.count(_postgrest_t) AS page_total, array[]::text[] AS header, coalesce(json_agg(_postgrest_t)->$4, $5) AS body, nullif(current_setting($6, $7), $8) AS response_headers, nullif(current_setting($9, $10), $11) AS response_status, $12 AS response_inserted FROM (SELECT ""style_groups"".""id"" FROM ""pgrst_source"" AS ""style_groups""   ) _postgrest_t",469,469,4882.911923,10.4113260618337,2500.082055,115.187045379649,0,97002,6439,6501,8,0,0,0,0,12964,6052,15214589
-106527505306152373,service_role,postgres,"WITH pgrst_source AS (INSERT INTO ""crm"".""email_message""(""body_preview"", ""company_id"", ""department_id"", ""detected_po_numbers"", ""detected_so_numbers"", ""external_id"", ""external_source"", ""opportunity_id"", ""outlook_message_id"", ""received_at"", ""recipients"", ""routing_method"", ""routing_status"", ""sender"", ""subject"") SELECT ""pgrst_body"".""body_preview"", ""pgrst_body"".""company_id"", ""pgrst_body"".""department_id"", ""pgrst_body"".""detected_po_numbers"", ""pgrst_body"".""detected_so_numbers"", ""pgrst_body"".""external_id"", ""pgrst_body"".""external_source"", ""pgrst_body"".""opportunity_id"", ""pgrst_body"".""outlook_message_id"", ""pgrst_body"".""received_at"", ""pgrst_body"".""recipients"", ""pgrst_body"".""routing_method"", ""pgrst_body"".""routing_status"", ""pgrst_body"".""sender"", ""pgrst_body"".""subject"" FROM (SELECT $1 AS json_data) pgrst_payload, LATERAL (SELECT ""body_preview"", ""company_id"", ""department_id"", ""detected_po_numbers"", ""detected_so_numbers"", ""external_id"", ""external_source"", ""opportunity_id"", ""outlook_message_id"", ""received_at"", ""recipients"", ""routing_method"", ""routing_status"", ""sender"", ""subject"" FROM json_to_record(pgrst_payload.json_data) AS _(""body_preview"" text, ""company_id"" uuid, ""department_id"" uuid, ""detected_po_numbers"" text, ""detected_so_numbers"" text, ""external_id"" text, ""external_source"" text, ""opportunity_id"" uuid, ""outlook_message_id"" text, ""received_at"" timestamp with time zone, ""recipients"" text, ""routing_method"" text, ""routing_status"" text, ""sender"" text, ""subject"" text) ) pgrst_body  RETURNING $2) SELECT $3 AS total_result_set, pg_catalog.count(_postgrest_t) AS page_total, array[]::text[] AS header, $4::text AS body, nullif(current_setting($5, $6), $7) AS response_headers, nullif(current_setting($8, $9), $10) AS response_status, $11 AS response_inserted FROM (SELECT * FROM pgrst_source) _postgrest_t",484,484,4746.14406800001,9.80608278512396,278.808019,16.3233996694565,0,73766,4019,2866,312,0,0,0,0,5262,2765,7845730
-1007379816211925387,supabase_read_only_user,postgres,select distinct licensor_id::text from public.assets where licensor_id::text like $1,1,1,4584.991508,4584.991508,4584.991508,0,0,12314,6352,88,0,0,0,0,0,93,87,167041
-5627236036565850805,authenticated,postgres,"WITH pgrst_source AS ( SELECT ""core"".""packaging_type"".""id"", ""core"".""packaging_type"".""name"" FROM ""core"".""packaging_type"" WHERE  ""core"".""packaging_type"".""status"" = $1  ORDER BY ""core"".""packaging_type"".""name"" ASC  LIMIT $2 OFFSET $3 )  SELECT $4::bigint AS total_result_set, pg_catalog.count(_postgrest_t) AS page_total, coalesce(json_agg(_postgrest_t), $5) AS body, nullif(current_setting($6, $7), $8) AS response_headers, nullif(current_setting($9, $10), $11) AS response_status, $12 AS response_inserted FROM ( SELECT * FROM pgrst_source ) _postgrest_t",29,29,4538.299109,156.493072724138,281.006203,81.469651104453,0,16768,90,0,0,0,0,0,0,0,0,0
-7331759058511599601,authenticated,postgres,"WITH pgrst_source AS ( SELECT ""public"".""style_groups"".* FROM ""public"".""style_groups"" WHERE  ( ""public"".""style_groups"".""latest_file_date"" >= $1 OR  ( ""public"".""style_groups"".""latest_file_date"" IS NULL AND  ""public"".""style_groups"".""asset_count"" > $2))   LIMIT $3 OFFSET $4 ) , pgrst_source_count AS (SELECT $7  FROM ""public"".""style_groups"" WHERE  ( ""public"".""style_groups"".""latest_file_date"" >= $5 OR  ( ""public"".""style_groups"".""latest_file_date"" IS NULL AND  ""public"".""style_groups"".""asset_count"" > $6))) SELECT (SELECT pg_catalog.count(*) FROM pgrst_source_count) AS total_result_set, pg_catalog.count(_postgrest_t) AS page_total, $8::text AS body, nullif(current_setting($9, $10), $11) AS response_headers, nullif(current_setting($12, $13), $14) AS response_status, $15 AS response_inserted FROM ( SELECT * FROM pgrst_source ) _postgrest_t",79,79,4384.217718,55.4964268101266,284.269426,50.4793711752298,0,82026,20014,514,45,0,0,0,0,731,507,1504818
-8945023922574508073,postgres,postgres,"SELECT count(*) AS ""count"" FROM ""app"".""user_notification"" AS ""user_notification"" WHERE ""user_notification"".""user_id_fk"" = $1 AND ""user_notification"".""unread"" = $2",171,171,4347.286373,25.4227273274854,67.057391,9.48828820042682,0,243440,1432,0,0,0,0,0,0,0,0,0
3277044015961083207,authenticated,postgres,"WITH pgrst_source AS (SELECT pgrst_call.pgrst_scalar FROM (SELECT $1 AS json_data) pgrst_payload, LATERAL (SELECT ""p_search"", ""p_status"", ""p_app"", ""p_app_status"", ""p_include_inactive"", ""p_sort"", ""p_sort_dir"", ""p_cursor"", ""p_page_size"", ""p_channel_id"" FROM json_to_record(pgrst_payload.json_data) AS _(""p_search"" text, ""p_status"" text, ""p_app"" text, ""p_app_status"" text, ""p_include_inactive"" boolean, ""p_sort"" text, ""p_sort_dir"" text, ""p_cursor"" text, ""p_page_size"" integer, ""p_channel_id"" uuid) LIMIT $4) pgrst_body , LATERAL (SELECT ""api"".""db_data_admin_customer_list""(""p_search"" := pgrst_body.""p_search"", ""p_status"" := pgrst_body.""p_status"", ""p_app"" := pgrst_body.""p_app"", ""p_app_status"" := pgrst_body.""p_app_status"", ""p_include_inactive"" := pgrst_body.""p_include_inactive"", ""p_sort"" := pgrst_body.""p_sort"", ""p_sort_dir"" := pgrst_body.""p_sort_dir"", ""p_cursor"" := pgrst_body.""p_cursor"", ""p_page_size"" := pgrst_body.""p_page_size"", ""p_channel_id"" := pgrst_body.""p_channel_id"") pgrst_scalar) pgrst_call) SELECT $5::bigint AS total_result_set, $6 AS page_total, coalesce(json_agg(_postgrest_t.pgrst_scalar)->$7, $8) AS body, nullif(current_setting($9, $10), $11) AS response_headers, nullif(current_setting($12, $13), $14) AS response_status, $15 AS response_inserted FROM (SELECT ""db_data_admin_customer_list"".* FROM ""pgrst_source"" AS ""db_data_admin_customer_list""   LIMIT $2 OFFSET $3) _postgrest_t",27,27,4325.578528,160.206612148148,302.765524,67.411284483629,0,676816,7483,26,0,0,0,0,0,51,25,121277
-3158924439032591164,supabase_read_only_user,postgres,"explain (analyze,buffers,format json,timing true,summary true) with opa_scope_latest as materialized (
    select distinct on (
      m.licensed_property_id, m.region_code, m.branch_code,
      m.line_of_business_id, m.product_type_code, m.template_id, m.workflow_id
    )
      m.licensed_property_id, m.branch_code
    from plm.opa_property_scope_membership m
    where m.approval_status = $1
    order by m.licensed_property_id, m.region_code, m.branch_code,
      m.line_of_business_id, m.product_type_code, m.template_id, m.workflow_id,
      m.source_captured_at desc, m.created_at desc, m.membership_id desc
  ), opa_scope_summary as materialized (
    select licensed_property_id,
      count(distinct branch_code) as scope_count,
      min(branch_code) as studio_code
    from opa_scope_latest
    group by licensed_property_id
  ), opa_studio_summary as materialized (
    select r.licensed_property_id,
      case
        when count(*) filter (where r.resolution_status = $2) > $3
          or count(distinct r.studio_code) filter (where r.resolution_status = $4) > $5
          then $6
        when count(*) filter (where r.resolution_status = $7) = $8 then $9
        else $10
      end as resolution_status,
      case
        when count(*) filter (where r.resolution_status = $11) = $12
          and count(*) filter (where r.resolution_status = $13) = $14
          then min(r.studio_code) filter (where r.resolution_status = $15)
      end as studio_code
    from plm.opa_property_studio_resolution r
    group by r.licensed_property_id
  ), dcp_current_resolution as materialized (
    select distinct on (r.source_system, r.source_table, r.source_property_id)
      r.resolution_id, r.source_system, r.source_table, r.source_property_id,
      r.contract_asserted_studio_code
    from plm.dcp_opa_property_resolution r
    where r.approval_status = $16
      and not exists (
        select $17 from plm.dcp_opa_property_resolution newer
        where newer.supersedes_resolution_i",1,0,4324.796577,4324.796577,4324.796577,0,0,84877,443,0,0,0,0,14159,21876,0,0,0
8580411586163530256,pgbouncer,postgres,"SELECT t.oid, t.typname, t.typsend, t.typreceive, t.typoutput, t.typinput,
       coalesce(d.typelem, t.typelem), coalesce(r.rngsubtype, $1), ARRAY (
  SELECT a.atttypid
  FROM pg_attribute AS a
  WHERE a.attrelid = t.typrelid AND a.attnum > $2 AND NOT a.attisdropped
  ORDER BY a.attnum
)

FROM pg_type AS t
LEFT JOIN pg_type AS d ON t.typbasetype = d.oid
LEFT JOIN pg_range AS r ON r.rngtypid = t.oid OR r.rngmultitypid = t.oid OR (t.typbasetype <> $3 AND r.rngtypid = t.typbasetype)
WHERE (t.typrelid = $4)
AND (t.typelem = $5 OR NOT EXISTS (SELECT $6 FROM pg_catalog.pg_type s WHERE s.typrelid != $7 AND s.oid = t.typelem))",136,35768,4208.977628,30.9483649117647,62.298889,17.0018539840734,0,389843,6275,118,0,0,0,0,0,178,117,125087
3947210437057551336,supabase_read_only_user,postgres,"explain (analyze,buffers,format json,timing true,summary true) with opa_scope_latest as materialized (
    select distinct on (
      m.licensed_property_id, m.region_code, m.branch_code,
      m.line_of_business_id, m.product_type_code, m.template_id, m.workflow_id
    )
      m.licensed_property_id, m.branch_code
    from plm.opa_property_scope_membership m
    where m.approval_status = $1
    order by m.licensed_property_id, m.region_code, m.branch_code,
      m.line_of_business_id, m.product_type_code, m.template_id, m.workflow_id,
      m.source_captured_at desc, m.created_at desc, m.membership_id desc
  ), opa_scope_summary as materialized (
    select licensed_property_id,
      count(distinct branch_code) as scope_count,
      min(branch_code) as studio_code
    from opa_scope_latest
    group by licensed_property_id
  ), opa_studio_summary as materialized (
    select r.licensed_property_id,
      case
        when count(*) filter (where r.resolution_status = $2) > $3
          or count(distinct r.studio_code) filter (where r.resolution_status = $4) > $5
          then $6
        when count(*) filter (where r.resolution_status = $7) = $8 then $9
        else $10
      end as resolution_status,
      case
        when count(*) filter (where r.resolution_status = $11) = $12
          and count(*) filter (where r.resolution_status = $13) = $14
          then min(r.studio_code) filter (where r.resolution_status = $15)
      end as studio_code
    from plm.opa_property_studio_resolution r
    group by r.licensed_property_id
  ), dcp_current_resolution as materialized (
    select distinct on (r.source_system, r.source_table, r.source_property_id)
      r.resolution_id, r.source_system, r.source_table, r.source_property_id,
      r.contract_asserted_studio_code
    from plm.dcp_opa_property_resolution r
    where r.approval_status = $16
      and not exists (
        select $17 from plm.dcp_opa_property_resolution newer
        where newer.supersedes_resolution_i",1,0,3836.896581,3836.896581,3836.896581,0,0,85320,0,0,0,0,0,10882,16345,0,0,0
-300784120299397071,service_role,postgres,"WITH pgrst_source AS ( SELECT ""public"".""render_queue"".""id"", ""public"".""render_queue"".""status"" FROM ""public"".""render_queue"" WHERE  ""public"".""render_queue"".""asset_id"" = $1 AND  ""public"".""render_queue"".""status"" = ANY ($2)    LIMIT $3 OFFSET $4 )  SELECT $5::bigint AS total_result_set, pg_catalog.count(_postgrest_t) AS page_total, coalesce(json_agg(_postgrest_t), $6) AS body, nullif(current_setting($7, $8), $9) AS response_headers, nullif(current_setting($10, $11), $12) AS response_status, $13 AS response_inserted FROM ( SELECT * FROM pgrst_source ) _postgrest_t",9262,9262,3450.586336,0.372553048585618,5.161792,0.324511919414504,0,649454,0,19,0,0,0,0,0,2536,17,175337
6970106919011433290,postgres,postgres,"select json_build_object(
$1,(select count(*) from public.style_guide_files where is_active),
$2,(select count(*) from public.style_guide_files where not is_active),
$3,(select count(*) from public.style_guide_file_groups),
$4,(select count(distinct licensor_name) from public.style_guide_files where is_active),
$5,(select count(distinct (licensor_name,property_folder)) from public.style_guide_files where is_active),
$6,(select count(*) from public.style_guide_files where is_active and thumbnail_url is not null),
$7,(select count(*) from public.style_guide_files where is_active and thumbnail_error is not null),
$8,(select count(*) from public.style_guide_files where is_active and thumbnail_url is null and thumbnail_error is null),
$9,(select count(*) from public.style_guide_files where is_active and nullif(normalized_name,$10) is null),
$11,(select count(*) from public.style_guide_files where is_active and cardinality(tag_names)>$12),
$13,(select json_agg(x) from (select id,status,started_at,completed_at,files_found,error_message,inaccessible_roots from public.style_guide_crawl_runs order by started_at desc limit $14) x)
)",1,1,3291.630002,3291.630002,3291.630002,0,0,331424,1679,3,0,0,0,2016,2020,4,3,5245
-4423753549167116067,postgres,postgres,"-- Issue #1936 forward 6: keep retained DCP asset/style context inside the
-- authenticated gateway budget even when observation history is much larger
-- than the current Property result set.
-- derived-from: 20260831002935

create index idx_dcp_asset_property_obs_property_asset
  on plm.dcp_asset_property_observation (dcp_property_id, dcp_asset_id)",1,0,3271.335019,3271.335019,3271.335019,0,0,393,9972,7,0,0,0,4711,4709,142,3621,12607357
4042442044714930906,postgres,postgres,"select
case
 when thumbnail_error is null then $1
 when lower(thumbnail_error) like $2 or lower(thumbnail_error) like $3 or lower(thumbnail_error) like $4 then $5
 when lower(thumbnail_error) like $6 or lower(thumbnail_error) like $7 then $8
 when lower(thumbnail_error) like $9 then $10
 when lower(thumbnail_error) like $11 or lower(thumbnail_error) like $12 then $13
 when lower(thumbnail_error) like $14 then $15
 when lower(thumbnail_error) like $16 then $17
 when lower(thumbnail_error) like $18 then $19
 when lower(thumbnail_error) like $20 then $21
 else $22
end category,
count(*) as rows,
count(*) filter(where thumbnail_url is null) as without_preview,
count(*) filter(where thumbnail_url is not null) as with_preview
from public.style_guide_files
where is_active and thumbnail_error is not null
group by 1 order by rows desc",1,4,3236.298847,3236.298847,3236.298847,0,0,24376,10439,0,1111,0,0,0,0,0,0,0
4114629994250809133,service_role,postgres,"WITH pgrst_source AS (UPDATE ""public"".""style_groups"" SET ""folder_path"" = ""pgrst_body"".""folder_path"", ""mg01_code"" = ""pgrst_body"".""mg01_code"", ""mg01_name"" = ""pgrst_body"".""mg01_name"", ""mg02_code"" = ""pgrst_body"".""mg02_code"", ""mg02_name"" = ""pgrst_body"".""mg02_name"", ""mg03_code"" = ""pgrst_body"".""mg03_code"", ""mg03_name"" = ""pgrst_body"".""mg03_name"" FROM (SELECT $1 AS json_data) pgrst_payload, LATERAL (SELECT ""folder_path"", ""mg01_code"", ""mg01_name"", ""mg02_code"", ""mg02_name"", ""mg03_code"", ""mg03_name"" FROM json_to_record(pgrst_payload.json_data) AS _(""folder_path"" text, ""mg01_code"" text, ""mg01_name"" text, ""mg02_code"" text, ""mg02_name"" text, ""mg03_code"" text, ""mg03_name"" text) ) pgrst_body  WHERE  ""public"".""style_groups"".""id"" = $2 RETURNING ""public"".""style_groups"".""id"") SELECT $3 AS total_result_set, pg_catalog.count(_postgrest_t) AS page_total, array[]::text[] AS header, coalesce(json_agg(_postgrest_t)->$4, $5) AS body, nullif(current_setting($6, $7), $8) AS response_headers, nullif(current_setting($9, $10), $11) AS response_status, $12 AS response_inserted FROM (SELECT ""style_groups"".""id"" FROM ""pgrst_source"" AS ""style_groups""   ) _postgrest_t",40,40,3230.13817,80.75345425,2782.903443,433.04344576593,0,18170,6437,6347,18,0,0,0,0,7178,6049,11900382
7235517196467228660,authenticated,postgres,"WITH pgrst_source AS ( SELECT ""api"".""dam_order_list"".""order_line_id"" FROM ""api"".""dam_order_list"" WHERE NOT ""api"".""dam_order_list"".""item_id"" IS NULL   LIMIT $1 OFFSET $2 ) , pgrst_source_count AS (SELECT $3  FROM ""api"".""dam_order_list"" WHERE NOT ""api"".""dam_order_list"".""item_id"" IS NULL) SELECT (SELECT pg_catalog.count(*) FROM pgrst_source_count) AS total_result_set, pg_catalog.count(_postgrest_t) AS page_total, $4::text AS body, nullif(current_setting($5, $6), $7) AS response_headers, nullif(current_setting($8, $9), $10) AS response_status, $11 AS response_inserted FROM ( SELECT * FROM pgrst_source ) _postgrest_t",4,4,3206.089216,801.522304,2256.733089,859.256921239476,0,37691,3496,0,0,0,0,0,0,0,0,0
-412964097419030721,service_role,postgres,"WITH pgrst_source AS (INSERT INTO ""public"".""style_groups""(""division_code"", ""division_name"", ""folder_path"", ""is_licensed"", ""licensor_code"", ""licensor_id"", ""licensor_name"", ""mg01_code"", ""mg01_name"", ""mg02_code"", ""mg02_name"", ""mg03_code"", ""mg03_name"", ""property_code"", ""property_id"", ""property_name"", ""size_code"", ""size_name"", ""sku"") SELECT ""pgrst_body"".""division_code"", ""pgrst_body"".""division_name"", ""pgrst_body"".""folder_path"", ""pgrst_body"".""is_licensed"", ""pgrst_body"".""licensor_code"", ""pgrst_body"".""licensor_id"", ""pgrst_body"".""licensor_name"", ""pgrst_body"".""mg01_code"", ""pgrst_body"".""mg01_name"", ""pgrst_body"".""mg02_code"", ""pgrst_body"".""mg02_name"", ""pgrst_body"".""mg03_code"", ""pgrst_body"".""mg03_name"", ""pgrst_body"".""property_code"", ""pgrst_body"".""property_id"", ""pgrst_body"".""property_name"", ""pgrst_body"".""size_code"", ""pgrst_body"".""size_name"", ""pgrst_body"".""sku"" FROM (SELECT $1 AS json_data) pgrst_payload, LATERAL (SELECT ""division_code"", ""division_name"", ""folder_path"", ""is_licensed"", ""licensor_code"", ""licensor_id"", ""licensor_name"", ""mg01_code"", ""mg01_name"", ""mg02_code"", ""mg02_name"", ""mg03_code"", ""mg03_name"", ""property_code"", ""property_id"", ""property_name"", ""size_code"", ""size_name"", ""sku"" FROM json_to_record(pgrst_payload.json_data) AS _(""division_code"" text, ""division_name"" text, ""folder_path"" text, ""is_licensed"" boolean, ""licensor_code"" text, ""licensor_id"" uuid, ""licensor_name"" text, ""mg01_code"" text, ""mg01_name"" text, ""mg02_code"" text, ""mg02_name"" text, ""mg03_code"" text, ""mg03_name"" text, ""property_code"" text, ""property_id"" uuid, ""property_name"" text, ""size_code"" text, ""size_name"" text, ""sku"" text) ) pgrst_body  ON CONFLICT(""sku"") DO NOTHING RETURNING ""public"".""style_groups"".""id"") SELECT $2 AS total_result_set, pg_catalog.count(_postgrest_t) AS page_total, array[]::text[] AS header, coalesce(json_agg(_postgrest_t), $3) AS body, nullif(current_setting($4, $5), $6) AS response_headers, nullif(current_setting($7, $8), $9) AS response_status, $10 AS response_inserted FROM (SELECT ""sty",724,724,3165.614545,4.37239578038674,87.919744,5.40151302644266,0,61074,869,847,190,0,0,0,0,15115,555,5062101
-2942472861235459008,service_role,postgres,"WITH pgrst_source AS ( SELECT ""crm"".""department"".""company_id"" FROM ""crm"".""department"" WHERE  ""crm"".""department"".""id"" = $1   LIMIT $2 OFFSET $3 )  SELECT $4::bigint AS total_result_set, pg_catalog.count(_postgrest_t) AS page_total, coalesce(json_agg(_postgrest_t), $5) AS body, nullif(current_setting($6, $7), $8) AS response_headers, nullif(current_setting($9, $10), $11) AS response_status, $12 AS response_inserted FROM ( SELECT * FROM pgrst_source ) _postgrest_t",67264,67264,2983.55879,0.0443559525154615,2.521617,0.0542158192665561,0,134304,242,0,9,0,0,0,0,0,0,0
216548502671579815,supabase_read_only_user,postgres,"explain (analyze,buffers,format json,timing true,summary true) with opa_scope_latest as materialized (
    select distinct on (
      m.licensed_property_id, m.region_code, m.branch_code,
      m.line_of_business_id, m.product_type_code, m.template_id, m.workflow_id
    )
      m.licensed_property_id, m.branch_code
    from plm.opa_property_scope_membership m
    where m.approval_status = $1
    order by m.licensed_property_id, m.region_code, m.branch_code,
      m.line_of_business_id, m.product_type_code, m.template_id, m.workflow_id,
      m.source_captured_at desc, m.created_at desc, m.membership_id desc
  ), opa_scope_summary as materialized (
    select licensed_property_id,
      count(distinct branch_code) as scope_count,
      min(branch_code) as studio_code
    from opa_scope_latest
    group by licensed_property_id
  ), opa_studio_summary as materialized (
    select r.licensed_property_id,
      case
        when count(*) filter (where r.resolution_status = $2) > $3
          or count(distinct r.studio_code) filter (where r.resolution_status = $4) > $5
          then $6
        when count(*) filter (where r.resolution_status = $7) = $8 then $9
        else $10
      end as resolution_status,
      case
        when count(*) filter (where r.resolution_status = $11) = $12
          and count(*) filter (where r.resolution_status = $13) = $14
          then min(r.studio_code) filter (where r.resolution_status = $15)
      end as studio_code
    from plm.opa_property_studio_resolution r
    group by r.licensed_property_id
  ), dcp_current_resolution as materialized (
    select distinct on (r.source_system, r.source_table, r.source_property_id)
      r.resolution_id, r.source_system, r.source_table, r.source_property_id,
      r.contract_asserted_studio_code
    from plm.dcp_opa_property_resolution r
    where r.approval_status = $16
      and not exists (
        select $17 from plm.dcp_opa_property_resolution newer
        where newer.supersedes_resolution_i",1,0,2911.870553,2911.870553,2911.870553,0,0,85306,0,0,0,0,0,6468,8528,0,0,0
-8479899109119919709,authenticated,postgres,"WITH pgrst_source AS (SELECT ""pgrst_call"".* FROM (SELECT $1 AS json_data) pgrst_payload, LATERAL (SELECT ""p_query"", ""p_filters"", ""p_limit"", ""p_offset"", ""p_document_types"", ""p_query_embedding"", ""p_min_rank"" FROM json_to_record(pgrst_payload.json_data) AS _(""p_query"" text, ""p_filters"" jsonb, ""p_limit"" integer, ""p_offset"" integer, ""p_document_types"" text[], ""p_query_embedding"" extensions.vector, ""p_min_rank"" real) LIMIT $4) pgrst_body , LATERAL ""public"".""search_dam_documents""(""p_query"" := pgrst_body.""p_query"", ""p_filters"" := pgrst_body.""p_filters"", ""p_limit"" := pgrst_body.""p_limit"", ""p_offset"" := pgrst_body.""p_offset"", ""p_document_types"" := pgrst_body.""p_document_types"", ""p_query_embedding"" := pgrst_body.""p_query_embedding"", ""p_min_rank"" := pgrst_body.""p_min_rank"") pgrst_call) SELECT $5::bigint AS total_result_set, pg_catalog.count(_postgrest_t) AS page_total, coalesce(json_agg(_postgrest_t), $6) AS body, nullif(current_setting($7, $8), $9) AS response_headers, nullif(current_setting($10, $11), $12) AS response_status, $13 AS response_inserted FROM (SELECT ""record"".* FROM ""pgrst_source"" AS ""record""   LIMIT $2 OFFSET $3) _postgrest_t",1,1,2614.961591,2614.961591,2614.961591,0,0,316,33260,9271,0,0,0,0,0,12939,9311,33378209
-4233677791656692417,service_role,postgres,"WITH pgrst_source AS ( SELECT ""public"".""assets"".""style_group_id"" FROM ""public"".""assets"" WHERE  ""public"".""assets"".""is_deleted"" = $1 AND NOT ""public"".""assets"".""thumbnail_url"" IS NULL AND NOT ""public"".""assets"".""style_group_id"" IS NULL AND NOT ""public"".""assets"".""primary_sort_tier"" = ANY ($2)    LIMIT $3 OFFSET $4 )  SELECT $5::bigint AS total_result_set, pg_catalog.count(_postgrest_t) AS page_total, coalesce(json_agg(_postgrest_t), $6) AS body, nullif(current_setting($7, $8), $9) AS response_headers, nullif(current_setting($10, $11), $12) AS response_status, $13 AS response_inserted FROM ( SELECT * FROM pgrst_source ) _postgrest_t",10,10,2550.952948,255.0952948,489.239874,127.104511005659,0,8119,3972,61,0,0,0,0,0,62,61,64280
-5382582590002099218,service_role,postgres,"WITH pgrst_source AS ( SELECT ""core"".""customer"".""id"", ""core"".""customer"".""name"", ""core"".""customer"".""routing_aliases"" FROM ""core"".""customer"" WHERE  ""core"".""customer"".""customer_status"" = ANY ($1)  AND NOT ""core"".""customer"".""routing_aliases"" IS NULL   LIMIT $2 OFFSET $3 )  SELECT $4::bigint AS total_result_set, pg_catalog.count(_postgrest_t) AS page_total, coalesce(json_agg(_postgrest_t), $5) AS body, nullif(current_setting($6, $7), $8) AS response_headers, nullif(current_setting($9, $10), $11) AS response_status, $12 AS response_inserted FROM ( SELECT * FROM pgrst_source ) _postgrest_t",1391,1391,2539.407292,1.82559834076204,256.553071,8.35349560780925,0,80022,4899,0,275,0,0,0,0,0,0,0
-3474885535440770183,service_role,postgres,"WITH pgrst_source AS (UPDATE ""public"".""style_groups"" SET ""folder_path"" = ""pgrst_body"".""folder_path"", ""licensor_id"" = ""pgrst_body"".""licensor_id"", ""licensor_name"" = ""pgrst_body"".""licensor_name"", ""property_name"" = ""pgrst_body"".""property_name"" FROM (SELECT $1 AS json_data) pgrst_payload, LATERAL (SELECT ""folder_path"", ""licensor_id"", ""licensor_name"", ""property_name"" FROM json_to_record(pgrst_payload.json_data) AS _(""folder_path"" text, ""licensor_id"" uuid, ""licensor_name"" text, ""property_name"" text) ) pgrst_body  WHERE  ""public"".""style_groups"".""id"" = $2 RETURNING ""public"".""style_groups"".""id"") SELECT $3 AS total_result_set, pg_catalog.count(_postgrest_t) AS page_total, array[]::text[] AS header, coalesce(json_agg(_postgrest_t)->$4, $5) AS body, nullif(current_setting($6, $7), $8) AS response_headers, nullif(current_setting($9, $10), $11) AS response_status, $12 AS response_inserted FROM (SELECT ""style_groups"".""id"" FROM ""pgrst_source"" AS ""style_groups""   ) _postgrest_t",226,226,2519.940083,11.1501773584071,49.506639,7.77376448037816,0,42938,2339,1316,13,0,0,0,0,5981,1093,4972041
-1322157130866884302,authenticated,postgres,"explain (analyze, buffers, format json) select count(*) from api.dam_order_list",1,0,2450.14301,2450.14301,2450.14301,0,0,16438,4528,1,0,0,0,0,0,2,1,4060
-7805424286211396226,supabase_auth_admin,postgres,"UPDATE ""refresh_tokens"" AS refresh_tokens SET ""revoked"" = $1, ""updated_at"" = $2 WHERE refresh_tokens.id = $3",338,338,2420.034235,7.15986460059172,17.077237,3.24620133793174,0,5607,3163,2324,74,0,0,0,0,2758,2300,5494804
-7508934764261653224,authenticated,postgres,"WITH pgrst_source AS (SELECT pgrst_call.pgrst_scalar FROM (SELECT ""public"".""get_path_facets""() pgrst_scalar) pgrst_call) SELECT $3::bigint AS total_result_set, $4 AS page_total, coalesce(json_agg(_postgrest_t.pgrst_scalar)->$5, $6) AS body, nullif(current_setting($7, $8), $9) AS response_headers, nullif(current_setting($10, $11), $12) AS response_status, $13 AS response_inserted FROM (SELECT ""get_path_facets"".* FROM ""pgrst_source"" AS ""get_path_facets""   LIMIT $1 OFFSET $2) _postgrest_t",50,50,2397.05795,47.941159,183.456801,33.2555224642097,0,26289,14932,447,8,0,0,0,0,1100,450,1421098
6831302621400150014,supabase_auth_admin,postgres,"INSERT INTO ""refresh_tokens"" (""created_at"", ""instance_id"", ""parent"", ""revoked"", ""session_id"", ""token"", ""updated_at"", ""user_id"") VALUES ($1, $2, $3, $4, $5, $6, $7, $8) returning id",386,386,2367.573108,6.1336090880829,29.283949,3.72336190152269,0,13760,3208,1483,59,0,0,0,0,3541,1059,2618052
-5326917923509730083,service_role,postgres,"WITH pgrst_source AS ( SELECT ""crm"".""opportunity"".""id"", ""crm"".""opportunity"".""name"", ""crm"".""opportunity"".""company_id"", ""crm"".""opportunity"".""department_id"", ""crm"".""opportunity"".""sales_order_number"", ""crm"".""opportunity"".""production_po_number"" FROM ""crm"".""opportunity"" WHERE NOT ""crm"".""opportunity"".""stage"" = ANY ($1)    LIMIT $2 OFFSET $3 )  SELECT $4::bigint AS total_result_set, pg_catalog.count(_postgrest_t) AS page_total, coalesce(json_agg(_postgrest_t), $5) AS body, nullif(current_setting($6, $7), $8) AS response_headers, nullif(current_setting($9, $10), $11) AS response_status, $12 AS response_inserted FROM ( SELECT * FROM pgrst_source ) _postgrest_t",88247,88247,2309.48578099999,0.0261707002051061,3.836076,0.0456435056040153,0,0,0,0,0,0,0,0,0,0,0,0
-4910506429341774761,service_role,postgres,"WITH pgrst_source AS (UPDATE ""public"".""assets"" SET ""pdf_page2_url"" = ""pgrst_body"".""pdf_page2_url"" FROM (SELECT $1 AS json_data) pgrst_payload, LATERAL (SELECT ""pdf_page2_url"" FROM json_to_record(pgrst_payload.json_data) AS _(""pdf_page2_url"" text) ) pgrst_body  WHERE  ""public"".""assets"".""id"" = $2 RETURNING $3) SELECT $4 AS total_result_set, pg_catalog.count(_postgrest_t) AS page_total, array[]::text[] AS header, $5::text AS body, nullif(current_setting($6, $7), $8) AS response_headers, nullif(current_setting($9, $10), $11) AS response_status, $12 AS response_inserted FROM (SELECT * FROM pgrst_source) _postgrest_t",1870,1870,2270.995903,1.2144363117647,15.590089,1.27614558968339,0,89644,1339,3010,13,0,0,0,0,29336,2786,14282288
-4864666557527507574,postgres,postgres,"-- FROZEN legacy path (pgMetaScopedIntrospection off): do not edit -- it must
    -- keep matching production behavior until the flag cleanup deletes it.
    with base_table_info as (
        select
            c.oid::int8 as id,
            nc.nspname as schema,
            c.relname as name,
            c.relkind,
            c.relrowsecurity as rls_enabled,
            c.relforcerowsecurity as rls_forced,
            c.relreplident,
            c.relowner,
            obj_description(c.oid) as comment,
            fs.srvname as foreign_server_name,
            fdw.fdwname as foreign_data_wrapper_name,
            fdw_handler.proname as foreign_data_wrapper_handler
        from pg_class c
        join pg_namespace nc on nc.oid = c.relnamespace
        left join pg_foreign_table ft on ft.ftrelid = c.oid
        left join pg_foreign_server fs on fs.oid = ft.ftserver
        left join pg_foreign_data_wrapper fdw on fdw.oid = fs.srvfdw
        left join pg_proc fdw_handler on fdw.fdwhandler = fdw_handler.oid
        where c.oid = $1
            and not pg_is_other_temp_schema(nc.oid)
            and (
                pg_has_role(c.relowner, $2)
                or has_table_privilege(
                    c.oid,
                    $3
                )
                or has_any_column_privilege(c.oid, $4)
            )
    ),
    table_stats as (
        select
            b.id,
            case
                when b.relreplident = $5 then $6
                when b.relreplident = $7 then $8
                when b.relreplident = $9 then $10
                else $11
            end as replica_identity,
            pg_total_relation_size(format($12, b.schema, b.name))::int8 as bytes,
            pg_size_pretty(pg_total_relation_size(format($13, b.schema, b.name))) as size,
            pg_stat_get_live_tuples(b.id) as live_rows_estimate,
            pg_stat_get_dead_tuples(b.id) as dead_rows_estimate
        from base_table_info b
        where b.relkind in ($14, $15)
   ",4,4,2265.81188,566.45297,842.221847,202.706174246732,0,183329,2783,43,0,0,0,0,0,86,43,48080
-7258170322973958614,postgres,postgres,"explain (analyze,buffers,timing off,summary true) with q as materialized (select $1||query_text||$2 pat from public.expand_dam_search_queries($3)) select count(*) from q join public.dam_search_documents d on d.title ilike q.pat or d.path ilike q.pat or d.customer ilike q.pat or d.program ilike q.pat",1,0,2223.244066,2223.244066,2223.244066,0,0,26237,6616,0,973,0,0,0,0,27,0,1514
4732955663961801359,authenticated,postgres,"select $1, app.has_app_access($2::app.app_name), count(*) from public.search_dam_documents($3,$4::jsonb,$5,$6,array[$7]::text[],$8,$9)",1,1,2154.669657,2154.669657,2154.669657,0,0,265,33546,13455,0,0,0,0,0,14736,13455,44631022
9014428904342235964,service_role,postgres,"WITH pgrst_source AS (UPDATE ""public"".""style_groups"" SET ""mg01_code"" = ""pgrst_body"".""mg01_code"", ""mg01_name"" = ""pgrst_body"".""mg01_name"", ""mg02_code"" = ""pgrst_body"".""mg02_code"", ""mg02_name"" = ""pgrst_body"".""mg02_name"", ""mg03_code"" = ""pgrst_body"".""mg03_code"", ""mg03_name"" = ""pgrst_body"".""mg03_name"" FROM (SELECT $1 AS json_data) pgrst_payload, LATERAL (SELECT ""mg01_code"", ""mg01_name"", ""mg02_code"", ""mg02_name"", ""mg03_code"", ""mg03_name"" FROM json_to_record(pgrst_payload.json_data) AS _(""mg01_code"" text, ""mg01_name"" text, ""mg02_code"" text, ""mg02_name"" text, ""mg03_code"" text, ""mg03_name"" text) ) pgrst_body  WHERE  ""public"".""style_groups"".""id"" = $2 RETURNING ""public"".""style_groups"".""id"") SELECT $3 AS total_result_set, pg_catalog.count(_postgrest_t) AS page_total, array[]::text[] AS header, coalesce(json_agg(_postgrest_t)->$4, $5) AS body, nullif(current_setting($6, $7), $8) AS response_headers, nullif(current_setting($9, $10), $11) AS response_status, $12 AS response_inserted FROM (SELECT ""style_groups"".""id"" FROM ""pgrst_source"" AS ""style_groups""   ) _postgrest_t",64,64,2110.885722,32.98258940625,1931.37103,239.177525832163,0,11819,31,45,1,0,0,0,0,960,19,493063
330208577569367243,postgres,postgres,"DELETE FROM public.asset_path_history
    WHERE detected_at < NOW() - INTERVAL $1",7,473,2064.433241,294.919034428571,326.863511,24.1084173293339,0,1087,3966,153,0,0,0,0,0,615,146,318770
-4992808921023155116,service_role,postgres,"WITH pgrst_source AS ( SELECT ""crm"".""email_message"".""id"", ""crm"".""email_message"".""subject"", ""crm"".""email_message"".""body_preview"", ""crm"".""email_message"".""sender"", ""crm"".""email_message"".""recipients"", ""crm"".""email_message"".""routing_status"", ""crm"".""email_message"".""company_id"" FROM ""crm"".""email_message"" WHERE  ""crm"".""email_message"".""routing_status"" = ANY ($1)   ORDER BY ""crm"".""email_message"".""id"" ASC  LIMIT $2 OFFSET $3 )  SELECT $4::bigint AS total_result_set, pg_catalog.count(_postgrest_t) AS page_total, coalesce(json_agg(_postgrest_t), $5) AS body, nullif(current_setting($6, $7), $8) AS response_headers, nullif(current_setting($9, $10), $11) AS response_status, $12 AS response_inserted FROM ( SELECT * FROM pgrst_source ) _postgrest_t",27,27,2056.366125,76.1617083333333,190.834134,78.9595567283356,0,12256,3242,0,0,0,0,0,0,0,0,0
6100359222909456172,postgres,postgres,"with latest as (select * from public.style_guide_crawl_runs order by started_at desc limit $1)
select jsonb_build_object(
$2,(select to_jsonb(r) from (select id,status,started_at,completed_at,files_found,inaccessible_roots,error_message from latest) r),
$3,(select count(*) from public.style_guide_files f, latest l where f.crawl_run_id=l.id),
$4,(select count(*) from public.style_guide_files f, latest l where f.is_active and f.crawl_run_id is distinct from l.id),
$5,(select count(*) from public.style_guide_files where is_active),
$6,(select jsonb_object_agg(coalesce(file_extension,$7),n) from (select file_extension,count(*) n from public.style_guide_files where is_active group by file_extension order by file_extension) x),
$8,(select jsonb_build_object($9,count(*) filter(where thumbnail_url is not null),$10,count(*) filter(where thumbnail_url is null),$11,count(*) filter(where thumbnail_error is not null),$12,count(*) filter(where thumbnail_url is null and thumbnail_error is null)) from public.style_guide_files where is_active),
$13,(select jsonb_build_object($14,count(*) filter(where nullif(btrim(tag_search_text),$15) is not null),$16,count(*) filter(where nullif(btrim(tag_search_text),$17) is null)) from public.style_guide_files where is_active),
$18,(select jsonb_build_object($19,count(*) filter(where style_guide_file_id is not null),$20,count(*) filter(where style_guide_file_id is null)) from public.sku_files_used),
$21,(select count(*) from public.style_guide_file_groups),
$22,(select count(*) from public.style_guide_folders)
) as baseline",1,1,2054.041174,2054.041174,2054.041174,0,0,138998,1214,0,0,0,0,0,0,0,0,0
8120321018810798304,service_role,postgres,"WITH pgrst_source AS (UPDATE ""public"".""style_groups"" SET ""division_code"" = ""pgrst_body"".""division_code"", ""division_name"" = ""pgrst_body"".""division_name"", ""folder_path"" = ""pgrst_body"".""folder_path"", ""licensor_code"" = ""pgrst_body"".""licensor_code"", ""licensor_id"" = ""pgrst_body"".""licensor_id"", ""licensor_name"" = ""pgrst_body"".""licensor_name"", ""mg01_code"" = ""pgrst_body"".""mg01_code"", ""mg01_name"" = ""pgrst_body"".""mg01_name"", ""mg02_code"" = ""pgrst_body"".""mg02_code"", ""mg02_name"" = ""pgrst_body"".""mg02_name"", ""mg03_code"" = ""pgrst_body"".""mg03_code"", ""mg03_name"" = ""pgrst_body"".""mg03_name"", ""property_code"" = ""pgrst_body"".""property_code"", ""property_id"" = ""pgrst_body"".""property_id"", ""property_name"" = ""pgrst_body"".""property_name"", ""size_code"" = ""pgrst_body"".""size_code"", ""size_name"" = ""pgrst_body"".""size_name"" FROM (SELECT $1 AS json_data) pgrst_payload, LATERAL (SELECT ""division_code"", ""division_name"", ""folder_path"", ""licensor_code"", ""licensor_id"", ""licensor_name"", ""mg01_code"", ""mg01_name"", ""mg02_code"", ""mg02_name"", ""mg03_code"", ""mg03_name"", ""property_code"", ""property_id"", ""property_name"", ""size_code"", ""size_name"" FROM json_to_record(pgrst_payload.json_data) AS _(""division_code"" text, ""division_name"" text, ""folder_path"" text, ""licensor_code"" text, ""licensor_id"" uuid, ""licensor_name"" text, ""mg01_code"" text, ""mg01_name"" text, ""mg02_code"" text, ""mg02_name"" text, ""mg03_code"" text, ""mg03_name"" text, ""property_code"" text, ""property_id"" uuid, ""property_name"" text, ""size_code"" text, ""size_name"" text) ) pgrst_body  WHERE  ""public"".""style_groups"".""id"" = $2 RETURNING ""public"".""style_groups"".""id"") SELECT $3 AS total_result_set, pg_catalog.count(_postgrest_t) AS page_total, array[]::text[] AS header, coalesce(json_agg(_postgrest_t)->$4, $5) AS body, nullif(current_setting($6, $7), $8) AS response_headers, nullif(current_setting($9, $10), $11) AS response_status, $12 AS response_inserted FROM (SELECT ""style_groups"".""id"" FROM ""pgrst_source"" AS ""style_groups""   ) _postgrest_t",121,121,1994.905938,16.4868259338843,61.716443,10.1386150456623,0,29107,1969,737,0,0,0,0,0,3227,604,2812128
-4405376291006928550,supabase_read_only_user,postgres,"select jsonb_build_object(
$1,(select count(*) from core.property),
$2,jsonb_build_object(
$3,(select count(*) from core.property_alias where property_id is not null),
$4,(select count(*) from core.style_guide where property_id is not null),
$5,(select count(*) from crm.licensor_approval_thread where property_id is not null),
$6,(select count(*) from dam.asset where property_id is not null),
$7,(select count(*) from dam.popsg_property_resolution where property_id is not null),
$8,(select count(*) from dam.style_group where property_id is not null),
$9,(select count(*) from dam.style_guide_file where property_id is not null),
$10,(select count(*) from pim.product where property_id is not null),
$11,(select count(*) from pim.product_submission where property_id is not null),
$12,(select count(*) from pim.project where property_id is not null),
$13,(select count(*) from plm.dcp_portal_tile where core_property_id is not null),
$14,(select count(*) from plm.erp_property where property_id is not null),
$15,(select count(*) from plm.item where property_id is not null),
$16,(select count(*) from plm.item_taxonomy_disagreement where property_id is not null),
$17,(select count(*) from plm.licensing_status where property_id is not null),
$18,(select count(*) from plm.lucasfilm_dcp_portal_tile where core_property_id is not null),
$19,(select count(*) from plm.marvel_dcp_portal_tile where core_property_id is not null),
$20,(select count(*) from plm.nbcu_property where core_property_id is not null),
$21,(select count(*) from plm.opa_property where core_property_id is not null),
$22,(select count(*) from plm.opa_property_character where property_id is not null),
$23,(select count(*) from plm.pmt_property where core_property_id is not null),
$24,(select count(*) from plm.property_import where property_id is not null),
$25,(select count(*) from plm.taxonomy_resolution_review where proposed_property_id is not null),
$26,(select count(*) from plm.taxonomy_resolution_review where resol",1,1,1923.259108,1923.259108,1923.259108,0,0,1196,9686,9,551,0,0,0,0,13,9,22209
7277249029559585266,service_role,postgres,"WITH pgrst_source AS ( SELECT ""core"".""contact"".""id"" FROM ""core"".""contact"" WHERE  ""core"".""contact"".""email"" = $1   LIMIT $2 OFFSET $3 )  SELECT $4::bigint AS total_result_set, pg_catalog.count(_postgrest_t) AS page_total, coalesce(json_agg(_postgrest_t), $5) AS body, nullif(current_setting($6, $7), $8) AS response_headers, nullif(current_setting($9, $10), $11) AS response_status, $12 AS response_inserted FROM ( SELECT * FROM pgrst_source ) _postgrest_t",3599,3599,1904.339261,0.529130108641293,9.243241,0.750103960212948,0,8912,1954,0,395,0,0,0,0,0,0,0
-1988640896195605646,supabase_admin,postgres,"-- Adapted from information_schema.columns

SELECT
  c.oid :: int8 AS table_id,
  nc.nspname AS schema,
  c.relname AS table,
  (c.oid || $1 || a.attnum) AS id,
  a.attnum AS ordinal_position,
  a.attname AS name,
  CASE
    WHEN a.atthasdef THEN pg_get_expr(ad.adbin, ad.adrelid)
    ELSE $2
  END AS default_value,
  CASE
    WHEN t.typtype = $3 THEN CASE
      WHEN bt.typelem <> $4 :: oid
      AND bt.typlen = $5 THEN $6
      WHEN nbt.nspname = $7 THEN format_type(t.typbasetype, $8)
      ELSE $9
    END
    ELSE CASE
      WHEN t.typelem <> $10 :: oid
      AND t.typlen = $11 THEN $12
      WHEN nt.nspname = $13 THEN format_type(a.atttypid, $14)
      ELSE $15
    END
  END AS data_type,
  COALESCE(bt.typname, t.typname) AS format,
  COALESCE(nbt.nspname, nt.nspname) AS type_schema,
  a.attidentity IN ($16, $17) AS is_identity,
  CASE
    a.attidentity
    WHEN $18 THEN $19
    WHEN $20 THEN $21
    ELSE $22
  END AS identity_generation,
  a.attgenerated IN ($23) AS is_generated,
  NOT (
    a.attnotnull
    OR t.typtype = $24 AND t.typnotnull
  ) AS is_nullable,
  (
    c.relkind IN ($25, $26)
    OR c.relkind IN ($27, $28) AND pg_column_is_updatable(c.oid, a.attnum, $29)
  ) AS is_updatable,
  uniques.table_id IS NOT NULL AS is_unique,
  check_constraints.definition AS ""check"",
  array_to_json(
    array(
      SELECT
        enumlabel
      FROM
        pg_catalog.pg_enum enums
      WHERE
        enums.enumtypid = coalesce(bt.oid, t.oid)
        OR enums.enumtypid = coalesce(bt.typelem, t.typelem)
      ORDER BY
        enums.enumsortorder
    )
  ) AS enums,
  col_description(c.oid, a.attnum) AS comment
FROM
  pg_attribute a
  LEFT JOIN pg_attrdef ad ON a.attrelid = ad.adrelid
  AND a.attnum = ad.adnum
  JOIN (
    pg_class c
    JOIN pg_namespace nc ON c.relnamespace = nc.oid
  ) ON a.attrelid = c.oid
  JOIN (
    pg_type t
    JOIN pg_namespace nt ON t.typnamespace = nt.oid
  ) ON a.atttypid = t.oid
  LEFT JOIN (
    pg_type bt
    JOIN pg_namespace nbt ON",4,3656,1893.712175,473.42804375,834.515846,227.315662189787,0,130801,2148,8,0,0,0,0,0,15,8,9970
7826499012771101801,service_role,postgres,"WITH pgrst_source AS ( SELECT ""crm"".""email_message"".""id"", ""crm"".""email_message"".""subject"" FROM ""crm"".""email_message"" WHERE  ""crm"".""email_message"".""routing_status"" = $1 AND  ""crm"".""email_message"".""id"" > $2  ORDER BY ""crm"".""email_message"".""id"" ASC  LIMIT $3 OFFSET $4 )  SELECT $5::bigint AS total_result_set, pg_catalog.count(_postgrest_t) AS page_total, coalesce(json_agg(_postgrest_t), $6) AS body, nullif(current_setting($7, $8), $9) AS response_headers, nullif(current_setting($10, $11), $12) AS response_status, $13 AS response_inserted FROM ( SELECT * FROM pgrst_source ) _postgrest_t",205,205,1863.188635,9.08872504878048,28.647155,3.71175055456751,0,310500,2151,34,0,0,0,0,0,34,34,174408
-2625031368906164067,postgres,postgres,"do $triggers$
declare v_table text;
begin
  foreach v_table in array array['wb_asset_normalized','wb_character_normalized','wb_property','wb_style_guide_normalized','wb_franchise'] loop
    execute format('create trigger %I before insert or update of status, withdrawn_at, first_withdrawn_at on plm.%I for each row execute function plm.enforce_wb_entity_lifecycle()', 'trg_' || v_table || '_lifecycle', v_table);
    execute format('create index %I on plm.%I(status, last_seen_at)', 'idx_' || v_table || '_lifecycle_status', v_table);
  end loop;
end
$triggers$",1,0,1848.232997,1848.232997,1848.232997,0,0,4378,16718,12,1,0,0,509,507,281,153,243750
4429331233127823843,service_role,postgres,"WITH pgrst_source AS (UPDATE ""public"".""render_queue"" SET ""completed_at"" = ""pgrst_body"".""completed_at"", ""error_message"" = ""pgrst_body"".""error_message"", ""lease_expires_at"" = ""pgrst_body"".""lease_expires_at"", ""status"" = ""pgrst_body"".""status"" FROM (SELECT $1 AS json_data) pgrst_payload, LATERAL (SELECT ""completed_at"", ""error_message"", ""lease_expires_at"", ""status"" FROM json_to_record(pgrst_payload.json_data) AS _(""completed_at"" timestamp with time zone, ""error_message"" text, ""lease_expires_at"" timestamp with time zone, ""status"" public.queue_status) ) pgrst_body  WHERE  ""public"".""render_queue"".""id"" = $2 RETURNING $3) SELECT $4 AS total_result_set, pg_catalog.count(_postgrest_t) AS page_total, array[]::text[] AS header, $5::text AS body, nullif(current_setting($6, $7), $8) AS response_headers, nullif(current_setting($9, $10), $11) AS response_status, $12 AS response_inserted FROM (SELECT * FROM pgrst_source) _postgrest_t",8573,8573,1833.453808,0.213863735915082,8.331254,0.314068485199748,0,98371,372,1399,14,0,0,0,0,27924,1731,7629972
-10845808151420392,service_role,postgres,"WITH pgrst_source AS (UPDATE ""public"".""style_groups"" SET ""licensor_name"" = ""pgrst_body"".""licensor_name"", ""property_name"" = ""pgrst_body"".""property_name"" FROM (SELECT $1 AS json_data) pgrst_payload, LATERAL (SELECT ""licensor_name"", ""property_name"" FROM json_to_record(pgrst_payload.json_data) AS _(""licensor_name"" text, ""property_name"" text) ) pgrst_body  WHERE  ""public"".""style_groups"".""id"" = $2 RETURNING ""public"".""style_groups"".""id"") SELECT $3 AS total_result_set, pg_catalog.count(_postgrest_t) AS page_total, array[]::text[] AS header, coalesce(json_agg(_postgrest_t)->$4, $5) AS body, nullif(current_setting($6, $7), $8) AS response_headers, nullif(current_setting($9, $10), $11) AS response_status, $12 AS response_inserted FROM (SELECT ""style_groups"".""id"" FROM ""pgrst_source"" AS ""style_groups""   ) _postgrest_t",193,193,1816.192496,9.4103238134715,27.209914,5.45950155850112,0,39346,1409,1156,9,0,0,0,0,5120,1033,4446483
-7904178229138899746,service_role,postgres,"WITH pgrst_source AS ( SELECT ""public"".""assets"".""id"", ""public"".""assets"".""relative_path"", ""public"".""assets"".""file_type"", ""public"".""assets"".""filename"" FROM ""public"".""assets"" WHERE  ""public"".""assets"".""id"" = ANY ($1)    LIMIT $2 OFFSET $3 )  SELECT $4::bigint AS total_result_set, pg_catalog.count(_postgrest_t) AS page_total, coalesce(json_agg(_postgrest_t), $5) AS body, nullif(current_setting($6, $7), $8) AS response_headers, nullif(current_setting($9, $10), $11) AS response_status, $12 AS response_inserted FROM ( SELECT * FROM pgrst_source ) _postgrest_t",8578,8578,1794.356971,0.209181274306365,7.183952,0.356255958712224,0,31969,2459,3,4,0,0,0,0,129,2,14452
-4167181825570242286,authenticated,postgres,"WITH pgrst_source AS ( SELECT ""public"".""asset_effective_tags"".* FROM ""public"".""asset_effective_tags""   LIMIT $1 OFFSET $2 ) , pgrst_source_count AS (SELECT $3  FROM ""public"".""asset_effective_tags"" LIMIT $4) SELECT (SELECT pg_catalog.count(*) FROM pgrst_source_count) AS total_result_set, pg_catalog.count(_postgrest_t) AS page_total, coalesce(json_agg(_postgrest_t), $5) AS body, nullif(current_setting($6, $7), $8) AS response_headers, nullif(current_setting($9, $10), $11) AS response_status, $12 AS response_inserted FROM ( SELECT * FROM pgrst_source ) _postgrest_t",1,1,1738.982549,1738.982549,1738.982549,0,0,274462,2740,699,0,0,0,0,0,664,663,1662578
642578349148875578,service_role,postgres,"WITH pgrst_source AS ( SELECT ""public"".""assets"".""style_group_id"" FROM ""public"".""assets"" WHERE  ""public"".""assets"".""is_deleted"" = $1 AND  ""public"".""assets"".""status"" = $2 AND NOT ""public"".""assets"".""ai_tagged_at"" IS NULL AND NOT ""public"".""assets"".""style_group_id"" IS NULL   LIMIT $3 OFFSET $4 )  SELECT $5::bigint AS total_result_set, pg_catalog.count(_postgrest_t) AS page_total, coalesce(json_agg(_postgrest_t), $6) AS body, nullif(current_setting($7, $8), $9) AS response_headers, nullif(current_setting($10, $11), $12) AS response_status, $13 AS response_inserted FROM ( SELECT * FROM pgrst_source ) _postgrest_t",10,10,1722.670253,172.2670253,382.57864,134.933905341078,0,7448,2384,11,0,0,0,0,0,13,11,31325
6348407703139283258,postgres,postgres,"COPY dflow.""itemAttachment"" (item_attachment_id, attachment_type, attachment_display_name, attachment_link, item_num_id_fk, ""item_attachment_createdTime"", ""item_attachment_createdUser"", ""item_attachment_modTime"", ""item_attachment_modUser"", ""item_attachment_fileName"", ""companyCode_name"", ""divisionCode_name"", ""item_attachment_colorCode"", ""item_attachment_resourceId"", comment_id, uuid, primary_image, licensing_attachment, licensing_feedback_id_fk, license_status, dsn_ref_num) TO stdout",1,214060,1696.209105,1696.209105,1696.209105,0,0,0,7932,0,55,0,0,0,0,0,0,0
5269080874349385347,service_role,postgres,"WITH pgrst_source AS (INSERT INTO ""crm"".""email_message""(""body_preview"", ""company_id"", ""department_id"", ""detected_po_numbers"", ""detected_so_numbers"", ""external_id"", ""external_source"", ""opportunity_id"", ""outlook_message_id"", ""received_at"", ""recipients"", ""routing_status"", ""sender"", ""subject"") SELECT ""pgrst_body"".""body_preview"", ""pgrst_body"".""company_id"", ""pgrst_body"".""department_id"", ""pgrst_body"".""detected_po_numbers"", ""pgrst_body"".""detected_so_numbers"", ""pgrst_body"".""external_id"", ""pgrst_body"".""external_source"", ""pgrst_body"".""opportunity_id"", ""pgrst_body"".""outlook_message_id"", ""pgrst_body"".""received_at"", ""pgrst_body"".""recipients"", ""pgrst_body"".""routing_status"", ""pgrst_body"".""sender"", ""pgrst_body"".""subject"" FROM (SELECT $1 AS json_data) pgrst_payload, LATERAL (SELECT ""body_preview"", ""company_id"", ""department_id"", ""detected_po_numbers"", ""detected_so_numbers"", ""external_id"", ""external_source"", ""opportunity_id"", ""outlook_message_id"", ""received_at"", ""recipients"", ""routing_status"", ""sender"", ""subject"" FROM json_to_record(pgrst_payload.json_data) AS _(""body_preview"" text, ""company_id"" uuid, ""department_id"" uuid, ""detected_po_numbers"" text, ""detected_so_numbers"" text, ""external_id"" text, ""external_source"" text, ""opportunity_id"" uuid, ""outlook_message_id"" text, ""received_at"" timestamp with time zone, ""recipients"" text, ""routing_status"" text, ""sender"" text, ""subject"" text) ) pgrst_body  RETURNING $2) SELECT $3 AS total_result_set, pg_catalog.count(_postgrest_t) AS page_total, array[]::text[] AS header, $4::text AS body, nullif(current_setting($5, $6), $7) AS response_headers, nullif(current_setting($8, $9), $10) AS response_status, $11 AS response_inserted FROM (SELECT * FROM pgrst_source) _postgrest_t",142,142,1673.360731,11.7842305,277.145738,28.1295796661814,0,17856,1326,847,20,0,0,0,0,1317,824,2205382
6347767959662565187,postgres,postgres,"SELECT ""id"", ""oldValue"", ""newValue"", ""username"", ""actionType"", ""actionDate"", ""user_id_fk"", ""moduleName"", ""ref_id_fk"", ""element_id"" FROM ""dflow"".""AuditLog"" AS ""AuditLog"" WHERE ""AuditLog"".""moduleName"" IN ($1, $2, $3) AND ""AuditLog"".""actionDate"" BETWEEN $4 AND $5 ORDER BY ""AuditLog"".""id"" DESC",1,17,1648.601664,1648.601664,1648.601664,0,0,56,35304,14,0,0,0,0,0,14,14,38579
5642649123060033942,authenticated,postgres,select public.get_effective_filter_counts($1::jsonb),3,3,1647.251496,549.083832,570.609736,15.2471380639154,0,137344,0,0,0,0,0,10350,2070,0,0,0
4099505368965810706,service_role,postgres,"WITH pgrst_source AS (SELECT ""pgrst_call"".* FROM (SELECT $1 AS json_data) pgrst_payload, LATERAL (SELECT ""p_domain"", ""p_sender"", ""p_subject"", ""p_display_name"" FROM json_to_record(pgrst_payload.json_data) AS _(""p_domain"" text, ""p_sender"" text, ""p_subject"" text, ""p_display_name"" text) LIMIT $4) pgrst_body , LATERAL ""crm"".""record_ingested_domain""(""p_domain"" := pgrst_body.""p_domain"", ""p_sender"" := pgrst_body.""p_sender"", ""p_subject"" := pgrst_body.""p_subject"", ""p_display_name"" := pgrst_body.""p_display_name"") pgrst_call) SELECT $5::bigint AS total_result_set, $6 AS page_total, coalesce(json_agg(_postgrest_t)->$7, $8) AS body, nullif(current_setting($9, $10), $11) AS response_headers, nullif(current_setting($12, $13), $14) AS response_status, $15 AS response_inserted FROM (SELECT ""ingested_domain"".* FROM ""pgrst_source"" AS ""ingested_domain""   LIMIT $2 OFFSET $3) _postgrest_t",3118,3118,1551.039468,0.497446910840284,20.411436,0.829300299783974,0,27220,306,234,99,0,0,0,0,8175,219,1472889
-5945916706620701072,authenticator,postgres,"with
all_relations as (
  select reltype
  from pg_class
  where relkind in ($1,$2,$3,$4,$5)
),
computed_rels as (
  select
    (parse_ident(p.pronamespace::regnamespace::text))[$6] as schema,
    p.proname::text                  as name,
    arg_schema.nspname::text         as rel_table_schema,
    arg_name.typname::text           as rel_table_name,
    ret_schema.nspname::text         as rel_ftable_schema,
    ret_name.typname::text           as rel_ftable_name,
    not p.proretset or p.prorows = $7 as single_row
  from pg_proc p
    join pg_type      arg_name   on arg_name.oid = p.proargtypes[$8]
    join pg_namespace arg_schema on arg_schema.oid = arg_name.typnamespace
    join pg_type      ret_name   on ret_name.oid = p.prorettype
    join pg_namespace ret_schema on ret_schema.oid = ret_name.typnamespace
  where
    p.pronargs = $9
    and p.proargtypes[$10] in (select reltype from all_relations)
    and p.prorettype in (select reltype from all_relations)
)
select
  *,
  row(rel_table_schema, rel_table_name) = row(rel_ftable_schema, rel_ftable_name) as is_self
from computed_rels",175,0,1547.239018,8.84136581714286,35.19198,4.71662471280633,0,78441,2109,0,37,0,0,0,0,16,0,1036
4946869904533576826,authenticated,postgres,select public.get_filter_counts($1::jsonb),3,3,1545.438906,515.146302,542.61975,26.2499833984406,0,137340,1,14,0,0,0,10350,2070,10,8,15894
7882873404203410851,service_role,postgres,"WITH pgrst_source AS (UPDATE ""public"".""style_groups"" SET ""folder_path"" = ""pgrst_body"".""folder_path"", ""licensor_code"" = ""pgrst_body"".""licensor_code"", ""licensor_id"" = ""pgrst_body"".""licensor_id"", ""licensor_name"" = ""pgrst_body"".""licensor_name"", ""property_code"" = ""pgrst_body"".""property_code"", ""property_id"" = ""pgrst_body"".""property_id"", ""property_name"" = ""pgrst_body"".""property_name"", ""size_code"" = ""pgrst_body"".""size_code"" FROM (SELECT $1 AS json_data) pgrst_payload, LATERAL (SELECT ""folder_path"", ""licensor_code"", ""licensor_id"", ""licensor_name"", ""property_code"", ""property_id"", ""property_name"", ""size_code"" FROM json_to_record(pgrst_payload.json_data) AS _(""folder_path"" text, ""licensor_code"" text, ""licensor_id"" uuid, ""licensor_name"" text, ""property_code"" text, ""property_id"" uuid, ""property_name"" text, ""size_code"" text) ) pgrst_body  WHERE  ""public"".""style_groups"".""id"" = $2 RETURNING ""public"".""style_groups"".""id"") SELECT $3 AS total_result_set, pg_catalog.count(_postgrest_t) AS page_total, array[]::text[] AS header, coalesce(json_agg(_postgrest_t)->$4, $5) AS body, nullif(current_setting($6, $7), $8) AS response_headers, nullif(current_setting($9, $10), $11) AS response_status, $12 AS response_inserted FROM (SELECT ""style_groups"".""id"" FROM ""pgrst_source"" AS ""style_groups""   ) _postgrest_t",157,157,1514.96901,9.64948414012739,37.445797,5.94020421174483,0,26247,1210,890,4,0,0,0,0,4078,773,3620978
-1144563447342168777,supabase_read_only_user,postgres,"select (select count(*) from public.assets) assets_all,
 (select count(*) from public.assets where is_deleted = $1) assets_live,
 (select count(*) from public.asset_effective_tags) aet_rows,
 (select count(*) from public.asset_effective_tags where tag = $2) tag_blue,
 (select count(*) from public.asset_effective_tags where tag = $3) tag_front,
 (select count(*) from public.asset_effective_tags where tag = $4) tag_design

-- source: POST /v1/projects/:ref/database/query
-- user: pat:8463633
-- date: 2026-09-03T19:33:20.206Z",1,1,1474.659485,1474.659485,1474.659485,0,0,143513,22504,3196,37,0,0,0,0,3877,3196,4833260
7074727611690406538,service_role,postgres,"WITH pgrst_source AS (UPDATE ""public"".""style_groups"" SET ""folder_path"" = ""pgrst_body"".""folder_path"", ""licensor_name"" = ""pgrst_body"".""licensor_name"", ""property_name"" = ""pgrst_body"".""property_name"" FROM (SELECT $1 AS json_data) pgrst_payload, LATERAL (SELECT ""folder_path"", ""licensor_name"", ""property_name"" FROM json_to_record(pgrst_payload.json_data) AS _(""folder_path"" text, ""licensor_name"" text, ""property_name"" text) ) pgrst_body  WHERE  ""public"".""style_groups"".""id"" = $2 RETURNING ""public"".""style_groups"".""id"") SELECT $3 AS total_result_set, pg_catalog.count(_postgrest_t) AS page_total, array[]::text[] AS header, coalesce(json_agg(_postgrest_t)->$4, $5) AS body, nullif(current_setting($6, $7), $8) AS response_headers, nullif(current_setting($9, $10), $11) AS response_status, $12 AS response_inserted FROM (SELECT ""style_groups"".""id"" FROM ""pgrst_source"" AS ""style_groups""   ) _postgrest_t",145,145,1411.247031,9.73273814482758,25.52053,5.334758278195,0,28697,1133,722,12,0,0,0,0,3671,669,3070485
-8668439501795092329,service_role,postgres,"insert into plm.wwe_asset_property_inferred (capture_id,asset_source_id,property_source_id,match_method,rule_version,confidence,relationship_truth,raw) values ($1,$2,$3,$4,$5,$6,$7,$8),($9,$10,$11,$12,$13,$14,$15,$16),($17,$18,$19,$20,$21,$22,$23,$24),($25,$26,$27,$28,$29,$30,$31,$32),($33,$34,$35,$36,$37,$38,$39,$40),($41,$42,$43,$44,$45,$46,$47,$48),($49,$50,$51,$52,$53,$54,$55,$56),($57,$58,$59,$60,$61,$62,$63,$64),($65,$66,$67,$68,$69,$70,$71,$72),($73,$74,$75,$76,$77,$78,$79,$80),($81,$82,$83,$84,$85,$86,$87,$88),($89,$90,$91,$92,$93,$94,$95,$96),($97,$98,$99,$100,$101,$102,$103,$104),($105,$106,$107,$108,$109,$110,$111,$112),($113,$114,$115,$116,$117,$118,$119,$120),($121,$122,$123,$124,$125,$126,$127,$128),($129,$130,$131,$132,$133,$134,$135,$136),($137,$138,$139,$140,$141,$142,$143,$144),($145,$146,$147,$148,$149,$150,$151,$152),($153,$154,$155,$156,$157,$158,$159,$160),($161,$162,$163,$164,$165,$166,$167,$168),($169,$170,$171,$172,$173,$174,$175,$176),($177,$178,$179,$180,$181,$182,$183,$184),($185,$186,$187,$188,$189,$190,$191,$192),($193,$194,$195,$196,$197,$198,$199,$200),($201,$202,$203,$204,$205,$206,$207,$208),($209,$210,$211,$212,$213,$214,$215,$216),($217,$218,$219,$220,$221,$222,$223,$224),($225,$226,$227,$228,$229,$230,$231,$232),($233,$234,$235,$236,$237,$238,$239,$240),($241,$242,$243,$244,$245,$246,$247,$248),($249,$250,$251,$252,$253,$254,$255,$256),($257,$258,$259,$260,$261,$262,$263,$264),($265,$266,$267,$268,$269,$270,$271,$272),($273,$274,$275,$276,$277,$278,$279,$280),($281,$282,$283,$284,$285,$286,$287,$288),($289,$290,$291,$292,$293,$294,$295,$296),($297,$298,$299,$300,$301,$302,$303,$304),($305,$306,$307,$308,$309,$310,$311,$312),($313,$314,$315,$316,$317,$318,$319,$320),($321,$322,$323,$324,$325,$326,$327,$328),($329,$330,$331,$332,$333,$334,$335,$336),($337,$338,$339,$340,$341,$342,$343,$344),($345,$346,$347,$348,$349,$350,$351,$352),($353,$354,$355,$356,$357,$358,$359,$360),($361,$362,$363,$364,$365,$366,$367,$368),($369,$370,$371,$",45,11250,1381.578682,30.7017484888889,60.621858,10.348944263266,0,167803,3,434,433,0,0,0,0,56641,1,6315211
-1653947496479553852,service_role,postgres,"WITH pgrst_source AS (UPDATE ""public"".""style_groups"" SET ""division_code"" = ""pgrst_body"".""division_code"", ""division_name"" = ""pgrst_body"".""division_name"", ""licensor_id"" = ""pgrst_body"".""licensor_id"", ""licensor_name"" = ""pgrst_body"".""licensor_name"", ""mg01_code"" = ""pgrst_body"".""mg01_code"", ""mg01_name"" = ""pgrst_body"".""mg01_name"", ""mg02_code"" = ""pgrst_body"".""mg02_code"", ""mg02_name"" = ""pgrst_body"".""mg02_name"", ""mg03_code"" = ""pgrst_body"".""mg03_code"", ""mg03_name"" = ""pgrst_body"".""mg03_name"", ""property_name"" = ""pgrst_body"".""property_name"", ""size_code"" = ""pgrst_body"".""size_code"", ""size_name"" = ""pgrst_body"".""size_name"" FROM (SELECT $1 AS json_data) pgrst_payload, LATERAL (SELECT ""division_code"", ""division_name"", ""licensor_id"", ""licensor_name"", ""mg01_code"", ""mg01_name"", ""mg02_code"", ""mg02_name"", ""mg03_code"", ""mg03_name"", ""property_name"", ""size_code"", ""size_name"" FROM json_to_record(pgrst_payload.json_data) AS _(""division_code"" text, ""division_name"" text, ""licensor_id"" uuid, ""licensor_name"" text, ""mg01_code"" text, ""mg01_name"" text, ""mg02_code"" text, ""mg02_name"" text, ""mg03_code"" text, ""mg03_name"" text, ""property_name"" text, ""size_code"" text, ""size_name"" text) ) pgrst_body  WHERE  ""public"".""style_groups"".""id"" = $2 RETURNING ""public"".""style_groups"".""id"") SELECT $3 AS total_result_set, pg_catalog.count(_postgrest_t) AS page_total, array[]::text[] AS header, coalesce(json_agg(_postgrest_t)->$4, $5) AS body, nullif(current_setting($6, $7), $8) AS response_headers, nullif(current_setting($9, $10), $11) AS response_status, $12 AS response_inserted FROM (SELECT ""style_groups"".""id"" FROM ""pgrst_source"" AS ""style_groups""   ) _postgrest_t",141,141,1332.439881,9.44992823404256,30.242958,4.86826403103393,0,22887,1147,1013,12,0,0,0,0,3863,912,3664758
3910950013428114732,postgres,postgres,"create temporary table issue640_classified on commit drop as
with landing as (
  select i.*,
         s.source_label,
         count(s.source_label) over (partition by i.source_system, i.source_table, i.source_id) as source_matches
  from issue640_input i
  left join lateral (
    select w.label as source_label
    from plm.wb_property w
    where i.source_system = $1
      and i.source_table = $2
      and w.source_namespace = i.source_system
      and w.source_id = i.source_id
    union all
    select o.property_name
    from plm.opa_property o
    where i.source_system = $3
      and i.source_table = $4
      and o.licensed_property_id::text = i.source_id
  ) s on $5
), candidates as (
  select i.*,
         p.canonical_id,
         p.canonical_licensor_code,
         count(p.canonical_id) over (partition by i.source_system, i.source_table, i.source_id) as canonical_matches
  from landing i
  left join lateral (
    select cp.id as canonical_id, l.code as canonical_licensor_code
    from core.licensor l
    join core.property cp on cp.licensor_id = l.id
    where l.code in (select jsonb_array_elements_text(i.allowed_codes))
      and regexp_replace(lower(btrim(cp.name)), $6, $7, $8) = regexp_replace(lower(btrim(i.portal_label)), $9, $10, $11)
  ) p on $12
), classified as (
  select c.*,
         r.entity_id as existing_entity_id,
         case
           when c.source_matches <> $13 then $14
           when regexp_replace(lower(btrim(c.source_label)), $15, $16, $17) <> regexp_replace(lower(btrim(c.portal_label)), $18, $19, $20) then $21
           when regexp_replace(lower(btrim(c.universe_name)), $22, $23, $24) <> regexp_replace(lower(btrim(c.portal_label)), $25, $26, $27) then
             case when c.universe_name = $28 and c.portal_label = $29 and c.canonical_matches = $30
                  then $31
                  else $32 end
           when c.canonical_matches = $33 then $34
           when c.canonical_matches",1,342,1304.108988,1304.108988,1304.108988,0,0,9766,62,5,0,14,0,0,0,172,5,21638
7899190504599315261,authenticator,postgres,"with
role_setting as (
  select r.rolname, unnest(r.rolconfig) as setting
  from pg_auth_members m
  join pg_roles r on r.oid = m.roleid
  where member = current_user::regrole::oid
),
kv_settings AS (
  SELECT
    rolname,
    substr(setting, $1, strpos(setting, $2) - $3) as key,
    lower(substr(setting, strpos(setting, $4) + $5)) as value
  FROM role_setting
),
iso_setting AS (
  SELECT rolname, value
  FROM kv_settings
  WHERE key = $6
)
select
  kv.rolname,
  i.value as iso_lvl,
  coalesce(array_agg(row(kv.key, kv.value)) filter (where key <> $7), $8) as role_settings
from kv_settings kv
join pg_settings ps on ps.name = kv.key and (ps.context = $9 or has_parameter_privilege(current_user::regrole::oid, ps.name, $10))
left join iso_setting i on i.rolname = kv.rolname
group by kv.rolname, i.value",184,368,1227.697582,6.67226946739131,24.685388,3.83133200825834,0,103545,74,0,1,0,0,0,0,0,0,0
-910460489355237270,authenticated,postgres,"WITH pgrst_source AS (SELECT pgrst_call.pgrst_scalar FROM (SELECT $1 AS json_data) pgrst_payload, LATERAL (SELECT ""p_search"", ""p_cursor"", ""p_page_size"" FROM json_to_record(pgrst_payload.json_data) AS _(""p_search"" text, ""p_cursor"" text, ""p_page_size"" integer) LIMIT $4) pgrst_body , LATERAL (SELECT ""api"".""db_data_admin_property_match_queue""(""p_search"" := pgrst_body.""p_search"", ""p_cursor"" := pgrst_body.""p_cursor"", ""p_page_size"" := pgrst_body.""p_page_size"") pgrst_scalar) pgrst_call) SELECT $5::bigint AS total_result_set, $6 AS page_total, coalesce(json_agg(_postgrest_t.pgrst_scalar)->$7, $8) AS body, nullif(current_setting($9, $10), $11) AS response_headers, nullif(current_setting($12, $13), $14) AS response_status, $15 AS response_inserted FROM (SELECT ""db_data_admin_property_match_queue"".* FROM ""pgrst_source"" AS ""db_data_admin_property_match_queue""   LIMIT $2 OFFSET $3) _postgrest_t",8,8,1218.061899,152.257737375,301.529204,95.8775072183044,0,198772,382,7,0,0,0,0,0,16,7,15177
-2249867289351463640,service_role,postgres,"insert into plm.wwe_asset_folder_member (capture_id,asset_source_id,folder_source_id,raw) values ($1,$2,$3,$4),($5,$6,$7,$8),($9,$10,$11,$12),($13,$14,$15,$16),($17,$18,$19,$20),($21,$22,$23,$24),($25,$26,$27,$28),($29,$30,$31,$32),($33,$34,$35,$36),($37,$38,$39,$40),($41,$42,$43,$44),($45,$46,$47,$48),($49,$50,$51,$52),($53,$54,$55,$56),($57,$58,$59,$60),($61,$62,$63,$64),($65,$66,$67,$68),($69,$70,$71,$72),($73,$74,$75,$76),($77,$78,$79,$80),($81,$82,$83,$84),($85,$86,$87,$88),($89,$90,$91,$92),($93,$94,$95,$96),($97,$98,$99,$100),($101,$102,$103,$104),($105,$106,$107,$108),($109,$110,$111,$112),($113,$114,$115,$116),($117,$118,$119,$120),($121,$122,$123,$124),($125,$126,$127,$128),($129,$130,$131,$132),($133,$134,$135,$136),($137,$138,$139,$140),($141,$142,$143,$144),($145,$146,$147,$148),($149,$150,$151,$152),($153,$154,$155,$156),($157,$158,$159,$160),($161,$162,$163,$164),($165,$166,$167,$168),($169,$170,$171,$172),($173,$174,$175,$176),($177,$178,$179,$180),($181,$182,$183,$184),($185,$186,$187,$188),($189,$190,$191,$192),($193,$194,$195,$196),($197,$198,$199,$200),($201,$202,$203,$204),($205,$206,$207,$208),($209,$210,$211,$212),($213,$214,$215,$216),($217,$218,$219,$220),($221,$222,$223,$224),($225,$226,$227,$228),($229,$230,$231,$232),($233,$234,$235,$236),($237,$238,$239,$240),($241,$242,$243,$244),($245,$246,$247,$248),($249,$250,$251,$252),($253,$254,$255,$256),($257,$258,$259,$260),($261,$262,$263,$264),($265,$266,$267,$268),($269,$270,$271,$272),($273,$274,$275,$276),($277,$278,$279,$280),($281,$282,$283,$284),($285,$286,$287,$288),($289,$290,$291,$292),($293,$294,$295,$296),($297,$298,$299,$300),($301,$302,$303,$304),($305,$306,$307,$308),($309,$310,$311,$312),($313,$314,$315,$316),($317,$318,$319,$320),($321,$322,$323,$324),($325,$326,$327,$328),($329,$330,$331,$332),($333,$334,$335,$336),($337,$338,$339,$340),($341,$342,$343,$344),($345,$346,$347,$348),($349,$350,$351,$352),($353,$354,$355,$356),($357,$358,$359,$360),($361,$362,$363,$364),($365,$36",45,11250,1215.276296,27.0061399111111,59.433646,9.54964571299103,0,201723,2,300,300,0,0,0,0,57588,1,5247371
8124936494380037533,service_role,postgres,"WITH pgrst_source AS ( SELECT ""public"".""asset_checkouts"".""id"", ""public"".""asset_checkouts"".""expected_quick_hash"", ""public"".""asset_checkouts"".""checkin_size"", ""public"".""asset_checkouts"".""source_hash"", ""public"".""asset_checkouts"".""source_size"", ""public"".""asset_checkouts"".""verify_deadline_at"", ""public"".""asset_checkouts"".""verify_resolve_at"", ""public"".""asset_checkouts"".""verify_last_attempt_at"", ""public"".""asset_checkouts"".""verify_attempts"", ""public"".""asset_checkouts"".""verify_failed_at"", row_to_json(""asset_checkouts_assets_1"".*)::jsonb AS ""assets"" FROM ""public"".""asset_checkouts"" LEFT JOIN LATERAL ( SELECT ""assets_1"".""relative_path"", ""assets_1"".""filename"" FROM ""public"".""assets"" AS ""assets_1"" WHERE ""assets_1"".""id"" = ""public"".""asset_checkouts"".""asset_id""   LIMIT $1 OFFSET $2 ) AS ""asset_checkouts_assets_1"" ON $7 WHERE  ""public"".""asset_checkouts"".""status"" = $3 AND  ""public"".""asset_checkouts"".""source_provider"" = $4  ORDER BY ""public"".""asset_checkouts"".""verify_resolve_at"" ASC  LIMIT $5 OFFSET $6 )  SELECT $8::bigint AS total_result_set, pg_catalog.count(_postgrest_t) AS page_total, coalesce(json_agg(_postgrest_t), $9) AS body, nullif(current_setting($10, $11), $12) AS response_headers, nullif(current_setting($13, $14), $15) AS response_status, $16 AS response_inserted FROM ( SELECT * FROM pgrst_source ) _postgrest_t",19588,19588,1213.50479499999,0.0619514394016749,9.897301,0.217930628216192,0,19434,385,0,64,0,0,0,0,0,0,0
1798441094307054606,supabase_auth_admin,postgres,"UPDATE ""users"" AS users SET ""last_sign_in_at"" = $1, ""updated_at"" = $2 WHERE users.id = $3",386,386,1210.01211,3.13474639896373,13.258996,2.71656184363998,0,25229,1446,276,64,0,0,0,0,842,227,522304
7887982521795097366,service_role,postgres,"WITH pgrst_source AS (UPDATE ""public"".""style_groups"" SET ""division_code"" = ""pgrst_body"".""division_code"", ""division_name"" = ""pgrst_body"".""division_name"", ""folder_path"" = ""pgrst_body"".""folder_path"", ""licensor_code"" = ""pgrst_body"".""licensor_code"", ""property_code"" = ""pgrst_body"".""property_code"" FROM (SELECT $1 AS json_data) pgrst_payload, LATERAL (SELECT ""division_code"", ""division_name"", ""folder_path"", ""licensor_code"", ""property_code"" FROM json_to_record(pgrst_payload.json_data) AS _(""division_code"" text, ""division_name"" text, ""folder_path"" text, ""licensor_code"" text, ""property_code"" text) ) pgrst_body  WHERE  ""public"".""style_groups"".""id"" = $2 RETURNING ""public"".""style_groups"".""id"") SELECT $3 AS total_result_set, pg_catalog.count(_postgrest_t) AS page_total, array[]::text[] AS header, coalesce(json_agg(_postgrest_t)->$4, $5) AS body, nullif(current_setting($6, $7), $8) AS response_headers, nullif(current_setting($9, $10), $11) AS response_status, $12 AS response_inserted FROM (SELECT ""style_groups"".""id"" FROM ""pgrst_source"" AS ""style_groups""   ) _postgrest_t",170,170,1189.296063,6.99585919411764,17.623428,3.27319562755788,0,17830,885,917,15,0,0,0,0,4375,846,3003424
8074250554804319433,supabase_auth_admin,postgres,"SELECT users.aud, users.banned_until, users.confirmation_sent_at, users.confirmation_token, users.confirmed_at, users.created_at, users.deleted_at, users.email, users.email_change, users.email_change_confirm_status, users.email_change_sent_at, users.email_change_token_current, users.email_change_token_new, users.email_confirmed_at, users.encrypted_password, users.id, users.instance_id, users.invited_at, users.is_anonymous, users.is_sso_user, users.last_sign_in_at, users.phone, users.phone_change, users.phone_change_sent_at, users.phone_change_token, users.phone_confirmed_at, users.raw_app_meta_data, users.raw_user_meta_data, users.reauthentication_sent_at, users.reauthentication_token, users.recovery_sent_at, users.recovery_token, users.role, users.updated_at FROM users AS users WHERE instance_id = $1 and id = $2 LIMIT $3",14578,14578,1183.52807799999,0.0811859019069833,8.347619,0.199828736464213,0,28661,497,256,22,0,0,0,0,317,256,482993
6040008307982215995,postgres,postgres,"SELECT
      v.""RFQitem_id_fk"" AS item_id,
      COUNT(DISTINCT v.""vendor_id_fk"") FILTER (
        WHERE COALESCE(v.""req_status"", $1) <> $2
      ) AS quote_requested_count,
      COUNT(DISTINCT v.""vendor_id_fk"") FILTER (
        WHERE COALESCE(v.""req_status"", $3) <> $4
          AND v.""RFQVendor_amount"" ~ $5
      ) AS quote_responded_count,
      MAX(v.""carton_length"") FILTER (
        WHERE v.""vendor_id_fk"" = i.""rfqItem_choosen_vendor""
      ) AS chosen_vendor_carton_length,
      MAX(v.""carton_width"") FILTER (
        WHERE v.""vendor_id_fk"" = i.""rfqItem_choosen_vendor""
      ) AS chosen_vendor_carton_width,
      MAX(v.""carton_height"") FILTER (
        WHERE v.""vendor_id_fk"" = i.""rfqItem_choosen_vendor""
      ) AS chosen_vendor_carton_height
    FROM ""plm"".""RFQVendor"" v
    JOIN ""plm"".""RFQItem"" i
      ON i.""rfqItem_id"" = v.""RFQitem_id_fk""
    WHERE v.""RFQitem_id_fk"" IN ($6, $7, $8, $9, $10, $11, $12, $13, $14, $15, $16, $17, $18, $19, $20, $21, $22, $23, $24, $25, $26, $27, $28, $29, $30, $31, $32, $33, $34, $35, $36, $37, $38, $39, $40, $41, $42, $43, $44, $45, $46, $47, $48, $49, $50, $51, $52, $53, $54, $55, $56, $57, $58, $59, $60, $61, $62, $63, $64, $65, $66, $67, $68, $69, $70, $71, $72, $73, $74, $75, $76, $77, $78, $79, $80, $81, $82, $83, $84, $85, $86, $87, $88, $89, $90, $91, $92, $93, $94, $95, $96, $97, $98, $99, $100, $101, $102, $103, $104, $105, $106, $107, $108, $109, $110, $111, $112, $113, $114, $115, $116, $117, $118, $119, $120, $121, $122, $123, $124, $125, $126, $127, $128, $129, $130, $131, $132, $133, $134, $135, $136, $137, $138, $139, $140, $141, $142, $143, $144, $145, $146, $147, $148, $149, $150, $151, $152, $153, $154, $155, $156, $157, $158, $159, $160, $161, $162, $163, $164, $165, $166, $167, $168, $169, $170, $171, $172, $173, $174, $175, $176, $177, $178, $179, $180, $181, $182, $183, $184, $185, $186, $187, $188, $189, $190, $191, $192, $193, $194, $195, $196, $197, $198, $199, $200, $201, $202, $203, $204, $205, $206, $207",6,18330,1162.062438,193.677073,242.720015,55.3536063066326,0,95203,2255,0,0,0,0,0,0,0,0,0
-6174255364190079127,service_role,postgres,"insert into plm.wwe_asset (capture_id,asset_source_id,library_source_id,title,file_name,extension,asset_kind,width,height,source_status,source_created_at,source_modified_at,creator_label,copyright_status,copyright_notice,source_hash,raw) values ($1,$2,$3,$4,$5,$6,$7,$8,$9,$10,$11,$12,$13,$14,$15,$16,$17),($18,$19,$20,$21,$22,$23,$24,$25,$26,$27,$28,$29,$30,$31,$32,$33,$34),($35,$36,$37,$38,$39,$40,$41,$42,$43,$44,$45,$46,$47,$48,$49,$50,$51),($52,$53,$54,$55,$56,$57,$58,$59,$60,$61,$62,$63,$64,$65,$66,$67,$68),($69,$70,$71,$72,$73,$74,$75,$76,$77,$78,$79,$80,$81,$82,$83,$84,$85),($86,$87,$88,$89,$90,$91,$92,$93,$94,$95,$96,$97,$98,$99,$100,$101,$102),($103,$104,$105,$106,$107,$108,$109,$110,$111,$112,$113,$114,$115,$116,$117,$118,$119),($120,$121,$122,$123,$124,$125,$126,$127,$128,$129,$130,$131,$132,$133,$134,$135,$136),($137,$138,$139,$140,$141,$142,$143,$144,$145,$146,$147,$148,$149,$150,$151,$152,$153),($154,$155,$156,$157,$158,$159,$160,$161,$162,$163,$164,$165,$166,$167,$168,$169,$170),($171,$172,$173,$174,$175,$176,$177,$178,$179,$180,$181,$182,$183,$184,$185,$186,$187),($188,$189,$190,$191,$192,$193,$194,$195,$196,$197,$198,$199,$200,$201,$202,$203,$204),($205,$206,$207,$208,$209,$210,$211,$212,$213,$214,$215,$216,$217,$218,$219,$220,$221),($222,$223,$224,$225,$226,$227,$228,$229,$230,$231,$232,$233,$234,$235,$236,$237,$238),($239,$240,$241,$242,$243,$244,$245,$246,$247,$248,$249,$250,$251,$252,$253,$254,$255),($256,$257,$258,$259,$260,$261,$262,$263,$264,$265,$266,$267,$268,$269,$270,$271,$272),($273,$274,$275,$276,$277,$278,$279,$280,$281,$282,$283,$284,$285,$286,$287,$288,$289),($290,$291,$292,$293,$294,$295,$296,$297,$298,$299,$300,$301,$302,$303,$304,$305,$306),($307,$308,$309,$310,$311,$312,$313,$314,$315,$316,$317,$318,$319,$320,$321,$322,$323),($324,$325,$326,$327,$328,$329,$330,$331,$332,$333,$334,$335,$336,$337,$338,$339,$340),($341,$342,$343,$344,$345,$346,$347,$348,$349,$350,$351,$352,$353,$354,$355,$356,$357),($358,$359,$360,$361,$362,$363,$364,",45,11250,1152.72704,25.6161564444444,57.943673,9.4958579318421,0,187731,4,2531,2529,0,0,0,0,68079,1,23326066
-1592172834719410952,supabase_read_only_user,postgres,select count(*) from public.assets a where a.is_deleted = $1,1,1,1082.189241,1082.189241,1082.189241,0,0,130074,1434,1111,0,0,0,0,0,1112,1111,2603212
3393632725691790249,pgbouncer,postgres,SELECT * FROM pgbouncer.get_auth($1),2645,2645,1053.673457,0.398364255954632,10.726844,0.934313496342889,0,26613,387,8,0,0,0,0,0,18,7,30258
-8767135193434646998,supabase_admin,postgres,"-- Adapted from information_schema.columns

SELECT
  c.oid :: int8 AS table_id,
  nc.nspname AS schema,
  c.relname AS table,
  (c.oid || $1 || a.attnum) AS id,
  a.attnum AS ordinal_position,
  a.attname AS name,
  CASE
    WHEN a.atthasdef THEN pg_get_expr(ad.adbin, ad.adrelid)
    ELSE $2
  END AS default_value,
  CASE
    WHEN t.typtype = $3 THEN CASE
      WHEN bt.typelem <> $4 :: oid
      AND bt.typlen = $5 THEN $6
      WHEN nbt.nspname = $7 THEN format_type(t.typbasetype, $8)
      ELSE $9
    END
    ELSE CASE
      WHEN t.typelem <> $10 :: oid
      AND t.typlen = $11 THEN $12
      WHEN nt.nspname = $13 THEN format_type(a.atttypid, $14)
      ELSE $15
    END
  END AS data_type,
  COALESCE(bt.typname, t.typname) AS format,
  a.attidentity IN ($16, $17) AS is_identity,
  CASE
    a.attidentity
    WHEN $18 THEN $19
    WHEN $20 THEN $21
    ELSE $22
  END AS identity_generation,
  a.attgenerated IN ($23) AS is_generated,
  NOT (
    a.attnotnull
    OR t.typtype = $24 AND t.typnotnull
  ) AS is_nullable,
  (
    c.relkind IN ($25, $26)
    OR c.relkind IN ($27, $28) AND pg_column_is_updatable(c.oid, a.attnum, $29)
  ) AS is_updatable,
  uniques.table_id IS NOT NULL AS is_unique,
  check_constraints.definition AS ""check"",
  array_to_json(
    array(
      SELECT
        enumlabel
      FROM
        pg_catalog.pg_enum enums
      WHERE
        enums.enumtypid = coalesce(bt.oid, t.oid)
        OR enums.enumtypid = coalesce(bt.typelem, t.typelem)
      ORDER BY
        enums.enumsortorder
    )
  ) AS enums,
  col_description(c.oid, a.attnum) AS comment
FROM
  pg_attribute a
  LEFT JOIN pg_attrdef ad ON a.attrelid = ad.adrelid
  AND a.attnum = ad.adnum
  JOIN (
    pg_class c
    JOIN pg_namespace nc ON c.relnamespace = nc.oid
  ) ON a.attrelid = c.oid
  JOIN (
    pg_type t
    JOIN pg_namespace nt ON t.typnamespace = nt.oid
  ) ON a.atttypid = t.oid
  LEFT JOIN (
    pg_type bt
    JOIN pg_namespace nbt ON bt.typnamespace = nbt.oid
  ) ON t.typtype = $30
  ",3,2486,974.701544,324.900514666667,457.988215,97.4806277344817,0,93310,811,16,0,0,0,0,0,31,16,19810
2101236400676530427,service_role,postgres,"WITH pgrst_source AS (INSERT INTO ""public"".""admin_config""(""key"", ""updated_at"", ""updated_by"", ""value"") SELECT ""pgrst_body"".""key"", ""pgrst_body"".""updated_at"", ""pgrst_body"".""updated_by"", ""pgrst_body"".""value"" FROM (SELECT $1 AS json_data) pgrst_payload, LATERAL (SELECT ""key"", ""updated_at"", ""updated_by"", ""value"" FROM json_to_record(pgrst_payload.json_data) AS _(""key"" text, ""updated_at"" timestamp with time zone, ""updated_by"" uuid, ""value"" jsonb) ) pgrst_body WHERE set_config($2, (coalesce(nullif(current_setting($3, $4), $5)::int, $6) + $7)::text, $8) <> $9 ON CONFLICT(""key"") DO UPDATE SET ""key"" = EXCLUDED.""key"", ""updated_at"" = EXCLUDED.""updated_at"", ""updated_by"" = EXCLUDED.""updated_by"", ""value"" = EXCLUDED.""value""WHERE set_config($10, (coalesce(nullif(current_setting($11, $12), $13)::int, $14) - $15)::text, $16) <> $17 RETURNING $18) SELECT $19 AS total_result_set, pg_catalog.count(_postgrest_t) AS page_total, array[]::text[] AS header, $20::text AS body, nullif(current_setting($21, $22), $23) AS response_headers, nullif(current_setting($24, $25), $26) AS response_status, nullif(current_setting($27, $28),$29)::int AS response_inserted FROM (SELECT * FROM pgrst_source) _postgrest_t",6063,6063,973.935579999998,0.160635919511794,3.236759,0.128779925195502,0,30476,15,100,4,0,0,0,0,12229,97,2881870
7268569702256019337,service_role,postgres,"WITH pgrst_source AS (UPDATE ""public"".""style_groups"" SET ""division_code"" = ""pgrst_body"".""division_code"", ""division_name"" = ""pgrst_body"".""division_name"", ""folder_path"" = ""pgrst_body"".""folder_path"", ""licensor_code"" = ""pgrst_body"".""licensor_code"", ""licensor_id"" = ""pgrst_body"".""licensor_id"", ""property_code"" = ""pgrst_body"".""property_code"" FROM (SELECT $1 AS json_data) pgrst_payload, LATERAL (SELECT ""division_code"", ""division_name"", ""folder_path"", ""licensor_code"", ""licensor_id"", ""property_code"" FROM json_to_record(pgrst_payload.json_data) AS _(""division_code"" text, ""division_name"" text, ""folder_path"" text, ""licensor_code"" text, ""licensor_id"" uuid, ""property_code"" text) ) pgrst_body  WHERE  ""public"".""style_groups"".""id"" = $2 RETURNING ""public"".""style_groups"".""id"") SELECT $3 AS total_result_set, pg_catalog.count(_postgrest_t) AS page_total, array[]::text[] AS header, coalesce(json_agg(_postgrest_t)->$4, $5) AS body, nullif(current_setting($6, $7), $8) AS response_headers, nullif(current_setting($9, $10), $11) AS response_status, $12 AS response_inserted FROM (SELECT ""style_groups"".""id"" FROM ""pgrst_source"" AS ""style_groups""   ) _postgrest_t",14,14,938.015624,67.001116,823.248469,209.792428092035,0,1592,102,51,3,0,0,0,0,345,56,227546
-6324624604000189562,supabase_auth_admin,postgres,"SELECT sessions.aal, sessions.created_at, sessions.factor_id, sessions.id, sessions.ip, sessions.not_after, sessions.oauth_client_id, sessions.refresh_token_counter, sessions.refresh_token_hmac_key, sessions.refreshed_at, sessions.scopes, sessions.tag, sessions.updated_at, sessions.user_agent, sessions.user_id FROM sessions AS sessions WHERE id = $1 LIMIT $2",14955,14955,928.219986000001,0.062067535005015,5.025737,0.227363091506824,0,31202,469,283,18,0,0,0,0,505,283,738605
-3881422609760141299,supabase_auth_admin,postgres,"SELECT identities.created_at, identities.email, identities.id, identities.identity_data, identities.last_sign_in_at, identities.provider, identities.provider_id, identities.updated_at, identities.user_id FROM identities AS identities WHERE user_id = $1",14617,28350,924.934134000002,0.0632779731819113,4.402332,0.150342795778865,0,42383,584,0,18,0,0,0,0,9,0,554
8595934547152636021,service_role,postgres,"WITH pgrst_source AS (UPDATE ""public"".""style_groups"" SET ""mg03_code"" = ""pgrst_body"".""mg03_code"", ""mg03_name"" = ""pgrst_body"".""mg03_name"", ""size_code"" = ""pgrst_body"".""size_code"", ""size_name"" = ""pgrst_body"".""size_name"" FROM (SELECT $1 AS json_data) pgrst_payload, LATERAL (SELECT ""mg03_code"", ""mg03_name"", ""size_code"", ""size_name"" FROM json_to_record(pgrst_payload.json_data) AS _(""mg03_code"" text, ""mg03_name"" text, ""size_code"" text, ""size_name"" text) ) pgrst_body  WHERE  ""public"".""style_groups"".""id"" = $2 RETURNING ""public"".""style_groups"".""id"") SELECT $3 AS total_result_set, pg_catalog.count(_postgrest_t) AS page_total, array[]::text[] AS header, coalesce(json_agg(_postgrest_t)->$4, $5) AS body, nullif(current_setting($6, $7), $8) AS response_headers, nullif(current_setting($9, $10), $11) AS response_status, $12 AS response_inserted FROM (SELECT ""style_groups"".""id"" FROM ""pgrst_source"" AS ""style_groups""   ) _postgrest_t",193,193,906.721302,4.69803783419689,17.437197,3.44082514831542,0,34862,491,321,7,0,0,0,0,2934,253,2064463
1680144325593121421,authenticated,postgres,"WITH pgrst_source AS ( SELECT ""api"".""dam_factory_list"".""id"", ""api"".""dam_factory_list"".""name"", ""api"".""dam_factory_list"".""display_name"" FROM ""api"".""dam_factory_list""  ORDER BY ""api"".""dam_factory_list"".""display_name"" ASC NULLS LAST, ""api"".""dam_factory_list"".""name"" ASC  LIMIT $1 OFFSET $2 )  SELECT $3::bigint AS total_result_set, pg_catalog.count(_postgrest_t) AS page_total, coalesce(json_agg(_postgrest_t), $4) AS body, nullif(current_setting($5, $6), $7) AS response_headers, nullif(current_setting($8, $9), $10) AS response_status, $11 AS response_inserted FROM ( SELECT * FROM pgrst_source ) _postgrest_t",29,29,905.328436,31.2182219310345,118.755454,20.1487305981231,0,14126,632,0,0,0,0,0,0,0,0,0
-5312908812429485841,service_role,postgres,"WITH pgrst_source AS ( SELECT ""crm"".""email_message"".""id"", ""crm"".""email_message"".""subject"", ""crm"".""email_message"".""sender"", ""crm"".""email_message"".""recipients"" FROM ""crm"".""email_message""  ORDER BY ""crm"".""email_message"".""id"" ASC  LIMIT $1 OFFSET $2 )  SELECT $3::bigint AS total_result_set, pg_catalog.count(_postgrest_t) AS page_total, coalesce(json_agg(_postgrest_t), $4) AS body, nullif(current_setting($5, $6), $7) AS response_headers, nullif(current_setting($8, $9), $10) AS response_status, $11 AS response_inserted FROM ( SELECT * FROM pgrst_source ) _postgrest_t",7,7,903.331916,129.047416571429,178.22798,51.6419559298044,0,1633,1407,1,219,0,0,0,0,1,1,2426
-8160520969701728255,authenticated,postgres,"WITH pgrst_source AS ( SELECT ""api"".""dam_customer_list"".""id"", ""api"".""dam_customer_list"".""name"", ""api"".""dam_customer_list"".""display_name"" FROM ""api"".""dam_customer_list""  ORDER BY ""api"".""dam_customer_list"".""display_name"" ASC NULLS LAST, ""api"".""dam_customer_list"".""name"" ASC  LIMIT $1 OFFSET $2 )  SELECT $3::bigint AS total_result_set, pg_catalog.count(_postgrest_t) AS page_total, coalesce(json_agg(_postgrest_t), $4) AS body, nullif(current_setting($5, $6), $7) AS response_headers, nullif(current_setting($8, $9), $10) AS response_status, $11 AS response_inserted FROM ( SELECT * FROM pgrst_source ) _postgrest_t",29,29,900.344778,31.0463716551724,69.259183,15.6382575316952,0,14840,1220,0,0,0,0,0,0,0,0,0
-8541032311162071818,postgres,postgres,"select version from supabase_migrations.schema_migrations order by version

-- source: POST /v1/projects/:ref/database/query
-- user: pat:8463633
-- date: 2026-08-29T12:49:04.220Z",447,250101,894.090779,2.00020308501119,28.22977,2.7791226023403,0,58937,4076,0,0,0,0,0,0,0,0,0
-5029970611856841487,postgres,postgres,"SELECT ""item_attachment_id"", ""attachment_type"", ""attachment_display_name"", ""attachment_link"", ""item_num_id_fk"", ""item_attachment_createdTime"", ""item_attachment_createdUser"", ""item_attachment_modTime"", ""item_attachment_modUser"", ""item_attachment_fileName"", ""companyCode_name"", ""divisionCode_name"", ""item_attachment_colorCode"", ""item_attachment_resourceId"", ""primary_image"", ""uuid"", ""dsn_ref_num"" FROM ""dflow"".""itemAttachment"" AS ""itemAttachment"" WHERE ""itemAttachment"".""item_num_id_fk"" IN ($1, $2, $3, $4, $5, $6, $7, $8, $9, $10, $11, $12, $13, $14, $15, $16, $17, $18, $19, $20, $21, $22, $23, $24, $25, $26, $27, $28, $29, $30, $31, $32, $33, $34, $35, $36, $37, $38, $39, $40, $41, $42, $43, $44, $45, $46, $47, $48, $49, $50, $51, $52, $53, $54, $55, $56, $57, $58, $59, $60, $61, $62, $63, $64, $65, $66, $67, $68, $69, $70, $71, $72, $73, $74, $75, $76, $77, $78, $79, $80, $81, $82, $83, $84, $85, $86, $87, $88, $89, $90, $91, $92, $93, $94, $95, $96, $97, $98, $99, $100) ORDER BY ""itemAttachment"".""item_num_id_fk"" ASC, ""itemAttachment"".""attachment_display_name"" ASC",2,1952,890.612003,445.3060015,445.610069,0.304067499999988,0,90,15864,0,252,0,0,0,0,0,0,0
8188363842105686971,postgres,postgres,"create temporary table issue640_classified on commit drop as
with landing as (
  select i.*,
         s.source_label,
         count(s.source_label) over (partition by i.source_system, i.source_table, i.source_id) as source_matches
  from issue640_input i
  left join lateral (
    select w.label as source_label
    from plm.wb_property w
    where i.source_system = $1
      and i.source_table = $2
      and w.source_namespace = i.source_system
      and w.source_id = i.source_id
    union all
    select o.property_name
    from plm.opa_property o
    where i.source_system = $3
      and i.source_table = $4
      and o.licensed_property_id::text = i.source_id
  ) s on $5
), candidates as (
  select i.*,
         p.canonical_id,
         p.canonical_licensor_code,
         count(p.canonical_id) over (partition by i.source_system, i.source_table, i.source_id) as canonical_matches
  from landing i
  left join lateral (
    select cp.id as canonical_id, l.code as canonical_licensor_code
    from core.licensor l
    join core.property cp on cp.licensor_id = l.id
    where l.code in (select jsonb_array_elements_text(i.allowed_codes))
      and regexp_replace(lower(btrim(cp.name)), $6, $7, $8) = regexp_replace(lower(btrim(i.portal_label)), $9, $10, $11)
  ) p on $12
), classified as (
  select c.*,
         r.entity_id as existing_entity_id,
         case
           when c.source_matches <> $13 then $14
           when regexp_replace(lower(btrim(c.source_label)), $15, $16, $17) <> regexp_replace(lower(btrim(c.portal_label)), $18, $19, $20) then $21
           when regexp_replace(lower(btrim(c.universe_name)), $22, $23, $24) <> regexp_replace(lower(btrim(c.portal_label)), $25, $26, $27) then
             case when c.universe_name = $28 and c.portal_label = $29 and c.canonical_matches = $30
                  then $31
                  else $32 end
           when c.canonical_matches = $33 then $34
           when c.canonical_matches",1,342,889.049713,889.049713,889.049713,0,0,9750,61,5,0,14,0,0,0,172,5,23801
7712279204968765278,postgres,postgres,"with latest as (select id,started_at from public.style_guide_crawl_runs order by started_at desc limit $1)
select json_build_object(
$2,(select count(*) from public.style_guide_files f,latest l where f.is_active and f.crawl_run_id=l.id),
$3,(select count(*) from public.style_guide_files f,latest l where f.is_active and f.crawl_run_id<>l.id),
$4,(select count(*) from public.style_guide_files f,latest l where f.is_active and f.last_seen_at<l.started_at),
$5,(select json_agg(x) from (select relative_path,last_seen_at,crawl_run_id from public.style_guide_files f,latest l where f.is_active and f.crawl_run_id<>l.id order by last_seen_at asc limit $6) x)
)",1,1,883.289212,883.289212,883.289212,0,0,138029,262,1,0,0,0,0,0,1,1,1720
7636049144622012177,authenticated,postgres,"WITH pgrst_source AS (SELECT ""pgrst_call"".* FROM (SELECT $1 AS json_data) pgrst_payload, LATERAL (SELECT ""p_business_unit"" FROM json_to_record(pgrst_payload.json_data) AS _(""p_business_unit"" text) LIMIT $4) pgrst_body , LATERAL ""api"".""pm_pipeline_list_facets""(""p_business_unit"" := pgrst_body.""p_business_unit"") pgrst_call) SELECT $5::bigint AS total_result_set, pg_catalog.count(_postgrest_t) AS page_total, coalesce(json_agg(_postgrest_t), $6) AS body, nullif(current_setting($7, $8), $9) AS response_headers, nullif(current_setting($10, $11), $12) AS response_status, $13 AS response_inserted FROM (SELECT ""record"".* FROM ""pgrst_source"" AS ""record""   LIMIT $2 OFFSET $3) _postgrest_t",1,1,873.842403,873.842403,873.842403,0,0,54211,0,0,0,0,0,0,0,0,0,0
5904925659870160521,postgres,postgres,"create temporary table issue640_classified on commit drop as
with landing as (
  select i.*,
         s.source_label,
         count(s.source_label) over (partition by i.source_system, i.source_table, i.source_id) as source_matches
  from issue640_input i
  left join lateral (
    select w.label as source_label
    from plm.wb_property w
    where i.source_system = $1
      and i.source_table = $2
      and w.source_namespace = i.source_system
      and w.source_id = i.source_id
    union all
    select o.property_name
    from plm.opa_property o
    where i.source_system = $3
      and i.source_table = $4
      and o.licensed_property_id::text = i.source_id
  ) s on $5
), candidates as (
  select i.*,
         p.canonical_id,
         p.canonical_licensor_code,
         count(p.canonical_id) over (partition by i.source_system, i.source_table, i.source_id) as canonical_matches
  from landing i
  left join lateral (
    select cp.id as canonical_id, l.code as canonical_licensor_code
    from core.licensor l
    join core.property cp on cp.licensor_id = l.id
    where l.code in (select jsonb_array_elements_text(i.allowed_codes))
      and regexp_replace(lower(btrim(cp.name)), $6, $7, $8) = regexp_replace(lower(btrim(i.portal_label)), $9, $10, $11)
  ) p on $12
), classified as (
  select c.*,
         r.entity_id as existing_entity_id,
         case
           when c.source_matches <> $13 then $14
           when regexp_replace(lower(btrim(c.source_label)), $15, $16, $17) <> regexp_replace(lower(btrim(c.portal_label)), $18, $19, $20) then $21
           when regexp_replace(lower(btrim(c.universe_name)), $22, $23, $24) <> regexp_replace(lower(btrim(c.portal_label)), $25, $26, $27) then
             case when c.universe_name = $28 and c.portal_label = $29 and c.canonical_matches = $30
                  then $31
                  else $32 end
           when c.canonical_matches = $33 then $34
           when c.canonical_matches",1,342,869.073232,869.073232,869.073232,0,0,9825,4,6,0,14,0,0,0,173,5,23718
-4134239837637208490,postgres,postgres,"create temporary table issue640_classified on commit drop as
with landing as (
  select i.*,
         s.source_label,
         count(s.source_label) over (partition by i.source_system, i.source_table, i.source_id) as source_matches
  from issue640_input i
  left join lateral (
    select w.label as source_label
    from plm.wb_property w
    where i.source_system = $1
      and i.source_table = $2
      and w.source_namespace = i.source_system
      and w.source_id = i.source_id
    union all
    select o.property_name
    from plm.opa_property o
    where i.source_system = $3
      and i.source_table = $4
      and o.licensed_property_id::text = i.source_id
  ) s on $5
), candidates as (
  select i.*,
         p.canonical_id,
         p.canonical_licensor_code,
         count(p.canonical_id) over (partition by i.source_system, i.source_table, i.source_id) as canonical_matches
  from landing i
  left join lateral (
    select cp.id as canonical_id, l.code as canonical_licensor_code
    from core.licensor l
    join core.property cp on cp.licensor_id = l.id
    where l.code in (select jsonb_array_elements_text(i.allowed_codes))
      and regexp_replace(lower(btrim(cp.name)), $6, $7, $8) = regexp_replace(lower(btrim(i.portal_label)), $9, $10, $11)
  ) p on $12
), classified as (
  select c.*,
         r.entity_id as existing_entity_id,
         case
           when c.source_matches <> $13 then $14
           when regexp_replace(lower(btrim(c.source_label)), $15, $16, $17) <> regexp_replace(lower(btrim(c.portal_label)), $18, $19, $20) then $21
           when regexp_replace(lower(btrim(c.universe_name)), $22, $23, $24) <> regexp_replace(lower(btrim(c.portal_label)), $25, $26, $27) then
             case when c.universe_name = $28 and c.portal_label = $29
                  then $30
                  else $31 end
           when c.canonical_matches = $32 then $33
           when c.canonical_matches > $34 then $35
           wh",1,342,862.462254,862.462254,862.462254,0,0,9998,2,5,1,14,0,0,0,169,4,25863
-7636017459454384471,postgres,postgres,"WITH table_stats AS (
  SELECT
    n.nspname AS schema_name,
    c.relname AS table_name,
    c.reltuples::bigint AS estimated_rows,
    pg_size_pretty(pg_total_relation_size(c.oid)) AS total_size,
    pg_total_relation_size(c.oid) AS total_bytes,
    pg_size_pretty(pg_relation_size(c.oid)) AS table_size,
    pg_size_pretty(pg_indexes_size(c.oid)) AS index_size,
    COALESCE(s.n_live_tup, $1) AS live_rows,
    COALESCE(s.n_dead_tup, $2) AS dead_rows,
    COALESCE(s.n_mod_since_analyze, $3) AS modifications_since_analyze,
    s.last_autovacuum,
    s.last_autoanalyze
  FROM pg_class c
  JOIN pg_namespace n ON n.oid = c.relnamespace
  LEFT JOIN pg_stat_user_tables s ON s.relid = c.oid
  WHERE c.relkind = $4
    AND n.nspname IN ($5,$6,$7,$8,$9,$10,$11,$12,$13,$14,$15,$16,$17,$18)
), top_queries AS (
  SELECT
    queryid,
    calls,
    round(total_exec_time::numeric, $19) AS total_exec_ms,
    round(mean_exec_time::numeric, $20) AS mean_exec_ms,
    rows,
    left(regexp_replace(query, $21, $22, $23), $24) AS query_text
  FROM extensions.pg_stat_statements
  WHERE calls > $25
  ORDER BY total_exec_time DESC
  LIMIT $26
)
SELECT jsonb_build_object(
  $27, (SELECT jsonb_agg(to_jsonb(t) - $28 ORDER BY total_bytes DESC) FROM (SELECT * FROM table_stats ORDER BY total_bytes DESC LIMIT $29) t),
  $30, (SELECT jsonb_agg(to_jsonb(t) - $31 ORDER BY dead_rows::numeric / NULLIF(live_rows + dead_rows,$32) DESC) FROM (SELECT * FROM table_stats WHERE live_rows + dead_rows > $33 ORDER BY dead_rows::numeric / NULLIF(live_rows + dead_rows,$34) DESC LIMIT $35) t),
  $36, (SELECT jsonb_agg(to_jsonb(t) - $37 ORDER BY modifications_since_analyze DESC) FROM (SELECT * FROM table_stats WHERE modifications_since_analyze > $38 ORDER BY modifications_since_analyze DESC LIMIT $39) t),
  $40, (SELECT jsonb_agg(to_jsonb(q)) FROM top_queries AS q)
) AS diagnostics",1,1,861.961437,861.961437,861.961437,0,0,68028,0,1,0,0,0,620,620,1,1,666
-7317590841357945250,postgres,postgres,"create temporary table issue640_classified on commit drop as
with landing as (
  select i.*,
         s.source_label,
         count(s.source_label) over (partition by i.source_system, i.source_table, i.source_id) as source_matches
  from issue640_input i
  left join lateral (
    select w.label as source_label
    from plm.wb_property w
    where i.source_system = $1
      and i.source_table = $2
      and w.source_namespace = i.source_system
      and w.source_id = i.source_id
    union all
    select o.property_name
    from plm.opa_property o
    where i.source_system = $3
      and i.source_table = $4
      and o.licensed_property_id::text = i.source_id
  ) s on $5
), candidates as (
  select i.*,
         p.canonical_id,
         p.canonical_licensor_code,
         count(p.canonical_id) over (partition by i.source_system, i.source_table, i.source_id) as canonical_matches
  from landing i
  left join lateral (
    select cp.id as canonical_id, l.code as canonical_licensor_code
    from core.licensor l
    join core.property cp on cp.licensor_id = l.id
    where l.code in (select jsonb_array_elements_text(i.allowed_codes))
      and regexp_replace(lower(btrim(cp.name)), $6, $7, $8) = regexp_replace(lower(btrim(i.portal_label)), $9, $10, $11)
  ) p on $12
), classified as (
  select c.*,
         r.entity_id as existing_entity_id,
         case
           when c.source_matches <> $13 then $14
           when regexp_replace(lower(btrim(c.source_label)), $15, $16, $17) <> regexp_replace(lower(btrim(c.portal_label)), $18, $19, $20) then $21
           when regexp_replace(lower(btrim(c.universe_name)), $22, $23, $24) <> regexp_replace(lower(btrim(c.portal_label)), $25, $26, $27) then
             case when c.universe_name = $28 and c.portal_label = $29
                  then $30
                  else $31 end
           when c.canonical_matches = $32 then $33
           when c.canonical_matches > $34 then $35
           wh",1,342,859.844202,859.844202,859.844202,0,0,10010,1,5,0,14,0,0,0,173,5,22378
6455277417046466749,postgres,postgres,"alter table plm.item
  add constraint item_source_system_source_id_key
  unique nulls distinct (source_system, source_id)",1,0,854.100752,854.100752,854.100752,0,0,232,4483,4165,0,0,0,125,123,4189,4304,13681566
9139168737038384469,supabase_auth_admin,postgres,"SELECT refresh_tokens.created_at, refresh_tokens.id, refresh_tokens.instance_id, refresh_tokens.parent, refresh_tokens.revoked, refresh_tokens.session_id, refresh_tokens.token, refresh_tokens.updated_at, refresh_tokens.user_id FROM refresh_tokens AS refresh_tokens WHERE token = $1 LIMIT $2",683,678,852.732740999999,1.24851060175695,9.869774,1.54422028099639,0,1260,786,303,28,0,0,0,0,424,302,698719
6050766516221814323,postgres,postgres,"SELECT ""RFQItem"".""rfqItem_id"", ""RFQItem"".""rfqItem_style_number"", ""RFQItem"".""rfqItem_description"", ""RFQItem"".""rfqItem_picturethumb"", ""RFQItem"".""rfqItem_notes"", ""RFQItem"".""rfqItem_quantity"", ""RFQItem"".""rfqItem_size_l_w"", ""RFQItem"".""rfqItem_case_pack"", ""RFQItem"".""rfqItem_tech_pack_link"", ""RFQItem"".""rfqItem_wholesale"", ""RFQItem"".""rfqItem_comp_retail"", ""RFQItem"".""rfqItem_created_date"", ""RFQItem"".""rfqItem_date_modified"", ""RFQItem"".""rfqItem_warehouse"", ""RFQItem"".""rfqItem_active"", ""RFQItem"".""rfqItem_archive"", ""RFQItem"".""rfqItem_rfq_group"", ""RFQItem"".""rfqItem_step"", ""RFQItem"".""rfqItem_factories_step_at"", ""RFQItem"".""rfqItem_udf1"", ""RFQItem"".""rfqItem_udf2"", ""RFQItem"".""rfqItem_udf3"", ""RFQItem"".""rfqItem_udf4"", ""RFQItem"".""rfqItem_license"", ""RFQItem"".""rfqItem_divCode_id_fk"", ""RFQItem"".""rfqItem_delivery_loc"", ""RFQItem"".""rfqItem_customer"", ""RFQItem"".""rfqItem_copied_from_id"", ""RFQItem"".""rfqItem_source_item_id"", ""RFQItem"".""rfqItem_source_item_num"", ""RFQItem"".""rfqItem_requested_price_cells"", ""RFQItem"".""rfqItem_price_sales_snapshots"", ""RFQItem"".""rfqItem_fob_cost"", ""RFQItem"".""rfqItem_duty_rate"", ""RFQItem"".""rfqItem_duty_rate_dollar_amount"", ""RFQItem"".""rfqItem_duty_rate_equation"", ""RFQItem"".""rfqItem_freight"", ""RFQItem"".""rfqItem_landed_cost"", ""RFQItem"".""rfqItem_is_landed_cost_manual"", ""RFQItem"".""rfqItem_cbm_per_price"", ""RFQItem"".""rfqItem_agent"", ""RFQItem"".""rfqItem_dilution"", ""RFQItem"".""rfqItem_logistic_load"", ""RFQItem"".""rfqItem_container_price"", ""RFQItem"".""rfq_container_id_fk"", ""RFQItem"".""rfqItem_choosen_vendor"", ""RFQItem"".""rfqItem_royalty"", ""RFQItem"".""rfqItem_gen_fob_pricesale"", ""RFQItem"".""rfqItem_gen_poe_pricesale"", ""RFQItem"".""rfqItem_gen_whse_pricesale"", ""RFQItem"".""rfqItem_gen_mddp_pricesale"", ""RFQItem"".""rfqItem_lic_fob_pricesale"", ""RFQItem"".""rfqItem_lic_poe_pricesale"", ""RFQItem"".""rfqItem_lic_whse_pricesale"", ""RFQItem"".""rfqItem_lic_mddp_pricesale"", ""RFQItem"".""rfqItem_gen_fob_buyer_target"", ""RFQItem"".""rfqItem_gen_fob_buyer_margin"", ""RFQItem"".""rfqItem_gen_poe_buyer_target"", ""RFQItem"".""rfqI",6,20052,847.370261,141.228376833333,166.050099,20.6151204605298,0,24588,180,0,0,0,0,0,0,0,0,0
-8647195012554609156,supabase_admin,postgres,"insert into cron.job_run_details (jobid, runid, database, username, command, status) values ($1,$2,$3,$4,$5,$6)",713,713,843.087281,1.18245060448808,19.467305,2.22086069114606,0,1674,495,1328,36,0,0,0,0,1440,1319,2116009
-6871355849353160500,service_role,postgres,"WITH pgrst_source AS ( SELECT ""public"".""style_guide_files"".""relative_path"", ""public"".""style_guide_files"".""file_extension"", ""public"".""style_guide_files"".""filename"" FROM ""public"".""style_guide_files"" WHERE  ""public"".""style_guide_files"".""id"" = $1   LIMIT $2 OFFSET $3 )  SELECT $4::bigint AS total_result_set, pg_catalog.count(_postgrest_t) AS page_total, coalesce(json_agg(_postgrest_t)->$5, $6) AS body, nullif(current_setting($7, $8), $9) AS response_headers, nullif(current_setting($10, $11), $12) AS response_status, $13 AS response_inserted FROM ( SELECT * FROM pgrst_source ) _postgrest_t",2233,2233,840.332976000001,0.376324664576801,5.038856,0.512212799317455,0,10488,972,713,2,0,0,0,0,1316,625,1878467
-4398027764163771505,service_role,postgres,"WITH pgrst_source AS (UPDATE ""public"".""style_groups"" SET ""division_code"" = ""pgrst_body"".""division_code"", ""division_name"" = ""pgrst_body"".""division_name"", ""folder_path"" = ""pgrst_body"".""folder_path"", ""licensor_code"" = ""pgrst_body"".""licensor_code"", ""licensor_name"" = ""pgrst_body"".""licensor_name"", ""mg01_code"" = ""pgrst_body"".""mg01_code"", ""mg01_name"" = ""pgrst_body"".""mg01_name"", ""mg02_code"" = ""pgrst_body"".""mg02_code"", ""mg02_name"" = ""pgrst_body"".""mg02_name"", ""mg03_code"" = ""pgrst_body"".""mg03_code"", ""mg03_name"" = ""pgrst_body"".""mg03_name"", ""property_code"" = ""pgrst_body"".""property_code"", ""property_name"" = ""pgrst_body"".""property_name"", ""size_code"" = ""pgrst_body"".""size_code"", ""size_name"" = ""pgrst_body"".""size_name"" FROM (SELECT $1 AS json_data) pgrst_payload, LATERAL (SELECT ""division_code"", ""division_name"", ""folder_path"", ""licensor_code"", ""licensor_name"", ""mg01_code"", ""mg01_name"", ""mg02_code"", ""mg02_name"", ""mg03_code"", ""mg03_name"", ""property_code"", ""property_name"", ""size_code"", ""size_name"" FROM json_to_record(pgrst_payload.json_data) AS _(""division_code"" text, ""division_name"" text, ""folder_path"" text, ""licensor_code"" text, ""licensor_name"" text, ""mg01_code"" text, ""mg01_name"" text, ""mg02_code"" text, ""mg02_name"" text, ""mg03_code"" text, ""mg03_name"" text, ""property_code"" text, ""property_name"" text, ""size_code"" text, ""size_name"" text) ) pgrst_body  WHERE  ""public"".""style_groups"".""id"" = $2 RETURNING ""public"".""style_groups"".""id"") SELECT $3 AS total_result_set, pg_catalog.count(_postgrest_t) AS page_total, array[]::text[] AS header, coalesce(json_agg(_postgrest_t)->$4, $5) AS body, nullif(current_setting($6, $7), $8) AS response_headers, nullif(current_setting($9, $10), $11) AS response_status, $12 AS response_inserted FROM (SELECT ""style_groups"".""id"" FROM ""pgrst_source"" AS ""style_groups""   ) _postgrest_t",69,69,836.488902,12.1230275652174,45.378662,7.81602108124694,0,15105,862,374,7,0,0,0,0,1818,322,1473699
7313053467102832210,postgres,postgres,"select json_build_object(
$1,(select json_agg(x) from (select root_label,count(*) files,min(last_seen_at) oldest_seen,max(last_seen_at) newest_seen from public.style_guide_files where is_active group by root_label order by count(*) desc) x),
$2,(select row_to_json(x) from (select roots_scanned,files_found,inaccessible_roots,started_at,completed_at from public.style_guide_crawl_runs order by started_at desc limit $3) x),
$4,(select json_agg(x) from (select coalesce(file_extension,$5) extension,count(*) files from public.style_guide_files where is_active group by file_extension order by count(*) desc) x),
$6,(select json_build_object($7,count(*) filter(where cardinality(tag_names)>$8),$9,count(*) filter(where coalesce(cardinality(tag_names),$10)=$11)) from public.style_guide_files where is_active)
)",1,1,815.252494,815.252494,815.252494,0,0,104683,0,0,0,0,0,0,0,0,0,0
8042820908117484518,supabase_admin,postgres,"select
  t.oid::int8 as id,
  t.typname as name,
  n.nspname as schema,
  format_type (t.oid, $1) as format,
  coalesce(t_enums.enums, $2) as enums,
  coalesce(t_attributes.attributes, $3) as attributes,
  obj_description (t.oid, $4) as comment,
  nullif(t.typrelid::int8, $5) as type_relation_id
from
  pg_type t
  left join pg_namespace n on n.oid = t.typnamespace
  left join (
    select
      enumtypid,
      jsonb_agg(enumlabel order by enumsortorder) as enums
    from
      pg_enum
    group by
      enumtypid
  ) as t_enums on t_enums.enumtypid = t.oid
  left join (
    select
      oid,
      jsonb_agg(
        jsonb_build_object($6, a.attname, $7, a.atttypid::int8)
        order by a.attnum asc
      ) as attributes
    from
      pg_class c
      join pg_attribute a on a.attrelid = c.oid
    where
      c.relkind = $8 and not a.attisdropped
    group by
      c.oid
  ) as t_attributes on t_attributes.oid = t.typrelid
  where
      (
        t.typrelid = $9
        or (
          select
            c.relkind in ($10, $11, $12, $13, $14)
          from
            pg_class c
          where
            c.oid = t.typrelid
        )
      )",7,18557,801.648871,114.521267285714,157.010365,23.6844482458567,0,176531,213,10,0,0,0,0,0,14,10,11960
-4453375579496338348,postgres,postgres,"SELECT ""RFQGroup_id"", ""RFQGroup_name"", ""IsLegacy"", ""data_added"", ""user_id_fk"", (
    SELECT MAX(""rfqItem_date_modified"")
    FROM ""plm"".""RFQItem""
    WHERE ""rfqItem_rfq_group"" = ""RFQGroup"".""RFQGroup_id""
  ) AS ""last_activity"" FROM ""plm"".""RFQGroup"" AS ""RFQGroup"" WHERE ""RFQGroup"".""IsLegacy"" = $1 ORDER BY ""last_activity"" DESC NULLS LAST",6,1392,797.335328,132.889221333333,167.574227,57.0724603504538,0,16007,2605,0,0,0,0,0,0,0,0,0
7022652182104022756,postgres,postgres,"with params as materialized (
    select nullif(trim($1), $2) query_text,
      greatest($3, least(coalesce($4, $5), $6)) page_limit,
      greatest(coalesce($7, $8), $9) page_offset,
      greatest(coalesce($10::real, $11), $12)::real min_rank
    where public.require_dam_access()
  ), queries as materialized (
    select websearch_to_tsquery($13, q.query_text) tsq,
      $14 || q.query_text || $15 like_pattern,
      length(q.query_text) >= $16 allow_substring
    from params p
    cross join public.expand_dam_search_queries(p.query_text) q
    where p.query_text is not null
  ), keyword_candidates as materialized (
    select d.document_type, d.entity_id, d.asset_id, d.style_group_id,
      greatest(ts_rank_cd(d.search_tsv, q.tsq), $17)::real keyword_rank
    from queries q
    join public.dam_search_documents d on d.search_tsv @@ q.tsq
    where array[$18]::text[] is null or d.document_type = any(array[$19]::text[])
    union all
    select d.document_type, d.entity_id, d.asset_id, d.style_group_id,
      case when d.title ilike q.like_pattern then $20
           when d.path ilike q.like_pattern then $21
           when d.customer ilike q.like_pattern or d.program ilike q.like_pattern then $22
           else $23 end::real keyword_rank
    from queries q
    join public.dam_search_documents d on q.allow_substring and (
      d.title ilike q.like_pattern or d.path ilike q.like_pattern
      or d.customer ilike q.like_pattern or d.program ilike q.like_pattern
    )
    where array[$24]::text[] is null or d.document_type = any(array[$25]::text[])
  ), semantic_candidates as materialized (
    select d.document_type, d.entity_id, d.asset_id, d.style_group_id,
      greatest($26, $27 - (d.embedding <=> $28::extensions.vector))::real semantic_rank
    from params p
    join public.dam_search_documents d
      on $29::extensions.vector is not null and d.embedding is not null
    where array[$30]::text[] is null or d.document_type = any(array[$31]::text[])
    order by ",1,100,787.347197,787.347197,787.347197,0,0,64581,0,0,0,0,0,5900,2269,0,0,0
4879028850394471598,service_role,postgres,"WITH pgrst_source AS (UPDATE ""public"".""style_groups"" SET ""division_code"" = ""pgrst_body"".""division_code"", ""division_name"" = ""pgrst_body"".""division_name"", ""licensor_code"" = ""pgrst_body"".""licensor_code"", ""licensor_id"" = ""pgrst_body"".""licensor_id"", ""licensor_name"" = ""pgrst_body"".""licensor_name"", ""mg01_code"" = ""pgrst_body"".""mg01_code"", ""mg01_name"" = ""pgrst_body"".""mg01_name"", ""mg02_code"" = ""pgrst_body"".""mg02_code"", ""mg02_name"" = ""pgrst_body"".""mg02_name"", ""mg03_code"" = ""pgrst_body"".""mg03_code"", ""mg03_name"" = ""pgrst_body"".""mg03_name"", ""property_code"" = ""pgrst_body"".""property_code"", ""property_name"" = ""pgrst_body"".""property_name"", ""size_code"" = ""pgrst_body"".""size_code"", ""size_name"" = ""pgrst_body"".""size_name"" FROM (SELECT $1 AS json_data) pgrst_payload, LATERAL (SELECT ""division_code"", ""division_name"", ""licensor_code"", ""licensor_id"", ""licensor_name"", ""mg01_code"", ""mg01_name"", ""mg02_code"", ""mg02_name"", ""mg03_code"", ""mg03_name"", ""property_code"", ""property_name"", ""size_code"", ""size_name"" FROM json_to_record(pgrst_payload.json_data) AS _(""division_code"" text, ""division_name"" text, ""licensor_code"" text, ""licensor_id"" uuid, ""licensor_name"" text, ""mg01_code"" text, ""mg01_name"" text, ""mg02_code"" text, ""mg02_name"" text, ""mg03_code"" text, ""mg03_name"" text, ""property_code"" text, ""property_name"" text, ""size_code"" text, ""size_name"" text) ) pgrst_body  WHERE  ""public"".""style_groups"".""id"" = $2 RETURNING ""public"".""style_groups"".""id"") SELECT $3 AS total_result_set, pg_catalog.count(_postgrest_t) AS page_total, array[]::text[] AS header, coalesce(json_agg(_postgrest_t)->$4, $5) AS body, nullif(current_setting($6, $7), $8) AS response_headers, nullif(current_setting($9, $10), $11) AS response_status, $12 AS response_inserted FROM (SELECT ""style_groups"".""id"" FROM ""pgrst_source"" AS ""style_groups""   ) _postgrest_t",71,71,783.053572,11.0289235492958,31.768655,6.39966782838621,0,15137,701,390,2,0,0,0,0,1910,375,1576793
3327079160863563483,service_role,postgres,"WITH pgrst_source AS ( SELECT ""public"".""user_roles"".""role"" FROM ""public"".""user_roles"" WHERE  ""public"".""user_roles"".""user_id"" = $1   LIMIT $2 OFFSET $3 )  SELECT $4::bigint AS total_result_set, pg_catalog.count(_postgrest_t) AS page_total, coalesce(json_agg(_postgrest_t), $5) AS body, nullif(current_setting($6, $7), $8) AS response_headers, nullif(current_setting($9, $10), $11) AS response_status, $12 AS response_inserted FROM ( SELECT * FROM pgrst_source ) _postgrest_t",13659,13659,772.931829,0.0565877318251703,4.278756,0.0813277841426877,0,15088,5,0,0,0,0,0,0,0,0,0
-3871245533226946374,service_role,postgres,"WITH pgrst_source AS (UPDATE ""public"".""style_groups"" SET ""division_code"" = ""pgrst_body"".""division_code"", ""division_name"" = ""pgrst_body"".""division_name"", ""folder_path"" = ""pgrst_body"".""folder_path"", ""licensor_code"" = ""pgrst_body"".""licensor_code"", ""licensor_id"" = ""pgrst_body"".""licensor_id"", ""licensor_name"" = ""pgrst_body"".""licensor_name"", ""mg01_code"" = ""pgrst_body"".""mg01_code"", ""mg01_name"" = ""pgrst_body"".""mg01_name"", ""mg02_code"" = ""pgrst_body"".""mg02_code"", ""mg02_name"" = ""pgrst_body"".""mg02_name"", ""mg03_code"" = ""pgrst_body"".""mg03_code"", ""mg03_name"" = ""pgrst_body"".""mg03_name"", ""property_code"" = ""pgrst_body"".""property_code"", ""property_name"" = ""pgrst_body"".""property_name"", ""size_code"" = ""pgrst_body"".""size_code"", ""size_name"" = ""pgrst_body"".""size_name"" FROM (SELECT $1 AS json_data) pgrst_payload, LATERAL (SELECT ""division_code"", ""division_name"", ""folder_path"", ""licensor_code"", ""licensor_id"", ""licensor_name"", ""mg01_code"", ""mg01_name"", ""mg02_code"", ""mg02_name"", ""mg03_code"", ""mg03_name"", ""property_code"", ""property_name"", ""size_code"", ""size_name"" FROM json_to_record(pgrst_payload.json_data) AS _(""division_code"" text, ""division_name"" text, ""folder_path"" text, ""licensor_code"" text, ""licensor_id"" uuid, ""licensor_name"" text, ""mg01_code"" text, ""mg01_name"" text, ""mg02_code"" text, ""mg02_name"" text, ""mg03_code"" text, ""mg03_name"" text, ""property_code"" text, ""property_name"" text, ""size_code"" text, ""size_name"" text) ) pgrst_body  WHERE  ""public"".""style_groups"".""id"" = $2 RETURNING ""public"".""style_groups"".""id"") SELECT $3 AS total_result_set, pg_catalog.count(_postgrest_t) AS page_total, array[]::text[] AS header, coalesce(json_agg(_postgrest_t)->$4, $5) AS body, nullif(current_setting($6, $7), $8) AS response_headers, nullif(current_setting($9, $10), $11) AS response_status, $12 AS response_inserted FROM (SELECT ""style_groups"".""id"" FROM ""pgrst_source"" AS ""style_groups""   ) _postgrest_t",83,83,750.996353,9.0481488313253,30.430732,5.95259253304463,0,13741,678,398,3,0,0,0,0,2116,314,1617718
7459086053737063230,authenticator,postgres,"with
all_relations as (
  select reltype
  from pg_class
  where relkind in ($2,$3,$4,$5,$6)
  union
  select oid
  from pg_type
  where typname = $7
),
media_types as (
    SELECT
      t.oid,
      lower(t.typname) as typname,
      t.typnamespace,
      case t.typname
        when $8 then $9
        else t.typname
      end as resolved_media_type
    FROM pg_type t
    JOIN pg_type b ON t.typbasetype = b.oid
    WHERE
      t.typbasetype <> $10 and
      (t.typname ~* $11 or t.typname = $12)
)
select
  proc_schema.nspname           as handler_schema,
  proc.proname                  as handler_name,
  arg_schema.nspname::text      as target_schema,
  arg_name.typname::text        as target_name,
  media_types.typname           as media_type,
  media_types.resolved_media_type
from media_types
  join pg_proc      proc         on proc.prorettype = media_types.oid
  join pg_namespace proc_schema  on proc_schema.oid = proc.pronamespace
  join pg_aggregate agg          on agg.aggfnoid = proc.oid
  join pg_type      arg_name     on arg_name.oid = proc.proargtypes[$13]
  join pg_namespace arg_schema   on arg_schema.oid = arg_name.typnamespace
where
  proc.pronamespace = ANY($1::regnamespace[]) and
  proc.pronargs = $14 and
  arg_name.oid in (select reltype from all_relations)
union
select
    typ_sch.nspname as handler_schema,
    mtype.typname   as handler_name,
    pro_sch.nspname as target_schema,
    proname         as target_name,
    mtype.typname   as media_type,
    mtype.resolved_media_type
from pg_proc proc
  join pg_namespace pro_sch on pro_sch.oid = proc.pronamespace
  join media_types mtype on proc.prorettype = mtype.oid
  join pg_namespace typ_sch     on typ_sch.oid = mtype.typnamespace
where
  proc.pronamespace = ANY($1::regnamespace[]) and NOT proretset
  and prokind = $15",175,0,744.782214,4.25589836571428,11.282642,1.62559345806757,0,38081,0,0,0,0,0,0,0,0,0,0
7131707746870578750,supabase_read_only_user,postgres,"select json_agg(t)::text as data from (
select n.nspname as schema, c.relname as relation, c.relkind::text as relkind,
 pg_total_relation_size(c.oid) as total_bytes, pg_table_size(c.oid) as table_bytes,
 pg_indexes_size(c.oid) as index_bytes,
 coalesce(pg_total_relation_size(c.reltoastrelid),$1) as toast_bytes,
 c.reltuples::bigint as planner_rows, array_to_string(c.reloptions,$2) as reloptions,
 s.n_live_tup, s.n_dead_tup, s.n_mod_since_analyze, s.n_ins_since_vacuum,
 s.n_tup_ins, s.n_tup_upd, s.n_tup_del, s.n_tup_hot_upd, s.n_tup_newpage_upd,
 s.seq_scan, s.idx_scan, s.last_vacuum::text, s.last_autovacuum::text,
 s.last_analyze::text, s.last_autoanalyze::text, s.vacuum_count, s.autovacuum_count,
 s.analyze_count, s.autoanalyze_count
from pg_class c
join pg_namespace n on n.oid=c.relnamespace
left join pg_stat_all_tables s on s.relid=c.oid
where c.relkind in ($3,$4,$5) and n.nspname not in ($6,$7,$8)
order by pg_total_relation_size(c.oid) desc) t

-- source: POST /v1/projects/:ref/database/query
-- user: pat:8463633
-- date: 2026-09-04T21:25:45.483Z",1,1,732.233242,732.233242,732.233242,0,0,74092,2,0,0,0,0,0,0,0,0,0
2708188053915038327,authenticated,postgres,"WITH pgrst_source AS ( SELECT ""public"".""style_groups"".*, row_to_json(""style_groups_primary_asset_1"".*)::jsonb AS ""primary_asset"" FROM ""public"".""style_groups"" LEFT JOIN LATERAL ( SELECT ""assets_1"".""thumbnail_url"", ""assets_1"".""thumbnail_error"" FROM ""public"".""assets"" AS ""assets_1"" WHERE ""assets_1"".""id"" = ""public"".""style_groups"".""primary_asset_id""   LIMIT $1 OFFSET $2 ) AS ""style_groups_primary_asset_1"" ON $11 WHERE  ( ""public"".""style_groups"".""latest_file_date"" >= $3 OR  ( ""public"".""style_groups"".""latest_file_date"" IS NULL AND  ""public"".""style_groups"".""asset_count"" > $4)) AND  ( ""public"".""style_groups"".""product_category"" = ANY ($5) )  ORDER BY ""public"".""style_groups"".""latest_file_date"" DESC  LIMIT $6 OFFSET $7 ) , pgrst_source_count AS (SELECT $12  FROM ""public"".""style_groups"" WHERE  ( ""public"".""style_groups"".""latest_file_date"" >= $8 OR  ( ""public"".""style_groups"".""latest_file_date"" IS NULL AND  ""public"".""style_groups"".""asset_count"" > $9)) AND  ( ""public"".""style_groups"".""product_category"" = ANY ($10) )) SELECT (SELECT pg_catalog.count(*) FROM pgrst_source_count) AS total_result_set, pg_catalog.count(_postgrest_t) AS page_total, coalesce(json_agg(_postgrest_t), $13) AS body, nullif(current_setting($14, $15), $16) AS response_headers, nullif(current_setting($17, $18), $19) AS response_status, $20 AS response_inserted FROM ( SELECT * FROM pgrst_source ) _postgrest_t",3,3,723.184966,241.061655333333,340.539787,104.732406051687,0,16784,533,18,0,0,0,0,0,18,18,35004
6681358410290657553,authenticated,postgres,"WITH pgrst_source AS (SELECT pgrst_call.pgrst_scalar FROM (SELECT ""api"".""current_user_profile""() pgrst_scalar) pgrst_call) SELECT $3::bigint AS total_result_set, $4 AS page_total, coalesce(json_agg(_postgrest_t.pgrst_scalar)->$5, $6) AS body, nullif(current_setting($7, $8), $9) AS response_headers, nullif(current_setting($10, $11), $12) AS response_status, $13 AS response_inserted FROM (SELECT ""current_user_profile"".* FROM ""pgrst_source"" AS ""current_user_profile""   LIMIT $1 OFFSET $2) _postgrest_t",40,40,716.480504,17.9120126,57.819045,12.0269577352665,0,18785,588,0,79,0,0,0,0,0,0,0
2628297956508328492,supabase_admin,postgres,"SELECT
  c.oid :: int8 AS id,
  nc.nspname AS schema,
  c.relname AS name,
  c.relrowsecurity AS rls_enabled,
  c.relforcerowsecurity AS rls_forced,
  CASE
    WHEN c.relreplident = $1 THEN $2
    WHEN c.relreplident = $3 THEN $4
    WHEN c.relreplident = $5 THEN $6
    ELSE $7
  END AS replica_identity,
  pg_total_relation_size(format($8, nc.nspname, c.relname)) :: int8 AS bytes,
  pg_size_pretty(
    pg_total_relation_size(format($9, nc.nspname, c.relname))
  ) AS size,
  pg_stat_get_live_tuples(c.oid) AS live_rows_estimate,
  pg_stat_get_dead_tuples(c.oid) AS dead_rows_estimate,
  obj_description(c.oid) AS comment
FROM
  pg_namespace nc
  JOIN pg_class c ON nc.oid = c.relnamespace
WHERE
  nc.nspname IN ($10,$11) AND
  
  
  c.relkind IN ($12, $13)
  AND NOT pg_is_other_temp_schema(nc.oid)
  AND (
    pg_has_role(c.relowner, $14)
    OR has_table_privilege(
      c.oid,
      $15
    )
    OR has_any_column_privilege(c.oid, $16)
  )",4,256,707.40698,176.851745,322.108186,100.277317655583,0,29418,628,0,0,0,0,0,0,0,0,0
3847654247238711810,service_role,postgres,"WITH pgrst_source AS (UPDATE ""public"".""style_groups"" SET ""division_code"" = ""pgrst_body"".""division_code"", ""division_name"" = ""pgrst_body"".""division_name"", ""folder_path"" = ""pgrst_body"".""folder_path"", ""licensor_id"" = ""pgrst_body"".""licensor_id"", ""licensor_name"" = ""pgrst_body"".""licensor_name"", ""mg01_code"" = ""pgrst_body"".""mg01_code"", ""mg01_name"" = ""pgrst_body"".""mg01_name"", ""mg02_code"" = ""pgrst_body"".""mg02_code"", ""mg02_name"" = ""pgrst_body"".""mg02_name"", ""mg03_code"" = ""pgrst_body"".""mg03_code"", ""mg03_name"" = ""pgrst_body"".""mg03_name"", ""property_name"" = ""pgrst_body"".""property_name"", ""size_code"" = ""pgrst_body"".""size_code"", ""size_name"" = ""pgrst_body"".""size_name"" FROM (SELECT $1 AS json_data) pgrst_payload, LATERAL (SELECT ""division_code"", ""division_name"", ""folder_path"", ""licensor_id"", ""licensor_name"", ""mg01_code"", ""mg01_name"", ""mg02_code"", ""mg02_name"", ""mg03_code"", ""mg03_name"", ""property_name"", ""size_code"", ""size_name"" FROM json_to_record(pgrst_payload.json_data) AS _(""division_code"" text, ""division_name"" text, ""folder_path"" text, ""licensor_id"" uuid, ""licensor_name"" text, ""mg01_code"" text, ""mg01_name"" text, ""mg02_code"" text, ""mg02_name"" text, ""mg03_code"" text, ""mg03_name"" text, ""property_name"" text, ""size_code"" text, ""size_name"" text) ) pgrst_body  WHERE  ""public"".""style_groups"".""id"" = $2 RETURNING ""public"".""style_groups"".""id"") SELECT $3 AS total_result_set, pg_catalog.count(_postgrest_t) AS page_total, array[]::text[] AS header, coalesce(json_agg(_postgrest_t)->$4, $5) AS body, nullif(current_setting($6, $7), $8) AS response_headers, nullif(current_setting($9, $10), $11) AS response_status, $12 AS response_inserted FROM (SELECT ""style_groups"".""id"" FROM ""pgrst_source"" AS ""style_groups""   ) _postgrest_t",50,50,707.252591,14.14505182,42.815135,7.63274469895228,0,8233,671,381,4,0,0,0,0,1395,337,1382932
-3079557995040807313,supabase_auth_admin,postgres,"SELECT mfa_amr_claims.authentication_method, mfa_amr_claims.created_at, mfa_amr_claims.id, mfa_amr_claims.session_id, mfa_amr_claims.updated_at FROM mfa_amr_claims AS mfa_amr_claims WHERE session_id = $1",14955,14955,701.576142000003,0.0469124802407221,3.660363,0.179298453553681,0,44075,595,0,23,0,0,0,0,0,0,0
4215524677137278411,service_role,postgres,"WITH pgrst_source AS ( SELECT ""crm"".""opportunity"".""id"", ""crm"".""opportunity"".""company_id"", ""crm"".""opportunity"".""department_id"" FROM ""crm"".""opportunity"" WHERE  ( ""crm"".""opportunity"".""production_po_number"" = $1 OR  ""crm"".""opportunity"".""import_po_number"" = $2) AND  ""crm"".""opportunity"".""company_id"" = $3   LIMIT $4 OFFSET $5 )  SELECT $6::bigint AS total_result_set, pg_catalog.count(_postgrest_t) AS page_total, coalesce(json_agg(_postgrest_t), $7) AS body, nullif(current_setting($8, $9), $10) AS response_headers, nullif(current_setting($11, $12), $13) AS response_status, $14 AS response_inserted FROM ( SELECT * FROM pgrst_source ) _postgrest_t",27376,27376,691.688549,0.0252662386396845,1.507616,0.0201727977451431,0,54752,0,0,0,0,0,0,0,0,0,0
-3132601767082976855,service_role,postgres,"WITH pgrst_source AS (INSERT INTO ""public"".""scanner_ai_ignores""(""reason"", ""relative_path"") SELECT ""pgrst_body"".""reason"", ""pgrst_body"".""relative_path"" FROM (SELECT $1 AS json_data) pgrst_payload, LATERAL (SELECT ""reason"", ""relative_path"" FROM json_to_record(pgrst_payload.json_data) AS _(""reason"" text, ""relative_path"" text) ) pgrst_body  ON CONFLICT(""relative_path"") DO NOTHING RETURNING $2) SELECT $3 AS total_result_set, pg_catalog.count(_postgrest_t) AS page_total, array[]::text[] AS header, $4::text AS body, nullif(current_setting($5, $6), $7) AS response_headers, nullif(current_setting($8, $9), $10) AS response_status, $11 AS response_inserted FROM (SELECT * FROM pgrst_source) _postgrest_t",550,550,689.922354,1.25440428,11.389917,1.60564140328869,0,1918,800,77,10,0,0,0,0,111,76,217798
1451731638821412417,service_role,postgres,"WITH pgrst_source AS (UPDATE ""public"".""style_groups"" SET ""division_code"" = ""pgrst_body"".""division_code"", ""division_name"" = ""pgrst_body"".""division_name"", ""licensor_code"" = ""pgrst_body"".""licensor_code"", ""licensor_name"" = ""pgrst_body"".""licensor_name"", ""mg01_code"" = ""pgrst_body"".""mg01_code"", ""mg01_name"" = ""pgrst_body"".""mg01_name"", ""mg02_code"" = ""pgrst_body"".""mg02_code"", ""mg02_name"" = ""pgrst_body"".""mg02_name"", ""mg03_code"" = ""pgrst_body"".""mg03_code"", ""mg03_name"" = ""pgrst_body"".""mg03_name"", ""property_code"" = ""pgrst_body"".""property_code"", ""property_name"" = ""pgrst_body"".""property_name"", ""size_code"" = ""pgrst_body"".""size_code"", ""size_name"" = ""pgrst_body"".""size_name"" FROM (SELECT $1 AS json_data) pgrst_payload, LATERAL (SELECT ""division_code"", ""division_name"", ""licensor_code"", ""licensor_name"", ""mg01_code"", ""mg01_name"", ""mg02_code"", ""mg02_name"", ""mg03_code"", ""mg03_name"", ""property_code"", ""property_name"", ""size_code"", ""size_name"" FROM json_to_record(pgrst_payload.json_data) AS _(""division_code"" text, ""division_name"" text, ""licensor_code"" text, ""licensor_name"" text, ""mg01_code"" text, ""mg01_name"" text, ""mg02_code"" text, ""mg02_name"" text, ""mg03_code"" text, ""mg03_name"" text, ""property_code"" text, ""property_name"" text, ""size_code"" text, ""size_name"" text) ) pgrst_body  WHERE  ""public"".""style_groups"".""id"" = $2 RETURNING ""public"".""style_groups"".""id"") SELECT $3 AS total_result_set, pg_catalog.count(_postgrest_t) AS page_total, array[]::text[] AS header, coalesce(json_agg(_postgrest_t)->$4, $5) AS body, nullif(current_setting($6, $7), $8) AS response_headers, nullif(current_setting($9, $10), $11) AS response_status, $12 AS response_inserted FROM (SELECT ""style_groups"".""id"" FROM ""pgrst_source"" AS ""style_groups""   ) _postgrest_t",54,54,684.972255,12.6846713888889,27.52005,6.26700554395281,0,11490,649,366,0,0,0,0,0,1535,323,1385182
1264328828581634606,service_role,postgres,"WITH pgrst_source AS (UPDATE ""public"".""style_groups"" SET ""mg02_code"" = ""pgrst_body"".""mg02_code"", ""mg02_name"" = ""pgrst_body"".""mg02_name"" FROM (SELECT $1 AS json_data) pgrst_payload, LATERAL (SELECT ""mg02_code"", ""mg02_name"" FROM json_to_record(pgrst_payload.json_data) AS _(""mg02_code"" text, ""mg02_name"" text) ) pgrst_body  WHERE  ""public"".""style_groups"".""id"" = $2 RETURNING ""public"".""style_groups"".""id"") SELECT $3 AS total_result_set, pg_catalog.count(_postgrest_t) AS page_total, array[]::text[] AS header, coalesce(json_agg(_postgrest_t)->$4, $5) AS body, nullif(current_setting($6, $7), $8) AS response_headers, nullif(current_setting($9, $10), $11) AS response_status, $12 AS response_inserted FROM (SELECT ""style_groups"".""id"" FROM ""pgrst_source"" AS ""style_groups""   ) _postgrest_t",152,152,673.127101,4.42846776973684,22.375945,4.06138347426762,0,22398,469,262,0,0,0,0,0,2264,205,1517021
7106125863640094819,authenticated,postgres,"WITH pgrst_source AS (SELECT ""pgrst_call"".* FROM ""api"".""crm_overview_counts""() pgrst_call) SELECT $3::bigint AS total_result_set, pg_catalog.count(_postgrest_t) AS page_total, coalesce(json_agg(_postgrest_t), $4) AS body, nullif(current_setting($5, $6), $7) AS response_headers, nullif(current_setting($8, $9), $10) AS response_status, $11 AS response_inserted FROM (SELECT ""record"".* FROM ""pgrst_source"" AS ""record""   LIMIT $1 OFFSET $2) _postgrest_t",8,8,670.338876,83.7923595,136.094273,40.8989553343628,0,175938,759,2,0,0,0,0,0,2,2,6137
3578239851325468527,service_role,postgres,"WITH pgrst_source AS (UPDATE ""public"".""assets"" SET ""file_created_at"" = ""pgrst_body"".""file_created_at"", ""filename"" = ""pgrst_body"".""filename"", ""is_licensed"" = ""pgrst_body"".""is_licensed"", ""last_seen_at"" = ""pgrst_body"".""last_seen_at"", ""licensor_code"" = ""pgrst_body"".""licensor_code"", ""licensor_id"" = ""pgrst_body"".""licensor_id"", ""licensor_name"" = ""pgrst_body"".""licensor_name"", ""modified_at"" = ""pgrst_body"".""modified_at"", ""property_code"" = ""pgrst_body"".""property_code"", ""property_id"" = ""pgrst_body"".""property_id"", ""property_name"" = ""pgrst_body"".""property_name"", ""relative_path"" = ""pgrst_body"".""relative_path"", ""thumbnail_error"" = ""pgrst_body"".""thumbnail_error"", ""workflow_status"" = ""pgrst_body"".""workflow_status"" FROM (SELECT $1 AS json_data) pgrst_payload, LATERAL (SELECT ""file_created_at"", ""filename"", ""is_licensed"", ""last_seen_at"", ""licensor_code"", ""licensor_id"", ""licensor_name"", ""modified_at"", ""property_code"", ""property_id"", ""property_name"", ""relative_path"", ""thumbnail_error"", ""workflow_status"" FROM json_to_record(pgrst_payload.json_data) AS _(""file_created_at"" timestamp with time zone, ""filename"" text, ""is_licensed"" boolean, ""last_seen_at"" timestamp with time zone, ""licensor_code"" text, ""licensor_id"" uuid, ""licensor_name"" text, ""modified_at"" timestamp with time zone, ""property_code"" text, ""property_id"" uuid, ""property_name"" text, ""relative_path"" text, ""thumbnail_error"" text, ""workflow_status"" public.workflow_status) ) pgrst_body  WHERE  ""public"".""assets"".""id"" = $2 RETURNING $3) SELECT $4 AS total_result_set, pg_catalog.count(_postgrest_t) AS page_total, array[]::text[] AS header, $5::text AS body, nullif(current_setting($6, $7), $8) AS response_headers, nullif(current_setting($9, $10), $11) AS response_status, $12 AS response_inserted FROM (SELECT * FROM pgrst_source) _postgrest_t",50,50,651.222675,13.0244535,30.182021,4.91470863478007,0,8241,611,845,2,0,0,0,0,2357,852,2171434
-699104403240542353,postgres,postgres,"COPY dflow.email_logs (id, emails, subject, template, message_id, sent_at) TO stdout",1,18703,646.377237,646.377237,646.377237,0,0,31,3276,0,0,0,0,0,0,0,0,0
-3358824257064848539,postgres,postgres,"do $loader$
declare
  v_expected integer := 1054;
  v_resolved integer;
  v_source_resolved integer;
  v_property_resolved integer;
  v_rows_written integer;
  v_payload jsonb;
begin
  with input as (
    select * from jsonb_to_recordset($payload$[{""source_namespace"":""warner_art_assets"",""source_id"":""000dd0dc-1684-4cba-a86a-9e9d91ce5107"",""fallback_key"":"""",""canonical_property_source_id"":""09f2c46b-964c-433b-a13f-c55fee770494"",""assertion_type"":""direct_warner_source"",""evidence_source"":""u2giants/licensor-source-data:warner-bros/links-asset-canonical-property.csv"",""evidence_hash"":""8d39975d521cb0386d865e6a8dcc13bbd7e47e95fc858f8241b969af1987f02b"",""source_active"":true,""within_entitlement"":true,""observed_at"":""2026-08-23T00:00:00Z""},{""source_namespace"":""warner_art_assets"",""source_id"":""0076fd4b-5230-4f13-8baa-4dffb778732a"",""fallback_key"":"""",""canonical_property_source_id"":""11dac8ce-e6dd-4ed1-a8e4-672bb98f3517"",""assertion_type"":""direct_warner_source"",""evidence_source"":""u2giants/licensor-source-data:warner-bros/links-asset-canonical-property.csv"",""evidence_hash"":""e2cec91f9d07e915e21794cfee736fd2394a2ac7dca31445bfa398ad7b7daf66"",""source_active"":true,""within_entitlement"":true,""observed_at"":""2026-08-23T00:00:00Z""},{""source_namespace"":""warner_art_assets"",""source_id"":""009e43c5-a0c1-4ff6-b4df-bda99297d56d"",""fallback_key"":"""",""canonical_property_source_id"":""570527c9-c093-4ef9-8dff-89a2bfd43d82"",""assertion_type"":""direct_warner_source"",""evidence_source"":""u2giants/licensor-source-data:warner-bros/links-asset-canonical-property.csv"",""evidence_hash"":""26c8193dd5161a021673e7e83ab6f8d78eb6372d338463ab4aa0d5acbe9c57a5"",""source_active"":true,""within_entitlement"":true,""observed_at"":""2026-08-23T00:00:00Z""},{""source_namespace"":""warner_art_assets"",""source_id"":""00a43054-0187-48b4-a491-3c498a13a68c"",""fallback_key"":"""",""canonical_property_source_id"":""09f2c46b-964c-433b-a13f-c55fee770494"",""assertion_type"":""direct_warner_source"",""evidence_source"":""u2giants/licensor-source-data:warner-bros/links-asse",1,0,638.311885,638.311885,638.311885,0,0,18536,1386,0,0,0,0,0,0,0,0,0
7632442159479048583,authenticated,postgres,"WITH pgrst_source AS ( SELECT ""core"".""creative_designer"".""id"", ""core"".""creative_designer"".""name"" FROM ""core"".""creative_designer"" WHERE  ""core"".""creative_designer"".""status"" = $1  ORDER BY ""core"".""creative_designer"".""name"" ASC  LIMIT $2 OFFSET $3 )  SELECT $4::bigint AS total_result_set, pg_catalog.count(_postgrest_t) AS page_total, coalesce(json_agg(_postgrest_t), $5) AS body, nullif(current_setting($6, $7), $8) AS response_headers, nullif(current_setting($9, $10), $11) AS response_status, $12 AS response_inserted FROM ( SELECT * FROM pgrst_source ) _postgrest_t",29,29,632.021158,21.7938330344828,42.322901,9.1708114678489,0,9730,112,0,0,0,0,0,0,0,0,0
-7748338760511298213,service_role,postgres,"WITH pgrst_source AS (UPDATE ""public"".""style_groups"" SET ""folder_path"" = ""pgrst_body"".""folder_path"", ""is_licensed"" = ""pgrst_body"".""is_licensed"" FROM (SELECT $1 AS json_data) pgrst_payload, LATERAL (SELECT ""folder_path"", ""is_licensed"" FROM json_to_record(pgrst_payload.json_data) AS _(""folder_path"" text, ""is_licensed"" boolean) ) pgrst_body  WHERE  ""public"".""style_groups"".""id"" = $2 RETURNING ""public"".""style_groups"".""id"") SELECT $3 AS total_result_set, pg_catalog.count(_postgrest_t) AS page_total, array[]::text[] AS header, coalesce(json_agg(_postgrest_t)->$4, $5) AS body, nullif(current_setting($6, $7), $8) AS response_headers, nullif(current_setting($9, $10), $11) AS response_status, $12 AS response_inserted FROM (SELECT ""style_groups"".""id"" FROM ""pgrst_source"" AS ""style_groups""   ) _postgrest_t",42,42,627.173262,14.9326967142857,33.861302,7.04772173196604,0,7409,641,469,0,0,0,0,0,1160,406,1094567
-5483825000794797671,service_role,postgres,"WITH pgrst_source AS (UPDATE ""public"".""style_groups"" SET ""division_code"" = ""pgrst_body"".""division_code"", ""division_name"" = ""pgrst_body"".""division_name"", ""folder_path"" = ""pgrst_body"".""folder_path"", ""is_licensed"" = ""pgrst_body"".""is_licensed"", ""mg01_code"" = ""pgrst_body"".""mg01_code"", ""mg01_name"" = ""pgrst_body"".""mg01_name"", ""mg02_code"" = ""pgrst_body"".""mg02_code"", ""mg02_name"" = ""pgrst_body"".""mg02_name"", ""mg03_code"" = ""pgrst_body"".""mg03_code"", ""mg03_name"" = ""pgrst_body"".""mg03_name"", ""size_code"" = ""pgrst_body"".""size_code"", ""size_name"" = ""pgrst_body"".""size_name"" FROM (SELECT $1 AS json_data) pgrst_payload, LATERAL (SELECT ""division_code"", ""division_name"", ""folder_path"", ""is_licensed"", ""mg01_code"", ""mg01_name"", ""mg02_code"", ""mg02_name"", ""mg03_code"", ""mg03_name"", ""size_code"", ""size_name"" FROM json_to_record(pgrst_payload.json_data) AS _(""division_code"" text, ""division_name"" text, ""folder_path"" text, ""is_licensed"" boolean, ""mg01_code"" text, ""mg01_name"" text, ""mg02_code"" text, ""mg02_name"" text, ""mg03_code"" text, ""mg03_name"" text, ""size_code"" text, ""size_name"" text) ) pgrst_body  WHERE  ""public"".""style_groups"".""id"" = $2 RETURNING ""public"".""style_groups"".""id"") SELECT $3 AS total_result_set, pg_catalog.count(_postgrest_t) AS page_total, array[]::text[] AS header, coalesce(json_agg(_postgrest_t)->$4, $5) AS body, nullif(current_setting($6, $7), $8) AS response_headers, nullif(current_setting($9, $10), $11) AS response_status, $12 AS response_inserted FROM (SELECT ""style_groups"".""id"" FROM ""pgrst_source"" AS ""style_groups""   ) _postgrest_t",20,20,625.753166,31.2876583,59.996923,13.6577826263595,0,5416,800,272,0,0,0,0,0,598,225,591316
-7949255829441405461,postgres,postgres,"SELECT
      v.""RFQitem_id_fk"" AS item_id,
      COUNT(DISTINCT v.""vendor_id_fk"") FILTER (
        WHERE COALESCE(v.""req_status"", $1) <> $2
      ) AS quote_requested_count,
      COUNT(DISTINCT v.""vendor_id_fk"") FILTER (
        WHERE COALESCE(v.""req_status"", $3) <> $4
          AND v.""RFQVendor_amount"" ~ $5
      ) AS quote_responded_count,
      MAX(v.""carton_length"") FILTER (
        WHERE v.""vendor_id_fk"" = i.""rfqItem_choosen_vendor""
      ) AS chosen_vendor_carton_length,
      MAX(v.""carton_width"") FILTER (
        WHERE v.""vendor_id_fk"" = i.""rfqItem_choosen_vendor""
      ) AS chosen_vendor_carton_width,
      MAX(v.""carton_height"") FILTER (
        WHERE v.""vendor_id_fk"" = i.""rfqItem_choosen_vendor""
      ) AS chosen_vendor_carton_height
    FROM ""dflow"".""RFQVendor"" v
    JOIN ""dflow"".""RFQItem"" i
      ON i.""rfqItem_id"" = v.""RFQitem_id_fk""
    WHERE v.""RFQitem_id_fk"" IN ($6, $7, $8, $9, $10, $11, $12, $13, $14, $15, $16, $17, $18, $19, $20, $21, $22, $23, $24, $25, $26, $27, $28, $29, $30, $31, $32, $33, $34, $35, $36, $37, $38, $39, $40, $41, $42, $43, $44, $45, $46, $47, $48, $49, $50, $51, $52, $53, $54, $55, $56, $57, $58, $59, $60, $61, $62, $63, $64, $65, $66, $67, $68, $69, $70, $71, $72, $73, $74, $75, $76, $77, $78, $79, $80, $81, $82, $83, $84, $85, $86, $87, $88, $89, $90, $91, $92, $93, $94, $95, $96, $97, $98, $99, $100, $101, $102, $103, $104, $105, $106, $107, $108, $109, $110, $111, $112, $113, $114, $115, $116, $117, $118, $119, $120, $121, $122, $123, $124, $125, $126, $127, $128, $129, $130, $131, $132, $133, $134, $135, $136, $137, $138, $139, $140, $141, $142, $143, $144, $145, $146, $147, $148, $149, $150, $151, $152, $153, $154, $155, $156, $157, $158, $159, $160, $161, $162, $163, $164, $165, $166, $167, $168, $169, $170, $171, $172, $173, $174, $175, $176, $177, $178, $179, $180, $181, $182, $183, $184, $185, $186, $187, $188, $189, $190, $191, $192, $193, $194, $195, $196, $197, $198, $199, $200, $201, $202, $203, $204, $205, $206, ",4,11828,604.331197,151.08279925,211.514043,62.3491312947762,0,70944,1116,0,0,0,0,0,0,0,0,0
8872602023410807682,authenticated,postgres,"do $x$ declare t timestamptz:=clock_timestamp(); ms numeric; n bigint; begin
 select count(distinct style_group_id) into n
 from public.search_dam_documents('style','{}',100,0,array['style_group']::text[],null,0)
 where style_group_id is not null;
 ms:=round(extract(epoch from clock_timestamp()-t)*1000,1);
 raise notice 'STYLE direct path PASS ms=% groups=%',ms,n;
exception when query_canceled then ms:=round(extract(epoch from clock_timestamp()-t)*1000,1); raise notice 'STYLE direct path TIMEOUT ms=%',ms;
end $x$",1,0,590.690086,590.690086,590.690086,0,0,37608,504,2,0,0,0,0,0,3,2,4642
