observation_key,licensor_resolution,resolved_licensor_id,resolved_licensor_name,normalized_licensor,normalized_observed_value,raw_licensor_variants,raw_property_variants,active_file_count,representative_examples,current_global_property_ids,current_global_property_names,scoped_exact_property_ids,scoped_exact_property_names,existing_alias_result,candidate_property_ids,coldlion_exact_evidence_count,designflow_exact_evidence_count,structural_folder_hint,current_accepted_relationship_count,current_accepted_file_count,current_global_would_resolve,scoped_would_resolve,currently_tagged_at_risk,licensor_alias,cross_parent_flag,ambiguity_flag,proposal_eligible,proposal_exclusion_reason
licensor_unresolved|seafile ignore txt|[blank],licensor_unresolved,,,seafile ignore txt,,"[[""seafile-ignore.txt"",1]]","[["""",1]]",1,"[{""path"":""[redacted:8305aeb2841a]/depth-1/[file].txt"",""filename"":""[redacted:8305aeb2841a].txt""}]",[],[],[],[],none_property_aliases_frozen_empty,[],0,0,false,0,0,false,false,false,,false,false,false,licensor_unresolved
e90c3124-e66d-404f-b777-0dae9a5ee4f3|[blank],resolved,e90c3124-e66d-404f-b777-0dae9a5ee4f3,AARDMAN ANIMATIONS,aardman animations,,"[[""Aardman Animations"",1]]","[["""",1]]",1,"[{""path"":""[redacted:7488ffd16140]/depth-2/[file].pdf"",""filename"":""[redacted:893c7ce51395].pdf""}]",[],[],[],[],none_property_aliases_frozen_empty,[],0,0,false,0,0,false,false,false,,false,false,true,
e90c3124-e66d-404f-b777-0dae9a5ee4f3|shaun the sheep,resolved,e90c3124-e66d-404f-b777-0dae9a5ee4f3,AARDMAN ANIMATIONS,aardman animations,shaun the sheep,"[[""Aardman Animations"",2657]]","[[""Shaun the Sheep"",2657]]",2657,"[{""path"":""[redacted:afe8dc6cd34e]/depth-5/[file].pdf"",""filename"":""[redacted:c0f4f6a59741].pdf""},{""path"":""[redacted:c6e66568b25b]/depth-7/[file].jpg"",""filename"":""[redacted:bc8bd1d43a18].jpg""},{""path"":""[redacted:df7ea649a9cc]/depth-6/[file].ase"",""filename"":""[redacted:c44ff356e9cb].ase""}]","[""5fa35966-05b3-4096-8098-86651031e9de""]","[""SHAUN THE SHEEP""]","[""5fa35966-05b3-4096-8098-86651031e9de""]","[""SHAUN THE SHEEP""]",none_property_aliases_frozen_empty,"[""5fa35966-05b3-4096-8098-86651031e9de""]",2,2,false,2705,2657,true,true,false,,false,false,true,
e90c3124-e66d-404f-b777-0dae9a5ee4f3|wallace and gromit,resolved,e90c3124-e66d-404f-b777-0dae9a5ee4f3,AARDMAN ANIMATIONS,aardman animations,wallace and gromit,"[[""Aardman Animations"",1427]]","[[""Wallace and Gromit"",1427]]",1427,"[{""path"":""[redacted:9c5a509653fa]/depth-7/[file].jpg"",""filename"":""[redacted:ad49f7b0be85].jpg""},{""path"":""[redacted:1113d6952e9b]/depth-6/[file].jpg"",""filename"":""[redacted:612a8b572fed].jpg""},{""path"":""[redacted:2913117a54ec]/depth-6/[file].ai"",""filename"":""[redacted:84d3df01ee13].ai""}]",[],[],[],[],none_property_aliases_frozen_empty,"[""44969e30-68da-4719-b9ca-66f83d59f337""]",0,0,false,4,4,false,false,false,,false,false,true,
41b43c61-aaea-4f9d-b84c-abfb04de59f1|budweiser,resolved,41b43c61-aaea-4f9d-b84c-abfb04de59f1,Anheuser Busch,anheuser busch,budweiser,"[[""Anheuser Busch"",131]]","[[""Budweiser"",131]]",131,"[{""path"":""[redacted:30bd39c0723e]/depth-4/[file].psd"",""filename"":""[redacted:de54391e5321].psd""},{""path"":""[redacted:8041ee3a3329]/depth-4/[file].ai"",""filename"":""[redacted:0f0ac2ca39cb].ai""},{""path"":""[redacted:57baf4f2f19c]/depth-4/[file].eps"",""filename"":""[redacted:5465ff05e39a].eps""}]",[],[],[],[],none_property_aliases_frozen_empty,[],0,0,false,0,0,false,false,false,,false,false,true,
41b43c61-aaea-4f9d-b84c-abfb04de59f1|busch,resolved,41b43c61-aaea-4f9d-b84c-abfb04de59f1,Anheuser Busch,anheuser busch,busch,"[[""Anheuser Busch"",40]]","[[""Busch"",40]]",40,"[{""path"":""[redacted:4e6399a6f487]/depth-3/[file].png"",""filename"":""[redacted:74fe23256971].png""},{""path"":""[redacted:9cb2efa4905e]/depth-3/[file].jpg"",""filename"":""[redacted:bf3291eea7fc].jpg""},{""path"":""[redacted:36707991b1d9]/depth-3/[file].jpg"",""filename"":""[redacted:22c2a47759f6].jpg""}]",[],[],[],[],none_property_aliases_frozen_empty,[],0,0,false,0,0,false,false,false,,false,false,true,
41b43c61-aaea-4f9d-b84c-abfb04de59f1|michelob,resolved,41b43c61-aaea-4f9d-b84c-abfb04de59f1,Anheuser Busch,anheuser busch,michelob,"[[""Anheuser Busch"",4]]","[[""Michelob"",4]]",4,"[{""path"":""[redacted:7f337e3e871b]/depth-3/[file].png"",""filename"":""[redacted:cd19939e28b8].png""},{""path"":""[redacted:64521e3e69cc]/depth-3/[file].png"",""filename"":""[redacted:c4f6ac927a8d].png""},{""path"":""[redacted:1b8ad07a50fe]/depth-3/[file].png"",""filename"":""[redacted:0533de768119].png""}]",[],[],[],[],none_property_aliases_frozen_empty,[],0,0,false,0,0,false,false,false,,false,false,true,
41b43c61-aaea-4f9d-b84c-abfb04de59f1|michelob ultra,resolved,41b43c61-aaea-4f9d-b84c-abfb04de59f1,Anheuser Busch,anheuser busch,michelob ultra,"[[""Anheuser Busch"",12]]","[[""Michelob Ultra"",12]]",12,"[{""path"":""[redacted:88c07f3ff33b]/depth-3/[file].jpg"",""filename"":""[redacted:5bbc11468306].jpg""},{""path"":""[redacted:ed03d32f842a]/depth-3/[file].jpg"",""filename"":""[redacted:ecf1f309ccb2].jpg""},{""path"":""[redacted:0a9201c4f7d6]/depth-3/[file].png"",""filename"":""[redacted:ca87dc15ca74].png""}]",[],[],[],[],none_property_aliases_frozen_empty,[],0,0,false,0,0,false,false,false,,false,false,true,
c70e095c-2baf-404e-a2a3-c198a259a3e6|[blank],resolved,c70e095c-2baf-404e-a2a3-c198a259a3e6,COCA COLA,coca cola,,"[[""Coca Cola"",12]]","[["""",12]]",12,"[{""path"":""[redacted:cb3289a89ee6]/depth-2/[file].ai"",""filename"":""[redacted:b53f8eba2dfa].ai""},{""path"":""[redacted:197eec2bd089]/depth-2/[file].ai"",""filename"":""[redacted:6926cc0efcd5].ai""},{""path"":""[redacted:7473d4e5fd69]/depth-2/[file].ai"",""filename"":""[redacted:06939dfe403c].ai""}]",[],[],[],[],none_property_aliases_frozen_empty,[],0,0,false,0,0,false,false,false,,false,false,true,
c70e095c-2baf-404e-a2a3-c198a259a3e6|26 ss coca cola resort,resolved,c70e095c-2baf-404e-a2a3-c198a259a3e6,COCA COLA,coca cola,26 ss coca cola resort,"[[""Coca Cola"",4]]","[[""26 SS Coca-Cola Resort"",4]]",4,"[{""path"":""[redacted:5e06a3e3f324]/depth-3/[file].ai"",""filename"":""[redacted:72c0a8d69b46].ai""},{""path"":""[redacted:02ce3d564bb7]/depth-3/[file].ai"",""filename"":""[redacted:3dff12daebf9].ai""},{""path"":""[redacted:8749827e4875]/depth-3/[file].pdf"",""filename"":""[redacted:b6a7bbe711c8].pdf""}]",[],[],[],[],none_property_aliases_frozen_empty,"[""122a01c7-010f-4eac-bc5c-1e70a451b8ae"",""c8ee8ddc-25c2-4835-a3dd-fc5fac4c962b""]",0,0,false,0,0,false,false,false,,false,false,true,
c70e095c-2baf-404e-a2a3-c198a259a3e6|27 ss seasonal broadcast,resolved,c70e095c-2baf-404e-a2a3-c198a259a3e6,COCA COLA,coca cola,27 ss seasonal broadcast,"[[""Coca Cola"",9]]","[[""27 SS Seasonal Broadcast"",9]]",9,"[{""path"":""[redacted:21a44e966e0f]/depth-5/[file].ai"",""filename"":""[redacted:c695f60402bc].ai""},{""path"":""[redacted:a95b5d229407]/depth-5/[file].pdf"",""filename"":""[redacted:f8b1c3093674].pdf""},{""path"":""[redacted:3c7a52750194]/depth-5/[file].pdf"",""filename"":""[redacted:acf39a77e050].pdf""}]",[],[],[],[],none_property_aliases_frozen_empty,[],0,0,false,0,0,false,false,false,,false,false,true,
c70e095c-2baf-404e-a2a3-c198a259a3e6|3 d turns,resolved,c70e095c-2baf-404e-a2a3-c198a259a3e6,COCA COLA,coca cola,3 d turns,"[[""Coca Cola"",6]]","[[""3D Turns"",6]]",6,"[{""path"":""[redacted:36fe15a98d84]/depth-5/[file].ai"",""filename"":""[redacted:0e5718c109dd].ai""},{""path"":""[redacted:6f3e5f40fe38]/depth-3/[file].obj"",""filename"":""[redacted:817dc443faf0].obj""},{""path"":""[redacted:619a5834d015]/depth-6/[file].stp"",""filename"":""[redacted:ea3e1546c249].stp""}]",[],[],[],[],none_property_aliases_frozen_empty,[],0,0,false,1,1,false,false,false,,false,false,true,
c70e095c-2baf-404e-a2a3-c198a259a3e6|americana,resolved,c70e095c-2baf-404e-a2a3-c198a259a3e6,COCA COLA,coca cola,americana,"[[""Coca Cola"",2]]","[[""Americana"",2]]",2,"[{""path"":""[redacted:6b142e46f6dd]/depth-3/[file].ai"",""filename"":""[redacted:4678ac78a92a].ai""},{""path"":""[redacted:6719a31e0284]/depth-3/[file].pdf"",""filename"":""[redacted:f71389585dab].pdf""}]",[],[],[],[],none_property_aliases_frozen_empty,[],0,0,false,0,0,false,false,false,,false,false,true,
c70e095c-2baf-404e-a2a3-c198a259a3e6|athletic club,resolved,c70e095c-2baf-404e-a2a3-c198a259a3e6,COCA COLA,coca cola,athletic club,"[[""Coca Cola"",2]]","[[""Athletic Club"",2]]",2,"[{""path"":""[redacted:861e9cd8dbdf]/depth-3/[file].ai"",""filename"":""[redacted:920dc518e6fa].ai""},{""path"":""[redacted:518b0b44853e]/depth-3/[file].pdf"",""filename"":""[redacted:cb5e56830983].pdf""}]",[],[],[],[],none_property_aliases_frozen_empty,[],0,0,false,0,0,false,false,false,,false,false,true,
c70e095c-2baf-404e-a2a3-c198a259a3e6|cherry coke,resolved,c70e095c-2baf-404e-a2a3-c198a259a3e6,COCA COLA,coca cola,cherry coke,"[[""Coca Cola"",2]]","[[""Cherry Coke"",2]]",2,"[{""path"":""[redacted:4a05528653a5]/depth-3/[file].ai"",""filename"":""[redacted:35644122da12].ai""},{""path"":""[redacted:4114a9e19a00]/depth-3/[file].pdf"",""filename"":""[redacted:2660bd1f2f2a].pdf""}]",[],[],[],[],none_property_aliases_frozen_empty,"[""4ef79bdc-7766-4d12-9c4b-3a2ac45f1b4a"",""f8d43f7d-3e49-402e-8fa4-09638bd56c69""]",0,0,false,3,2,false,false,false,,false,false,true,
c70e095c-2baf-404e-a2a3-c198a259a3e6|christmas,resolved,c70e095c-2baf-404e-a2a3-c198a259a3e6,COCA COLA,coca cola,christmas,"[[""Coca Cola"",3]]","[[""_Christmas"",3]]",3,"[{""path"":""[redacted:6de683284080]/depth-3/[file].ai"",""filename"":""[redacted:ab67a2541652].ai""},{""path"":""[redacted:c58187a23650]/depth-3/[file].ai"",""filename"":""[redacted:ccd8d87440a8].ai""},{""path"":""[redacted:73e57e2d1415]/depth-3/[file].ai"",""filename"":""[redacted:26f4201735ab].ai""}]",[],[],[],[],none_property_aliases_frozen_empty,[],0,0,false,0,0,false,false,false,,false,false,true,
c70e095c-2baf-404e-a2a3-c198a259a3e6|coca cola packaging one sheet 2023 update folder,resolved,c70e095c-2baf-404e-a2a3-c198a259a3e6,COCA COLA,coca cola,coca cola packaging one sheet 2023 update folder,"[[""Coca Cola"",9]]","[[""Coca-Cola Packaging OneSheet 2023 Update_Folder"",9]]",9,"[{""path"":""[redacted:dd2e493fc1e0]/depth-5/[file].ttf"",""filename"":""[redacted:c4de68c1c047].ttf""},{""path"":""[redacted:f44fb89d0258]/depth-4/[file].ai"",""filename"":""[redacted:46e034d226e9].ai""},{""path"":""[redacted:26f3f5b24a92]/depth-5/[file].ttf"",""filename"":""[redacted:10e3f49b02be].ttf""}]",[],[],[],[],none_property_aliases_frozen_empty,"[""122a01c7-010f-4eac-bc5c-1e70a451b8ae"",""c8ee8ddc-25c2-4835-a3dd-fc5fac4c962b""]",0,0,true,0,0,false,false,false,,false,false,true,
c70e095c-2baf-404e-a2a3-c198a259a3e6|design immersion video please watch,resolved,c70e095c-2baf-404e-a2a3-c198a259a3e6,COCA COLA,coca cola,design immersion video please watch,"[[""Coca Cola"",1]]","[[""DESIGN IMMERSION VIDEO - Please Watch"",1]]",1,"[{""path"":""[redacted:d188c5ee0d06]/depth-3/[file].mp4"",""filename"":""[redacted:8fcf22f71cf3].mp4""}]",[],[],[],[],none_property_aliases_frozen_empty,[],0,0,false,1,1,false,false,false,,false,false,true,
c70e095c-2baf-404e-a2a3-c198a259a3e6|diet coke,resolved,c70e095c-2baf-404e-a2a3-c198a259a3e6,COCA COLA,coca cola,diet coke,"[[""Coca Cola"",8]]","[[""Diet Coke"",8]]",8,"[{""path"":""[redacted:cf289a5c1009]/depth-4/[file].png"",""filename"":""[redacted:0613db7cfdfe].png""},{""path"":""[redacted:19bdbd7fc0f0]/depth-4/[file].png"",""filename"":""[redacted:e3790f92b75f].png""},{""path"":""[redacted:aaac5dd8e812]/depth-4/[file].png"",""filename"":""[redacted:9c94efca204c].png""}]","[""f8d43f7d-3e49-402e-8fa4-09638bd56c69""]","[""DIET COKE""]","[""f8d43f7d-3e49-402e-8fa4-09638bd56c69""]","[""DIET COKE""]",none_property_aliases_frozen_empty,"[""f8d43f7d-3e49-402e-8fa4-09638bd56c69"",""4ef79bdc-7766-4d12-9c4b-3a2ac45f1b4a""]",2,1,false,20,8,true,true,false,,false,false,true,
c70e095c-2baf-404e-a2a3-c198a259a3e6|football fanatic,resolved,c70e095c-2baf-404e-a2a3-c198a259a3e6,COCA COLA,coca cola,football fanatic,"[[""Coca Cola"",2]]","[[""Football Fanatic"",2]]",2,"[{""path"":""[redacted:c95c2a2baf34]/depth-3/[file].pdf"",""filename"":""[redacted:7bb95cba3354].pdf""},{""path"":""[redacted:891684a33093]/depth-3/[file].ai"",""filename"":""[redacted:6688d18eff92].ai""}]",[],[],[],[],none_property_aliases_frozen_empty,[],0,0,false,0,0,false,false,false,,false,false,true,
c70e095c-2baf-404e-a2a3-c198a259a3e6|graffiti refresh,resolved,c70e095c-2baf-404e-a2a3-c198a259a3e6,COCA COLA,coca cola,graffiti refresh,"[[""Coca Cola"",5]]","[[""Graffiti Refresh"",5]]",5,"[{""path"":""[redacted:56dc42fd9357]/depth-4/[file].txt"",""filename"":""[redacted:06aaeb679692].txt""},{""path"":""[redacted:50fbc051149c]/depth-4/[file].ai"",""filename"":""[redacted:e515bb669ad7].ai""},{""path"":""[redacted:cd87a96dcefb]/depth-3/[file].pdf"",""filename"":""[redacted:f5fa3bf71bef].pdf""}]",[],[],[],[],none_property_aliases_frozen_empty,[],0,0,false,0,0,false,false,false,,false,false,true,
c70e095c-2baf-404e-a2a3-c198a259a3e6|graphics legacy evergreen icons,resolved,c70e095c-2baf-404e-a2a3-c198a259a3e6,COCA COLA,coca cola,graphics legacy evergreen icons,"[[""Coca Cola"",21]]","[[""Graphics_Legacy_Evergreen Icons"",21]]",21,"[{""path"":""[redacted:f2342afaf591]/depth-4/[file].tif"",""filename"":""[redacted:9f04a8e088b7].tif""},{""path"":""[redacted:4e450cfb59e6]/depth-4/[file].tif"",""filename"":""[redacted:a8e244b8c092].tif""},{""path"":""[redacted:e9f6e64d0086]/depth-4/[file].tif"",""filename"":""[redacted:4804fa398a2a].tif""}]",[],[],[],[],none_property_aliases_frozen_empty,[],0,0,false,0,0,false,false,false,,false,false,true,
c70e095c-2baf-404e-a2a3-c198a259a3e6|graphics polar bear ad art,resolved,c70e095c-2baf-404e-a2a3-c198a259a3e6,COCA COLA,coca cola,graphics polar bear ad art,"[[""Coca Cola"",12]]","[[""Graphics_Polar Bear Ad Art"",12]]",12,"[{""path"":""[redacted:95ead0383c06]/depth-3/[file].tif"",""filename"":""[redacted:6de2a66a2d66].tif""},{""path"":""[redacted:caa53304e379]/depth-3/[file].tif"",""filename"":""[redacted:d23db9d8805b].tif""},{""path"":""[redacted:c96ad637ac58]/depth-3/[file].tif"",""filename"":""[redacted:1e5b4f0d3f15].tif""}]",[],[],[],[],none_property_aliases_frozen_empty,[],0,0,false,0,0,false,false,false,,false,false,true,
c70e095c-2baf-404e-a2a3-c198a259a3e6|graphics varsity style guide,resolved,c70e095c-2baf-404e-a2a3-c198a259a3e6,COCA COLA,coca cola,graphics varsity style guide,"[[""Coca Cola"",20]]","[[""Graphics Varsity Style Guide"",20]]",20,"[{""path"":""[redacted:0f240c9bfecb]/depth-4/[file].ai"",""filename"":""[redacted:e01ca8e79da9].ai""},{""path"":""[redacted:d4b579edbf24]/depth-4/[file].pdf"",""filename"":""[redacted:8315813fc2a9].pdf""},{""path"":""[redacted:ef9eae77e235]/depth-4/[file].ai"",""filename"":""[redacted:c3ec355eec1a].ai""}]",[],[],[],[],none_property_aliases_frozen_empty,[],0,0,true,0,0,false,false,false,,false,false,true,
c70e095c-2baf-404e-a2a3-c198a259a3e6|holiday caravan,resolved,c70e095c-2baf-404e-a2a3-c198a259a3e6,COCA COLA,coca cola,holiday caravan,"[[""Coca Cola"",3]]","[[""Holiday Caravan"",3]]",3,"[{""path"":""[redacted:36ac9cbaa25b]/depth-4/[file].mp4"",""filename"":""[redacted:1846414248b4].mp4""},{""path"":""[redacted:94d41cb50476]/depth-4/[file].mp4"",""filename"":""[redacted:e83893fe94c4].mp4""},{""path"":""[redacted:afca2d8acc4a]/depth-4/[file].mp4"",""filename"":""[redacted:94bb83a425b0].mp4""}]",[],[],[],[],none_property_aliases_frozen_empty,[],0,0,false,0,0,false,false,false,,false,false,true,
c70e095c-2baf-404e-a2a3-c198a259a3e6|holiday gift tag,resolved,c70e095c-2baf-404e-a2a3-c198a259a3e6,COCA COLA,coca cola,holiday gift tag,"[[""Coca Cola"",3]]","[[""Holiday Gift Tag"",3]]",3,"[{""path"":""[redacted:a061acebbfd2]/depth-3/[file].mp4"",""filename"":""[redacted:6f112fb3d9b6].mp4""},{""path"":""[redacted:094851467d11]/depth-3/[file].mp4"",""filename"":""[redacted:c553be2e95c3].mp4""},{""path"":""[redacted:d2853c624de2]/depth-3/[file].mp4"",""filename"":""[redacted:5b77f4a94d8a].mp4""}]",[],[],[],[],none_property_aliases_frozen_empty,[],0,0,false,0,0,false,false,false,,false,false,true,
c70e095c-2baf-404e-a2a3-c198a259a3e6|holiday joy ornament,resolved,c70e095c-2baf-404e-a2a3-c198a259a3e6,COCA COLA,coca cola,holiday joy ornament,"[[""Coca Cola"",3]]","[[""Holiday Joy Ornament"",3]]",3,"[{""path"":""[redacted:41ec3aa1538e]/depth-4/[file].mp4"",""filename"":""[redacted:e8c17c53944b].mp4""},{""path"":""[redacted:6ba6214f6902]/depth-4/[file].mp4"",""filename"":""[redacted:50e4b625ad72].mp4""},{""path"":""[redacted:6891679778fc]/depth-4/[file].mp4"",""filename"":""[redacted:282b1bb6e407].mp4""}]",[],[],[],[],none_property_aliases_frozen_empty,[],0,0,false,0,0,false,false,false,,false,false,true,
c70e095c-2baf-404e-a2a3-c198a259a3e6|legacy imagery all channels,resolved,c70e095c-2baf-404e-a2a3-c198a259a3e6,COCA COLA,coca cola,legacy imagery all channels,"[[""Coca Cola"",205]]","[[""Legacy Imagery-All Channels"",205]]",205,"[{""path"":""[redacted:37c6854d1b49]/depth-5/[file].tif"",""filename"":""[redacted:ffe5dda8fba8].tif""},{""path"":""[redacted:950173ef5e8e]/depth-5/[file].tiff"",""filename"":""[redacted:44b2aef3de8d].tiff""},{""path"":""[redacted:e01f98e4dee4]/depth-5/[file].tif"",""filename"":""[redacted:543753a3b63b].tif""}]",[],[],[],[],none_property_aliases_frozen_empty,[],0,0,false,23,21,false,false,false,,false,false,true,
c70e095c-2baf-404e-a2a3-c198a259a3e6|mid tier channels seasonal broadcast ss22 the pause that refreshes new prep sport utility optimistic escape,resolved,c70e095c-2baf-404e-a2a3-c198a259a3e6,COCA COLA,coca cola,mid tier channels seasonal broadcast ss22 the pause that refreshes new prep sport utility optimistic escape,"[[""Coca Cola"",8]]","[[""MID-TIER CHANNELS Seasonal Broadcast SS22 The Pause That Refreshes - New Prep, Sport Utility, Optimistic Escape"",8]]",8,"[{""path"":""[redacted:10b2471fb17a]/depth-5/[file].pdf"",""filename"":""[redacted:65b272a77abb].pdf""},{""path"":""[redacted:802e8cf83a2d]/depth-5/[file].ai"",""filename"":""[redacted:0086f941b918].ai""},{""path"":""[redacted:376ced334dbb]/depth-3/[file].mp4"",""filename"":""[redacted:2340ad0580dd].mp4""}]",[],[],[],[],none_property_aliases_frozen_empty,[],0,0,false,0,0,false,false,false,,false,false,true,
c70e095c-2baf-404e-a2a3-c198a259a3e6|new nostalgia mass,resolved,c70e095c-2baf-404e-a2a3-c198a259a3e6,COCA COLA,coca cola,new nostalgia mass,"[[""Coca Cola"",1]]","[[""New Nostalgia Mass"",1]]",1,"[{""path"":""[redacted:629a7abd123f]/depth-3/[file].tif"",""filename"":""[redacted:ec07738a925c].tif""}]",[],[],[],[],none_property_aliases_frozen_empty,[],0,0,false,0,0,false,false,false,,false,false,true,
c70e095c-2baf-404e-a2a3-c198a259a3e6|polar bear line art,resolved,c70e095c-2baf-404e-a2a3-c198a259a3e6,COCA COLA,coca cola,polar bear line art,"[[""Coca Cola"",2]]","[[""Polar Bear Line Art"",2]]",2,"[{""path"":""[redacted:ae6e9b177b03]/depth-3/[file].pdf"",""filename"":""[redacted:25cade0e0d77].pdf""},{""path"":""[redacted:b4e649bad2f3]/depth-3/[file].ai"",""filename"":""[redacted:00a95a328063].ai""}]",[],[],[],[],none_property_aliases_frozen_empty,[],0,0,false,0,0,false,false,false,,false,false,true,
c70e095c-2baf-404e-a2a3-c198a259a3e6|red white heritage 2 0,resolved,c70e095c-2baf-404e-a2a3-c198a259a3e6,COCA COLA,coca cola,red white heritage 2 0,"[[""Coca Cola"",11]]","[[""Red White & Heritage 2.0"",11]]",11,"[{""path"":""[redacted:0969692baee2]/depth-4/[file].ai"",""filename"":""[redacted:68eed1d4a6d4].ai""},{""path"":""[redacted:8772227c8566]/depth-4/[file].ai"",""filename"":""[redacted:e795ad7aa818].ai""},{""path"":""[redacted:c269445bebe1]/depth-4/[file].ai"",""filename"":""[redacted:ed28d7399f72].ai""}]",[],[],[],[],none_property_aliases_frozen_empty,[],0,0,false,0,0,false,false,false,,false,false,true,
c70e095c-2baf-404e-a2a3-c198a259a3e6|santa hi res 1,resolved,c70e095c-2baf-404e-a2a3-c198a259a3e6,COCA COLA,coca cola,santa hi res 1,"[[""Coca Cola"",19]]","[[""Santa Hi-Res 1"",19]]",19,"[{""path"":""[redacted:da120a6e945b]/depth-3/[file].tif"",""filename"":""[redacted:32e4bb18c852].tif""},{""path"":""[redacted:d3fd35e05660]/depth-3/[file].tif"",""filename"":""[redacted:518765ac09dd].tif""},{""path"":""[redacted:ed6c4e40ac30]/depth-3/[file].tif"",""filename"":""[redacted:f8a2323a6009].tif""}]",[],[],[],[],none_property_aliases_frozen_empty,[],0,0,false,0,0,false,false,false,,false,false,true,
c70e095c-2baf-404e-a2a3-c198a259a3e6|santa hi res 2,resolved,c70e095c-2baf-404e-a2a3-c198a259a3e6,COCA COLA,coca cola,santa hi res 2,"[[""Coca Cola"",20]]","[[""Santa Hi-Res 2"",20]]",20,"[{""path"":""[redacted:36c9d4b6136d]/depth-3/[file].tif"",""filename"":""[redacted:605d2b07837f].tif""},{""path"":""[redacted:ad005485118b]/depth-3/[file].tif"",""filename"":""[redacted:43afec721df8].tif""},{""path"":""[redacted:1297505a6a41]/depth-3/[file].tif"",""filename"":""[redacted:569151745b6c].tif""}]",[],[],[],[],none_property_aliases_frozen_empty,[],0,0,false,0,0,false,false,false,,false,false,true,
c70e095c-2baf-404e-a2a3-c198a259a3e6|seasonal broadcast fw21 22 highway to anywhere perfect harmony mid,resolved,c70e095c-2baf-404e-a2a3-c198a259a3e6,COCA COLA,coca cola,seasonal broadcast fw21 22 highway to anywhere perfect harmony mid,"[[""Coca Cola"",2]]","[[""SeasonalBroadcast_FW21.22_Highway To Anywhere_PerfectHarmony_Mid"",2]]",2,"[{""path"":""[redacted:37290ce40009]/depth-4/[file].ai"",""filename"":""[redacted:3561e4ca4e5c].ai""},{""path"":""[redacted:9eef0b1c2c40]/depth-4/[file].pdf"",""filename"":""[redacted:4692d2e7d414].pdf""}]",[],[],[],[],none_property_aliases_frozen_empty,[],0,0,false,0,0,false,false,false,,false,false,true,
c70e095c-2baf-404e-a2a3-c198a259a3e6|seasonal broadcast ss21 highway to anywhere route 66 urban nomads perfect harmony mass,resolved,c70e095c-2baf-404e-a2a3-c198a259a3e6,COCA COLA,coca cola,seasonal broadcast ss21 highway to anywhere route 66 urban nomads perfect harmony mass,"[[""Coca Cola"",7]]","[[""Seasonal Broadcast SS21 Highway To Anywhere - Route 66, Urban Nomads, Perfect Harmony_Mass"",7]]",7,"[{""path"":""[redacted:14fda62002e0]/depth-5/[file].ai"",""filename"":""[redacted:ce6ea232cba3].ai""},{""path"":""[redacted:96b203c57393]/depth-4/[file].pdf"",""filename"":""[redacted:2145bfdcc7e5].pdf""},{""path"":""[redacted:68bd0309d500]/depth-4/[file].ai"",""filename"":""[redacted:d0f331dc72e8].ai""}]",[],[],[],[],none_property_aliases_frozen_empty,[],0,0,false,0,0,false,false,false,,false,false,true,
c70e095c-2baf-404e-a2a3-c198a259a3e6|sportcore,resolved,c70e095c-2baf-404e-a2a3-c198a259a3e6,COCA COLA,coca cola,sportcore,"[[""Coca Cola"",2]]","[[""Sportcore"",2]]",2,"[{""path"":""[redacted:5e56041c4ae7]/depth-3/[file].ai"",""filename"":""[redacted:8335e50e58a2].ai""},{""path"":""[redacted:4a79482285cd]/depth-3/[file].pdf"",""filename"":""[redacted:f0303e34fa17].pdf""}]",[],[],[],[],none_property_aliases_frozen_empty,[],0,0,false,0,0,false,false,false,,false,false,true,
c70e095c-2baf-404e-a2a3-c198a259a3e6|style guide pdfs,resolved,c70e095c-2baf-404e-a2a3-c198a259a3e6,COCA COLA,coca cola,style guide pdfs,"[[""Coca Cola"",24]]","[[""Style Guide PDFs"",24]]",24,"[{""path"":""[redacted:fcf7c146281c]/depth-3/[file].pdf"",""filename"":""[redacted:7dced4a2ed80].pdf""},{""path"":""[redacted:3eb9506b6c57]/depth-3/[file].pdf"",""filename"":""[redacted:0140d3a62dde].pdf""},{""path"":""[redacted:d1c992e3c6e7]/depth-3/[file].pdf"",""filename"":""[redacted:f1e832b1b6cb].pdf""}]",[],[],[],[],none_property_aliases_frozen_empty,[],0,0,true,2,2,false,false,false,,false,false,true,
7d141a6f-e229-46a2-b3f5-0ba0c97dd820|[blank],resolved,7d141a6f-e229-46a2-b3f5-0ba0c97dd820,DISNEY,disney,,"[[""Disney"",3]]","[["""",3]]",3,"[{""path"":""[redacted:a576c90cfa51]/depth-2/[file].xlsx"",""filename"":""[redacted:c60b2c59686f].xlsx""},{""path"":""[redacted:15e1647a3869]/depth-2/[file].ai"",""filename"":""[redacted:30678f2afdae].ai""},{""path"":""[redacted:f4ef9eaa9dff]/depth-2/[file].xlsx"",""filename"":""[redacted:8b840d6c146f].xlsx""}]",[],[],[],[],none_property_aliases_frozen_empty,[],0,0,false,0,0,false,false,false,,false,false,true,
7d141a6f-e229-46a2-b3f5-0ba0c97dd820|aladdin,resolved,7d141a6f-e229-46a2-b3f5-0ba0c97dd820,DISNEY,disney,aladdin,"[[""Disney"",235]]","[[""Aladdin"",235]]",235,"[{""path"":""[redacted:8b6cc6359878]/depth-6/[file].ai"",""filename"":""[redacted:18a3f360e8a2].ai""},{""path"":""[redacted:5defeff0a53a]/depth-6/[file].ai"",""filename"":""[redacted:a20bcac667b5].ai""},{""path"":""[redacted:7d3b74e8fdf0]/depth-6/[file].ai"",""filename"":""[redacted:b37ce4d53423].ai""}]","[""dd952916-072b-4dfb-a536-66bf25f237ae""]","[""ALADDIN""]","[""dd952916-072b-4dfb-a536-66bf25f237ae""]","[""ALADDIN""]",none_property_aliases_frozen_empty,"[""dd952916-072b-4dfb-a536-66bf25f237ae""]",2,2,false,244,235,true,true,false,,false,false,true,
7d141a6f-e229-46a2-b3f5-0ba0c97dd820|alice in wonderland,resolved,7d141a6f-e229-46a2-b3f5-0ba0c97dd820,DISNEY,disney,alice in wonderland,"[[""Disney"",769]]","[[""Alice in Wonderland"",769]]",769,"[{""path"":""[redacted:e795e8be08be]/depth-4/[file].tif"",""filename"":""[redacted:73c4e9d3ddbc].tif""},{""path"":""[redacted:2621d6619cca]/depth-4/[file].tif"",""filename"":""[redacted:d6c42ba8680d].tif""},{""path"":""[redacted:1e1d93b32fe4]/depth-4/[file].tif"",""filename"":""[redacted:9eb8838a53aa].tif""}]","[""2a51343c-6ed0-4c8f-9f1a-d193d4a6a573""]","[""ALICE IN WONDERLAND""]","[""2a51343c-6ed0-4c8f-9f1a-d193d4a6a573""]","[""ALICE IN WONDERLAND""]",none_property_aliases_frozen_empty,"[""2a51343c-6ed0-4c8f-9f1a-d193d4a6a573""]",2,2,false,772,769,true,true,false,,false,false,true,
7d141a6f-e229-46a2-b3f5-0ba0c97dd820|cars,resolved,7d141a6f-e229-46a2-b3f5-0ba0c97dd820,DISNEY,disney,cars,"[[""Disney"",2594]]","[[""Cars"",2594]]",2594,"[{""path"":""[redacted:070d1a7faa6b]/depth-5/[file].png"",""filename"":""[redacted:90d4a8f5889a].png""},{""path"":""[redacted:e2668ed94269]/depth-7/[file].ai"",""filename"":""[redacted:fbfdff1aba75].ai""},{""path"":""[redacted:942755491cdf]/depth-6/[file].ai"",""filename"":""[redacted:ff3a3765fb48].ai""}]","[""af20b0b0-d5e1-4741-b2bc-890fd7938954""]","[""CARS""]","[""af20b0b0-d5e1-4741-b2bc-890fd7938954""]","[""CARS""]",none_property_aliases_frozen_empty,"[""af20b0b0-d5e1-4741-b2bc-890fd7938954""]",2,2,false,2651,2594,true,true,false,,false,false,true,
7d141a6f-e229-46a2-b3f5-0ba0c97dd820|creative rollouts,resolved,7d141a6f-e229-46a2-b3f5-0ba0c97dd820,DISNEY,disney,creative rollouts,"[[""Disney"",255]]","[[""_Creative Rollouts"",255]]",255,"[{""path"":""[redacted:dcedfbbcf109]/depth-5/[file].pdf"",""filename"":""[redacted:0c36b996684e].pdf""},{""path"":""[redacted:a7d9e3bafef6]/depth-6/[file].pdf"",""filename"":""[redacted:18535e5e3b5d].pdf""},{""path"":""[redacted:92f89c56162c]/depth-7/[file].ai"",""filename"":""[redacted:dedc5f70f04f].ai""}]",[],[],[],[],none_property_aliases_frozen_empty,[],0,0,false,48,24,false,false,false,,false,false,true,
7d141a6f-e229-46a2-b3f5-0ba0c97dd820|disney channel,resolved,7d141a6f-e229-46a2-b3f5-0ba0c97dd820,DISNEY,disney,disney channel,"[[""Disney"",2865]]","[[""Disney Channel"",2865]]",2865,"[{""path"":""[redacted:74b817df7854]/depth-7/[file].eps"",""filename"":""[redacted:96d73c76f045].eps""},{""path"":""[redacted:d9068eef8872]/depth-6/[file].eps"",""filename"":""[redacted:2703d54cd8e8].eps""},{""path"":""[redacted:b8708855009e]/depth-6/[file].psd"",""filename"":""[redacted:09b62311b39b].psd""}]",[],[],[],[],none_property_aliases_frozen_empty,"[""048df4ac-fc96-4fe3-974a-46efa6f19793"",""213ed67d-438f-4f5f-bb24-44f79b770704"",""5f53411a-0b9a-43fe-a43a-c45e5cfbfcbd"",""9c784c9b-57ec-42b2-9fb1-4abcb84f0bc8"",""491b1a3d-a303-4918-9a77-c1e0e2b1b175""]",0,0,false,1641,1556,false,false,false,,false,false,true,
7d141a6f-e229-46a2-b3f5-0ba0c97dd820|disney classics,resolved,7d141a6f-e229-46a2-b3f5-0ba0c97dd820,DISNEY,disney,disney classics,"[[""Disney"",5124]]","[[""Disney Classics"",5124]]",5124,"[{""path"":""[redacted:2b97260139d6]/depth-6/[file].ai"",""filename"":""[redacted:bc111498448e].ai""},{""path"":""[redacted:b33ab5e59be6]/depth-7/[file].ai"",""filename"":""[redacted:6d5fc6c420db].ai""},{""path"":""[redacted:f2af5ff97427]/depth-7/[file].ai"",""filename"":""[redacted:814ae6826db0].ai""}]",[],[],[],[],none_property_aliases_frozen_empty,"[""048df4ac-fc96-4fe3-974a-46efa6f19793"",""213ed67d-438f-4f5f-bb24-44f79b770704"",""5f53411a-0b9a-43fe-a43a-c45e5cfbfcbd"",""491b1a3d-a303-4918-9a77-c1e0e2b1b175"",""9c784c9b-57ec-42b2-9fb1-4abcb84f0bc8""]",0,0,false,659,659,false,false,false,,false,false,true,
7d141a6f-e229-46a2-b3f5-0ba0c97dd820|frozen,resolved,7d141a6f-e229-46a2-b3f5-0ba0c97dd820,DISNEY,disney,frozen,"[[""Disney"",2692]]","[[""Frozen"",2692]]",2692,"[{""path"":""[redacted:3abc75be2e39]/depth-6/[file].ai"",""filename"":""[redacted:a8f0c840970e].ai""},{""path"":""[redacted:8b12d9c830ec]/depth-7/[file].jpeg"",""filename"":""[redacted:1da3dc369575].jpeg""},{""path"":""[redacted:f6df3267d8c5]/depth-6/[file].ai"",""filename"":""[redacted:8a96d7a018d8].ai""}]","[""b3486141-9ed4-40f5-9aec-878f48a1ff16""]","[""FROZEN""]","[""b3486141-9ed4-40f5-9aec-878f48a1ff16""]","[""FROZEN""]",none_property_aliases_frozen_empty,"[""b3486141-9ed4-40f5-9aec-878f48a1ff16"",""2baa138b-bd0f-411a-88ae-f0e7653366d3""]",2,2,false,3239,2692,true,true,false,,false,false,true,
7d141a6f-e229-46a2-b3f5-0ba0c97dd820|frozen ii,resolved,7d141a6f-e229-46a2-b3f5-0ba0c97dd820,DISNEY,disney,frozen ii,"[[""Disney"",917]]","[[""Frozen II"",917]]",917,"[{""path"":""[redacted:5d0e15a5ac38]/depth-6/[file].jpg"",""filename"":""[redacted:b2f678de2527].jpg""},{""path"":""[redacted:1b751b72c72d]/depth-6/[file].psd"",""filename"":""[redacted:f9287aa58f10].psd""},{""path"":""[redacted:b76222a28c64]/depth-6/[file].psd"",""filename"":""[redacted:410ce010a6ce].psd""}]",[],[],[],[],none_property_aliases_frozen_empty,"[""b3486141-9ed4-40f5-9aec-878f48a1ff16"",""2baa138b-bd0f-411a-88ae-f0e7653366d3""]",0,0,false,1294,917,false,false,false,,false,false,true,
7d141a6f-e229-46a2-b3f5-0ba0c97dd820|hercules,resolved,7d141a6f-e229-46a2-b3f5-0ba0c97dd820,DISNEY,disney,hercules,"[[""Disney"",1208]]","[[""Hercules"",1208]]",1208,"[{""path"":""[redacted:564fb5131a72]/depth-8/[file].eps"",""filename"":""[redacted:f15d9371d86d].eps""},{""path"":""[redacted:8b1b25637725]/depth-8/[file].eps"",""filename"":""[redacted:e851ce7fdf97].eps""},{""path"":""[redacted:ddb8df204e77]/depth-8/[file].eps"",""filename"":""[redacted:576a2a10cd1b].eps""}]","[""7e21920e-1790-45bf-850c-33a16d815578""]","[""HERCULES""]","[""7e21920e-1790-45bf-850c-33a16d815578""]","[""HERCULES""]",none_property_aliases_frozen_empty,"[""7e21920e-1790-45bf-850c-33a16d815578""]",2,2,false,1231,1208,true,true,false,,false,false,true,
7d141a6f-e229-46a2-b3f5-0ba0c97dd820|hocus pocus,resolved,7d141a6f-e229-46a2-b3f5-0ba0c97dd820,DISNEY,disney,hocus pocus,"[[""Disney"",264]]","[[""Hocus Pocus"",264]]",264,"[{""path"":""[redacted:f5ebce0b0e61]/depth-5/[file].ai"",""filename"":""[redacted:1290244c7201].ai""},{""path"":""[redacted:36be5efeb281]/depth-5/[file].ai"",""filename"":""[redacted:fa91b01c63e7].ai""},{""path"":""[redacted:34dc3b21c671]/depth-5/[file].ai"",""filename"":""[redacted:a6cd252f11f0].ai""}]","[""b4a1e988-7b93-4877-a50d-6f80f9ff3b30""]","[""HOCUS POCUS""]","[""b4a1e988-7b93-4877-a50d-6f80f9ff3b30""]","[""HOCUS POCUS""]",none_property_aliases_frozen_empty,"[""b4a1e988-7b93-4877-a50d-6f80f9ff3b30""]",2,2,false,273,264,true,true,false,,false,false,true,
7d141a6f-e229-46a2-b3f5-0ba0c97dd820|holiday,resolved,7d141a6f-e229-46a2-b3f5-0ba0c97dd820,DISNEY,disney,holiday,"[[""Disney"",10293]]","[[""_HOLIDAY"",10293]]",10293,"[{""path"":""[redacted:832735d36fca]/depth-8/[file].ai"",""filename"":""[redacted:852f2b4a9eb4].ai""},{""path"":""[redacted:44c0db2766d4]/depth-7/[file].ai"",""filename"":""[redacted:d9c983ee4e11].ai""},{""path"":""[redacted:2c99f898b57e]/depth-9/[file].ai"",""filename"":""[redacted:8a2ab8416931].ai""}]",[],[],[],[],none_property_aliases_frozen_empty,[],0,0,false,3408,3264,false,false,false,,false,false,true,
7d141a6f-e229-46a2-b3f5-0ba0c97dd820|mickey,resolved,7d141a6f-e229-46a2-b3f5-0ba0c97dd820,DISNEY,disney,mickey,"[[""Disney"",16835]]","[[""Mickey"",16835]]",16835,"[{""path"":""[redacted:fe0ba57d3a65]/depth-7/[file].ai"",""filename"":""[redacted:bcdf4bdabdf1].ai""},{""path"":""[redacted:1fbb6a061edf]/depth-6/[file].psd"",""filename"":""[redacted:a253fb1f4b1f].psd""},{""path"":""[redacted:6ab7ec984b6a]/depth-7/[file].ai"",""filename"":""[redacted:d35d99105fe2].ai""}]",[],[],[],[],none_property_aliases_frozen_empty,"[""4bb52946-0d48-494a-a038-1b4d9293e8c1""]",0,0,false,10185,9508,false,false,false,,false,false,true,
7d141a6f-e229-46a2-b3f5-0ba0c97dd820|moana live action,resolved,7d141a6f-e229-46a2-b3f5-0ba0c97dd820,DISNEY,disney,moana live action,"[[""Disney"",276]]","[[""Moana Live Action"",276]]",276,"[{""path"":""[redacted:8246fb76924e]/depth-6/[file].jpeg"",""filename"":""[redacted:1b980ef936e8].jpeg""},{""path"":""[redacted:ccbc60b642f5]/depth-6/[file].jpeg"",""filename"":""[redacted:e0ca4a3886ff].jpeg""},{""path"":""[redacted:b56c0f1ba0cb]/depth-6/[file].jpeg"",""filename"":""[redacted:baa1707d6ad2].jpeg""}]",[],[],[],[],none_property_aliases_frozen_empty,"[""d794c6fb-9227-47fc-90ef-55d7569ef495"",""46be5003-d83b-4bec-9143-ee9632f1b688""]",0,0,false,0,0,false,false,false,,false,false,true,
7d141a6f-e229-46a2-b3f5-0ba0c97dd820|multi property,resolved,7d141a6f-e229-46a2-b3f5-0ba0c97dd820,DISNEY,disney,multi property,"[[""Disney"",2870]]","[[""Multi-Property"",2870]]",2870,"[{""path"":""[redacted:25ec2e1ffcd1]/depth-6/[file].ai"",""filename"":""[redacted:3809c9fce8ec].ai""},{""path"":""[redacted:db66db5e048f]/depth-7/[file].ai"",""filename"":""[redacted:83b77a3000c2].ai""},{""path"":""[redacted:5486d0a90510]/depth-7/[file].ai"",""filename"":""[redacted:0f4741130dee].ai""}]",[],[],[],[],none_property_aliases_frozen_empty,[],0,0,false,431,257,false,false,false,,false,false,true,
7d141a6f-e229-46a2-b3f5-0ba0c97dd820|muppets,resolved,7d141a6f-e229-46a2-b3f5-0ba0c97dd820,DISNEY,disney,muppets,"[[""Disney"",460]]","[[""Muppets"",460]]",460,"[{""path"":""[redacted:6b611091fd9a]/depth-6/[file].ai"",""filename"":""[redacted:97632578f3e6].ai""},{""path"":""[redacted:7259de7b868a]/depth-6/[file].ai"",""filename"":""[redacted:1dc72cfc6096].ai""},{""path"":""[redacted:25feb4f1f7e4]/depth-6/[file].ai"",""filename"":""[redacted:b965ac996b86].ai""}]","[""53f35a43-3719-411a-a818-1c0ef31726f5""]","[""MUPPETS""]","[""53f35a43-3719-411a-a818-1c0ef31726f5""]","[""MUPPETS""]",none_property_aliases_frozen_empty,"[""53f35a43-3719-411a-a818-1c0ef31726f5""]",2,2,false,475,460,true,true,false,,false,false,true,
7d141a6f-e229-46a2-b3f5-0ba0c97dd820|nightmare before xmas,resolved,7d141a6f-e229-46a2-b3f5-0ba0c97dd820,DISNEY,disney,nightmare before xmas,"[[""Disney"",2469]]","[[""Nightmare Before Xmas"",2469]]",2469,"[{""path"":""[redacted:b5a07841f7aa]/depth-7/[file].ai"",""filename"":""[redacted:e15b5646475a].ai""},{""path"":""[redacted:7155a8f75075]/depth-7/[file].ai"",""filename"":""[redacted:4cd9effcc2d1].ai""},{""path"":""[redacted:1d41f353aee3]/depth-6/[file].ai"",""filename"":""[redacted:5b9224d1d02f].ai""}]",[],[],[],[],none_property_aliases_frozen_empty,"[""93d213f5-4fc5-4669-bf0e-7177a691b966""]",0,0,false,1907,1760,false,false,false,,false,false,true,
7d141a6f-e229-46a2-b3f5-0ba0c97dd820|packaging,resolved,7d141a6f-e229-46a2-b3f5-0ba0c97dd820,DISNEY,disney,packaging,"[[""Disney"",1937]]","[[""_Packaging"",1937]]",1937,"[{""path"":""[redacted:61af4a8c0e7e]/depth-6/[file].ai"",""filename"":""[redacted:cf218c5c69fb].ai""},{""path"":""[redacted:054e1b839bbb]/depth-5/[file].ai"",""filename"":""[redacted:fc46960c6fc1].ai""},{""path"":""[redacted:278e0adb9e37]/depth-5/[file].psd"",""filename"":""[redacted:5fe9c776e0ce].psd""}]",[],[],[],[],none_property_aliases_frozen_empty,[],0,0,false,680,600,false,false,false,,false,false,true,
7d141a6f-e229-46a2-b3f5-0ba0c97dd820|peter pan,resolved,7d141a6f-e229-46a2-b3f5-0ba0c97dd820,DISNEY,disney,peter pan,"[[""Disney"",1236]]","[[""Peter Pan"",1236]]",1236,"[{""path"":""[redacted:81dfbb765ea3]/depth-3/[file].ai"",""filename"":""[redacted:6d0dc6c52bd6].ai""},{""path"":""[redacted:7db9641cc9a9]/depth-7/[file].eps"",""filename"":""[redacted:e85cbd219650].eps""},{""path"":""[redacted:e40c445e36b2]/depth-7/[file].eps"",""filename"":""[redacted:b36dde2d608c].eps""}]","[""282ee9db-10f6-4a46-b066-918866b33de3""]","[""PETER PAN""]","[""282ee9db-10f6-4a46-b066-918866b33de3""]","[""PETER PAN""]",none_property_aliases_frozen_empty,"[""282ee9db-10f6-4a46-b066-918866b33de3""]",2,2,false,1436,1236,true,true,false,,false,false,true,
7d141a6f-e229-46a2-b3f5-0ba0c97dd820|pixar,resolved,7d141a6f-e229-46a2-b3f5-0ba0c97dd820,DISNEY,disney,pixar,"[[""Disney"",2018]]","[[""Pixar"",2018]]",2018,"[{""path"":""[redacted:cecc6f216884]/depth-7/[file].ai"",""filename"":""[redacted:14171327308d].ai""},{""path"":""[redacted:06c09a348693]/depth-7/[file].psd"",""filename"":""[redacted:d6f9ee74b85a].psd""},{""path"":""[redacted:1660d542a8a8]/depth-7/[file].psd"",""filename"":""[redacted:41c61cd395d7].psd""}]",[],[],[],[],none_property_aliases_frozen_empty,"[""b6c39c03-6f34-43f3-b84e-87aba615ac45""]",0,0,false,635,583,false,false,false,,false,false,true,
7d141a6f-e229-46a2-b3f5-0ba0c97dd820|planes,resolved,7d141a6f-e229-46a2-b3f5-0ba0c97dd820,DISNEY,disney,planes,"[[""Disney"",6]]","[[""Planes"",6]]",6,"[{""path"":""[redacted:4fe8884b93b9]/depth-3/[file].eps"",""filename"":""[redacted:c2800b0cdf94].eps""},{""path"":""[redacted:f8e4f6f614f8]/depth-3/[file].ai"",""filename"":""[redacted:d2bd27ece889].ai""},{""path"":""[redacted:fd83c7d8f341]/depth-3/[file].ai"",""filename"":""[redacted:545abc951463].ai""}]",[],[],[],[],none_property_aliases_frozen_empty,"[""43298ef6-0852-421c-80ba-eabc266b7baf""]",0,0,false,0,0,false,false,false,,false,false,true,
7d141a6f-e229-46a2-b3f5-0ba0c97dd820|posters,resolved,7d141a6f-e229-46a2-b3f5-0ba0c97dd820,DISNEY,disney,posters,"[[""Disney"",195]]","[[""Posters"",195]]",195,"[{""path"":""[redacted:d717e2586608]/depth-6/[file].psd"",""filename"":""[redacted:bc17365d863e].psd""},{""path"":""[redacted:920de6562766]/depth-6/[file].psd"",""filename"":""[redacted:0eccf485b558].psd""},{""path"":""[redacted:13a3ee1e8e59]/depth-6/[file].psd"",""filename"":""[redacted:c74e803a045a].psd""}]",[],[],[],[],none_property_aliases_frozen_empty,[],0,0,false,0,0,false,false,false,,false,false,true,
7d141a6f-e229-46a2-b3f5-0ba0c97dd820|princess,resolved,7d141a6f-e229-46a2-b3f5-0ba0c97dd820,DISNEY,disney,princess,"[[""Disney"",16603]]","[[""Princess"",16603]]",16603,"[{""path"":""[redacted:40cb848496ca]/depth-7/[file].ai"",""filename"":""[redacted:6a1543ccebf2].ai""},{""path"":""[redacted:a9a6498427ce]/depth-6/[file].ai"",""filename"":""[redacted:a587449158b7].ai""},{""path"":""[redacted:3b8967a58119]/depth-6/[file].ai"",""filename"":""[redacted:7e2d22141008].ai""}]",[],[],[],[],none_property_aliases_frozen_empty,[],0,0,false,940,940,false,false,false,,false,false,true,
7d141a6f-e229-46a2-b3f5-0ba0c97dd820|retail guides,resolved,7d141a6f-e229-46a2-b3f5-0ba0c97dd820,DISNEY,disney,retail guides,"[[""Disney"",3]]","[[""_Retail Guides"",3]]",3,"[{""path"":""[redacted:276ca43205b8]/depth-6/[file].psd"",""filename"":""[redacted:fc4993a46a6f].psd""},{""path"":""[redacted:aa14dd8d8637]/depth-6/[file].psd"",""filename"":""[redacted:986cb2d178dd].psd""},{""path"":""[redacted:c86a53a69789]/depth-6/[file].psd"",""filename"":""[redacted:922e1e2af57d].psd""}]",[],[],[],[],none_property_aliases_frozen_empty,[],0,0,false,0,0,false,false,false,,false,false,true,
7d141a6f-e229-46a2-b3f5-0ba0c97dd820|robin hood,resolved,7d141a6f-e229-46a2-b3f5-0ba0c97dd820,DISNEY,disney,robin hood,"[[""Disney"",37]]","[[""Robin Hood"",37]]",37,"[{""path"":""[redacted:4b78e8e83298]/depth-3/[file].tif"",""filename"":""[redacted:0330aed75c45].tif""},{""path"":""[redacted:49490f3ff980]/depth-3/[file].tif"",""filename"":""[redacted:2c3376fdcabb].tif""},{""path"":""[redacted:3c0bd7c19a4c]/depth-4/[file].tif"",""filename"":""[redacted:40d376bd8a47].tif""}]",[],[],[],[],none_property_aliases_frozen_empty,[],0,0,false,0,0,false,false,false,,false,false,true,
7d141a6f-e229-46a2-b3f5-0ba0c97dd820|stitch,resolved,7d141a6f-e229-46a2-b3f5-0ba0c97dd820,DISNEY,disney,stitch,"[[""Disney"",5376]]","[[""Stitch"",5376]]",5376,"[{""path"":""[redacted:b924da219447]/depth-7/[file].jpg"",""filename"":""[redacted:9dda5b1ba70b].jpg""},{""path"":""[redacted:dffee47b387f]/depth-8/[file].ai"",""filename"":""[redacted:b5d8e2f863f2].ai""},{""path"":""[redacted:dcf53e04fa06]/depth-7/[file].eps"",""filename"":""[redacted:c553c824cbd8].eps""}]",[],[],[],[],none_property_aliases_frozen_empty,"[""2a83c3d9-794d-41cc-8467-f53a27ddb625"",""46be5003-d83b-4bec-9143-ee9632f1b688""]",0,0,false,914,867,false,false,false,,false,false,true,
7d141a6f-e229-46a2-b3f5-0ba0c97dd820|the lion king,resolved,7d141a6f-e229-46a2-b3f5-0ba0c97dd820,DISNEY,disney,the lion king,"[[""Disney"",521]]","[[""The Lion King"",521]]",521,"[{""path"":""[redacted:3cf71178c0f3]/depth-6/[file].ai"",""filename"":""[redacted:e13fb37064b1].ai""},{""path"":""[redacted:e7f890601c2b]/depth-6/[file].ai"",""filename"":""[redacted:565c882619e2].ai""},{""path"":""[redacted:0282a2de3ff6]/depth-6/[file].ai"",""filename"":""[redacted:d9713077de12].ai""}]",[],[],[],[],none_property_aliases_frozen_empty,"[""d794c6fb-9227-47fc-90ef-55d7569ef495"",""b3f195f8-61f9-42ba-b7c9-1932a0ebcf78""]",0,0,false,31,31,false,false,false,,false,false,true,
7d141a6f-e229-46a2-b3f5-0ba0c97dd820|the little mermaid,resolved,7d141a6f-e229-46a2-b3f5-0ba0c97dd820,DISNEY,disney,the little mermaid,"[[""Disney"",814]]","[[""The Little Mermaid"",814]]",814,"[{""path"":""[redacted:b73dcf05826a]/depth-7/[file].ai"",""filename"":""[redacted:2fd85d2f493e].ai""},{""path"":""[redacted:bd6839db99b2]/depth-7/[file].ai"",""filename"":""[redacted:780595fc81ec].ai""},{""path"":""[redacted:a3d2554cb9ad]/depth-7/[file].ai"",""filename"":""[redacted:b8873b601c3b].ai""}]",[],[],[],[],none_property_aliases_frozen_empty,"[""b3f195f8-61f9-42ba-b7c9-1932a0ebcf78""]",0,0,false,36,36,false,false,false,,false,false,true,
7d141a6f-e229-46a2-b3f5-0ba0c97dd820|toy story 4,resolved,7d141a6f-e229-46a2-b3f5-0ba0c97dd820,DISNEY,disney,toy story 4,"[[""Disney"",1019]]","[[""Toy Story 4"",1019]]",1019,"[{""path"":""[redacted:438b57f9a905]/depth-6/[file].psd"",""filename"":""[redacted:4c920dc15b7e].psd""},{""path"":""[redacted:7d13b175ff0c]/depth-6/[file].psd"",""filename"":""[redacted:ea9c3f1a48cd].psd""},{""path"":""[redacted:e0e45c9d4100]/depth-6/[file].ai"",""filename"":""[redacted:3b2c94967591].ai""}]","[""74a90714-2926-4beb-a70c-c5570b963296""]","[""TOY STORY 4""]","[""74a90714-2926-4beb-a70c-c5570b963296""]","[""TOY STORY 4""]",none_property_aliases_frozen_empty,"[""74a90714-2926-4beb-a70c-c5570b963296""]",2,2,false,1076,1019,true,true,false,,false,false,true,
7d141a6f-e229-46a2-b3f5-0ba0c97dd820|toy story 5,resolved,7d141a6f-e229-46a2-b3f5-0ba0c97dd820,DISNEY,disney,toy story 5,"[[""Disney"",607]]","[[""Toy Story 5"",607]]",607,"[{""path"":""[redacted:49dcfd5f7bc6]/depth-6/[file].ai"",""filename"":""[redacted:f86d9d338811].ai""},{""path"":""[redacted:c1d17448a278]/depth-6/[file].ai"",""filename"":""[redacted:176b69564b51].ai""},{""path"":""[redacted:8a57bf8056c1]/depth-6/[file].ai"",""filename"":""[redacted:420dce6dbbe7].ai""}]",[],[],[],[],none_property_aliases_frozen_empty,"[""74a90714-2926-4beb-a70c-c5570b963296""]",0,0,false,0,0,false,false,false,,false,false,true,
7d141a6f-e229-46a2-b3f5-0ba0c97dd820|toy story classic,resolved,7d141a6f-e229-46a2-b3f5-0ba0c97dd820,DISNEY,disney,toy story classic,"[[""Disney"",1260]]","[[""Toy Story (Classic)"",1260]]",1260,"[{""path"":""[redacted:fd92f79980cf]/depth-7/[file].ai"",""filename"":""[redacted:917366507af9].ai""},{""path"":""[redacted:e4b92f3231dd]/depth-7/[file].ai"",""filename"":""[redacted:09314d9c412a].ai""},{""path"":""[redacted:b307a8dcff44]/depth-6/[file].ai"",""filename"":""[redacted:840217877e7f].ai""}]",[],[],[],[],none_property_aliases_frozen_empty,"[""74a90714-2926-4beb-a70c-c5570b963296"",""635488f5-c9ea-4e71-ac06-d844b0e5f2cf""]",0,0,false,220,220,false,false,false,,false,false,true,
7d141a6f-e229-46a2-b3f5-0ba0c97dd820|villains,resolved,7d141a6f-e229-46a2-b3f5-0ba0c97dd820,DISNEY,disney,villains,"[[""Disney"",1273]]","[[""Villains"",1273]]",1273,"[{""path"":""[redacted:ff4eacdd17e1]/depth-6/[file].ai"",""filename"":""[redacted:5d1fb290bf3c].ai""},{""path"":""[redacted:a4bae9ce24a0]/depth-6/[file].ai"",""filename"":""[redacted:6df48cb0c7c6].ai""},{""path"":""[redacted:4f73e3ca1f89]/depth-6/[file].ai"",""filename"":""[redacted:0c1c778595d7].ai""}]",[],[],[],[],none_property_aliases_frozen_empty,"[""5f53411a-0b9a-43fe-a43a-c45e5cfbfcbd"",""238089bc-04d6-4e28-a385-17c1b05bdc2d""]",0,0,false,682,682,false,false,false,,false,false,true,
7d141a6f-e229-46a2-b3f5-0ba0c97dd820|winnie the pooh,resolved,7d141a6f-e229-46a2-b3f5-0ba0c97dd820,DISNEY,disney,winnie the pooh,"[[""Disney"",6887]]","[[""Winnie the Pooh"",6887]]",6887,"[{""path"":""[redacted:025978afc94e]/depth-6/[file].ai"",""filename"":""[redacted:ce90b9217b04].ai""},{""path"":""[redacted:0436f679a0f6]/depth-7/[file].ai"",""filename"":""[redacted:2fca3d793ac1].ai""},{""path"":""[redacted:5aca8ca1b5ed]/depth-8/[file].ai"",""filename"":""[redacted:c79422e9591f].ai""}]","[""b3f195f8-61f9-42ba-b7c9-1932a0ebcf78""]","[""WINNIE THE POOH""]","[""b3f195f8-61f9-42ba-b7c9-1932a0ebcf78""]","[""WINNIE THE POOH""]",none_property_aliases_frozen_empty,"[""b3f195f8-61f9-42ba-b7c9-1932a0ebcf78""]",2,2,false,7615,6887,true,true,false,,false,false,true,
c345beff-5ed3-4f2f-b952-4b6db245c37c|bronco,resolved,c345beff-5ed3-4f2f-b952-4b6db245c37c,Ford,ford,bronco,"[[""Ford"",7]]","[[""Bronco"",7]]",7,"[{""path"":""[redacted:124a93f4a27a]/depth-5/[file].jpg"",""filename"":""[redacted:0be94c1c144d].jpg""},{""path"":""[redacted:3608e382e700]/depth-3/[file].jpg"",""filename"":""[redacted:6703dcfffdc3].jpg""},{""path"":""[redacted:832b689f5c7a]/depth-3/[file].png"",""filename"":""[redacted:bb1c1205579d].png""}]",[],[],[],[],none_property_aliases_frozen_empty,[],0,0,false,0,0,false,false,false,,false,false,true,
c345beff-5ed3-4f2f-b952-4b6db245c37c|files for panama mat doormat coir set,resolved,c345beff-5ed3-4f2f-b952-4b6db245c37c,Ford,ford,files for panama mat doormat coir set,"[[""Ford"",5]]","[[""Files for panama mat doormat coir set"",5]]",5,"[{""path"":""[redacted:563cc254ae21]/depth-3/[file].jpg"",""filename"":""[redacted:008d42d494b0].jpg""},{""path"":""[redacted:d8b07d6d5ba1]/depth-3/[file].jpg"",""filename"":""[redacted:2800ca888d24].jpg""},{""path"":""[redacted:73724ba7578c]/depth-3/[file].jpg"",""filename"":""[redacted:05bed9d137bd].jpg""}]",[],[],[],[],none_property_aliases_frozen_empty,[],0,0,false,0,0,false,false,false,,false,false,true,
c345beff-5ed3-4f2f-b952-4b6db245c37c|files for wall art hl group 27,resolved,c345beff-5ed3-4f2f-b952-4b6db245c37c,Ford,ford,files for wall art hl group 27,"[[""Ford"",2]]","[[""Files for Wall Art HL Group 27"",2]]",2,"[{""path"":""[redacted:f73a392a7ad8]/depth-3/[file].psd"",""filename"":""[redacted:b5ed5723ca81].psd""},{""path"":""[redacted:c32fdde7f742]/depth-3/[file].ai"",""filename"":""[redacted:ee9f633a8bdd].ai""}]",[],[],[],[],none_property_aliases_frozen_empty,[],0,0,false,0,0,false,false,false,,false,false,true,
c345beff-5ed3-4f2f-b952-4b6db245c37c|ford,resolved,c345beff-5ed3-4f2f-b952-4b6db245c37c,Ford,ford,ford,"[[""Ford"",5]]","[[""Ford"",5]]",5,"[{""path"":""[redacted:e688edf227f8]/depth-3/[file].pdf"",""filename"":""[redacted:f1a40c4b0d5d].pdf""},{""path"":""[redacted:714d009db07e]/depth-3/[file].pdf"",""filename"":""[redacted:b11fb3a2bf83].pdf""},{""path"":""[redacted:8be2c50bf9a7]/depth-3/[file].pdf"",""filename"":""[redacted:214544f7b62c].pdf""}]",[],[],[],[],none_property_aliases_frozen_empty,[],0,0,false,0,0,false,false,false,,false,false,true,
c345beff-5ed3-4f2f-b952-4b6db245c37c|mustang,resolved,c345beff-5ed3-4f2f-b952-4b6db245c37c,Ford,ford,mustang,"[[""Ford"",3]]","[[""Mustang"",3]]",3,"[{""path"":""[redacted:c2343db4ff93]/depth-3/[file].pdf"",""filename"":""[redacted:2aae421bd315].pdf""},{""path"":""[redacted:0fa3a9138c76]/depth-3/[file].pdf"",""filename"":""[redacted:05d6010e7f7d].pdf""},{""path"":""[redacted:3e65b11bdf96]/depth-3/[file].pdf"",""filename"":""[redacted:ee46b80380ac].pdf""}]",[],[],[],[],none_property_aliases_frozen_empty,[],0,0,false,0,0,false,false,false,,false,false,true,
f143c083-2dfd-48b9-ac9b-43d2290a4e4c|2025 ss marvel creative rollout,resolved,f143c083-2dfd-48b9-ac9b-43d2290a4e4c,MARVEL,marvel style guide,2025 ss marvel creative rollout,"[[""Marvel Style Guide"",2]]","[[""2025 SS Marvel Creative Rollout"",2]]",2,"[{""path"":""[redacted:e776e8b53458]/depth-4/[file].pdf"",""filename"":""[redacted:a16c4d3ee251].pdf""},{""path"":""[redacted:8a9fda116a51]/depth-4/[file].pdf"",""filename"":""[redacted:61751ede440d].pdf""}]",[],[],[],[],none_property_aliases_frozen_empty,"[""ceeec50b-3b5a-4ea4-9f0f-81640908f939"",""ba64e119-517e-41c2-9679-650e62ca4287"",""bafff40f-dfaa-43de-a5d9-8a002cf89464""]",0,0,false,0,0,false,false,false,Marvel Style Guide,false,false,true,
f143c083-2dfd-48b9-ac9b-43d2290a4e4c|avengers,resolved,f143c083-2dfd-48b9-ac9b-43d2290a4e4c,MARVEL,marvel style guide,avengers,"[[""Marvel Style Guide"",1381]]","[[""Avengers"",1381]]",1381,"[{""path"":""[redacted:b2ccf05fc221]/depth-4/[file].psd"",""filename"":""[redacted:4ad6d2eb82b0].psd""},{""path"":""[redacted:8eb23a68bcb8]/depth-5/[file].eps"",""filename"":""[redacted:7bf8db94e059].eps""},{""path"":""[redacted:9334a05cdddf]/depth-6/[file].eps"",""filename"":""[redacted:991271aec0bc].eps""}]",[],[],[],[],none_property_aliases_frozen_empty,"[""2be6ea98-3bb8-452a-bcc6-30d51b8beea8""]",0,0,false,0,0,false,false,false,Marvel Style Guide,false,false,true,
f143c083-2dfd-48b9-ac9b-43d2290a4e4c|disney shows,resolved,f143c083-2dfd-48b9-ac9b-43d2290a4e4c,MARVEL,marvel style guide,disney shows,"[[""Marvel Style Guide"",260]]","[[""Disney+ shows"",260]]",260,"[{""path"":""[redacted:cdca59ecfc97]/depth-5/[file].ai"",""filename"":""[redacted:635a2f9b659d].ai""},{""path"":""[redacted:f1434b5aa722]/depth-5/[file].eps"",""filename"":""[redacted:a7d58cc10b4b].eps""},{""path"":""[redacted:dbd6f596fa16]/depth-4/[file].eps"",""filename"":""[redacted:95e3f26cd50b].eps""}]",[],[],[],[],none_property_aliases_frozen_empty,[],0,0,false,218,218,false,false,false,Marvel Style Guide,false,false,true,
f143c083-2dfd-48b9-ac9b-43d2290a4e4c|holiday,resolved,f143c083-2dfd-48b9-ac9b-43d2290a4e4c,MARVEL,marvel style guide,holiday,"[[""Marvel Style Guide"",544]]","[[""_HOLIDAY"",544]]",544,"[{""path"":""[redacted:23aa8e2d6c28]/depth-4/[file].psd"",""filename"":""[redacted:a4a9d3e2f818].psd""},{""path"":""[redacted:989d7df11490]/depth-4/[file].eps"",""filename"":""[redacted:059a6fbd3a2a].eps""},{""path"":""[redacted:c6dfc12d1746]/depth-4/[file].psd"",""filename"":""[redacted:ddf20754dbaf].psd""}]",[],[],[],[],none_property_aliases_frozen_empty,[],0,0,false,93,93,false,false,false,Marvel Style Guide,false,false,true,
f143c083-2dfd-48b9-ac9b-43d2290a4e4c|marvel universe publishing art archive,resolved,f143c083-2dfd-48b9-ac9b-43d2290a4e4c,MARVEL,marvel style guide,marvel universe publishing art archive,"[[""Marvel Style Guide"",2048]]","[[""Marvel Universe Publishing Art Archive"",2048]]",2048,"[{""path"":""[redacted:f77928c54b98]/depth-3/[file].psd"",""filename"":""[redacted:37427ddc83e6].psd""},{""path"":""[redacted:26d8b32a576f]/depth-3/[file].tif"",""filename"":""[redacted:4e2d084d4a7f].tif""},{""path"":""[redacted:6871b588882f]/depth-3/[file].tif"",""filename"":""[redacted:e04e8c35c30b].tif""}]",[],[],[],[],none_property_aliases_frozen_empty,"[""ceeec50b-3b5a-4ea4-9f0f-81640908f939"",""ba64e119-517e-41c2-9679-650e62ca4287"",""bafff40f-dfaa-43de-a5d9-8a002cf89464""]",0,0,true,721,721,false,false,false,Marvel Style Guide,false,false,true,
f143c083-2dfd-48b9-ac9b-43d2290a4e4c|spider man,resolved,f143c083-2dfd-48b9-ac9b-43d2290a4e4c,MARVEL,marvel style guide,spider man,"[[""Marvel Style Guide"",1233]]","[[""Spider-Man"",1233]]",1233,"[{""path"":""[redacted:ad1f34308446]/depth-6/[file].ai"",""filename"":""[redacted:086dfa1c3d25].ai""},{""path"":""[redacted:0ccc157b14d3]/depth-4/[file].eps"",""filename"":""[redacted:cda845e6ee36].eps""},{""path"":""[redacted:a4b35c6b6620]/depth-4/[file].psd"",""filename"":""[redacted:d4a28ecd2d44].psd""}]","[""b8f98eb8-4d09-41f0-bc64-67cd8726f19a""]","[""SPIDER MAN""]","[""b8f98eb8-4d09-41f0-bc64-67cd8726f19a""]","[""SPIDER MAN""]",none_property_aliases_frozen_empty,"[""b8f98eb8-4d09-41f0-bc64-67cd8726f19a"",""5278bbb8-cdbd-4435-8d3b-93fd38b72b53""]",2,2,false,1437,1233,true,true,false,Marvel Style Guide,false,false,true,
f143c083-2dfd-48b9-ac9b-43d2290a4e4c|ss 25 marvel brand logo update,resolved,f143c083-2dfd-48b9-ac9b-43d2290a4e4c,MARVEL,marvel style guide,ss 25 marvel brand logo update,"[[""Marvel Style Guide"",37]]","[[""SS 25 MARVEL BRAND LOGO UPDATE"",37]]",37,"[{""path"":""[redacted:760f58aecf39]/depth-3/[file].gif"",""filename"":""[redacted:a08838ee0478].gif""},{""path"":""[redacted:947903968fce]/depth-3/[file].psd"",""filename"":""[redacted:04eebe5e771f].psd""},{""path"":""[redacted:b3a380e4dbf1]/depth-3/[file].psd"",""filename"":""[redacted:a621a4ab56bf].psd""}]",[],[],[],[],none_property_aliases_frozen_empty,"[""ceeec50b-3b5a-4ea4-9f0f-81640908f939"",""ba64e119-517e-41c2-9679-650e62ca4287"",""bafff40f-dfaa-43de-a5d9-8a002cf89464""]",0,0,false,0,0,false,false,false,Marvel Style Guide,false,false,true,
f143c083-2dfd-48b9-ac9b-43d2290a4e4c|style guide case by case,resolved,f143c083-2dfd-48b9-ac9b-43d2290a4e4c,MARVEL,marvel style guide,style guide case by case,"[[""Marvel Style Guide"",1014]]","[[""Style Guide - Case-by-case"",1014]]",1014,"[{""path"":""[redacted:e9bc0fbe75cd]/depth-5/[file].psd"",""filename"":""[redacted:1802c2f2f25a].psd""},{""path"":""[redacted:e7711ba8f6e2]/depth-5/[file].eps"",""filename"":""[redacted:e3b6e4435c38].eps""},{""path"":""[redacted:af1d88622063]/depth-5/[file].psd"",""filename"":""[redacted:b4a6de5fec84].psd""}]",[],[],[],[],none_property_aliases_frozen_empty,[],0,0,true,9,9,false,false,false,Marvel Style Guide,false,false,true,
f143c083-2dfd-48b9-ac9b-43d2290a4e4c|style guide evergreen priorities,resolved,f143c083-2dfd-48b9-ac9b-43d2290a4e4c,MARVEL,marvel style guide,style guide evergreen priorities,"[[""Marvel Style Guide"",2015]]","[[""Style Guide - Evergreen Priorities"",2015]]",2015,"[{""path"":""[redacted:d13178d82f7b]/depth-5/[file].ai"",""filename"":""[redacted:56eeaabf4d2e].ai""},{""path"":""[redacted:bda2eda7eb3f]/depth-7/[file].psd"",""filename"":""[redacted:a93281786b98].psd""},{""path"":""[redacted:8d3d6c230d86]/depth-5/[file].psd"",""filename"":""[redacted:9f698cecf742].psd""}]",[],[],[],[],none_property_aliases_frozen_empty,[],0,0,true,1386,1345,false,false,false,Marvel Style Guide,false,false,true,
f143c083-2dfd-48b9-ac9b-43d2290a4e4c|style guide opportunity,resolved,f143c083-2dfd-48b9-ac9b-43d2290a4e4c,MARVEL,marvel style guide,style guide opportunity,"[[""Marvel Style Guide"",5327]]","[[""Style Guide - Opportunity"",5327]]",5327,"[{""path"":""[redacted:2d8e580e08ad]/depth-5/[file].ai"",""filename"":""[redacted:bf83f1c01579].ai""},{""path"":""[redacted:8407d6aed6e0]/depth-5/[file].eps"",""filename"":""[redacted:4c654ef2dc05].eps""},{""path"":""[redacted:2199ca76cba2]/depth-4/[file].psd"",""filename"":""[redacted:9ad8e4de2796].psd""}]",[],[],[],[],none_property_aliases_frozen_empty,[],0,0,true,3091,2627,false,false,false,Marvel Style Guide,false,false,true,
f143c083-2dfd-48b9-ac9b-43d2290a4e4c|theatrical releases,resolved,f143c083-2dfd-48b9-ac9b-43d2290a4e4c,MARVEL,marvel style guide,theatrical releases,"[[""Marvel Style Guide"",775]]","[[""Theatrical Releases"",775]]",775,"[{""path"":""[redacted:6f68ba40a285]/depth-5/[file].psd"",""filename"":""[redacted:e7a8c1428cfc].psd""},{""path"":""[redacted:55b86271e6ad]/depth-5/[file].eps"",""filename"":""[redacted:de534f20aeb6].eps""},{""path"":""[redacted:dc3fea01d560]/depth-4/[file].ai"",""filename"":""[redacted:b32c45c910c6].ai""}]",[],[],[],[],none_property_aliases_frozen_empty,[],0,0,false,519,519,false,false,false,Marvel Style Guide,false,false,true,
a06658c6-7fed-40ac-84e2-7f4802cdd086|[blank],resolved,a06658c6-7fed-40ac-84e2-7f4802cdd086,Miller Coors,miller coors,,"[[""Miller Coors"",1]]","[["""",1]]",1,"[{""path"":""[redacted:c830b68182e0]/depth-2/[file].ai"",""filename"":""[redacted:6ddb8f02ba53].ai""}]",[],[],[],[],none_property_aliases_frozen_empty,[],0,0,false,0,0,false,false,false,,false,false,true,
a06658c6-7fed-40ac-84e2-7f4802cdd086|coors,resolved,a06658c6-7fed-40ac-84e2-7f4802cdd086,Miller Coors,miller coors,coors,"[[""Miller Coors"",9]]","[[""COORS"",9]]",9,"[{""path"":""[redacted:1a89a46c56f7]/depth-3/[file].ai"",""filename"":""[redacted:2f62a34172ac].ai""},{""path"":""[redacted:6b3baca48d6f]/depth-4/[file].eps"",""filename"":""[redacted:5f76786dc4b3].eps""},{""path"":""[redacted:60c0f2a96f12]/depth-4/[file].eps"",""filename"":""[redacted:ac0001d20f94].eps""}]",[],[],[],[],none_property_aliases_frozen_empty,[],0,0,false,0,0,false,false,false,,false,false,true,
a06658c6-7fed-40ac-84e2-7f4802cdd086|hamms,resolved,a06658c6-7fed-40ac-84e2-7f4802cdd086,Miller Coors,miller coors,hamms,"[[""Miller Coors"",2]]","[[""HAMMS"",2]]",2,"[{""path"":""[redacted:f549734be831]/depth-3/[file].pdf"",""filename"":""[redacted:a9ee25d1d87f].pdf""},{""path"":""[redacted:453f3499415f]/depth-3/[file].ai"",""filename"":""[redacted:84b58b54992e].ai""}]",[],[],[],[],none_property_aliases_frozen_empty,[],0,0,false,0,0,false,false,false,,false,false,true,
a06658c6-7fed-40ac-84e2-7f4802cdd086|miller lite assets,resolved,a06658c6-7fed-40ac-84e2-7f4802cdd086,Miller Coors,miller coors,miller lite assets,"[[""Miller Coors"",33]]","[[""Miller Lite Assets"",33]]",33,"[{""path"":""[redacted:4be2bd187c24]/depth-6/[file].png"",""filename"":""[redacted:6171570845bf].png""},{""path"":""[redacted:928412019b61]/depth-6/[file].ai"",""filename"":""[redacted:0c81b40b888b].ai""},{""path"":""[redacted:580094dd3f81]/depth-5/[file].ai"",""filename"":""[redacted:4c3bb41be14c].ai""}]",[],[],[],[],none_property_aliases_frozen_empty,[],0,0,true,0,0,false,false,false,,false,false,true,
a06658c6-7fed-40ac-84e2-7f4802cdd086|pabst,resolved,a06658c6-7fed-40ac-84e2-7f4802cdd086,Miller Coors,miller coors,pabst,"[[""Miller Coors"",238]]","[[""PABST"",238]]",238,"[{""path"":""[redacted:608e28c08c9f]/depth-4/[file].ai"",""filename"":""[redacted:bc63ac1b3739].ai""},{""path"":""[redacted:190e2f85348e]/depth-4/[file].ai"",""filename"":""[redacted:288948eb4e56].ai""},{""path"":""[redacted:d0ee4219e702]/depth-4/[file].ai"",""filename"":""[redacted:91e78d267c59].ai""}]",[],[],[],[],none_property_aliases_frozen_empty,[],0,0,false,0,0,false,false,false,,false,false,true,
dd9d7be2-6f77-4183-8e41-3e57a7a20f8b|[blank],resolved,dd9d7be2-6f77-4183-8e41-3e57a7a20f8b,NASA,nasa,,"[[""NASA"",98]]","[["""",98]]",98,"[{""path"":""[redacted:a820fc9fc360]/depth-2/[file].jpg"",""filename"":""[redacted:8b05a9ef1beb].jpg""},{""path"":""[redacted:236a55e6eead]/depth-2/[file].jpg"",""filename"":""[redacted:774f26d76939].jpg""},{""path"":""[redacted:439ba7634731]/depth-2/[file].jpg"",""filename"":""[redacted:01c0e997751a].jpg""}]",[],[],[],[],none_property_aliases_frozen_empty,[],0,0,false,0,0,false,false,false,,false,false,true,
dd9d7be2-6f77-4183-8e41-3e57a7a20f8b|apollo 11,resolved,dd9d7be2-6f77-4183-8e41-3e57a7a20f8b,NASA,nasa,apollo 11,"[[""NASA"",10]]","[[""APOLLO 11"",10]]",10,"[{""path"":""[redacted:334143393f97]/depth-3/[file].jpg"",""filename"":""[redacted:fcad20b2e06a].jpg""},{""path"":""[redacted:c8d6b3b320f7]/depth-3/[file].jpg"",""filename"":""[redacted:1b3619751d82].jpg""},{""path"":""[redacted:194deac10361]/depth-3/[file].jpg"",""filename"":""[redacted:a41d72392f39].jpg""}]",[],[],[],[],none_property_aliases_frozen_empty,[],0,0,false,0,0,false,false,false,,false,false,true,
dd9d7be2-6f77-4183-8e41-3e57a7a20f8b|apollo 12,resolved,dd9d7be2-6f77-4183-8e41-3e57a7a20f8b,NASA,nasa,apollo 12,"[[""NASA"",5]]","[[""APOLLO 12"",5]]",5,"[{""path"":""[redacted:bf683e742ea2]/depth-3/[file].jpg"",""filename"":""[redacted:cd7d740944d7].jpg""},{""path"":""[redacted:14d18cfd73c5]/depth-3/[file].jpg"",""filename"":""[redacted:419b713450d5].jpg""},{""path"":""[redacted:503d29a1e823]/depth-3/[file].jpg"",""filename"":""[redacted:5c87ff632e3a].jpg""}]",[],[],[],[],none_property_aliases_frozen_empty,[],0,0,false,0,0,false,false,false,,false,false,true,
dd9d7be2-6f77-4183-8e41-3e57a7a20f8b|apollo 14,resolved,dd9d7be2-6f77-4183-8e41-3e57a7a20f8b,NASA,nasa,apollo 14,"[[""NASA"",3]]","[[""APOLLO 14"",3]]",3,"[{""path"":""[redacted:bc7d1ef5e8db]/depth-3/[file].jpg"",""filename"":""[redacted:063b7d309643].jpg""},{""path"":""[redacted:0ac2364618cf]/depth-3/[file].jpg"",""filename"":""[redacted:f306b508030a].jpg""},{""path"":""[redacted:494c5d1a5939]/depth-3/[file].jpg"",""filename"":""[redacted:2b2a80773dca].jpg""}]",[],[],[],[],none_property_aliases_frozen_empty,[],0,0,false,0,0,false,false,false,,false,false,true,
dd9d7be2-6f77-4183-8e41-3e57a7a20f8b|apollo 15,resolved,dd9d7be2-6f77-4183-8e41-3e57a7a20f8b,NASA,nasa,apollo 15,"[[""NASA"",4]]","[[""APOLLO 15"",4]]",4,"[{""path"":""[redacted:7c4eba309b33]/depth-3/[file].jpg"",""filename"":""[redacted:b8ef54925802].jpg""},{""path"":""[redacted:fe3ebf30b184]/depth-3/[file].jpg"",""filename"":""[redacted:c26de99a9235].jpg""},{""path"":""[redacted:87ab8e72a5ce]/depth-3/[file].jpg"",""filename"":""[redacted:89399ef4551f].jpg""}]",[],[],[],[],none_property_aliases_frozen_empty,[],0,0,false,0,0,false,false,false,,false,false,true,
dd9d7be2-6f77-4183-8e41-3e57a7a20f8b|apollo 17,resolved,dd9d7be2-6f77-4183-8e41-3e57a7a20f8b,NASA,nasa,apollo 17,"[[""NASA"",8]]","[[""APOLLO 17"",8]]",8,"[{""path"":""[redacted:c8ebd210cc2a]/depth-3/[file].jpg"",""filename"":""[redacted:709816baabad].jpg""},{""path"":""[redacted:20fba7391a7d]/depth-3/[file].jpg"",""filename"":""[redacted:3d978fc31e8b].jpg""},{""path"":""[redacted:e527bbef3f86]/depth-3/[file].jpg"",""filename"":""[redacted:33fe3f873e11].jpg""}]",[],[],[],[],none_property_aliases_frozen_empty,[],0,0,false,0,0,false,false,false,,false,false,true,
dd9d7be2-6f77-4183-8e41-3e57a7a20f8b|apollo 4,resolved,dd9d7be2-6f77-4183-8e41-3e57a7a20f8b,NASA,nasa,apollo 4,"[[""NASA"",1]]","[[""APOLLO 4"",1]]",1,"[{""path"":""[redacted:6782867b5b67]/depth-3/[file].jpg"",""filename"":""[redacted:9b2429284221].jpg""}]",[],[],[],[],none_property_aliases_frozen_empty,[],0,0,false,0,0,false,false,false,,false,false,true,
dd9d7be2-6f77-4183-8e41-3e57a7a20f8b|james webb,resolved,dd9d7be2-6f77-4183-8e41-3e57a7a20f8b,NASA,nasa,james webb,"[[""NASA"",21]]","[[""James Webb"",21]]",21,"[{""path"":""[redacted:e061f163c5b9]/depth-3/[file].jpg"",""filename"":""[redacted:2c01a452d8f0].jpg""},{""path"":""[redacted:f23ff84584af]/depth-3/[file].png"",""filename"":""[redacted:80682202e670].png""},{""path"":""[redacted:a3c3369d7b76]/depth-3/[file].tif"",""filename"":""[redacted:d040a53420cd].tif""}]",[],[],[],[],none_property_aliases_frozen_empty,[],0,0,false,0,0,false,false,false,,false,false,true,
dd9d7be2-6f77-4183-8e41-3e57a7a20f8b|logos,resolved,dd9d7be2-6f77-4183-8e41-3e57a7a20f8b,NASA,nasa,logos,"[[""NASA"",2]]","[[""Logos"",2]]",2,"[{""path"":""[redacted:faafbf537af9]/depth-3/[file].ai"",""filename"":""[redacted:afd78df41115].ai""},{""path"":""[redacted:5379e2a7ccda]/depth-3/[file].ai"",""filename"":""[redacted:50769d5e705a].ai""}]",[],[],[],[],none_property_aliases_frozen_empty,[],0,0,false,0,0,false,false,false,,false,false,true,
dd9d7be2-6f77-4183-8e41-3e57a7a20f8b|style guide pdf,resolved,dd9d7be2-6f77-4183-8e41-3e57a7a20f8b,NASA,nasa,style guide pdf,"[[""NASA"",1]]","[[""STYLE GUIDE PDF"",1]]",1,"[{""path"":""[redacted:0fc40048aaec]/depth-3/[file].pdf"",""filename"":""[redacted:03af159af77b].pdf""}]",[],[],[],[],none_property_aliases_frozen_empty,[],0,0,true,0,0,false,false,false,,false,false,true,
154bf54b-6f7d-4999-b0fb-c2828b12b56a|[blank],resolved,154bf54b-6f7d-4999-b0fb-c2828b12b56a,NBC,nbc universal,,"[[""NBC UNIVERSAL"",15]]","[["""",15]]",15,"[{""path"":""[redacted:479f38210482]/depth-2/[file].eps"",""filename"":""[redacted:563c0f268835].eps""},{""path"":""[redacted:5842cd481771]/depth-2/[file].pdf"",""filename"":""[redacted:a3b61a92ea5e].pdf""},{""path"":""[redacted:5cb5e198c9aa]/depth-2/[file].pdf"",""filename"":""[redacted:349661a7eb9b].pdf""}]",[],[],[],[],none_property_aliases_frozen_empty,[],0,0,false,2,2,false,false,false,NBC Universal,false,false,true,
154bf54b-6f7d-4999-b0fb-c2828b12b56a|8 mile,resolved,154bf54b-6f7d-4999-b0fb-c2828b12b56a,NBC,nbc universal,8 mile,"[[""NBC UNIVERSAL"",2]]","[[""8 Mile"",2]]",2,"[{""path"":""[redacted:8bcac87ccc79]/depth-3/[file].eps"",""filename"":""[redacted:05fb9420744c].eps""},{""path"":""[redacted:c8152315894a]/depth-3/[file].eps"",""filename"":""[redacted:dfd995735746].eps""}]",[],[],[],[],none_property_aliases_frozen_empty,[],0,0,false,0,0,false,false,false,NBC Universal,false,false,true,
154bf54b-6f7d-4999-b0fb-c2828b12b56a|an american werewolf in london,resolved,154bf54b-6f7d-4999-b0fb-c2828b12b56a,NBC,nbc universal,an american werewolf in london,"[[""NBC UNIVERSAL"",18]]","[[""An American Werewolf in London"",18]]",18,"[{""path"":""[redacted:3f4e2b95e4e8]/depth-4/[file].jpg"",""filename"":""[redacted:60c9e4d82666].jpg""},{""path"":""[redacted:39d0d92a65c9]/depth-4/[file].jpg"",""filename"":""[redacted:c0dbf4d9d731].jpg""},{""path"":""[redacted:7f45ea96c59c]/depth-4/[file].jpg"",""filename"":""[redacted:905c15019fed].jpg""}]",[],[],[],[],none_property_aliases_frozen_empty,[],0,0,false,0,0,false,false,false,NBC Universal,false,false,true,
154bf54b-6f7d-4999-b0fb-c2828b12b56a|apollo 13,resolved,154bf54b-6f7d-4999-b0fb-c2828b12b56a,NBC,nbc universal,apollo 13,"[[""NBC UNIVERSAL"",9]]","[[""Apollo 13"",9]]",9,"[{""path"":""[redacted:a400e7f1771a]/depth-3/[file].psd"",""filename"":""[redacted:05df49dc10a3].psd""},{""path"":""[redacted:e819f8461f90]/depth-4/[file].psd"",""filename"":""[redacted:3957034a6fb5].psd""},{""path"":""[redacted:9f4d089f9dd6]/depth-5/[file].jpg"",""filename"":""[redacted:90b68c128b93].jpg""}]",[],[],[],[],none_property_aliases_frozen_empty,[],0,0,false,0,0,false,false,false,NBC Universal,false,false,true,
154bf54b-6f7d-4999-b0fb-c2828b12b56a|big lebowski,resolved,154bf54b-6f7d-4999-b0fb-c2828b12b56a,NBC,nbc universal,big lebowski,"[[""NBC UNIVERSAL"",155]]","[[""Big Lebowski"",155]]",155,"[{""path"":""[redacted:17a7e4c4b864]/depth-4/[file].jpg"",""filename"":""[redacted:c3a1bd45d430].jpg""},{""path"":""[redacted:3e11fe375b1d]/depth-4/[file].ai"",""filename"":""[redacted:be3829b667eb].ai""},{""path"":""[redacted:b4d8e4028362]/depth-4/[file].tif"",""filename"":""[redacted:68ad9f20cdc6].tif""}]","[""8140b36b-82d2-4289-b56f-d2cdfbcd1905""]","[""BIG LEBOWSKI""]","[""8140b36b-82d2-4289-b56f-d2cdfbcd1905""]","[""BIG LEBOWSKI""]",none_property_aliases_frozen_empty,"[""8140b36b-82d2-4289-b56f-d2cdfbcd1905""]",2,2,false,155,155,true,true,false,NBC Universal,false,false,true,
154bf54b-6f7d-4999-b0fb-c2828b12b56a|bttf,resolved,154bf54b-6f7d-4999-b0fb-c2828b12b56a,NBC,nbc universal,bttf,"[[""NBC UNIVERSAL"",365]]","[[""BTTF"",365]]",365,"[{""path"":""[redacted:3b560b3fb747]/depth-5/[file].tif"",""filename"":""[redacted:d34f3405ce1f].tif""},{""path"":""[redacted:c3af31780a77]/depth-4/[file].tif"",""filename"":""[redacted:5ba07c14f7bb].tif""},{""path"":""[redacted:88d2740be95a]/depth-6/[file].tif"",""filename"":""[redacted:2dcd0b969b25].tif""}]",[],[],[],[],none_property_aliases_frozen_empty,[],0,0,false,192,180,false,false,false,NBC Universal,false,false,true,
154bf54b-6f7d-4999-b0fb-c2828b12b56a|casper,resolved,154bf54b-6f7d-4999-b0fb-c2828b12b56a,NBC,nbc universal,casper,"[[""NBC UNIVERSAL"",219]]","[[""Casper"",219]]",219,"[{""path"":""[redacted:13893e8085b7]/depth-4/[file].ai"",""filename"":""[redacted:a25b81119220].ai""},{""path"":""[redacted:41c9c4178972]/depth-5/[file].jpg"",""filename"":""[redacted:fc795f361d41].jpg""},{""path"":""[redacted:c59cc0e31fa3]/depth-5/[file].jpg"",""filename"":""[redacted:0004add0b13b].jpg""}]",[],[],[],[],none_property_aliases_frozen_empty,[],0,0,false,0,0,false,false,false,NBC Universal,false,false,true,
154bf54b-6f7d-4999-b0fb-c2828b12b56a|cheech chongs next movie,resolved,154bf54b-6f7d-4999-b0fb-c2828b12b56a,NBC,nbc universal,cheech chongs next movie,"[[""NBC UNIVERSAL"",14]]","[[""Cheech & Chong's Next Movie"",14]]",14,"[{""path"":""[redacted:ce06a89f0ee0]/depth-4/[file].jpg"",""filename"":""[redacted:31af0633a35c].jpg""},{""path"":""[redacted:1b04a7b1c628]/depth-4/[file].jpg"",""filename"":""[redacted:05375a2e60c0].jpg""},{""path"":""[redacted:16e8d937189a]/depth-4/[file].jpg"",""filename"":""[redacted:741f520f6c6a].jpg""}]",[],[],[],[],none_property_aliases_frozen_empty,"[""9e7ff2c4-4986-48ac-a68c-05bb5f6a647b""]",0,0,false,0,0,false,false,false,NBC Universal,false,false,true,
154bf54b-6f7d-4999-b0fb-c2828b12b56a|chucky,resolved,154bf54b-6f7d-4999-b0fb-c2828b12b56a,NBC,nbc universal,chucky,"[[""NBC UNIVERSAL"",281]]","[[""Chucky"",281]]",281,"[{""path"":""[redacted:d5bb2e47f81d]/depth-6/[file].ai"",""filename"":""[redacted:81601ff702db].ai""},{""path"":""[redacted:ef92b2dfe2cf]/depth-7/[file].ai"",""filename"":""[redacted:e183d49c9fce].ai""},{""path"":""[redacted:9077806f09c8]/depth-7/[file].ai"",""filename"":""[redacted:4b8ede0c2489].ai""}]","[""41fef4a7-4cd8-43ab-949f-fb19747fd328""]","[""CHUCKY""]","[""41fef4a7-4cd8-43ab-949f-fb19747fd328""]","[""CHUCKY""]",none_property_aliases_frozen_empty,"[""41fef4a7-4cd8-43ab-949f-fb19747fd328""]",2,2,false,595,281,true,true,false,NBC Universal,false,false,true,
154bf54b-6f7d-4999-b0fb-c2828b12b56a|curious george,resolved,154bf54b-6f7d-4999-b0fb-c2828b12b56a,NBC,nbc universal,curious george,"[[""NBC UNIVERSAL"",831]]","[[""Curious George"",831]]",831,"[{""path"":""[redacted:f620bbdef5c2]/depth-4/[file].eps"",""filename"":""[redacted:a59587c7f1e0].eps""},{""path"":""[redacted:e4391ddc2bb8]/depth-4/[file].tif"",""filename"":""[redacted:7a8f61a7f417].tif""},{""path"":""[redacted:e848f03becf0]/depth-4/[file].eps"",""filename"":""[redacted:9f48411e1dfb].eps""}]","[""6bb79348-9704-4fba-94e5-48bdef01c3ad""]","[""CURIOUS GEORGE""]","[""6bb79348-9704-4fba-94e5-48bdef01c3ad""]","[""CURIOUS GEORGE""]",none_property_aliases_frozen_empty,"[""6bb79348-9704-4fba-94e5-48bdef01c3ad""]",2,2,false,888,831,true,true,false,NBC Universal,false,false,true,
154bf54b-6f7d-4999-b0fb-c2828b12b56a|dazed and confused,resolved,154bf54b-6f7d-4999-b0fb-c2828b12b56a,NBC,nbc universal,dazed and confused,"[[""NBC UNIVERSAL"",53]]","[[""Dazed and Confused"",53]]",53,"[{""path"":""[redacted:0674e64e2d8f]/depth-4/[file].tif"",""filename"":""[redacted:f39acc6556ff].tif""},{""path"":""[redacted:9019b08e933f]/depth-4/[file].jpg"",""filename"":""[redacted:17a9f04025a5].jpg""},{""path"":""[redacted:84b8d3ea3009]/depth-4/[file].jpg"",""filename"":""[redacted:0bb475877f09].jpg""}]","[""3cd6ee16-8828-49aa-ab13-ca926d156d5c""]","[""DAZED AND CONFUSED""]","[""3cd6ee16-8828-49aa-ab13-ca926d156d5c""]","[""DAZED AND CONFUSED""]",none_property_aliases_frozen_empty,"[""3cd6ee16-8828-49aa-ab13-ca926d156d5c"",""b62f91c3-d0fb-43f6-97a1-49a41519bb82"",""cc45c29a-9e47-42cf-b0ba-91dbe37bd24d""]",2,2,false,53,53,true,true,false,NBC Universal,false,false,true,
154bf54b-6f7d-4999-b0fb-c2828b12b56a|et,resolved,154bf54b-6f7d-4999-b0fb-c2828b12b56a,NBC,nbc universal,et,"[[""NBC UNIVERSAL"",365]]","[[""ET"",365]]",365,"[{""path"":""[redacted:f7f0cccf63d1]/depth-5/[file].ai"",""filename"":""[redacted:e2c7c8c5b8d6].ai""},{""path"":""[redacted:b3ad8d710596]/depth-5/[file].tif"",""filename"":""[redacted:ec02945e701d].tif""},{""path"":""[redacted:acc47013be5d]/depth-5/[file].psd"",""filename"":""[redacted:1cdf5e84c5f6].psd""}]",[],[],"[""bb6b117f-dbf7-4261-9680-84bff7e214bc""]","[""E.T. THE EXTRATERRESTRIAL""]",none_property_aliases_frozen_empty,"[""bb6b117f-dbf7-4261-9680-84bff7e214bc""]",2,2,false,0,0,false,true,false,NBC Universal,false,false,true,
154bf54b-6f7d-4999-b0fb-c2828b12b56a|fast and the furious franchise,resolved,154bf54b-6f7d-4999-b0fb-c2828b12b56a,NBC,nbc universal,fast and the furious franchise,"[[""NBC UNIVERSAL"",619]]","[[""Fast and the Furious Franchise"",619]]",619,"[{""path"":""[redacted:fa7449367219]/depth-7/[file].ai"",""filename"":""[redacted:130564bf47a4].ai""},{""path"":""[redacted:c8f985dd1814]/depth-5/[file].ai"",""filename"":""[redacted:69c5ad0099dc].ai""},{""path"":""[redacted:018b2e64de56]/depth-5/[file].ai"",""filename"":""[redacted:1d9e6f80e818].ai""}]",[],[],[],[],none_property_aliases_frozen_empty,"[""cc45c29a-9e47-42cf-b0ba-91dbe37bd24d"",""b62f91c3-d0fb-43f6-97a1-49a41519bb82"",""9db1ae70-8bdb-40a3-a8a8-66e54b1edced"",""3cd6ee16-8828-49aa-ab13-ca926d156d5c"",""bb6b117f-dbf7-4261-9680-84bff7e214bc"",""b5592e78-7782-41b5-8298-8ec5a93059a7"",""a28c4295-29dd-4728-be2c-50a39a0eadfb""]",0,0,false,0,0,false,false,false,NBC Universal,false,false,true,
154bf54b-6f7d-4999-b0fb-c2828b12b56a|fast times at ridgemont high,resolved,154bf54b-6f7d-4999-b0fb-c2828b12b56a,NBC,nbc universal,fast times at ridgemont high,"[[""NBC UNIVERSAL"",40]]","[[""Fast Times at Ridgemont High"",40]]",40,"[{""path"":""[redacted:478c1736da64]/depth-4/[file].jpg"",""filename"":""[redacted:0790b2bf1bbf].jpg""},{""path"":""[redacted:997e153015b7]/depth-5/[file].psd"",""filename"":""[redacted:2cb4b43ab513].psd""},{""path"":""[redacted:6744722f2f6f]/depth-5/[file].ai"",""filename"":""[redacted:5aa292003e25].ai""}]",[],[],[],[],none_property_aliases_frozen_empty,"[""b62f91c3-d0fb-43f6-97a1-49a41519bb82"",""3d6fe703-af55-4ef8-8739-1bb940850853"",""cc45c29a-9e47-42cf-b0ba-91dbe37bd24d""]",0,0,false,0,0,false,false,false,NBC Universal,false,false,true,
154bf54b-6f7d-4999-b0fb-c2828b12b56a|felix the cat,resolved,154bf54b-6f7d-4999-b0fb-c2828b12b56a,NBC,nbc universal,felix the cat,"[[""NBC UNIVERSAL"",1998]]","[[""Felix the Cat"",1998]]",1998,"[{""path"":""[redacted:b9d84468c9a1]/depth-7/[file].tif"",""filename"":""[redacted:828bf1d4d061].tif""},{""path"":""[redacted:238685244678]/depth-7/[file].ai"",""filename"":""[redacted:57d03cde1529].ai""},{""path"":""[redacted:c9c4afb8668f]/depth-5/[file].pdf"",""filename"":""[redacted:bd9850868c07].pdf""}]",[],[],[],[],none_property_aliases_frozen_empty,"[""9db1ae70-8bdb-40a3-a8a8-66e54b1edced"",""bb6b117f-dbf7-4261-9680-84bff7e214bc"",""a28c4295-29dd-4728-be2c-50a39a0eadfb"",""cc45c29a-9e47-42cf-b0ba-91dbe37bd24d""]",0,0,false,125,125,false,false,false,NBC Universal,false,false,true,
154bf54b-6f7d-4999-b0fb-c2828b12b56a|field of dreams,resolved,154bf54b-6f7d-4999-b0fb-c2828b12b56a,NBC,nbc universal,field of dreams,"[[""NBC UNIVERSAL"",19]]","[[""Field of Dreams"",19]]",19,"[{""path"":""[redacted:b0ec7d6b61d4]/depth-4/[file].jpg"",""filename"":""[redacted:7e2dd5265b16].jpg""},{""path"":""[redacted:4905515c6834]/depth-4/[file].jpg"",""filename"":""[redacted:d4928a1835f5].jpg""},{""path"":""[redacted:883f3efee4fd]/depth-4/[file].png"",""filename"":""[redacted:394a4b7f6b17].png""}]","[""f98b536b-8227-4c40-96eb-20be20019221""]","[""FIELD OF DREAMS""]","[""f98b536b-8227-4c40-96eb-20be20019221""]","[""FIELD OF DREAMS""]",none_property_aliases_frozen_empty,"[""f98b536b-8227-4c40-96eb-20be20019221""]",2,2,false,23,19,true,true,false,NBC Universal,false,false,true,
154bf54b-6f7d-4999-b0fb-c2828b12b56a|gabbys dollhouse,resolved,154bf54b-6f7d-4999-b0fb-c2828b12b56a,NBC,nbc universal,gabbys dollhouse,"[[""NBC UNIVERSAL"",1902]]","[[""Gabby’s Dollhouse"",1902]]",1902,"[{""path"":""[redacted:55e6f0c11d08]/depth-5/[file].tif"",""filename"":""[redacted:fc96950220c2].tif""},{""path"":""[redacted:6d15cd96ca98]/depth-5/[file].tif"",""filename"":""[redacted:890166d604df].tif""},{""path"":""[redacted:a7ba2cdc4e31]/depth-5/[file].tif"",""filename"":""[redacted:77f2d73e3b58].tif""}]","[""dabdc9d7-1556-4d96-abbd-7c6036bc8f2a""]","[""GABBY'S DOLLHOUSE""]","[""dabdc9d7-1556-4d96-abbd-7c6036bc8f2a""]","[""GABBY'S DOLLHOUSE""]",none_property_aliases_frozen_empty,"[""dabdc9d7-1556-4d96-abbd-7c6036bc8f2a"",""dc0c8af7-53cd-4d74-b4a4-6aed3ee80cfc""]",2,2,false,1902,1902,true,true,false,NBC Universal,false,false,true,
154bf54b-6f7d-4999-b0fb-c2828b12b56a|gam cleared editorial,resolved,154bf54b-6f7d-4999-b0fb-c2828b12b56a,NBC,nbc universal,gam cleared editorial,"[[""NBC UNIVERSAL"",1]]","[[""GAM Cleared Editorial"",1]]",1,"[{""path"":""[redacted:dfd7d5994d2e]/depth-3/[file].pdf"",""filename"":""[redacted:8ee08db0165b].pdf""}]",[],[],[],[],none_property_aliases_frozen_empty,[],0,0,false,0,0,false,false,false,NBC Universal,false,false,true,
154bf54b-6f7d-4999-b0fb-c2828b12b56a|half baked,resolved,154bf54b-6f7d-4999-b0fb-c2828b12b56a,NBC,nbc universal,half baked,"[[""NBC UNIVERSAL"",67]]","[[""Half Baked"",67]]",67,"[{""path"":""[redacted:c28ee91d97f8]/depth-4/[file].jpg"",""filename"":""[redacted:22529b6f3f77].jpg""},{""path"":""[redacted:17fa44f0c5d0]/depth-4/[file].jpg"",""filename"":""[redacted:dabb3eeef7f4].jpg""},{""path"":""[redacted:6ab8f7326b53]/depth-4/[file].jpg"",""filename"":""[redacted:98eab4bb5807].jpg""}]","[""7164dc50-4c3a-42a1-90a1-9f9af1e8c0de""]","[""HALF BAKED""]","[""7164dc50-4c3a-42a1-90a1-9f9af1e8c0de""]","[""HALF BAKED""]",none_property_aliases_frozen_empty,"[""7164dc50-4c3a-42a1-90a1-9f9af1e8c0de""]",2,2,false,67,67,true,true,false,NBC Universal,false,false,true,
154bf54b-6f7d-4999-b0fb-c2828b12b56a|halloween ii,resolved,154bf54b-6f7d-4999-b0fb-c2828b12b56a,NBC,nbc universal,halloween ii,"[[""NBC UNIVERSAL"",176]]","[[""Halloween II"",176]]",176,"[{""path"":""[redacted:3b941202c1df]/depth-4/[file].tif"",""filename"":""[redacted:21e65b5972ee].tif""},{""path"":""[redacted:33fce38abeed]/depth-4/[file].tif"",""filename"":""[redacted:82ef5a25c6fb].tif""},{""path"":""[redacted:2baddaba3a63]/depth-4/[file].tif"",""filename"":""[redacted:c8116c88f2b2].tif""}]","[""132676c7-6d22-4f76-a8cb-be1928e43979""]","[""HALLOWEEN II""]","[""132676c7-6d22-4f76-a8cb-be1928e43979""]","[""HALLOWEEN II""]",none_property_aliases_frozen_empty,"[""132676c7-6d22-4f76-a8cb-be1928e43979""]",2,2,false,246,176,true,true,false,NBC Universal,false,false,true,
154bf54b-6f7d-4999-b0fb-c2828b12b56a|happy gilmore,resolved,154bf54b-6f7d-4999-b0fb-c2828b12b56a,NBC,nbc universal,happy gilmore,"[[""NBC UNIVERSAL"",99]]","[[""Happy Gilmore"",99]]",99,"[{""path"":""[redacted:1e53e6160f37]/depth-5/[file].tiff"",""filename"":""[redacted:07efe498f13a].tiff""},{""path"":""[redacted:de5662ca89e2]/depth-4/[file].tif"",""filename"":""[redacted:7e69ae39dc97].tif""},{""path"":""[redacted:98b3073322e1]/depth-5/[file].ai"",""filename"":""[redacted:ceb5106452ad].ai""}]","[""9359cb30-a6b7-47ce-8915-7ada4cc8ad21""]","[""HAPPY GILMORE""]","[""9359cb30-a6b7-47ce-8915-7ada4cc8ad21""]","[""HAPPY GILMORE""]",none_property_aliases_frozen_empty,"[""9359cb30-a6b7-47ce-8915-7ada4cc8ad21""]",2,2,false,118,99,true,true,false,NBC Universal,false,false,true,
154bf54b-6f7d-4999-b0fb-c2828b12b56a|hot stuff,resolved,154bf54b-6f7d-4999-b0fb-c2828b12b56a,NBC,nbc universal,hot stuff,"[[""NBC UNIVERSAL"",198]]","[[""Hot Stuff"",198]]",198,"[{""path"":""[redacted:9aa7825ebd11]/depth-7/[file].ai"",""filename"":""[redacted:986a2c6dee24].ai""},{""path"":""[redacted:37b82508f93e]/depth-8/[file].ai"",""filename"":""[redacted:46329b5e1d2c].ai""},{""path"":""[redacted:77e0fdd1b8fc]/depth-8/[file].ai"",""filename"":""[redacted:4ea0a75d60df].ai""}]",[],[],[],[],none_property_aliases_frozen_empty,[],0,0,false,0,0,false,false,false,NBC Universal,false,false,true,
154bf54b-6f7d-4999-b0fb-c2828b12b56a|how high,resolved,154bf54b-6f7d-4999-b0fb-c2828b12b56a,NBC,nbc universal,how high,"[[""NBC UNIVERSAL"",9]]","[[""How High"",9]]",9,"[{""path"":""[redacted:4c89ecd09266]/depth-3/[file].eps"",""filename"":""[redacted:95f44b5b1ba3].eps""},{""path"":""[redacted:200806fb479d]/depth-4/[file].jpg"",""filename"":""[redacted:5c39a50f9500].jpg""},{""path"":""[redacted:ba3aa13466cd]/depth-4/[file].jpg"",""filename"":""[redacted:6db933ae49a0].jpg""}]","[""3d6fe703-af55-4ef8-8739-1bb940850853""]","[""HOW HIGH""]","[""3d6fe703-af55-4ef8-8739-1bb940850853""]","[""HOW HIGH""]",none_property_aliases_frozen_empty,"[""3d6fe703-af55-4ef8-8739-1bb940850853"",""b5592e78-7782-41b5-8298-8ec5a93059a7"",""3c45b8c1-fa01-4da2-a66f-8bb28b80bd09""]",2,2,false,9,9,true,true,false,NBC Universal,false,false,true,
154bf54b-6f7d-4999-b0fb-c2828b12b56a|how to train your dragon,resolved,154bf54b-6f7d-4999-b0fb-c2828b12b56a,NBC,nbc universal,how to train your dragon,"[[""NBC UNIVERSAL"",1535]]","[[""How To Train Your Dragon"",1535]]",1535,"[{""path"":""[redacted:0403726f7871]/depth-6/[file].ai"",""filename"":""[redacted:c7fab37ec251].ai""},{""path"":""[redacted:2f054cdc7029]/depth-6/[file].ai"",""filename"":""[redacted:f10e9b81c0be].ai""},{""path"":""[redacted:12cd6a4c0017]/depth-6/[file].tiff"",""filename"":""[redacted:8da2ae83157c].tiff""}]",[],[],[],[],none_property_aliases_frozen_empty,"[""b5592e78-7782-41b5-8298-8ec5a93059a7"",""3c45b8c1-fa01-4da2-a66f-8bb28b80bd09"",""3d6fe703-af55-4ef8-8739-1bb940850853""]",0,0,false,0,0,false,false,false,NBC Universal,false,false,true,
154bf54b-6f7d-4999-b0fb-c2828b12b56a|jaws,resolved,154bf54b-6f7d-4999-b0fb-c2828b12b56a,NBC,nbc universal,jaws,"[[""NBC UNIVERSAL"",500]]","[[""Jaws"",500]]",500,"[{""path"":""[redacted:e9420ccdb5f4]/depth-6/[file].ai"",""filename"":""[redacted:855e11834559].ai""},{""path"":""[redacted:07f3f224ef26]/depth-3/[file].psd"",""filename"":""[redacted:d1545e0cb05c].psd""},{""path"":""[redacted:fa9285cb20d1]/depth-6/[file].psd"",""filename"":""[redacted:f1d712fe6697].psd""}]","[""8f723630-2d55-4a46-a9bd-abaa91d70d40""]","[""JAWS""]","[""8f723630-2d55-4a46-a9bd-abaa91d70d40""]","[""JAWS""]",none_property_aliases_frozen_empty,"[""8f723630-2d55-4a46-a9bd-abaa91d70d40""]",2,2,false,919,500,true,true,false,NBC Universal,false,false,true,
154bf54b-6f7d-4999-b0fb-c2828b12b56a|jurassic park,resolved,154bf54b-6f7d-4999-b0fb-c2828b12b56a,NBC,nbc universal,jurassic park,"[[""NBC UNIVERSAL"",345]]","[[""Jurassic Park"",345]]",345,"[{""path"":""[redacted:d7bdd7149357]/depth-5/[file].ai"",""filename"":""[redacted:d3702521e54c].ai""},{""path"":""[redacted:3ba4a8fca7f1]/depth-4/[file].tif"",""filename"":""[redacted:67e0d31d2433].tif""},{""path"":""[redacted:9b8cf31a47e4]/depth-4/[file].jpg"",""filename"":""[redacted:9d5f7e3b9fcd].jpg""}]",[],[],[],[],none_property_aliases_frozen_empty,"[""d99503fb-53e7-4d2c-8866-13d5be94bd56""]",0,0,false,0,0,false,false,false,NBC Universal,false,false,true,
154bf54b-6f7d-4999-b0fb-c2828b12b56a|jurassic world franchise,resolved,154bf54b-6f7d-4999-b0fb-c2828b12b56a,NBC,nbc universal,jurassic world franchise,"[[""NBC UNIVERSAL"",2091]]","[[""Jurassic World Franchise"",2091]]",2091,"[{""path"":""[redacted:639971b6ca97]/depth-5/[file].ai"",""filename"":""[redacted:54d5d00c6afa].ai""},{""path"":""[redacted:98322d2b7f96]/depth-6/[file].tiff"",""filename"":""[redacted:33f6bbd6b641].tiff""},{""path"":""[redacted:ddc8d62ec072]/depth-7/[file].ai"",""filename"":""[redacted:55eeaa4ef627].ai""}]",[],[],[],[],none_property_aliases_frozen_empty,"[""d99503fb-53e7-4d2c-8866-13d5be94bd56"",""b5592e78-7782-41b5-8298-8ec5a93059a7""]",0,0,false,0,0,false,false,false,NBC Universal,false,false,true,
154bf54b-6f7d-4999-b0fb-c2828b12b56a|kung fu panda,resolved,154bf54b-6f7d-4999-b0fb-c2828b12b56a,NBC,nbc universal,kung fu panda,"[[""NBC UNIVERSAL"",1325]]","[[""Kung Fu Panda"",1325]]",1325,"[{""path"":""[redacted:35030a067711]/depth-5/[file].ai"",""filename"":""[redacted:2df665cca493].ai""},{""path"":""[redacted:f5b3e5e6ca64]/depth-8/[file].tif"",""filename"":""[redacted:747b0924d3a8].tif""},{""path"":""[redacted:4504da4e2c8e]/depth-9/[file].pdf"",""filename"":""[redacted:0b478dda0e9d].pdf""}]","[""5419699d-6dcf-4ed2-b1df-cf2f68591836""]","[""KUNG-FU PANDA""]","[""5419699d-6dcf-4ed2-b1df-cf2f68591836""]","[""KUNG-FU PANDA""]",none_property_aliases_frozen_empty,"[""5419699d-6dcf-4ed2-b1df-cf2f68591836""]",2,2,false,1325,1325,true,true,false,NBC Universal,false,false,true,
154bf54b-6f7d-4999-b0fb-c2828b12b56a|lamb chop,resolved,154bf54b-6f7d-4999-b0fb-c2828b12b56a,NBC,nbc universal,lamb chop,"[[""NBC UNIVERSAL"",30]]","[[""Lamb Chop"",30]]",30,"[{""path"":""[redacted:4cfdbf9c58fa]/depth-4/[file].ai"",""filename"":""[redacted:055a8ed38442].ai""},{""path"":""[redacted:222781bfff59]/depth-4/[file].ai"",""filename"":""[redacted:b74ba54db1fb].ai""},{""path"":""[redacted:e04b0da109d1]/depth-4/[file].ai"",""filename"":""[redacted:4e3a2f56f632].ai""}]",[],[],[],[],none_property_aliases_frozen_empty,[],0,0,false,0,0,false,false,false,NBC Universal,false,false,true,
154bf54b-6f7d-4999-b0fb-c2828b12b56a|lassie,resolved,154bf54b-6f7d-4999-b0fb-c2828b12b56a,NBC,nbc universal,lassie,"[[""NBC UNIVERSAL"",38]]","[[""Lassie"",38]]",38,"[{""path"":""[redacted:e40eb364103a]/depth-7/[file].tif"",""filename"":""[redacted:9e99d02b5b50].tif""},{""path"":""[redacted:e5185a7ee497]/depth-4/[file].pdf"",""filename"":""[redacted:aa3faefd83fd].pdf""},{""path"":""[redacted:050f77b4d50e]/depth-6/[file].tif"",""filename"":""[redacted:153ba10729c9].tif""}]",[],[],[],[],none_property_aliases_frozen_empty,[],0,0,false,0,0,false,false,false,NBC Universal,false,false,true,
154bf54b-6f7d-4999-b0fb-c2828b12b56a|little drummer boy,resolved,154bf54b-6f7d-4999-b0fb-c2828b12b56a,NBC,nbc universal,little drummer boy,"[[""NBC UNIVERSAL"",120]]","[[""Little Drummer Boy"",120]]",120,"[{""path"":""[redacted:03fa49dabd8b]/depth-4/[file].eps"",""filename"":""[redacted:b8af5f0b274f].eps""},{""path"":""[redacted:ad928dca66b4]/depth-4/[file].eps"",""filename"":""[redacted:2008e6917244].eps""},{""path"":""[redacted:1c65cc9f4e2d]/depth-4/[file].eps"",""filename"":""[redacted:a2ee12469dbc].eps""}]",[],[],[],[],none_property_aliases_frozen_empty,"[""79dd7c7b-f654-47f4-8319-8d1d5a594020""]",0,0,false,0,0,false,false,false,NBC Universal,false,false,true,
154bf54b-6f7d-4999-b0fb-c2828b12b56a|little golden books,resolved,154bf54b-6f7d-4999-b0fb-c2828b12b56a,NBC,nbc universal,little golden books,"[[""NBC UNIVERSAL"",246]]","[[""Little Golden Books"",246]]",246,"[{""path"":""[redacted:077638af411d]/depth-4/[file].tif"",""filename"":""[redacted:fd1c4c97305f].tif""},{""path"":""[redacted:5963fe710383]/depth-4/[file].eps"",""filename"":""[redacted:b3337122005e].eps""},{""path"":""[redacted:b8a652e8865e]/depth-4/[file].tif"",""filename"":""[redacted:1745b258135b].tif""}]","[""79dd7c7b-f654-47f4-8319-8d1d5a594020""]","[""LITTLE GOLDEN BOOKS""]","[""79dd7c7b-f654-47f4-8319-8d1d5a594020""]","[""LITTLE GOLDEN BOOKS""]",none_property_aliases_frozen_empty,"[""79dd7c7b-f654-47f4-8319-8d1d5a594020""]",2,2,false,246,246,true,true,false,NBC Universal,false,false,true,
154bf54b-6f7d-4999-b0fb-c2828b12b56a|m3 gan,resolved,154bf54b-6f7d-4999-b0fb-c2828b12b56a,NBC,nbc universal,m3 gan,"[[""NBC UNIVERSAL"",42]]","[[""M3GAN"",42]]",42,"[{""path"":""[redacted:0f6e69aa690d]/depth-5/[file].jpg"",""filename"":""[redacted:bd0948b42565].jpg""},{""path"":""[redacted:ab46aa4893f4]/depth-5/[file].tif"",""filename"":""[redacted:bfec7703c5e1].tif""},{""path"":""[redacted:24f493aeb70e]/depth-5/[file].tif"",""filename"":""[redacted:c8201a28bcc6].tif""}]",[],[],[],[],none_property_aliases_frozen_empty,[],0,0,false,0,0,false,false,false,NBC Universal,false,false,true,
154bf54b-6f7d-4999-b0fb-c2828b12b56a|minions,resolved,154bf54b-6f7d-4999-b0fb-c2828b12b56a,NBC,nbc universal,minions,"[[""NBC UNIVERSAL"",1284]]","[[""Minions"",1284]]",1284,"[{""path"":""[redacted:4219b91ec3cd]/depth-7/[file].ai"",""filename"":""[redacted:3b282688443c].ai""},{""path"":""[redacted:472513bacdcc]/depth-6/[file].ai"",""filename"":""[redacted:ac9d895bfed7].ai""},{""path"":""[redacted:9fe720b09bc6]/depth-6/[file].ai"",""filename"":""[redacted:4a2295895942].ai""}]","[""eb50f543-5d10-4cc5-bb7e-824b8ad212b5""]","[""MINIONS""]","[""eb50f543-5d10-4cc5-bb7e-824b8ad212b5""]","[""MINIONS""]",none_property_aliases_frozen_empty,"[""eb50f543-5d10-4cc5-bb7e-824b8ad212b5""]",2,2,false,1375,1284,true,true,false,NBC Universal,false,false,true,
154bf54b-6f7d-4999-b0fb-c2828b12b56a|nbcu cleared editorial,resolved,154bf54b-6f7d-4999-b0fb-c2828b12b56a,NBC,nbc universal,nbcu cleared editorial,"[[""NBC UNIVERSAL"",9]]","[[""_NBCU CLEARED EDITORIAL"",9]]",9,"[{""path"":""[redacted:7f98aa6ddb71]/depth-4/[file].pdf"",""filename"":""[redacted:f4150b785490].pdf""},{""path"":""[redacted:a9166878a5eb]/depth-4/[file].pdf"",""filename"":""[redacted:7c4081750567].pdf""},{""path"":""[redacted:0364a5bae202]/depth-4/[file].pdf"",""filename"":""[redacted:7a27b3fbef60].pdf""}]",[],[],[],[],none_property_aliases_frozen_empty,[],0,0,false,0,0,false,false,false,NBC Universal,false,false,true,
154bf54b-6f7d-4999-b0fb-c2828b12b56a|office,resolved,154bf54b-6f7d-4999-b0fb-c2828b12b56a,NBC,nbc universal,office,"[[""NBC UNIVERSAL"",2531]]","[[""Office"",2531]]",2531,"[{""path"":""[redacted:5521a1f1ace5]/depth-4/[file].ai"",""filename"":""[redacted:00fab067aeee].ai""},{""path"":""[redacted:ad186318da54]/depth-5/[file].tif"",""filename"":""[redacted:053cd631e245].tif""},{""path"":""[redacted:cbc21a8a0d8e]/depth-8/[file].jpg"",""filename"":""[redacted:3ee30c87171b].jpg""}]",[],[],[],[],none_property_aliases_frozen_empty,"[""a28c4295-29dd-4728-be2c-50a39a0eadfb""]",0,0,false,1242,1210,false,false,false,NBC Universal,false,false,true,
154bf54b-6f7d-4999-b0fb-c2828b12b56a|parks rec,resolved,154bf54b-6f7d-4999-b0fb-c2828b12b56a,NBC,nbc universal,parks rec,"[[""NBC UNIVERSAL"",240]]","[[""Parks & Rec"",240]]",240,"[{""path"":""[redacted:89b5088ad0d2]/depth-4/[file].jpg"",""filename"":""[redacted:82d1539075f1].jpg""},{""path"":""[redacted:44baad29ee26]/depth-4/[file].jpg"",""filename"":""[redacted:2441a296ffd7].jpg""},{""path"":""[redacted:b0be00464347]/depth-4/[file].jpg"",""filename"":""[redacted:a02c158ae4fb].jpg""}]",[],[],[],[],none_property_aliases_frozen_empty,[],0,0,false,0,0,false,false,false,NBC Universal,false,false,true,
154bf54b-6f7d-4999-b0fb-c2828b12b56a|santa claus is coming to town,resolved,154bf54b-6f7d-4999-b0fb-c2828b12b56a,NBC,nbc universal,santa claus is coming to town,"[[""NBC UNIVERSAL"",47]]","[[""Santa Claus is Coming to Town"",47]]",47,"[{""path"":""[redacted:e3159b6153a2]/depth-3/[file].psd"",""filename"":""[redacted:cddc0834bfcb].psd""},{""path"":""[redacted:500a43dfcd81]/depth-3/[file].pdf"",""filename"":""[redacted:db89032df52a].pdf""},{""path"":""[redacted:eced869fc4db]/depth-3/[file].pdf"",""filename"":""[redacted:6aba70fb23cc].pdf""}]",[],[],[],[],none_property_aliases_frozen_empty,"[""4529860c-f033-417a-b230-86b25db19d27""]",0,0,false,0,0,false,false,false,NBC Universal,false,false,true,
154bf54b-6f7d-4999-b0fb-c2828b12b56a|saved by the bell,resolved,154bf54b-6f7d-4999-b0fb-c2828b12b56a,NBC,nbc universal,saved by the bell,"[[""NBC UNIVERSAL"",589]]","[[""Saved By The Bell"",589]]",589,"[{""path"":""[redacted:191d75f86e98]/depth-5/[file].jpg"",""filename"":""[redacted:979651250532].jpg""},{""path"":""[redacted:3fef563a6314]/depth-5/[file].jpg"",""filename"":""[redacted:5befdd808e1d].jpg""},{""path"":""[redacted:a37319effc7c]/depth-5/[file].jpg"",""filename"":""[redacted:e6f218e6ca6e].jpg""}]",[],[],[],[],none_property_aliases_frozen_empty,"[""9db1ae70-8bdb-40a3-a8a8-66e54b1edced"",""bb6b117f-dbf7-4261-9680-84bff7e214bc"",""a28c4295-29dd-4728-be2c-50a39a0eadfb"",""cc45c29a-9e47-42cf-b0ba-91dbe37bd24d""]",0,0,false,0,0,false,false,false,NBC Universal,false,false,true,
154bf54b-6f7d-4999-b0fb-c2828b12b56a|scarface,resolved,154bf54b-6f7d-4999-b0fb-c2828b12b56a,NBC,nbc universal,scarface,"[[""NBC UNIVERSAL"",218]]","[[""Scarface"",218]]",218,"[{""path"":""[redacted:8a2d2f438178]/depth-5/[file].tif"",""filename"":""[redacted:f7b457cc69f2].tif""},{""path"":""[redacted:7627044a9134]/depth-5/[file].jpg"",""filename"":""[redacted:c16bc8d31965].jpg""},{""path"":""[redacted:daf44356c83d]/depth-4/[file].ai"",""filename"":""[redacted:53ff880f1d91].ai""}]","[""923af469-f81f-48ec-ae6c-d0c18bf85414""]","[""SCARFACE""]","[""923af469-f81f-48ec-ae6c-d0c18bf85414""]","[""SCARFACE""]",none_property_aliases_frozen_empty,"[""923af469-f81f-48ec-ae6c-d0c18bf85414""]",2,2,false,422,218,true,true,false,NBC Universal,false,false,true,
154bf54b-6f7d-4999-b0fb-c2828b12b56a|shrek,resolved,154bf54b-6f7d-4999-b0fb-c2828b12b56a,NBC,nbc universal,shrek,"[[""NBC UNIVERSAL"",1692]]","[[""Shrek"",1692]]",1692,"[{""path"":""[redacted:0e6cfef91ddb]/depth-7/[file].ai"",""filename"":""[redacted:d415573c5ca0].ai""},{""path"":""[redacted:b9ff2ec0c8a7]/depth-7/[file].ai"",""filename"":""[redacted:bdeb39f4f7a6].ai""},{""path"":""[redacted:1c53bcb8c68c]/depth-7/[file].psd"",""filename"":""[redacted:caa29a7a6ddf].psd""}]","[""7865b410-afb6-4307-9560-4dfa2e5c3165""]","[""SHREK""]","[""7865b410-afb6-4307-9560-4dfa2e5c3165""]","[""SHREK""]",none_property_aliases_frozen_empty,"[""7865b410-afb6-4307-9560-4dfa2e5c3165""]",2,2,false,2720,1692,true,true,false,NBC Universal,false,false,true,
154bf54b-6f7d-4999-b0fb-c2828b12b56a|slapshot,resolved,154bf54b-6f7d-4999-b0fb-c2828b12b56a,NBC,nbc universal,slapshot,"[[""NBC UNIVERSAL"",9]]","[[""Slapshot"",9]]",9,"[{""path"":""[redacted:e038bdade596]/depth-3/[file].jpg"",""filename"":""[redacted:b94efa6a8900].jpg""},{""path"":""[redacted:1fb8d1a03d13]/depth-3/[file].jpg"",""filename"":""[redacted:a103e8b173e2].jpg""},{""path"":""[redacted:28e034faa6ff]/depth-3/[file].jpg"",""filename"":""[redacted:680b3a5c2127].jpg""}]",[],[],[],[],none_property_aliases_frozen_empty,[],0,0,false,0,0,false,false,false,NBC Universal,false,false,true,
154bf54b-6f7d-4999-b0fb-c2828b12b56a|target,resolved,154bf54b-6f7d-4999-b0fb-c2828b12b56a,NBC,nbc universal,target,"[[""NBC UNIVERSAL"",174]]","[[""_target"",174]]",174,"[{""path"":""[redacted:c1dfe9db0317]/depth-6/[file].ai"",""filename"":""[redacted:d0f3d20d83b5].ai""},{""path"":""[redacted:7f71b8a3b2ba]/depth-5/[file].ai"",""filename"":""[redacted:8af1c5ca0272].ai""},{""path"":""[redacted:6f3c06ef7ef3]/depth-5/[file].pdf"",""filename"":""[redacted:17eb77462471].pdf""}]",[],[],[],[],none_property_aliases_frozen_empty,[],0,0,false,53,53,false,false,false,NBC Universal,false,false,true,
154bf54b-6f7d-4999-b0fb-c2828b12b56a|the exorcist,resolved,154bf54b-6f7d-4999-b0fb-c2828b12b56a,NBC,nbc universal,the exorcist,"[[""NBC UNIVERSAL"",93]]","[[""The Exorcist"",93]]",93,"[{""path"":""[redacted:c94643b924d5]/depth-5/[file].tif"",""filename"":""[redacted:36d2a74c3d1f].tif""},{""path"":""[redacted:95a6c691fc8c]/depth-5/[file].ai"",""filename"":""[redacted:1629b6bf938c].ai""},{""path"":""[redacted:73ee24675410]/depth-5/[file].ai"",""filename"":""[redacted:67f54ade9b67].ai""}]",[],[],[],[],none_property_aliases_frozen_empty,"[""bb6b117f-dbf7-4261-9680-84bff7e214bc"",""a28c4295-29dd-4728-be2c-50a39a0eadfb"",""9db1ae70-8bdb-40a3-a8a8-66e54b1edced"",""cc45c29a-9e47-42cf-b0ba-91dbe37bd24d""]",0,0,false,0,0,false,false,false,NBC Universal,false,false,true,
154bf54b-6f7d-4999-b0fb-c2828b12b56a|the land before time,resolved,154bf54b-6f7d-4999-b0fb-c2828b12b56a,NBC,nbc universal,the land before time,"[[""NBC UNIVERSAL"",266]]","[[""The Land Before Time"",266]]",266,"[{""path"":""[redacted:214e03e7fc86]/depth-4/[file].tif"",""filename"":""[redacted:94adbd6f4caa].tif""},{""path"":""[redacted:f1eeac661791]/depth-4/[file].psd"",""filename"":""[redacted:172b22dca395].psd""},{""path"":""[redacted:bc2e29bb259b]/depth-4/[file].eps"",""filename"":""[redacted:2a129415b6fd].eps""}]",[],[],[],[],none_property_aliases_frozen_empty,"[""9db1ae70-8bdb-40a3-a8a8-66e54b1edced"",""bb6b117f-dbf7-4261-9680-84bff7e214bc"",""cc45c29a-9e47-42cf-b0ba-91dbe37bd24d"",""a28c4295-29dd-4728-be2c-50a39a0eadfb""]",0,0,false,0,0,false,false,false,NBC Universal,false,false,true,
154bf54b-6f7d-4999-b0fb-c2828b12b56a|the lone ranger,resolved,154bf54b-6f7d-4999-b0fb-c2828b12b56a,NBC,nbc universal,the lone ranger,"[[""NBC UNIVERSAL"",159]]","[[""The Lone Ranger"",159]]",159,"[{""path"":""[redacted:5ab868ebfa1f]/depth-5/[file].jpg"",""filename"":""[redacted:a2c0d9f39854].jpg""},{""path"":""[redacted:779eec49ba86]/depth-5/[file].jpg"",""filename"":""[redacted:e46265d0af43].jpg""},{""path"":""[redacted:79d19f1b2c1d]/depth-5/[file].jpg"",""filename"":""[redacted:9fe6956953d8].jpg""}]",[],[],[],[],none_property_aliases_frozen_empty,"[""9db1ae70-8bdb-40a3-a8a8-66e54b1edced"",""bb6b117f-dbf7-4261-9680-84bff7e214bc"",""a28c4295-29dd-4728-be2c-50a39a0eadfb"",""cc45c29a-9e47-42cf-b0ba-91dbe37bd24d""]",0,0,false,0,0,false,false,false,NBC Universal,false,false,true,
154bf54b-6f7d-4999-b0fb-c2828b12b56a|the mummy 1999,resolved,154bf54b-6f7d-4999-b0fb-c2828b12b56a,NBC,nbc universal,the mummy 1999,"[[""NBC UNIVERSAL"",163]]","[[""The Mummy (1999)"",163]]",163,"[{""path"":""[redacted:390d16767b45]/depth-3/[file].eps"",""filename"":""[redacted:4021dce77cf2].eps""},{""path"":""[redacted:c3633ec35c13]/depth-3/[file].eps"",""filename"":""[redacted:b1127b7515ed].eps""},{""path"":""[redacted:37e03e0caa32]/depth-3/[file].eps"",""filename"":""[redacted:ba07f68bae06].eps""}]",[],[],[],[],none_property_aliases_frozen_empty,"[""9db1ae70-8bdb-40a3-a8a8-66e54b1edced"",""bb6b117f-dbf7-4261-9680-84bff7e214bc"",""a28c4295-29dd-4728-be2c-50a39a0eadfb"",""cc45c29a-9e47-42cf-b0ba-91dbe37bd24d""]",0,0,false,0,0,false,false,false,NBC Universal,false,false,true,
154bf54b-6f7d-4999-b0fb-c2828b12b56a|trolls,resolved,154bf54b-6f7d-4999-b0fb-c2828b12b56a,NBC,nbc universal,trolls,"[[""NBC UNIVERSAL"",287]]","[[""Trolls"",287]]",287,"[{""path"":""[redacted:a79004cd230c]/depth-7/[file].ai"",""filename"":""[redacted:8adddbd1b10a].ai""},{""path"":""[redacted:4e2d722563b9]/depth-4/[file].ai"",""filename"":""[redacted:67d52a315686].ai""},{""path"":""[redacted:46d9dd0fd9a3]/depth-4/[file].ai"",""filename"":""[redacted:a1cf087e0db0].ai""}]","[""64660cdc-0134-48a0-bd28-d325572e7ea1""]","[""TROLLS""]","[""64660cdc-0134-48a0-bd28-d325572e7ea1""]","[""TROLLS""]",none_property_aliases_frozen_empty,"[""64660cdc-0134-48a0-bd28-d325572e7ea1""]",2,2,false,288,287,true,true,false,NBC Universal,false,false,true,
154bf54b-6f7d-4999-b0fb-c2828b12b56a|universal monsters,resolved,154bf54b-6f7d-4999-b0fb-c2828b12b56a,NBC,nbc universal,universal monsters,"[[""NBC UNIVERSAL"",542]]","[[""Universal Monsters"",542]]",542,"[{""path"":""[redacted:e3332bd1dd1a]/depth-6/[file].psd"",""filename"":""[redacted:0879e7bde51a].psd""},{""path"":""[redacted:6a62dec63ba9]/depth-7/[file].ai"",""filename"":""[redacted:b5c65f0d6ffd].ai""},{""path"":""[redacted:58cce72990e9]/depth-5/[file].tif"",""filename"":""[redacted:d7b37d634b65].tif""}]",[],[],[],[],none_property_aliases_frozen_empty,[],0,0,false,629,542,false,false,false,NBC Universal,false,false,true,
154bf54b-6f7d-4999-b0fb-c2828b12b56a|voltron,resolved,154bf54b-6f7d-4999-b0fb-c2828b12b56a,NBC,nbc universal,voltron,"[[""NBC UNIVERSAL"",580]]","[[""Voltron"",580]]",580,"[{""path"":""[redacted:3d48dc4d8445]/depth-6/[file].ai"",""filename"":""[redacted:72b793d7bd9b].ai""},{""path"":""[redacted:3604937c8ec5]/depth-6/[file].ai"",""filename"":""[redacted:f797e0e5f239].ai""},{""path"":""[redacted:71a534bfa3c8]/depth-5/[file].tif"",""filename"":""[redacted:12c23232454d].tif""}]",[],[],[],[],none_property_aliases_frozen_empty,[],0,0,false,0,0,false,false,false,NBC Universal,false,false,true,
154bf54b-6f7d-4999-b0fb-c2828b12b56a|welcome to extraordinary,resolved,154bf54b-6f7d-4999-b0fb-c2828b12b56a,NBC,nbc universal,welcome to extraordinary,"[[""NBC UNIVERSAL"",138]]","[[""Welcome to Extraordinary"",138]]",138,"[{""path"":""[redacted:d966f17938e3]/depth-4/[file].ai"",""filename"":""[redacted:657dfc8c468b].ai""},{""path"":""[redacted:f783f891c63c]/depth-5/[file].tif"",""filename"":""[redacted:b00f09bcb289].tif""},{""path"":""[redacted:554f973a5ea5]/depth-5/[file].tif"",""filename"":""[redacted:94323062126d].tif""}]",[],[],[],[],none_property_aliases_frozen_empty,[],0,0,false,73,37,false,false,false,NBC Universal,false,false,true,
154bf54b-6f7d-4999-b0fb-c2828b12b56a|wheres waldo,resolved,154bf54b-6f7d-4999-b0fb-c2828b12b56a,NBC,nbc universal,wheres waldo,"[[""NBC UNIVERSAL"",63]]","[[""Wheres Waldo"",63]]",63,"[{""path"":""[redacted:80d90fccd248]/depth-3/[file].tif"",""filename"":""[redacted:5e361171e8cc].tif""},{""path"":""[redacted:8f5508d51120]/depth-3/[file].ai"",""filename"":""[redacted:6e8b8fbc0ee0].ai""},{""path"":""[redacted:7901c61e916e]/depth-3/[file].ai"",""filename"":""[redacted:abd2a35f279f].ai""}]","[""89a72f5f-798b-4902-9aab-4f01204720aa""]","[""WHERES WALDO""]","[""89a72f5f-798b-4902-9aab-4f01204720aa""]","[""WHERES WALDO""]",none_property_aliases_frozen_empty,"[""89a72f5f-798b-4902-9aab-4f01204720aa""]",2,2,false,63,63,true,true,false,NBC Universal,false,false,true,
154bf54b-6f7d-4999-b0fb-c2828b12b56a|wicked live action movie,resolved,154bf54b-6f7d-4999-b0fb-c2828b12b56a,NBC,nbc universal,wicked live action movie,"[[""NBC UNIVERSAL"",1229]]","[[""Wicked Live Action Movie"",1229]]",1229,"[{""path"":""[redacted:2a6aaf29db78]/depth-5/[file].ai"",""filename"":""[redacted:ec877739b5ee].ai""},{""path"":""[redacted:77c649ab0f19]/depth-5/[file].tiff"",""filename"":""[redacted:b7a1becd3012].tiff""},{""path"":""[redacted:6d8803cf77b2]/depth-4/[file].tiff"",""filename"":""[redacted:63809da23c2b].tiff""}]",[],[],[],[],none_property_aliases_frozen_empty,"[""dc0c8af7-53cd-4d74-b4a4-6aed3ee80cfc"",""3c45b8c1-fa01-4da2-a66f-8bb28b80bd09"",""6198a8d7-e000-4025-a042-d42481af6756"",""9c8f531f-32ab-4e23-a701-8ee73d92cef0""]",0,0,false,0,0,false,false,false,NBC Universal,false,false,true,
154bf54b-6f7d-4999-b0fb-c2828b12b56a|wicked live action part 2,resolved,154bf54b-6f7d-4999-b0fb-c2828b12b56a,NBC,nbc universal,wicked live action part 2,"[[""NBC UNIVERSAL"",490]]","[[""Wicked Live Action Part 2"",490]]",490,"[{""path"":""[redacted:eea1e4c751b2]/depth-5/[file].ai"",""filename"":""[redacted:9f9b1d7161bf].ai""},{""path"":""[redacted:b46939726430]/depth-5/[file].ai"",""filename"":""[redacted:08b951806fb8].ai""},{""path"":""[redacted:5ce5ec4f851d]/depth-5/[file].ai"",""filename"":""[redacted:c83d64d48faa].ai""}]",[],[],[],[],none_property_aliases_frozen_empty,"[""6198a8d7-e000-4025-a042-d42481af6756"",""9c8f531f-32ab-4e23-a701-8ee73d92cef0"",""dc0c8af7-53cd-4d74-b4a4-6aed3ee80cfc"",""3c45b8c1-fa01-4da2-a66f-8bb28b80bd09""]",0,0,false,0,0,false,false,false,NBC Universal,false,false,true,
154bf54b-6f7d-4999-b0fb-c2828b12b56a|woody woodpecker friends,resolved,154bf54b-6f7d-4999-b0fb-c2828b12b56a,NBC,nbc universal,woody woodpecker friends,"[[""NBC UNIVERSAL"",1201]]","[[""Woody Woodpecker & Friends"",1201]]",1201,"[{""path"":""[redacted:45b6ad4165fb]/depth-6/[file].ai"",""filename"":""[redacted:af7d1fcb1766].ai""},{""path"":""[redacted:616c450f1543]/depth-5/[file].ai"",""filename"":""[redacted:a86b2f67be52].ai""},{""path"":""[redacted:24181ac2e7d8]/depth-7/[file].eps"",""filename"":""[redacted:2b3c65dc76ac].eps""}]",[],[],[],[],none_property_aliases_frozen_empty,[],0,0,false,1201,1201,false,false,false,NBC Universal,false,false,true,
23937016-6f26-4a26-a281-da5a9dc15362|ncaa,resolved,23937016-6f26-4a26-a281-da5a9dc15362,NCAA,ncaa,ncaa,"[[""NCAA"",21]]","[[""NCAA"",21]]",21,"[{""path"":""[redacted:9f2a64c19bbe]/depth-3/[file].pdf"",""filename"":""[redacted:9a698ba7f431].pdf""},{""path"":""[redacted:2d58853828a9]/depth-3/[file].pdf"",""filename"":""[redacted:6d86d5a0b57e].pdf""},{""path"":""[redacted:aa8865f04ba2]/depth-3/[file].pdf"",""filename"":""[redacted:cb0be6344f94].pdf""}]",[],[],[],[],none_property_aliases_frozen_empty,[],0,0,false,0,0,false,false,false,,false,false,true,
1c47d63b-bf79-42ff-876e-c5263f323418|[blank],resolved,1c47d63b-bf79-42ff-876e-c5263f323418,NFL,nfl,,"[[""NFL"",32]]","[["""",32]]",32,"[{""path"":""[redacted:f1c05c1cc5fd]/depth-2/[file].pdf"",""filename"":""[redacted:8859662c0c1a].pdf""},{""path"":""[redacted:18101dd94b67]/depth-2/[file].pdf"",""filename"":""[redacted:8e97d6f09b5e].pdf""},{""path"":""[redacted:8a5b4a0f605a]/depth-2/[file].pdf"",""filename"":""[redacted:19eb84218c56].pdf""}]",[],[],[],[],none_property_aliases_frozen_empty,[],0,0,false,0,0,false,false,false,,false,false,true,
afff41a6-df31-4a9a-aea5-b919d1daff54|[blank],resolved,afff41a6-df31-4a9a-aea5-b919d1daff54,PEANUTS WORLDWIDE,peanuts,,"[[""PEANUTS"",13]]","[["""",13]]",13,"[{""path"":""[redacted:f1966a88b3eb]/depth-2/[file].eps"",""filename"":""[redacted:06327addf28c].eps""},{""path"":""[redacted:fe9c15c626c0]/depth-2/[file].eps"",""filename"":""[redacted:bc4df2a43862].eps""},{""path"":""[redacted:3923ee16434e]/depth-2/[file].eps"",""filename"":""[redacted:a8955bcc3277].eps""}]",[],[],[],[],none_property_aliases_frozen_empty,[],0,0,false,14,13,false,false,false,Peanuts,false,false,true,
afff41a6-df31-4a9a-aea5-b919d1daff54|2022,resolved,afff41a6-df31-4a9a-aea5-b919d1daff54,PEANUTS WORLDWIDE,peanuts,2022,"[[""PEANUTS"",141]]","[[""_2022"",141]]",141,"[{""path"":""[redacted:92d08a9360e9]/depth-3/[file].eps"",""filename"":""[redacted:154458a3c7e9].eps""},{""path"":""[redacted:105da74b9643]/depth-3/[file].eps"",""filename"":""[redacted:3d6d87c8f0cb].eps""},{""path"":""[redacted:a2e97ccf7cfd]/depth-3/[file].eps"",""filename"":""[redacted:8f5510f14da8].eps""}]",[],[],[],[],none_property_aliases_frozen_empty,[],0,0,false,152,141,false,false,false,Peanuts,false,false,true,
afff41a6-df31-4a9a-aea5-b919d1daff54|3 d turnarounds,resolved,afff41a6-df31-4a9a-aea5-b919d1daff54,PEANUTS WORLDWIDE,peanuts,3 d turnarounds,"[[""PEANUTS"",12]]","[[""3D Turnarounds"",12]]",12,"[{""path"":""[redacted:49d0a2d59956]/depth-3/[file].jpg"",""filename"":""[redacted:564c716c345e].jpg""},{""path"":""[redacted:6a0f372e8a69]/depth-3/[file].obj"",""filename"":""[redacted:ca264b104bef].obj""},{""path"":""[redacted:b60cc659ab31]/depth-3/[file].obj"",""filename"":""[redacted:b347a9184e75].obj""}]",[],[],[],[],none_property_aliases_frozen_empty,[],0,0,false,12,12,false,false,false,Peanuts,false,false,true,
afff41a6-df31-4a9a-aea5-b919d1daff54|70th anniversary paper,resolved,afff41a6-df31-4a9a-aea5-b919d1daff54,PEANUTS WORLDWIDE,peanuts,70th anniversary paper,"[[""PEANUTS"",78]]","[[""70th Anniversary - Paper"",78]]",78,"[{""path"":""[redacted:1b6e2e650ade]/depth-3/[file].eps"",""filename"":""[redacted:2421f48e1aac].eps""},{""path"":""[redacted:3b085220a07c]/depth-3/[file].eps"",""filename"":""[redacted:518a703df669].eps""},{""path"":""[redacted:883ee47091a3]/depth-3/[file].eps"",""filename"":""[redacted:d5f8ae9f18ef].eps""}]",[],[],[],[],none_property_aliases_frozen_empty,[],0,0,false,78,78,false,false,false,Peanuts,false,false,true,
afff41a6-df31-4a9a-aea5-b919d1daff54|70th anniversary peanuts logo,resolved,afff41a6-df31-4a9a-aea5-b919d1daff54,PEANUTS WORLDWIDE,peanuts,70th anniversary peanuts logo,"[[""PEANUTS"",81]]","[[""70th Anniversary - Peanuts Logo"",81]]",81,"[{""path"":""[redacted:e50c37889b74]/depth-3/[file].eps"",""filename"":""[redacted:9fd2d13139f9].eps""},{""path"":""[redacted:0b9944c591e5]/depth-3/[file].eps"",""filename"":""[redacted:7dc18b3af650].eps""},{""path"":""[redacted:6777f1e357a6]/depth-3/[file].eps"",""filename"":""[redacted:32a0d8082274].eps""}]",[],[],[],[],none_property_aliases_frozen_empty,"[""4a9b6b9b-7f12-45fa-b901-5cc274a6e4b0""]",0,0,false,81,81,false,false,false,Peanuts,false,false,true,
afff41a6-df31-4a9a-aea5-b919d1daff54|70th anniversary then and now,resolved,afff41a6-df31-4a9a-aea5-b919d1daff54,PEANUTS WORLDWIDE,peanuts,70th anniversary then and now,"[[""PEANUTS"",16]]","[[""70th Anniversary - Then and Now"",16]]",16,"[{""path"":""[redacted:5cc342766f91]/depth-3/[file].eps"",""filename"":""[redacted:c2ba5b53cab6].eps""},{""path"":""[redacted:cfb9dbc6a8c3]/depth-3/[file].eps"",""filename"":""[redacted:2a448770b8f1].eps""},{""path"":""[redacted:517d9da864d0]/depth-3/[file].eps"",""filename"":""[redacted:48f243ac82d4].eps""}]",[],[],[],[],none_property_aliases_frozen_empty,[],0,0,false,16,16,false,false,false,Peanuts,false,false,true,
afff41a6-df31-4a9a-aea5-b919d1daff54|75th anniversary comfort and security style guide,resolved,afff41a6-df31-4a9a-aea5-b919d1daff54,PEANUTS WORLDWIDE,peanuts,75th anniversary comfort and security style guide,"[[""PEANUTS"",46]]","[[""75th Anniversary Comfort and Security Style Guide"",46]]",46,"[{""path"":""[redacted:136a530cdcd1]/depth-3/[file].eps"",""filename"":""[redacted:17d69f4b6a6d].eps""},{""path"":""[redacted:57e59e8e8161]/depth-3/[file].eps"",""filename"":""[redacted:6dd8b6671716].eps""},{""path"":""[redacted:ff099601fda4]/depth-3/[file].eps"",""filename"":""[redacted:c9ca0196e95b].eps""}]",[],[],[],[],none_property_aliases_frozen_empty,[],0,0,true,46,46,false,false,false,Peanuts,false,false,true,
afff41a6-df31-4a9a-aea5-b919d1daff54|75th anniversary persistence style guide,resolved,afff41a6-df31-4a9a-aea5-b919d1daff54,PEANUTS WORLDWIDE,peanuts,75th anniversary persistence style guide,"[[""PEANUTS"",25]]","[[""75th Anniversary Persistence Style Guide"",25]]",25,"[{""path"":""[redacted:71bee1e397ae]/depth-3/[file].eps"",""filename"":""[redacted:577b38c10137].eps""},{""path"":""[redacted:51a321a2b660]/depth-3/[file].eps"",""filename"":""[redacted:6cd15c8cb1b4].eps""},{""path"":""[redacted:811a07d4ab9c]/depth-3/[file].eps"",""filename"":""[redacted:ff408a315ffe].eps""}]",[],[],[],[],none_property_aliases_frozen_empty,[],0,0,true,25,25,false,false,false,Peanuts,false,false,true,
afff41a6-df31-4a9a-aea5-b919d1daff54|aloha disco,resolved,afff41a6-df31-4a9a-aea5-b919d1daff54,PEANUTS WORLDWIDE,peanuts,aloha disco,"[[""PEANUTS"",18]]","[[""Aloha Disco"",18]]",18,"[{""path"":""[redacted:8dda3f1a332c]/depth-3/[file].eps"",""filename"":""[redacted:d48d450ba930].eps""},{""path"":""[redacted:b1468257e875]/depth-3/[file].eps"",""filename"":""[redacted:5cb6551b91fa].eps""},{""path"":""[redacted:ff183aa2baab]/depth-3/[file].eps"",""filename"":""[redacted:8c4bc9f04b96].eps""}]",[],[],[],[],none_property_aliases_frozen_empty,[],0,0,false,18,18,false,false,false,Peanuts,false,false,true,
afff41a6-df31-4a9a-aea5-b919d1daff54|american summer,resolved,afff41a6-df31-4a9a-aea5-b919d1daff54,PEANUTS WORLDWIDE,peanuts,american summer,"[[""PEANUTS"",25]]","[[""American Summer"",25]]",25,"[{""path"":""[redacted:4320d6bbc439]/depth-3/[file].eps"",""filename"":""[redacted:32a3a687e0be].eps""},{""path"":""[redacted:c85f68f49cd6]/depth-3/[file].eps"",""filename"":""[redacted:97500e5327ca].eps""},{""path"":""[redacted:d1d67ad3a491]/depth-3/[file].eps"",""filename"":""[redacted:e851224879de].eps""}]",[],[],[],[],none_property_aliases_frozen_empty,[],0,0,false,25,25,false,false,false,Peanuts,false,false,true,
afff41a6-df31-4a9a-aea5-b919d1daff54|americana,resolved,afff41a6-df31-4a9a-aea5-b919d1daff54,PEANUTS WORLDWIDE,peanuts,americana,"[[""PEANUTS"",13]]","[[""Americana"",13]]",13,"[{""path"":""[redacted:45a9c169b683]/depth-3/[file].eps"",""filename"":""[redacted:e58c3e3b5caa].eps""},{""path"":""[redacted:77315499c755]/depth-3/[file].eps"",""filename"":""[redacted:9a8de0de85e7].eps""},{""path"":""[redacted:e99980633c2a]/depth-3/[file].eps"",""filename"":""[redacted:b5e3edc62375].eps""}]",[],[],[],[],none_property_aliases_frozen_empty,[],0,0,false,13,13,false,false,false,Peanuts,false,false,true,
afff41a6-df31-4a9a-aea5-b919d1daff54|apres ski,resolved,afff41a6-df31-4a9a-aea5-b919d1daff54,PEANUTS WORLDWIDE,peanuts,apres ski,"[[""PEANUTS"",8]]","[[""Apres Ski"",8]]",8,"[{""path"":""[redacted:b34032fd3c5f]/depth-3/[file].eps"",""filename"":""[redacted:dc9dad7782db].eps""},{""path"":""[redacted:e2d66d5c1dd3]/depth-3/[file].eps"",""filename"":""[redacted:78da46bba8d7].eps""},{""path"":""[redacted:3827108dc517]/depth-3/[file].eps"",""filename"":""[redacted:084ca238fbe9].eps""}]",[],[],[],[],none_property_aliases_frozen_empty,[],0,0,false,8,8,false,false,false,Peanuts,false,false,true,
afff41a6-df31-4a9a-aea5-b919d1daff54|astronaut pose art volume 1,resolved,afff41a6-df31-4a9a-aea5-b919d1daff54,PEANUTS WORLDWIDE,peanuts,astronaut pose art volume 1,"[[""PEANUTS"",39]]","[[""Astronaut Pose Art Volume 1"",39]]",39,"[{""path"":""[redacted:e8e988d1a023]/depth-3/[file].eps"",""filename"":""[redacted:86f9d1076383].eps""},{""path"":""[redacted:b77c3cf58b5b]/depth-3/[file].eps"",""filename"":""[redacted:4704cdb4fb25].eps""},{""path"":""[redacted:b6d282f9046c]/depth-3/[file].eps"",""filename"":""[redacted:593739bd8396].eps""}]",[],[],[],[],none_property_aliases_frozen_empty,[],0,0,false,106,39,false,false,false,Peanuts,false,false,true,
afff41a6-df31-4a9a-aea5-b919d1daff54|astronaut pose art volume 2,resolved,afff41a6-df31-4a9a-aea5-b919d1daff54,PEANUTS WORLDWIDE,peanuts,astronaut pose art volume 2,"[[""PEANUTS"",16]]","[[""Astronaut Pose Art Volume 2"",16]]",16,"[{""path"":""[redacted:1d15b3fbddd7]/depth-3/[file].eps"",""filename"":""[redacted:498985c1bde5].eps""},{""path"":""[redacted:75b97091ade9]/depth-3/[file].eps"",""filename"":""[redacted:3f72746c18cd].eps""},{""path"":""[redacted:74035d716b64]/depth-3/[file].eps"",""filename"":""[redacted:cc37de75cc0e].eps""}]",[],[],[],[],none_property_aliases_frozen_empty,[],0,0,false,49,16,false,false,false,Peanuts,false,false,true,
afff41a6-df31-4a9a-aea5-b919d1daff54|astronomy geometry,resolved,afff41a6-df31-4a9a-aea5-b919d1daff54,PEANUTS WORLDWIDE,peanuts,astronomy geometry,"[[""PEANUTS"",24]]","[[""Astronomy Geometry"",24]]",24,"[{""path"":""[redacted:e8640a0a14a5]/depth-3/[file].eps"",""filename"":""[redacted:00081fc5cd36].eps""},{""path"":""[redacted:0a6cbc0b7f28]/depth-3/[file].eps"",""filename"":""[redacted:637b274bd6ae].eps""},{""path"":""[redacted:2645b369dd4c]/depth-3/[file].eps"",""filename"":""[redacted:ec4875b1cfa3].eps""}]",[],[],[],[],none_property_aliases_frozen_empty,[],0,0,false,24,24,false,false,false,Peanuts,false,false,true,
afff41a6-df31-4a9a-aea5-b919d1daff54|au bord de la mer,resolved,afff41a6-df31-4a9a-aea5-b919d1daff54,PEANUTS WORLDWIDE,peanuts,au bord de la mer,"[[""PEANUTS"",43]]","[[""Au Bord De La Mer"",43]]",43,"[{""path"":""[redacted:55e53a6d7e9f]/depth-3/[file].eps"",""filename"":""[redacted:cd86df900e5c].eps""},{""path"":""[redacted:ece6456abaa5]/depth-3/[file].eps"",""filename"":""[redacted:a8e6141e2535].eps""},{""path"":""[redacted:a771198d3717]/depth-3/[file].eps"",""filename"":""[redacted:af6755ebc37c].eps""}]",[],[],[],[],none_property_aliases_frozen_empty,[],0,0,false,43,43,false,false,false,Peanuts,false,false,true,
afff41a6-df31-4a9a-aea5-b919d1daff54|baseball,resolved,afff41a6-df31-4a9a-aea5-b919d1daff54,PEANUTS WORLDWIDE,peanuts,baseball,"[[""PEANUTS"",47]]","[[""Baseball"",47]]",47,"[{""path"":""[redacted:509f537e6e1a]/depth-3/[file].eps"",""filename"":""[redacted:09d0e1d64a8b].eps""},{""path"":""[redacted:3c4ec465793a]/depth-3/[file].eps"",""filename"":""[redacted:efb2bfc3ead5].eps""},{""path"":""[redacted:63df1a4cad78]/depth-3/[file].eps"",""filename"":""[redacted:9693a8ba2403].eps""}]",[],[],[],[],none_property_aliases_frozen_empty,[],0,0,false,47,47,false,false,false,Peanuts,false,false,true,
afff41a6-df31-4a9a-aea5-b919d1daff54|be yourself,resolved,afff41a6-df31-4a9a-aea5-b919d1daff54,PEANUTS WORLDWIDE,peanuts,be yourself,"[[""PEANUTS"",49]]","[[""Be Yourself"",49]]",49,"[{""path"":""[redacted:cc2d1ac9f465]/depth-3/[file].eps"",""filename"":""[redacted:c8e49fcfe0f7].eps""},{""path"":""[redacted:0f3b2c0aaa97]/depth-3/[file].eps"",""filename"":""[redacted:290547fd9f8c].eps""},{""path"":""[redacted:80bb468c3bb1]/depth-3/[file].eps"",""filename"":""[redacted:b09f270ab9cc].eps""}]",[],[],[],[],none_property_aliases_frozen_empty,[],0,0,false,49,49,false,false,false,Peanuts,false,false,true,
afff41a6-df31-4a9a-aea5-b919d1daff54|beach vibes,resolved,afff41a6-df31-4a9a-aea5-b919d1daff54,PEANUTS WORLDWIDE,peanuts,beach vibes,"[[""PEANUTS"",21]]","[[""Beach Vibes"",21]]",21,"[{""path"":""[redacted:a7d61c1ae4b9]/depth-3/[file].eps"",""filename"":""[redacted:820887dcf94b].eps""},{""path"":""[redacted:f6d9a6082a96]/depth-3/[file].eps"",""filename"":""[redacted:44f1b81c324c].eps""},{""path"":""[redacted:ffbfb1f5bbdc]/depth-3/[file].eps"",""filename"":""[redacted:3ed7cb2bf9bc].eps""}]",[],[],[],[],none_property_aliases_frozen_empty,[],0,0,false,21,21,false,false,false,Peanuts,false,false,true,
afff41a6-df31-4a9a-aea5-b919d1daff54|beagle scouts,resolved,afff41a6-df31-4a9a-aea5-b919d1daff54,PEANUTS WORLDWIDE,peanuts,beagle scouts,"[[""PEANUTS"",20]]","[[""Beagle Scouts"",20]]",20,"[{""path"":""[redacted:b0b65c0e33fe]/depth-3/[file].eps"",""filename"":""[redacted:9d31ee94d4e4].eps""},{""path"":""[redacted:ff1ef39d4e76]/depth-3/[file].pdf"",""filename"":""[redacted:2ee153386e5c].pdf""},{""path"":""[redacted:70bee0c0cc68]/depth-3/[file].eps"",""filename"":""[redacted:1635eee97470].eps""}]",[],[],[],[],none_property_aliases_frozen_empty,[],0,0,false,20,20,false,false,false,Peanuts,false,false,true,
afff41a6-df31-4a9a-aea5-b919d1daff54|black and white,resolved,afff41a6-df31-4a9a-aea5-b919d1daff54,PEANUTS WORLDWIDE,peanuts,black and white,"[[""PEANUTS"",19]]","[[""Black and White"",19]]",19,"[{""path"":""[redacted:726d25ad3b54]/depth-3/[file].eps"",""filename"":""[redacted:d7d820ed69f1].eps""},{""path"":""[redacted:9bbacba058e2]/depth-3/[file].eps"",""filename"":""[redacted:096463816ba1].eps""},{""path"":""[redacted:ecf6c480bd81]/depth-3/[file].eps"",""filename"":""[redacted:00e311f3042f].eps""}]",[],[],[],[],none_property_aliases_frozen_empty,[],0,0,false,19,19,false,false,false,Peanuts,false,false,true,
afff41a6-df31-4a9a-aea5-b919d1daff54|boardwalk airbrush,resolved,afff41a6-df31-4a9a-aea5-b919d1daff54,PEANUTS WORLDWIDE,peanuts,boardwalk airbrush,"[[""PEANUTS"",13]]","[[""Boardwalk Airbrush"",13]]",13,"[{""path"":""[redacted:5ab3fa003577]/depth-3/[file].tif"",""filename"":""[redacted:b8cca1096620].tif""},{""path"":""[redacted:9d5af7935a39]/depth-3/[file].tif"",""filename"":""[redacted:6e018555e7fe].tif""},{""path"":""[redacted:cfb93c80c55a]/depth-3/[file].tif"",""filename"":""[redacted:d75dd9025959].tif""}]",[],[],[],[],none_property_aliases_frozen_empty,[],0,0,false,13,13,false,false,false,Peanuts,false,false,true,
afff41a6-df31-4a9a-aea5-b919d1daff54|british invasion,resolved,afff41a6-df31-4a9a-aea5-b919d1daff54,PEANUTS WORLDWIDE,peanuts,british invasion,"[[""PEANUTS"",30]]","[[""British Invasion"",30]]",30,"[{""path"":""[redacted:d053371639a9]/depth-3/[file].eps"",""filename"":""[redacted:3871cf025482].eps""},{""path"":""[redacted:f95510b842a3]/depth-3/[file].eps"",""filename"":""[redacted:59c2f9ac21bb].eps""},{""path"":""[redacted:6730d333d96a]/depth-3/[file].eps"",""filename"":""[redacted:45317a199066].eps""}]",[],[],[],[],none_property_aliases_frozen_empty,[],0,0,false,30,30,false,false,false,Peanuts,false,false,true,
afff41a6-df31-4a9a-aea5-b919d1daff54|brooklyn beach,resolved,afff41a6-df31-4a9a-aea5-b919d1daff54,PEANUTS WORLDWIDE,peanuts,brooklyn beach,"[[""PEANUTS"",36]]","[[""Brooklyn Beach"",36]]",36,"[{""path"":""[redacted:332b5a62f5ca]/depth-3/[file].eps"",""filename"":""[redacted:776417bfb84c].eps""},{""path"":""[redacted:6ca91f36e4c0]/depth-3/[file].eps"",""filename"":""[redacted:0dc320552bd2].eps""},{""path"":""[redacted:007e0679abc7]/depth-3/[file].eps"",""filename"":""[redacted:cd7961c93563].eps""}]",[],[],[],[],none_property_aliases_frozen_empty,[],0,0,false,36,36,false,false,false,Peanuts,false,false,true,
afff41a6-df31-4a9a-aea5-b919d1daff54|calypso beach,resolved,afff41a6-df31-4a9a-aea5-b919d1daff54,PEANUTS WORLDWIDE,peanuts,calypso beach,"[[""PEANUTS"",14]]","[[""Calypso Beach"",14]]",14,"[{""path"":""[redacted:9c9941b2ce8c]/depth-3/[file].eps"",""filename"":""[redacted:7360fb16c5a1].eps""},{""path"":""[redacted:65cee569d520]/depth-3/[file].eps"",""filename"":""[redacted:52c0998ccb6e].eps""},{""path"":""[redacted:8ec9001b8222]/depth-3/[file].eps"",""filename"":""[redacted:bdd4a2a187b1].eps""}]",[],[],[],[],none_property_aliases_frozen_empty,[],0,0,false,14,14,false,false,false,Peanuts,false,false,true,
afff41a6-df31-4a9a-aea5-b919d1daff54|campus fashion,resolved,afff41a6-df31-4a9a-aea5-b919d1daff54,PEANUTS WORLDWIDE,peanuts,campus fashion,"[[""PEANUTS"",17]]","[[""Campus Fashion"",17]]",17,"[{""path"":""[redacted:99a2312c21c9]/depth-3/[file].eps"",""filename"":""[redacted:2c11386450ec].eps""},{""path"":""[redacted:d5613b2602ac]/depth-3/[file].pdf"",""filename"":""[redacted:518a232c72d7].pdf""},{""path"":""[redacted:21ed4f63c5f4]/depth-3/[file].eps"",""filename"":""[redacted:0c53b4cb84df].eps""}]",[],[],[],[],none_property_aliases_frozen_empty,[],0,0,false,17,17,false,false,false,Peanuts,false,false,true,
afff41a6-df31-4a9a-aea5-b919d1daff54|catch a wave,resolved,afff41a6-df31-4a9a-aea5-b919d1daff54,PEANUTS WORLDWIDE,peanuts,catch a wave,"[[""PEANUTS"",21]]","[[""Catch a Wave"",21]]",21,"[{""path"":""[redacted:51078e19ec38]/depth-3/[file].eps"",""filename"":""[redacted:09e488ac4708].eps""},{""path"":""[redacted:ed21557e6511]/depth-3/[file].eps"",""filename"":""[redacted:8f8913b6d0f3].eps""},{""path"":""[redacted:b10c7f0cebbf]/depth-3/[file].eps"",""filename"":""[redacted:1938ec51caef].eps""}]",[],[],[],[],none_property_aliases_frozen_empty,[],0,0,false,21,21,false,false,false,Peanuts,false,false,true,
afff41a6-df31-4a9a-aea5-b919d1daff54|character art,resolved,afff41a6-df31-4a9a-aea5-b919d1daff54,PEANUTS WORLDWIDE,peanuts,character art,"[[""PEANUTS"",15]]","[[""_Character Art"",15]]",15,"[{""path"":""[redacted:dadb9bb468ce]/depth-3/[file].eps"",""filename"":""[redacted:82a11728773a].eps""},{""path"":""[redacted:b96b8d8c249a]/depth-3/[file].eps"",""filename"":""[redacted:1c70a2c19a21].eps""},{""path"":""[redacted:f27678549058]/depth-3/[file].eps"",""filename"":""[redacted:c4ddd05d78c0].eps""}]",[],[],[],[],none_property_aliases_frozen_empty,[],0,0,false,15,15,false,false,false,Peanuts,false,false,true,
afff41a6-df31-4a9a-aea5-b919d1daff54|circus,resolved,afff41a6-df31-4a9a-aea5-b919d1daff54,PEANUTS WORLDWIDE,peanuts,circus,"[[""PEANUTS"",20]]","[[""Circus"",20]]",20,"[{""path"":""[redacted:bf994f0fa006]/depth-3/[file].eps"",""filename"":""[redacted:c5d949a79600].eps""},{""path"":""[redacted:3fc02d5edd42]/depth-3/[file].eps"",""filename"":""[redacted:71c0a7392a91].eps""},{""path"":""[redacted:bd1155bba3ef]/depth-3/[file].eps"",""filename"":""[redacted:03df49536f5f].eps""}]",[],[],[],[],none_property_aliases_frozen_empty,[],0,0,false,20,20,false,false,false,Peanuts,false,false,true,
afff41a6-df31-4a9a-aea5-b919d1daff54|classic comics,resolved,afff41a6-df31-4a9a-aea5-b919d1daff54,PEANUTS WORLDWIDE,peanuts,classic comics,"[[""PEANUTS"",50]]","[[""Classic Comics"",50]]",50,"[{""path"":""[redacted:85a5fbc7e5e8]/depth-3/[file].eps"",""filename"":""[redacted:871be278c71c].eps""},{""path"":""[redacted:9873687e8fb0]/depth-3/[file].eps"",""filename"":""[redacted:1cac975a7acb].eps""},{""path"":""[redacted:46b8d59e8348]/depth-3/[file].eps"",""filename"":""[redacted:7098f75d1136].eps""}]",[],[],[],[],none_property_aliases_frozen_empty,[],0,0,false,50,50,false,false,false,Peanuts,false,false,true,
afff41a6-df31-4a9a-aea5-b919d1daff54|cozy snoopy,resolved,afff41a6-df31-4a9a-aea5-b919d1daff54,PEANUTS WORLDWIDE,peanuts,cozy snoopy,"[[""PEANUTS"",14]]","[[""Cozy Snoopy"",14]]",14,"[{""path"":""[redacted:77ef9bbbbf89]/depth-3/[file].eps"",""filename"":""[redacted:df263ca5c75b].eps""},{""path"":""[redacted:4738d5c3fe05]/depth-3/[file].eps"",""filename"":""[redacted:a6c2ca3327c2].eps""},{""path"":""[redacted:bca4c41a507e]/depth-3/[file].eps"",""filename"":""[redacted:9709fc2b9bdc].eps""}]",[],[],[],[],none_property_aliases_frozen_empty,[],0,0,false,14,14,false,false,false,Peanuts,false,false,true,
afff41a6-df31-4a9a-aea5-b919d1daff54|cute cuddly gray,resolved,afff41a6-df31-4a9a-aea5-b919d1daff54,PEANUTS WORLDWIDE,peanuts,cute cuddly gray,"[[""PEANUTS"",14]]","[[""Cute & Cuddly Gray"",14]]",14,"[{""path"":""[redacted:b08d95638aa1]/depth-3/[file].eps"",""filename"":""[redacted:80a08d6ee7b2].eps""},{""path"":""[redacted:f16087d4bdec]/depth-3/[file].eps"",""filename"":""[redacted:a6c8418f1a69].eps""},{""path"":""[redacted:7a046fea64ec]/depth-3/[file].eps"",""filename"":""[redacted:f622c9321b8d].eps""}]",[],[],[],[],none_property_aliases_frozen_empty,[],0,0,false,14,14,false,false,false,Peanuts,false,false,true,
afff41a6-df31-4a9a-aea5-b919d1daff54|day of the dog,resolved,afff41a6-df31-4a9a-aea5-b919d1daff54,PEANUTS WORLDWIDE,peanuts,day of the dog,"[[""PEANUTS"",17]]","[[""Day of the Dog"",17]]",17,"[{""path"":""[redacted:94d9193458aa]/depth-3/[file].pdf"",""filename"":""[redacted:d1e5af34addf].pdf""},{""path"":""[redacted:a7d9415ca91f]/depth-3/[file].eps"",""filename"":""[redacted:6c066c56dbb3].eps""},{""path"":""[redacted:a61d4b8fcb63]/depth-3/[file].eps"",""filename"":""[redacted:9a4e74a173b9].eps""}]",[],[],[],[],none_property_aliases_frozen_empty,[],0,0,false,17,17,false,false,false,Peanuts,false,false,true,
afff41a6-df31-4a9a-aea5-b919d1daff54|deco dreams,resolved,afff41a6-df31-4a9a-aea5-b919d1daff54,PEANUTS WORLDWIDE,peanuts,deco dreams,"[[""PEANUTS"",22]]","[[""Deco Dreams"",22]]",22,"[{""path"":""[redacted:b77337b7fde4]/depth-3/[file].eps"",""filename"":""[redacted:10921280d9b9].eps""},{""path"":""[redacted:e396d89809ef]/depth-3/[file].eps"",""filename"":""[redacted:db65c5425fa6].eps""},{""path"":""[redacted:d75b6d6f831b]/depth-3/[file].eps"",""filename"":""[redacted:e9371ba51115].eps""}]",[],[],[],[],none_property_aliases_frozen_empty,[],0,0,false,22,22,false,false,false,Peanuts,false,false,true,
afff41a6-df31-4a9a-aea5-b919d1daff54|deep space,resolved,afff41a6-df31-4a9a-aea5-b919d1daff54,PEANUTS WORLDWIDE,peanuts,deep space,"[[""PEANUTS"",20]]","[[""Deep Space"",20]]",20,"[{""path"":""[redacted:a3cfadba0e54]/depth-3/[file].eps"",""filename"":""[redacted:1c3c92301b30].eps""},{""path"":""[redacted:abbde314d0bd]/depth-3/[file].eps"",""filename"":""[redacted:99ced0dab355].eps""},{""path"":""[redacted:ef1a3fd487ab]/depth-3/[file].pdf"",""filename"":""[redacted:017f7000f9ab].pdf""}]",[],[],[],[],none_property_aliases_frozen_empty,[],0,0,false,20,20,false,false,false,Peanuts,false,false,true,
afff41a6-df31-4a9a-aea5-b919d1daff54|doodles,resolved,afff41a6-df31-4a9a-aea5-b919d1daff54,PEANUTS WORLDWIDE,peanuts,doodles,"[[""PEANUTS"",32]]","[[""Doodles"",32]]",32,"[{""path"":""[redacted:379f2e0ccde9]/depth-3/[file].eps"",""filename"":""[redacted:5ec955b4d84a].eps""},{""path"":""[redacted:999fb3d3f400]/depth-3/[file].eps"",""filename"":""[redacted:fe3551f150a5].eps""},{""path"":""[redacted:a22201b18add]/depth-3/[file].eps"",""filename"":""[redacted:49be39ccb00f].eps""}]",[],[],[],[],none_property_aliases_frozen_empty,[],0,0,false,32,32,false,false,false,Peanuts,false,false,true,
afff41a6-df31-4a9a-aea5-b919d1daff54|dreams in wonderland,resolved,afff41a6-df31-4a9a-aea5-b919d1daff54,PEANUTS WORLDWIDE,peanuts,dreams in wonderland,"[[""PEANUTS"",17]]","[[""Dreams In Wonderland"",17]]",17,"[{""path"":""[redacted:04e077088b2e]/depth-3/[file].eps"",""filename"":""[redacted:ac0be4f3fa7a].eps""},{""path"":""[redacted:fd07f14d4746]/depth-3/[file].eps"",""filename"":""[redacted:c0126f65625b].eps""},{""path"":""[redacted:cb9b7c83ada7]/depth-3/[file].eps"",""filename"":""[redacted:93b385eec4e4].eps""}]",[],[],[],[],none_property_aliases_frozen_empty,[],0,0,false,17,17,false,false,false,Peanuts,false,false,true,
afff41a6-df31-4a9a-aea5-b919d1daff54|editorial,resolved,afff41a6-df31-4a9a-aea5-b919d1daff54,PEANUTS WORLDWIDE,peanuts,editorial,"[[""PEANUTS"",1]]","[[""_Editorial"",1]]",1,"[{""path"":""[redacted:bb50bcb5dc82]/depth-3/[file].xlsx"",""filename"":""[redacted:6d91de35a9d7].xlsx""}]",[],[],[],[],none_property_aliases_frozen_empty,[],0,0,false,2,1,false,false,false,Peanuts,false,false,true,
afff41a6-df31-4a9a-aea5-b919d1daff54|flair,resolved,afff41a6-df31-4a9a-aea5-b919d1daff54,PEANUTS WORLDWIDE,peanuts,flair,"[[""PEANUTS"",113]]","[[""Flair"",113]]",113,"[{""path"":""[redacted:7d7cd1087a49]/depth-3/[file].ai"",""filename"":""[redacted:085cb5b878f1].ai""},{""path"":""[redacted:bf78da6026af]/depth-3/[file].ai"",""filename"":""[redacted:32ac91c1da26].ai""},{""path"":""[redacted:ddbef7ab716b]/depth-3/[file].ai"",""filename"":""[redacted:bb5516fd96f3].ai""}]",[],[],[],[],none_property_aliases_frozen_empty,[],0,0,false,113,113,false,false,false,Peanuts,false,false,true,
afff41a6-df31-4a9a-aea5-b919d1daff54|graffiti,resolved,afff41a6-df31-4a9a-aea5-b919d1daff54,PEANUTS WORLDWIDE,peanuts,graffiti,"[[""PEANUTS"",27]]","[[""Graffiti"",27]]",27,"[{""path"":""[redacted:0f0cbf93ad29]/depth-3/[file].ai"",""filename"":""[redacted:0ea503b4a9c6].ai""},{""path"":""[redacted:25cf30b4abe0]/depth-3/[file].ai"",""filename"":""[redacted:a0b208052866].ai""},{""path"":""[redacted:2252f8d315eb]/depth-3/[file].ai"",""filename"":""[redacted:891faf1ba421].ai""}]",[],[],[],[],none_property_aliases_frozen_empty,[],0,0,false,27,27,false,false,false,Peanuts,false,false,true,
afff41a6-df31-4a9a-aea5-b919d1daff54|groovy vibes,resolved,afff41a6-df31-4a9a-aea5-b919d1daff54,PEANUTS WORLDWIDE,peanuts,groovy vibes,"[[""PEANUTS"",17]]","[[""Groovy Vibes"",17]]",17,"[{""path"":""[redacted:c9378aa43043]/depth-3/[file].eps"",""filename"":""[redacted:d880d542f35a].eps""},{""path"":""[redacted:1a73c4436d73]/depth-3/[file].eps"",""filename"":""[redacted:9e3715e6c516].eps""},{""path"":""[redacted:c48a6a8709b8]/depth-3/[file].eps"",""filename"":""[redacted:a90007abda23].eps""}]",[],[],[],[],none_property_aliases_frozen_empty,[],0,0,false,17,17,false,false,false,Peanuts,false,false,true,
afff41a6-df31-4a9a-aea5-b919d1daff54|half laugh,resolved,afff41a6-df31-4a9a-aea5-b919d1daff54,PEANUTS WORLDWIDE,peanuts,half laugh,"[[""PEANUTS"",26]]","[[""Half & Laugh"",26]]",26,"[{""path"":""[redacted:8effced7ce49]/depth-3/[file].eps"",""filename"":""[redacted:f85bb5472338].eps""},{""path"":""[redacted:e15a76d5e9a1]/depth-3/[file].eps"",""filename"":""[redacted:945d5b41b8dd].eps""},{""path"":""[redacted:0c9698b6df8c]/depth-3/[file].eps"",""filename"":""[redacted:5cd4c4f5eaff].eps""}]",[],[],[],[],none_property_aliases_frozen_empty,[],0,0,false,26,26,false,false,false,Peanuts,false,false,true,
afff41a6-df31-4a9a-aea5-b919d1daff54|holiday,resolved,afff41a6-df31-4a9a-aea5-b919d1daff54,PEANUTS WORLDWIDE,peanuts,holiday,"[[""PEANUTS"",598]]","[[""_Holiday"",598]]",598,"[{""path"":""[redacted:52475d73e4d8]/depth-5/[file].ai"",""filename"":""[redacted:26180b3a471c].ai""},{""path"":""[redacted:080c5b0e3518]/depth-5/[file].eps"",""filename"":""[redacted:96cc0fc6fe87].eps""},{""path"":""[redacted:69a916bd083a]/depth-5/[file].eps"",""filename"":""[redacted:954d47d28430].eps""}]",[],[],[],[],none_property_aliases_frozen_empty,[],0,0,false,626,598,false,false,false,Peanuts,false,false,true,
afff41a6-df31-4a9a-aea5-b919d1daff54|i am charlie brown,resolved,afff41a6-df31-4a9a-aea5-b919d1daff54,PEANUTS WORLDWIDE,peanuts,i am charlie brown,"[[""PEANUTS"",53]]","[[""I am Charlie Brown"",53]]",53,"[{""path"":""[redacted:da9fbebdbcf9]/depth-3/[file].eps"",""filename"":""[redacted:3d61ddf8ec89].eps""},{""path"":""[redacted:f17230d97aa6]/depth-3/[file].eps"",""filename"":""[redacted:dd21f734770e].eps""},{""path"":""[redacted:74997c78d1f0]/depth-3/[file].eps"",""filename"":""[redacted:d7f0f65a4351].eps""}]",[],[],[],[],none_property_aliases_frozen_empty,[],0,0,false,53,53,false,false,false,Peanuts,false,false,true,
afff41a6-df31-4a9a-aea5-b919d1daff54|idea box,resolved,afff41a6-df31-4a9a-aea5-b919d1daff54,PEANUTS WORLDWIDE,peanuts,idea box,"[[""PEANUTS"",123]]","[[""Idea Box"",123]]",123,"[{""path"":""[redacted:00bbc1f7618d]/depth-3/[file].eps"",""filename"":""[redacted:f5a2325f2721].eps""},{""path"":""[redacted:1c8e0a3e92e4]/depth-3/[file].eps"",""filename"":""[redacted:bd0d203377bf].eps""},{""path"":""[redacted:12319b8d16a6]/depth-3/[file].eps"",""filename"":""[redacted:3be60b0531d6].eps""}]",[],[],[],[],none_property_aliases_frozen_empty,[],0,0,false,123,123,false,false,false,Peanuts,false,false,true,
afff41a6-df31-4a9a-aea5-b919d1daff54|illustrating nature,resolved,afff41a6-df31-4a9a-aea5-b919d1daff54,PEANUTS WORLDWIDE,peanuts,illustrating nature,"[[""PEANUTS"",29]]","[[""Illustrating Nature"",29]]",29,"[{""path"":""[redacted:f17904e3b40b]/depth-3/[file].eps"",""filename"":""[redacted:6e9e4d8d0414].eps""},{""path"":""[redacted:cd89248f57ed]/depth-3/[file].eps"",""filename"":""[redacted:02c557718e02].eps""},{""path"":""[redacted:e539d797a4f5]/depth-3/[file].eps"",""filename"":""[redacted:2817185e6ecd].eps""}]",[],[],[],[],none_property_aliases_frozen_empty,[],0,0,false,29,29,false,false,false,Peanuts,false,false,true,
afff41a6-df31-4a9a-aea5-b919d1daff54|in bloom,resolved,afff41a6-df31-4a9a-aea5-b919d1daff54,PEANUTS WORLDWIDE,peanuts,in bloom,"[[""PEANUTS"",12]]","[[""In Bloom"",12]]",12,"[{""path"":""[redacted:f6eabf963270]/depth-3/[file].eps"",""filename"":""[redacted:12a9e7dbc792].eps""},{""path"":""[redacted:f3b7234e2270]/depth-3/[file].eps"",""filename"":""[redacted:02303a5e19d4].eps""},{""path"":""[redacted:7803cf070dfe]/depth-3/[file].eps"",""filename"":""[redacted:1dfa7b2d4a91].eps""}]",[],[],[],[],none_property_aliases_frozen_empty,[],0,0,false,12,12,false,false,false,Peanuts,false,false,true,
afff41a6-df31-4a9a-aea5-b919d1daff54|joe cool 50 years,resolved,afff41a6-df31-4a9a-aea5-b919d1daff54,PEANUTS WORLDWIDE,peanuts,joe cool 50 years,"[[""PEANUTS"",18]]","[[""Joe Cool 50 Years"",18]]",18,"[{""path"":""[redacted:16cb95a2e44b]/depth-3/[file].eps"",""filename"":""[redacted:fa9433caa030].eps""},{""path"":""[redacted:9236709b7a00]/depth-3/[file].eps"",""filename"":""[redacted:ecd9e94d524d].eps""},{""path"":""[redacted:70d784fba1cb]/depth-3/[file].eps"",""filename"":""[redacted:5a8cd2361c74].eps""}]",[],[],[],[],none_property_aliases_frozen_empty,[],0,0,false,18,18,false,false,false,Peanuts,false,false,true,
afff41a6-df31-4a9a-aea5-b919d1daff54|jungle adventure,resolved,afff41a6-df31-4a9a-aea5-b919d1daff54,PEANUTS WORLDWIDE,peanuts,jungle adventure,"[[""PEANUTS"",14]]","[[""Jungle Adventure"",14]]",14,"[{""path"":""[redacted:e30639276527]/depth-3/[file].eps"",""filename"":""[redacted:f710e72aebee].eps""},{""path"":""[redacted:544f1be0902e]/depth-3/[file].eps"",""filename"":""[redacted:a773549fc1a5].eps""},{""path"":""[redacted:67da61d66110]/depth-3/[file].eps"",""filename"":""[redacted:b4108c247c90].eps""}]",[],[],[],[],none_property_aliases_frozen_empty,[],0,0,false,14,14,false,false,false,Peanuts,false,false,true,
afff41a6-df31-4a9a-aea5-b919d1daff54|just add sprinkles,resolved,afff41a6-df31-4a9a-aea5-b919d1daff54,PEANUTS WORLDWIDE,peanuts,just add sprinkles,"[[""PEANUTS"",18]]","[[""Just Add Sprinkles"",18]]",18,"[{""path"":""[redacted:807916117519]/depth-3/[file].eps"",""filename"":""[redacted:0079e4674897].eps""},{""path"":""[redacted:3f56a37ba42d]/depth-3/[file].eps"",""filename"":""[redacted:3bc38ece705d].eps""},{""path"":""[redacted:0fd7c741205d]/depth-3/[file].eps"",""filename"":""[redacted:a1a1eef23bc1].eps""}]",[],[],[],[],none_property_aliases_frozen_empty,[],0,0,false,18,18,false,false,false,Peanuts,false,false,true,
afff41a6-df31-4a9a-aea5-b919d1daff54|little painters,resolved,afff41a6-df31-4a9a-aea5-b919d1daff54,PEANUTS WORLDWIDE,peanuts,little painters,"[[""PEANUTS"",18]]","[[""Little Painters"",18]]",18,"[{""path"":""[redacted:5fb51ca2de62]/depth-3/[file].eps"",""filename"":""[redacted:1bbe8c012f50].eps""},{""path"":""[redacted:34935e125f3b]/depth-3/[file].eps"",""filename"":""[redacted:01e6328901bd].eps""},{""path"":""[redacted:872d5dc6119a]/depth-3/[file].eps"",""filename"":""[redacted:b1c75862616d].eps""}]",[],[],[],[],none_property_aliases_frozen_empty,[],0,0,false,18,18,false,false,false,Peanuts,false,false,true,
afff41a6-df31-4a9a-aea5-b919d1daff54|love is in bloom,resolved,afff41a6-df31-4a9a-aea5-b919d1daff54,PEANUTS WORLDWIDE,peanuts,love is in bloom,"[[""PEANUTS"",35]]","[[""Love is in Bloom"",35]]",35,"[{""path"":""[redacted:b91c64eeb59b]/depth-3/[file].eps"",""filename"":""[redacted:9df00a6342a5].eps""},{""path"":""[redacted:6f40eb382864]/depth-3/[file].eps"",""filename"":""[redacted:c7f006c069ff].eps""},{""path"":""[redacted:1b4250ce6456]/depth-3/[file].eps"",""filename"":""[redacted:f734893afae1].eps""}]",[],[],[],[],none_property_aliases_frozen_empty,[],0,0,false,35,35,false,false,false,Peanuts,false,false,true,
afff41a6-df31-4a9a-aea5-b919d1daff54|many faces of snoopy beagle scout,resolved,afff41a6-df31-4a9a-aea5-b919d1daff54,PEANUTS WORLDWIDE,peanuts,many faces of snoopy beagle scout,"[[""PEANUTS"",22]]","[[""Many Faces of Snoopy - Beagle Scout"",22]]",22,"[{""path"":""[redacted:682699b55322]/depth-3/[file].eps"",""filename"":""[redacted:ee3269c1a658].eps""},{""path"":""[redacted:9c54eed9d518]/depth-3/[file].eps"",""filename"":""[redacted:0beeed2c94a2].eps""},{""path"":""[redacted:07eedae792ee]/depth-3/[file].eps"",""filename"":""[redacted:6e7a70704a11].eps""}]",[],[],[],[],none_property_aliases_frozen_empty,[],0,0,false,22,22,false,false,false,Peanuts,false,false,true,
afff41a6-df31-4a9a-aea5-b919d1daff54|many faces of snoopy fierce pirate,resolved,afff41a6-df31-4a9a-aea5-b919d1daff54,PEANUTS WORLDWIDE,peanuts,many faces of snoopy fierce pirate,"[[""PEANUTS"",24]]","[[""Many Faces of Snoopy - Fierce Pirate"",24]]",24,"[{""path"":""[redacted:7c503814122a]/depth-3/[file].eps"",""filename"":""[redacted:db94ee12957e].eps""},{""path"":""[redacted:1a83b09c71a1]/depth-3/[file].eps"",""filename"":""[redacted:6d09e899210e].eps""},{""path"":""[redacted:4ed792517968]/depth-3/[file].eps"",""filename"":""[redacted:7141f617a426].eps""}]",[],[],[],[],none_property_aliases_frozen_empty,[],0,0,false,24,24,false,false,false,Peanuts,false,false,true,
afff41a6-df31-4a9a-aea5-b919d1daff54|many faces of snoopy flash beagle,resolved,afff41a6-df31-4a9a-aea5-b919d1daff54,PEANUTS WORLDWIDE,peanuts,many faces of snoopy flash beagle,"[[""PEANUTS"",23]]","[[""Many Faces of Snoopy - Flash Beagle"",23]]",23,"[{""path"":""[redacted:c71a99ddc89b]/depth-3/[file].eps"",""filename"":""[redacted:202f0c5d06c5].eps""},{""path"":""[redacted:9bcb3f600ce3]/depth-3/[file].eps"",""filename"":""[redacted:75681f064862].eps""},{""path"":""[redacted:08a26af65315]/depth-3/[file].eps"",""filename"":""[redacted:4e4c5f086604].eps""}]",[],[],[],[],none_property_aliases_frozen_empty,[],0,0,false,23,23,false,false,false,Peanuts,false,false,true,
afff41a6-df31-4a9a-aea5-b919d1daff54|many faces of snoopy flying ace,resolved,afff41a6-df31-4a9a-aea5-b919d1daff54,PEANUTS WORLDWIDE,peanuts,many faces of snoopy flying ace,"[[""PEANUTS"",28]]","[[""Many Faces of Snoopy - Flying Ace"",28]]",28,"[{""path"":""[redacted:f26f954dd414]/depth-3/[file].eps"",""filename"":""[redacted:9ff51f58dae0].eps""},{""path"":""[redacted:173b5802571f]/depth-3/[file].eps"",""filename"":""[redacted:15a91b720b74].eps""},{""path"":""[redacted:b03827ed5138]/depth-3/[file].eps"",""filename"":""[redacted:750411c3f1b1].eps""}]",[],[],[],[],none_property_aliases_frozen_empty,[],0,0,false,28,28,false,false,false,Peanuts,false,false,true,
afff41a6-df31-4a9a-aea5-b919d1daff54|many faces of snoopy joe cool,resolved,afff41a6-df31-4a9a-aea5-b919d1daff54,PEANUTS WORLDWIDE,peanuts,many faces of snoopy joe cool,"[[""PEANUTS"",20]]","[[""Many Faces of Snoopy - Joe Cool"",20]]",20,"[{""path"":""[redacted:d7f2b54dc9a5]/depth-3/[file].eps"",""filename"":""[redacted:2ef7622a4901].eps""},{""path"":""[redacted:e9ddebf7b5b4]/depth-3/[file].eps"",""filename"":""[redacted:a51def4a486a].eps""},{""path"":""[redacted:727b88a8c79f]/depth-3/[file].eps"",""filename"":""[redacted:51d17fc0999a].eps""}]",[],[],[],[],none_property_aliases_frozen_empty,[],0,0,false,20,20,false,false,false,Peanuts,false,false,true,
afff41a6-df31-4a9a-aea5-b919d1daff54|many faces of snoopy joe preppy,resolved,afff41a6-df31-4a9a-aea5-b919d1daff54,PEANUTS WORLDWIDE,peanuts,many faces of snoopy joe preppy,"[[""PEANUTS"",27]]","[[""Many Faces of Snoopy - Joe Preppy"",27]]",27,"[{""path"":""[redacted:ca884ccb9515]/depth-3/[file].eps"",""filename"":""[redacted:41b3210e48c1].eps""},{""path"":""[redacted:df48370f21fb]/depth-3/[file].eps"",""filename"":""[redacted:b0c14f5cb8b9].eps""},{""path"":""[redacted:3455b7efd154]/depth-3/[file].eps"",""filename"":""[redacted:7551ff4fef3a].eps""}]",[],[],[],[],none_property_aliases_frozen_empty,[],0,0,false,27,27,false,false,false,Peanuts,false,false,true,
afff41a6-df31-4a9a-aea5-b919d1daff54|many faces of snoopy masked marvel,resolved,afff41a6-df31-4a9a-aea5-b919d1daff54,PEANUTS WORLDWIDE,peanuts,many faces of snoopy masked marvel,"[[""PEANUTS"",20]]","[[""Many Faces of Snoopy - Masked Marvel"",20]]",20,"[{""path"":""[redacted:9bdadcf8317f]/depth-3/[file].eps"",""filename"":""[redacted:84aef0e8fe4d].eps""},{""path"":""[redacted:68259a0e9473]/depth-3/[file].eps"",""filename"":""[redacted:7d972c145bdb].eps""},{""path"":""[redacted:c7f8928ae1d5]/depth-3/[file].eps"",""filename"":""[redacted:80a6ad1c3d14].eps""}]",[],[],[],[],none_property_aliases_frozen_empty,[],0,0,false,20,20,false,false,false,Peanuts,false,false,true,
afff41a6-df31-4a9a-aea5-b919d1daff54|many faces of snoopy secret agent,resolved,afff41a6-df31-4a9a-aea5-b919d1daff54,PEANUTS WORLDWIDE,peanuts,many faces of snoopy secret agent,"[[""PEANUTS"",19]]","[[""Many Faces of Snoopy - Secret Agent"",19]]",19,"[{""path"":""[redacted:67a7f5071bc6]/depth-3/[file].eps"",""filename"":""[redacted:b685997537d5].eps""},{""path"":""[redacted:8081892f73e0]/depth-3/[file].eps"",""filename"":""[redacted:4e0a7ccb2861].eps""},{""path"":""[redacted:3360c991ae87]/depth-3/[file].eps"",""filename"":""[redacted:4cbe1d84650f].eps""}]",[],[],[],[],none_property_aliases_frozen_empty,[],0,0,false,19,19,false,false,false,Peanuts,false,false,true,
afff41a6-df31-4a9a-aea5-b919d1daff54|mod for you,resolved,afff41a6-df31-4a9a-aea5-b919d1daff54,PEANUTS WORLDWIDE,peanuts,mod for you,"[[""PEANUTS"",23]]","[[""Mod For You"",23]]",23,"[{""path"":""[redacted:0dd9ecb7c036]/depth-3/[file].eps"",""filename"":""[redacted:0f7685c05b6d].eps""},{""path"":""[redacted:3a931c105d0d]/depth-3/[file].eps"",""filename"":""[redacted:9eb97f613c23].eps""},{""path"":""[redacted:6166e0bf3bf0]/depth-3/[file].eps"",""filename"":""[redacted:8833c3154c0a].eps""}]",[],[],[],[],none_property_aliases_frozen_empty,[],0,0,false,23,23,false,false,false,Peanuts,false,false,true,
afff41a6-df31-4a9a-aea5-b919d1daff54|naturally sweet,resolved,afff41a6-df31-4a9a-aea5-b919d1daff54,PEANUTS WORLDWIDE,peanuts,naturally sweet,"[[""PEANUTS"",17]]","[[""Naturally Sweet"",17]]",17,"[{""path"":""[redacted:47b1a91b2f1d]/depth-3/[file].eps"",""filename"":""[redacted:62f24c3ac8eb].eps""},{""path"":""[redacted:b1aad499eb48]/depth-3/[file].eps"",""filename"":""[redacted:9ef21c7213f5].eps""},{""path"":""[redacted:27c35c5c9e80]/depth-3/[file].eps"",""filename"":""[redacted:603bab865ea8].eps""}]",[],[],[],[],none_property_aliases_frozen_empty,[],0,0,false,17,17,false,false,false,Peanuts,false,false,true,
afff41a6-df31-4a9a-aea5-b919d1daff54|nautical,resolved,afff41a6-df31-4a9a-aea5-b919d1daff54,PEANUTS WORLDWIDE,peanuts,nautical,"[[""PEANUTS"",18]]","[[""Nautical"",18]]",18,"[{""path"":""[redacted:4a4e6c932a09]/depth-3/[file].eps"",""filename"":""[redacted:a8f1190862b2].eps""},{""path"":""[redacted:cb81fa66cc58]/depth-3/[file].eps"",""filename"":""[redacted:faa9d928ef37].eps""},{""path"":""[redacted:ddc9cf7f8e8b]/depth-3/[file].eps"",""filename"":""[redacted:7654038679ea].eps""}]",[],[],[],[],none_property_aliases_frozen_empty,[],0,0,false,18,18,false,false,false,Peanuts,false,false,true,
afff41a6-df31-4a9a-aea5-b919d1daff54|nautical snoopy,resolved,afff41a6-df31-4a9a-aea5-b919d1daff54,PEANUTS WORLDWIDE,peanuts,nautical snoopy,"[[""PEANUTS"",26]]","[[""Nautical Snoopy"",26]]",26,"[{""path"":""[redacted:77b5d5f0ef5c]/depth-3/[file].eps"",""filename"":""[redacted:245519248ae8].eps""},{""path"":""[redacted:d4147a809ff6]/depth-3/[file].eps"",""filename"":""[redacted:9d34016c3381].eps""},{""path"":""[redacted:2b266518810c]/depth-3/[file].eps"",""filename"":""[redacted:a980833a96f2].eps""}]",[],[],[],[],none_property_aliases_frozen_empty,[],0,0,false,26,26,false,false,false,Peanuts,false,false,true,
afff41a6-df31-4a9a-aea5-b919d1daff54|neon static,resolved,afff41a6-df31-4a9a-aea5-b919d1daff54,PEANUTS WORLDWIDE,peanuts,neon static,"[[""PEANUTS"",34]]","[[""Neon Static"",34]]",34,"[{""path"":""[redacted:9eef19f6a1b1]/depth-3/[file].eps"",""filename"":""[redacted:c4a77a6fa0bb].eps""},{""path"":""[redacted:ee3239c726cd]/depth-3/[file].eps"",""filename"":""[redacted:c2f3c7dcf42d].eps""},{""path"":""[redacted:111e06915ede]/depth-3/[file].eps"",""filename"":""[redacted:e672af578535].eps""}]",[],[],[],[],none_property_aliases_frozen_empty,[],0,0,false,34,34,false,false,false,Peanuts,false,false,true,
afff41a6-df31-4a9a-aea5-b919d1daff54|nestled in the mountains,resolved,afff41a6-df31-4a9a-aea5-b919d1daff54,PEANUTS WORLDWIDE,peanuts,nestled in the mountains,"[[""PEANUTS"",20]]","[[""Nestled in the Mountains"",20]]",20,"[{""path"":""[redacted:e5285d2484ed]/depth-3/[file].eps"",""filename"":""[redacted:ae871ed41a5e].eps""},{""path"":""[redacted:284cd59d0501]/depth-3/[file].eps"",""filename"":""[redacted:08f8f3d56e2f].eps""},{""path"":""[redacted:4f4ef719d547]/depth-3/[file].eps"",""filename"":""[redacted:46c62bedaba6].eps""}]",[],[],[],[],none_property_aliases_frozen_empty,[],0,0,false,20,20,false,false,false,Peanuts,false,false,true,
afff41a6-df31-4a9a-aea5-b919d1daff54|new formations,resolved,afff41a6-df31-4a9a-aea5-b919d1daff54,PEANUTS WORLDWIDE,peanuts,new formations,"[[""PEANUTS"",19]]","[[""New Formations"",19]]",19,"[{""path"":""[redacted:49f4e3719084]/depth-3/[file].eps"",""filename"":""[redacted:8d63b2f4069e].eps""},{""path"":""[redacted:1841df5b0c09]/depth-3/[file].eps"",""filename"":""[redacted:9c1e26ecb4b7].eps""},{""path"":""[redacted:4e287bb52efe]/depth-3/[file].eps"",""filename"":""[redacted:5d2de1237999].eps""}]",[],[],[],[],none_property_aliases_frozen_empty,[],0,0,false,19,19,false,false,false,Peanuts,false,false,true,
afff41a6-df31-4a9a-aea5-b919d1daff54|ok to be,resolved,afff41a6-df31-4a9a-aea5-b919d1daff54,PEANUTS WORLDWIDE,peanuts,ok to be,"[[""PEANUTS"",8]]","[[""OK to Be"",8]]",8,"[{""path"":""[redacted:10010ef094fc]/depth-3/[file].eps"",""filename"":""[redacted:dcdc5eb61629].eps""},{""path"":""[redacted:f1f460f2c0a4]/depth-3/[file].eps"",""filename"":""[redacted:57d160fadc73].eps""},{""path"":""[redacted:be235a8385c6]/depth-3/[file].eps"",""filename"":""[redacted:00437534838e].eps""}]",[],[],[],[],none_property_aliases_frozen_empty,[],0,0,false,8,8,false,false,false,Peanuts,false,false,true,
afff41a6-df31-4a9a-aea5-b919d1daff54|out west,resolved,afff41a6-df31-4a9a-aea5-b919d1daff54,PEANUTS WORLDWIDE,peanuts,out west,"[[""PEANUTS"",18]]","[[""Out West"",18]]",18,"[{""path"":""[redacted:f096c0133d11]/depth-3/[file].eps"",""filename"":""[redacted:9ad8556659bf].eps""},{""path"":""[redacted:7971771111af]/depth-3/[file].tif"",""filename"":""[redacted:45fac8a47dc4].tif""},{""path"":""[redacted:81c8b0aec182]/depth-3/[file].eps"",""filename"":""[redacted:922f93dd1b21].eps""}]",[],[],[],[],none_property_aliases_frozen_empty,[],0,0,false,18,18,false,false,false,Peanuts,false,false,true,
afff41a6-df31-4a9a-aea5-b919d1daff54|outdoor fun,resolved,afff41a6-df31-4a9a-aea5-b919d1daff54,PEANUTS WORLDWIDE,peanuts,outdoor fun,"[[""PEANUTS"",14]]","[[""Outdoor Fun"",14]]",14,"[{""path"":""[redacted:8af6e67c740e]/depth-3/[file].eps"",""filename"":""[redacted:5b93dcf924b4].eps""},{""path"":""[redacted:409c29a255d0]/depth-3/[file].eps"",""filename"":""[redacted:4ba00219a25e].eps""},{""path"":""[redacted:a6e22fba1025]/depth-3/[file].eps"",""filename"":""[redacted:f158d6b15774].eps""}]",[],[],[],[],none_property_aliases_frozen_empty,[],0,0,false,14,14,false,false,false,Peanuts,false,false,true,
afff41a6-df31-4a9a-aea5-b919d1daff54|packaging,resolved,afff41a6-df31-4a9a-aea5-b919d1daff54,PEANUTS WORLDWIDE,peanuts,packaging,"[[""PEANUTS"",39]]","[[""_Packaging"",39]]",39,"[{""path"":""[redacted:1770a601141e]/depth-4/[file].ai"",""filename"":""[redacted:00d28b854963].ai""},{""path"":""[redacted:eeba0d0f727b]/depth-3/[file].ai"",""filename"":""[redacted:0a4dd85ca01b].ai""},{""path"":""[redacted:9a0d837bde88]/depth-4/[file].ai"",""filename"":""[redacted:73c310eca1ed].ai""}]",[],[],[],[],none_property_aliases_frozen_empty,[],0,0,false,77,39,false,false,false,Peanuts,false,false,true,
afff41a6-df31-4a9a-aea5-b919d1daff54|party animal,resolved,afff41a6-df31-4a9a-aea5-b919d1daff54,PEANUTS WORLDWIDE,peanuts,party animal,"[[""PEANUTS"",2]]","[[""Party Animal"",2]]",2,"[{""path"":""[redacted:099b005de859]/depth-3/[file].eps"",""filename"":""[redacted:be4f95d1d320].eps""},{""path"":""[redacted:015151fb2d3b]/depth-3/[file].eps"",""filename"":""[redacted:12829f9fe8b9].eps""}]",[],[],[],[],none_property_aliases_frozen_empty,[],0,0,false,2,2,false,false,false,Peanuts,false,false,true,
afff41a6-df31-4a9a-aea5-b919d1daff54|peanuts records,resolved,afff41a6-df31-4a9a-aea5-b919d1daff54,PEANUTS WORLDWIDE,peanuts,peanuts records,"[[""PEANUTS"",17]]","[[""Peanuts Records"",17]]",17,"[{""path"":""[redacted:d15feeaeb905]/depth-3/[file].eps"",""filename"":""[redacted:e36fb783dcae].eps""},{""path"":""[redacted:386a94d88b06]/depth-3/[file].eps"",""filename"":""[redacted:dfb0241f03e0].eps""},{""path"":""[redacted:a0a09f50d7f2]/depth-3/[file].eps"",""filename"":""[redacted:67db8349bfe2].eps""}]",[],[],[],[],none_property_aliases_frozen_empty,"[""4a9b6b9b-7f12-45fa-b901-5cc274a6e4b0""]",0,0,false,34,17,false,false,false,Peanuts,false,false,true,
afff41a6-df31-4a9a-aea5-b919d1daff54|pink rebelion,resolved,afff41a6-df31-4a9a-aea5-b919d1daff54,PEANUTS WORLDWIDE,peanuts,pink rebelion,"[[""PEANUTS"",20]]","[[""Pink Rebelion"",20]]",20,"[{""path"":""[redacted:efb48aa6ce2d]/depth-3/[file].eps"",""filename"":""[redacted:1e18bef85374].eps""},{""path"":""[redacted:53c68922d59f]/depth-3/[file].eps"",""filename"":""[redacted:9a3e54845bec].eps""},{""path"":""[redacted:6c321c05a31e]/depth-3/[file].eps"",""filename"":""[redacted:b43e05944604].eps""}]",[],[],[],[],none_property_aliases_frozen_empty,[],0,0,false,20,20,false,false,false,Peanuts,false,false,true,
afff41a6-df31-4a9a-aea5-b919d1daff54|play dream giggle,resolved,afff41a6-df31-4a9a-aea5-b919d1daff54,PEANUTS WORLDWIDE,peanuts,play dream giggle,"[[""PEANUTS"",25]]","[[""Play Dream Giggle"",25]]",25,"[{""path"":""[redacted:870a94e94369]/depth-3/[file].eps"",""filename"":""[redacted:79ef5b9c6174].eps""},{""path"":""[redacted:8e47dfddcfc3]/depth-3/[file].eps"",""filename"":""[redacted:c06fb00596ca].eps""},{""path"":""[redacted:5dfeeaf70936]/depth-3/[file].eps"",""filename"":""[redacted:c38aca31a0b9].eps""}]",[],[],[],[],none_property_aliases_frozen_empty,[],0,0,false,25,25,false,false,false,Peanuts,false,false,true,
afff41a6-df31-4a9a-aea5-b919d1daff54|playtime,resolved,afff41a6-df31-4a9a-aea5-b919d1daff54,PEANUTS WORLDWIDE,peanuts,playtime,"[[""PEANUTS"",42]]","[[""Playtime"",42]]",42,"[{""path"":""[redacted:6dfe2367bd36]/depth-3/[file].eps"",""filename"":""[redacted:7b43e1d7d9d6].eps""},{""path"":""[redacted:3f786869d38b]/depth-3/[file].eps"",""filename"":""[redacted:e15706a35c29].eps""},{""path"":""[redacted:e6c839daf508]/depth-3/[file].eps"",""filename"":""[redacted:d2e246341653].eps""}]",[],[],[],[],none_property_aliases_frozen_empty,[],0,0,false,42,42,false,false,false,Peanuts,false,false,true,
afff41a6-df31-4a9a-aea5-b919d1daff54|playtime naptime,resolved,afff41a6-df31-4a9a-aea5-b919d1daff54,PEANUTS WORLDWIDE,peanuts,playtime naptime,"[[""PEANUTS"",35]]","[[""Playtime Naptime"",35]]",35,"[{""path"":""[redacted:071130edd7c5]/depth-3/[file].eps"",""filename"":""[redacted:d80906809c43].eps""},{""path"":""[redacted:2a06aacbdf6e]/depth-3/[file].eps"",""filename"":""[redacted:a854e0cfad61].eps""},{""path"":""[redacted:ed1614a9e1cd]/depth-3/[file].eps"",""filename"":""[redacted:a8e76b5d43fa].eps""}]",[],[],[],[],none_property_aliases_frozen_empty,[],0,0,false,35,35,false,false,false,Peanuts,false,false,true,
afff41a6-df31-4a9a-aea5-b919d1daff54|posh sports,resolved,afff41a6-df31-4a9a-aea5-b919d1daff54,PEANUTS WORLDWIDE,peanuts,posh sports,"[[""PEANUTS"",29]]","[[""Posh Sports"",29]]",29,"[{""path"":""[redacted:4939d54ac4a1]/depth-3/[file].eps"",""filename"":""[redacted:8b82bfd6e0c2].eps""},{""path"":""[redacted:d8010518a5df]/depth-3/[file].eps"",""filename"":""[redacted:7e03c4c3018a].eps""},{""path"":""[redacted:8f1b5c2ae1dc]/depth-3/[file].eps"",""filename"":""[redacted:d98c9a541df2].eps""}]",[],[],[],[],none_property_aliases_frozen_empty,[],0,0,false,29,29,false,false,false,Peanuts,false,false,true,
afff41a6-df31-4a9a-aea5-b919d1daff54|progressive sequence,resolved,afff41a6-df31-4a9a-aea5-b919d1daff54,PEANUTS WORLDWIDE,peanuts,progressive sequence,"[[""PEANUTS"",30]]","[[""Progressive Sequence"",30]]",30,"[{""path"":""[redacted:3d2e6c67c104]/depth-3/[file].eps"",""filename"":""[redacted:9afa2492758f].eps""},{""path"":""[redacted:e25fa1446ab8]/depth-3/[file].eps"",""filename"":""[redacted:5ce8be591f37].eps""},{""path"":""[redacted:9545d0cc924e]/depth-3/[file].eps"",""filename"":""[redacted:ca8904aa3cdc].eps""}]",[],[],[],[],none_property_aliases_frozen_empty,[],0,0,false,30,30,false,false,false,Peanuts,false,false,true,
afff41a6-df31-4a9a-aea5-b919d1daff54|psychedelic pop,resolved,afff41a6-df31-4a9a-aea5-b919d1daff54,PEANUTS WORLDWIDE,peanuts,psychedelic pop,"[[""PEANUTS"",4]]","[[""Psychedelic Pop"",4]]",4,"[{""path"":""[redacted:a2a4b1b63b39]/depth-3/[file].eps"",""filename"":""[redacted:bfb37d23f1f1].eps""},{""path"":""[redacted:364139b3a904]/depth-3/[file].eps"",""filename"":""[redacted:9f3ebb37cbf1].eps""},{""path"":""[redacted:4241e5d90893]/depth-3/[file].eps"",""filename"":""[redacted:ce5b4b713ccf].eps""}]",[],[],[],[],none_property_aliases_frozen_empty,[],0,0,false,4,4,false,false,false,Peanuts,false,false,true,
afff41a6-df31-4a9a-aea5-b919d1daff54|rainbow riot,resolved,afff41a6-df31-4a9a-aea5-b919d1daff54,PEANUTS WORLDWIDE,peanuts,rainbow riot,"[[""PEANUTS"",41]]","[[""Rainbow Riot"",41]]",41,"[{""path"":""[redacted:ab2fa38c064c]/depth-3/[file].pdf"",""filename"":""[redacted:2e8bd80e52ae].pdf""},{""path"":""[redacted:5ccd15482ae0]/depth-3/[file].eps"",""filename"":""[redacted:72ea497fad7f].eps""},{""path"":""[redacted:9f5f58af0795]/depth-3/[file].eps"",""filename"":""[redacted:ae2aecbe7fd6].eps""}]",[],[],[],[],none_property_aliases_frozen_empty,[],0,0,false,41,41,false,false,false,Peanuts,false,false,true,
afff41a6-df31-4a9a-aea5-b919d1daff54|rebel with paws,resolved,afff41a6-df31-4a9a-aea5-b919d1daff54,PEANUTS WORLDWIDE,peanuts,rebel with paws,"[[""PEANUTS"",34]]","[[""Rebel With Paws"",34]]",34,"[{""path"":""[redacted:a80919f69611]/depth-3/[file].eps"",""filename"":""[redacted:f155af8f237e].eps""},{""path"":""[redacted:27c692e646c8]/depth-3/[file].eps"",""filename"":""[redacted:575bfc791653].eps""},{""path"":""[redacted:6d1bcdc5de46]/depth-3/[file].eps"",""filename"":""[redacted:c6dc64383cdd].eps""}]",[],[],[],[],none_property_aliases_frozen_empty,[],0,0,false,34,34,false,false,false,Peanuts,false,false,true,
afff41a6-df31-4a9a-aea5-b919d1daff54|repetition distortion,resolved,afff41a6-df31-4a9a-aea5-b919d1daff54,PEANUTS WORLDWIDE,peanuts,repetition distortion,"[[""PEANUTS"",28]]","[[""Repetition & Distortion"",28]]",28,"[{""path"":""[redacted:e8ea1462f364]/depth-3/[file].eps"",""filename"":""[redacted:efd0d1608cd3].eps""},{""path"":""[redacted:5c3394ee3cd9]/depth-3/[file].eps"",""filename"":""[redacted:8fbc0125bbf1].eps""},{""path"":""[redacted:6eaab9e634c5]/depth-3/[file].eps"",""filename"":""[redacted:b931f238e17b].eps""}]",[],[],[],[],none_property_aliases_frozen_empty,[],0,0,false,28,28,false,false,false,Peanuts,false,false,true,
afff41a6-df31-4a9a-aea5-b919d1daff54|road trip,resolved,afff41a6-df31-4a9a-aea5-b919d1daff54,PEANUTS WORLDWIDE,peanuts,road trip,"[[""PEANUTS"",35]]","[[""Road Trip"",35]]",35,"[{""path"":""[redacted:891b1bdb5cd9]/depth-3/[file].eps"",""filename"":""[redacted:64bed2155be7].eps""},{""path"":""[redacted:0a93f4432085]/depth-3/[file].eps"",""filename"":""[redacted:5849584ea4fb].eps""},{""path"":""[redacted:bd1b31ba0ee7]/depth-3/[file].eps"",""filename"":""[redacted:24c735cfd5ff].eps""}]",[],[],[],[],none_property_aliases_frozen_empty,[],0,0,false,35,35,false,false,false,Peanuts,false,false,true,
afff41a6-df31-4a9a-aea5-b919d1daff54|road trippin style guide,resolved,afff41a6-df31-4a9a-aea5-b919d1daff54,PEANUTS WORLDWIDE,peanuts,road trippin style guide,"[[""PEANUTS"",9]]","[[""Road Trippin Style Guide"",9]]",9,"[{""path"":""[redacted:499f5207dae8]/depth-3/[file].eps"",""filename"":""[redacted:80801e1779c2].eps""},{""path"":""[redacted:0f33d6acd0f0]/depth-3/[file].eps"",""filename"":""[redacted:1a1316175fad].eps""},{""path"":""[redacted:1d95c3ccda32]/depth-3/[file].eps"",""filename"":""[redacted:60cc0a717f32].eps""}]",[],[],[],[],none_property_aliases_frozen_empty,[],0,0,true,9,9,false,false,false,Peanuts,false,false,true,
afff41a6-df31-4a9a-aea5-b919d1daff54|rock on,resolved,afff41a6-df31-4a9a-aea5-b919d1daff54,PEANUTS WORLDWIDE,peanuts,rock on,"[[""PEANUTS"",34]]","[[""Rock On"",34]]",34,"[{""path"":""[redacted:e89767ac9bd3]/depth-3/[file].eps"",""filename"":""[redacted:a9b07ffc54e3].eps""},{""path"":""[redacted:32717c382ded]/depth-3/[file].eps"",""filename"":""[redacted:9d32fa7197e2].eps""},{""path"":""[redacted:be69e8b49d1a]/depth-3/[file].eps"",""filename"":""[redacted:1683f8e786a6].eps""}]",[],[],[],[],none_property_aliases_frozen_empty,[],0,0,false,34,34,false,false,false,Peanuts,false,false,true,
afff41a6-df31-4a9a-aea5-b919d1daff54|rock tees,resolved,afff41a6-df31-4a9a-aea5-b919d1daff54,PEANUTS WORLDWIDE,peanuts,rock tees,"[[""PEANUTS"",30]]","[[""Rock Tees"",30]]",30,"[{""path"":""[redacted:a719a52b6abc]/depth-3/[file].eps"",""filename"":""[redacted:056de8bf0d4c].eps""},{""path"":""[redacted:cafab04a17ba]/depth-3/[file].pdf"",""filename"":""[redacted:d38c27d4b04c].pdf""},{""path"":""[redacted:9782a9dd0d6c]/depth-3/[file].eps"",""filename"":""[redacted:ec4d44945e04].eps""}]",[],[],[],[],none_property_aliases_frozen_empty,[],0,0,false,30,30,false,false,false,Peanuts,false,false,true,
afff41a6-df31-4a9a-aea5-b919d1daff54|rock the fest style guide,resolved,afff41a6-df31-4a9a-aea5-b919d1daff54,PEANUTS WORLDWIDE,peanuts,rock the fest style guide,"[[""PEANUTS"",11]]","[[""Rock the Fest Style Guide"",11]]",11,"[{""path"":""[redacted:97002703ea6b]/depth-3/[file].eps"",""filename"":""[redacted:33cb2898a2af].eps""},{""path"":""[redacted:a6227e6482fa]/depth-3/[file].eps"",""filename"":""[redacted:af026403d7be].eps""},{""path"":""[redacted:cbec67bdf8c8]/depth-3/[file].eps"",""filename"":""[redacted:9d4b118269aa].eps""}]",[],[],[],[],none_property_aliases_frozen_empty,[],0,0,true,11,11,false,false,false,Peanuts,false,false,true,
afff41a6-df31-4a9a-aea5-b919d1daff54|romantical,resolved,afff41a6-df31-4a9a-aea5-b919d1daff54,PEANUTS WORLDWIDE,peanuts,romantical,"[[""PEANUTS"",16]]","[[""Romantical"",16]]",16,"[{""path"":""[redacted:479787c940eb]/depth-3/[file].eps"",""filename"":""[redacted:63f37b5ad89b].eps""},{""path"":""[redacted:b2e9d9fed466]/depth-3/[file].eps"",""filename"":""[redacted:a9b79d2ecaa1].eps""},{""path"":""[redacted:609047dfd624]/depth-3/[file].eps"",""filename"":""[redacted:5148339dee06].eps""}]",[],[],[],[],none_property_aliases_frozen_empty,[],0,0,false,16,16,false,false,false,Peanuts,false,false,true,
afff41a6-df31-4a9a-aea5-b919d1daff54|smile giggle laugh,resolved,afff41a6-df31-4a9a-aea5-b919d1daff54,PEANUTS WORLDWIDE,peanuts,smile giggle laugh,"[[""PEANUTS"",15]]","[[""Smile Giggle Laugh"",15]]",15,"[{""path"":""[redacted:37399714e1f2]/depth-3/[file].eps"",""filename"":""[redacted:7a48097b7946].eps""},{""path"":""[redacted:0b4074e5a38e]/depth-3/[file].eps"",""filename"":""[redacted:c014c58d3004].eps""},{""path"":""[redacted:50280238933a]/depth-3/[file].eps"",""filename"":""[redacted:93e6b8ab15cd].eps""}]",[],[],[],[],none_property_aliases_frozen_empty,[],0,0,false,15,15,false,false,false,Peanuts,false,false,true,
afff41a6-df31-4a9a-aea5-b919d1daff54|snoopy mustachios,resolved,afff41a6-df31-4a9a-aea5-b919d1daff54,PEANUTS WORLDWIDE,peanuts,snoopy mustachios,"[[""PEANUTS"",20]]","[[""Snoopy Mustachios"",20]]",20,"[{""path"":""[redacted:de47b3385ae2]/depth-3/[file].ai"",""filename"":""[redacted:edd209a04ded].ai""},{""path"":""[redacted:c539ed1c9884]/depth-3/[file].eps"",""filename"":""[redacted:4db126d79c23].eps""},{""path"":""[redacted:9f4444bb1697]/depth-3/[file].eps"",""filename"":""[redacted:114fa1f3a3f8].eps""}]",[],[],[],[],none_property_aliases_frozen_empty,[],0,0,false,20,20,false,false,false,Peanuts,false,false,true,
afff41a6-df31-4a9a-aea5-b919d1daff54|space cowboy,resolved,afff41a6-df31-4a9a-aea5-b919d1daff54,PEANUTS WORLDWIDE,peanuts,space cowboy,"[[""PEANUTS"",16]]","[[""Space Cowboy"",16]]",16,"[{""path"":""[redacted:4c49a591767e]/depth-3/[file].tif"",""filename"":""[redacted:ffdc52632975].tif""},{""path"":""[redacted:7c5d6a7adcf7]/depth-3/[file].tif"",""filename"":""[redacted:b2b8d538b42e].tif""},{""path"":""[redacted:1c5da6222d17]/depth-3/[file].tif"",""filename"":""[redacted:4c70787f945b].tif""}]",[],[],[],[],none_property_aliases_frozen_empty,[],0,0,false,16,16,false,false,false,Peanuts,false,false,true,
afff41a6-df31-4a9a-aea5-b919d1daff54|space traveler,resolved,afff41a6-df31-4a9a-aea5-b919d1daff54,PEANUTS WORLDWIDE,peanuts,space traveler,"[[""PEANUTS"",39]]","[[""Space Traveler"",39]]",39,"[{""path"":""[redacted:1cc26a9ebcbc]/depth-3/[file].eps"",""filename"":""[redacted:053ef672bced].eps""},{""path"":""[redacted:dae9d9e0f25a]/depth-3/[file].eps"",""filename"":""[redacted:a28a1ba9d406].eps""},{""path"":""[redacted:e8ba01eaa938]/depth-3/[file].eps"",""filename"":""[redacted:12d81dffd682].eps""}]",[],[],[],[],none_property_aliases_frozen_empty,[],0,0,false,39,39,false,false,false,Peanuts,false,false,true,
afff41a6-df31-4a9a-aea5-b919d1daff54|text montage,resolved,afff41a6-df31-4a9a-aea5-b919d1daff54,PEANUTS WORLDWIDE,peanuts,text montage,"[[""PEANUTS"",24]]","[[""Text Montage"",24]]",24,"[{""path"":""[redacted:04dd282ef2ec]/depth-3/[file].eps"",""filename"":""[redacted:0a95cc3dffd4].eps""},{""path"":""[redacted:cc5b2fff0f48]/depth-3/[file].eps"",""filename"":""[redacted:2563377b5705].eps""},{""path"":""[redacted:61730aada622]/depth-3/[file].eps"",""filename"":""[redacted:67e5d0b68bd8].eps""}]",[],[],[],[],none_property_aliases_frozen_empty,[],0,0,false,24,24,false,false,false,Peanuts,false,false,true,
afff41a6-df31-4a9a-aea5-b919d1daff54|the great outdoors,resolved,afff41a6-df31-4a9a-aea5-b919d1daff54,PEANUTS WORLDWIDE,peanuts,the great outdoors,"[[""PEANUTS"",23]]","[[""The Great Outdoors"",23]]",23,"[{""path"":""[redacted:e246ac5e8eb1]/depth-3/[file].eps"",""filename"":""[redacted:1f142c40e3ef].eps""},{""path"":""[redacted:0ba09d07e170]/depth-3/[file].eps"",""filename"":""[redacted:93ee8bc52053].eps""},{""path"":""[redacted:5212ea13f7d4]/depth-3/[file].eps"",""filename"":""[redacted:2e084edc21d8].eps""}]",[],[],[],[],none_property_aliases_frozen_empty,[],0,0,false,23,23,false,false,false,Peanuts,false,false,true,
afff41a6-df31-4a9a-aea5-b919d1daff54|tokyo time,resolved,afff41a6-df31-4a9a-aea5-b919d1daff54,PEANUTS WORLDWIDE,peanuts,tokyo time,"[[""PEANUTS"",37]]","[[""Tokyo Time"",37]]",37,"[{""path"":""[redacted:59590cdda37b]/depth-3/[file].eps"",""filename"":""[redacted:7e1c4a0947e6].eps""},{""path"":""[redacted:78008a3e77f9]/depth-3/[file].eps"",""filename"":""[redacted:c5df431299e8].eps""},{""path"":""[redacted:78e6dc068267]/depth-3/[file].eps"",""filename"":""[redacted:80d3396293ce].eps""}]",[],[],[],[],none_property_aliases_frozen_empty,[],0,0,false,37,37,false,false,false,Peanuts,false,false,true,
afff41a6-df31-4a9a-aea5-b919d1daff54|tv specials,resolved,afff41a6-df31-4a9a-aea5-b919d1daff54,PEANUTS WORLDWIDE,peanuts,tv specials,"[[""PEANUTS"",246]]","[[""_TV Specials"",246]]",246,"[{""path"":""[redacted:ff4baff4fe5b]/depth-4/[file].tif"",""filename"":""[redacted:7388dfe88564].tif""},{""path"":""[redacted:4f39dc4b8924]/depth-5/[file].tif"",""filename"":""[redacted:880b5d5c51de].tif""},{""path"":""[redacted:85e716210917]/depth-5/[file].eps"",""filename"":""[redacted:b66205671562].eps""}]",[],[],[],[],none_property_aliases_frozen_empty,[],0,0,false,246,246,false,false,false,Peanuts,false,false,true,
afff41a6-df31-4a9a-aea5-b919d1daff54|woodstock 50th,resolved,afff41a6-df31-4a9a-aea5-b919d1daff54,PEANUTS WORLDWIDE,peanuts,woodstock 50th,"[[""PEANUTS"",20]]","[[""Woodstock 50th"",20]]",20,"[{""path"":""[redacted:45d86303f626]/depth-3/[file].eps"",""filename"":""[redacted:78fa4bd2f02d].eps""},{""path"":""[redacted:efdf0e8be005]/depth-3/[file].eps"",""filename"":""[redacted:4d09a0a1ebed].eps""},{""path"":""[redacted:9caebe1c2275]/depth-3/[file].eps"",""filename"":""[redacted:ef385d2b9f33].eps""}]",[],[],[],[],none_property_aliases_frozen_empty,[],0,0,false,20,20,false,false,false,Peanuts,false,false,true,
e5f1686c-700c-42f6-bbc6-98aaa9ce1634|sega,resolved,e5f1686c-700c-42f6-bbc6-98aaa9ce1634,SEGA,sega,sega,"[[""SEGA"",104]]","[[""SEGA"",104]]",104,"[{""path"":""[redacted:6c487cd20aa3]/depth-4/[file].ai"",""filename"":""[redacted:e2b8fdf48f96].ai""},{""path"":""[redacted:6fbf8b9567e8]/depth-4/[file].ai"",""filename"":""[redacted:f61d8141ed83].ai""},{""path"":""[redacted:3ad3c27c8df4]/depth-4/[file].ai"",""filename"":""[redacted:e01c8f1ff065].ai""}]","[""30414503-8d60-4bd9-bf40-80378d2f518d""]","[""SEGA""]","[""30414503-8d60-4bd9-bf40-80378d2f518d""]","[""SEGA""]",none_property_aliases_frozen_empty,"[""30414503-8d60-4bd9-bf40-80378d2f518d""]",2,2,false,0,0,true,true,false,,false,false,true,
e5f1686c-700c-42f6-bbc6-98aaa9ce1634|sonic,resolved,e5f1686c-700c-42f6-bbc6-98aaa9ce1634,SEGA,sega,sonic,"[[""SEGA"",2686]]","[[""Sonic"",2686]]",2686,"[{""path"":""[redacted:b16cdd18c85c]/depth-7/[file].tga"",""filename"":""[redacted:38ab35f183bc].tga""},{""path"":""[redacted:1940d769788c]/depth-7/[file].ai"",""filename"":""[redacted:c86ee241c98b].ai""},{""path"":""[redacted:e001e15daa15]/depth-6/[file].psd"",""filename"":""[redacted:ff8563620183].psd""}]",[],[],[],[],none_property_aliases_frozen_empty,"[""35cc5a57-b5e6-4c98-8a66-f2785fb68dce"",""b2d6def6-62bf-4303-9f94-220e03c3071b""]",0,0,false,34,34,false,false,false,,false,false,true,
1619ecdc-a0ad-4d1e-b8f2-7ea2aa1184fb|[blank],resolved,1619ecdc-a0ad-4d1e-b8f2-7ea2aa1184fb,SESAME STREET,sesame workshop,,"[[""Sesame Workshop"",4]]","[["""",4]]",4,"[{""path"":""[redacted:34220bcd5a8b]/depth-2/[file].pdf"",""filename"":""[redacted:ea8e198eb709].pdf""},{""path"":""[redacted:0ce342cb74a8]/depth-2/[file].png"",""filename"":""[redacted:34eb47ebfa4f].png""},{""path"":""[redacted:98927ae6bfb3]/depth-2/[file].pdf"",""filename"":""[redacted:afd9cd13656c].pdf""}]",[],[],[],[],none_property_aliases_frozen_empty,[],0,0,false,0,0,false,false,false,Sesame Workshop,false,false,true,
1619ecdc-a0ad-4d1e-b8f2-7ea2aa1184fb|baby art styleguides,resolved,1619ecdc-a0ad-4d1e-b8f2-7ea2aa1184fb,SESAME STREET,sesame workshop,baby art styleguides,"[[""Sesame Workshop"",294]]","[[""Baby Art Styleguides"",294]]",294,"[{""path"":""[redacted:e3608b27e650]/depth-4/[file].pdf"",""filename"":""[redacted:63a41f702a47].pdf""},{""path"":""[redacted:77eac0343a7d]/depth-4/[file].eps"",""filename"":""[redacted:b728612940e5].eps""},{""path"":""[redacted:1240759ef775]/depth-4/[file].eps"",""filename"":""[redacted:279c4561f189].eps""}]",[],[],[],[],none_property_aliases_frozen_empty,[],0,0,true,0,0,false,false,false,Sesame Workshop,false,false,true,
1619ecdc-a0ad-4d1e-b8f2-7ea2aa1184fb|core art,resolved,1619ecdc-a0ad-4d1e-b8f2-7ea2aa1184fb,SESAME STREET,sesame workshop,core art,"[[""Sesame Workshop"",475]]","[[""Core Art"",475]]",475,"[{""path"":""[redacted:7d571251e4a8]/depth-6/[file].eps"",""filename"":""[redacted:7c5044ff220f].eps""},{""path"":""[redacted:204b4ce46b1a]/depth-6/[file].eps"",""filename"":""[redacted:0e99d6cb9d1d].eps""},{""path"":""[redacted:a43ae6f892b2]/depth-6/[file].eps"",""filename"":""[redacted:450fd7631c44].eps""}]",[],[],[],[],none_property_aliases_frozen_empty,[],0,0,false,65,64,false,false,false,Sesame Workshop,false,false,true,
1619ecdc-a0ad-4d1e-b8f2-7ea2aa1184fb|packaging,resolved,1619ecdc-a0ad-4d1e-b8f2-7ea2aa1184fb,SESAME STREET,sesame workshop,packaging,"[[""Sesame Workshop"",189]]","[[""Packaging"",189]]",189,"[{""path"":""[redacted:d1a9a69f59af]/depth-4/[file].ai"",""filename"":""[redacted:8f0e7f91ba4b].ai""},{""path"":""[redacted:ad77a36dfa6e]/depth-8/[file].psd"",""filename"":""[redacted:3338171526e8].psd""},{""path"":""[redacted:fb2dac810ae7]/depth-4/[file].eps"",""filename"":""[redacted:e4cd31562afa].eps""}]",[],[],[],[],none_property_aliases_frozen_empty,[],0,0,false,10,8,false,false,false,Sesame Workshop,false,false,true,
1619ecdc-a0ad-4d1e-b8f2-7ea2aa1184fb|trend guides,resolved,1619ecdc-a0ad-4d1e-b8f2-7ea2aa1184fb,SESAME STREET,sesame workshop,trend guides,"[[""Sesame Workshop"",452]]","[[""Trend Guides"",452]]",452,"[{""path"":""[redacted:620859d587dc]/depth-5/[file].eps"",""filename"":""[redacted:317bcbc326e9].eps""},{""path"":""[redacted:6981ed68a80d]/depth-4/[file].ai"",""filename"":""[redacted:6d2cbedd158a].ai""},{""path"":""[redacted:fc6ce0b06b0d]/depth-4/[file].eps"",""filename"":""[redacted:77d5a70c8732].eps""}]",[],[],[],[],none_property_aliases_frozen_empty,[],0,0,false,2,2,false,false,false,Sesame Workshop,false,false,true,
1619ecdc-a0ad-4d1e-b8f2-7ea2aa1184fb|vintage and retro collections,resolved,1619ecdc-a0ad-4d1e-b8f2-7ea2aa1184fb,SESAME STREET,sesame workshop,vintage and retro collections,"[[""Sesame Workshop"",216]]","[[""Vintage and Retro Collections"",216]]",216,"[{""path"":""[redacted:b3d5628e1f12]/depth-4/[file].ai"",""filename"":""[redacted:6a9a3116c085].ai""},{""path"":""[redacted:b562ba85273e]/depth-4/[file].ai"",""filename"":""[redacted:1fccea73dba1].ai""},{""path"":""[redacted:61f80a929c52]/depth-4/[file].ai"",""filename"":""[redacted:5b7cd0c42c0e].ai""}]",[],[],[],[],none_property_aliases_frozen_empty,[],0,0,true,0,0,false,false,false,Sesame Workshop,false,false,true,
14f2902d-42de-4820-83c5-e4f359a6e0d6|[blank],resolved,14f2902d-42de-4820-83c5-e4f359a6e0d6,STAR WARS,star wars,,"[[""Star Wars"",1]]","[["""",1]]",1,"[{""path"":""[redacted:f3d98bec5ef4]/depth-2/[file].bridgelabelsandratings"",""filename"":""[redacted:0c1006bbcc31].bridgelabelsandratings""}]",[],[],[],[],none_property_aliases_frozen_empty,[],0,0,false,0,0,false,false,false,,false,false,true,
14f2902d-42de-4820-83c5-e4f359a6e0d6|2016,resolved,14f2902d-42de-4820-83c5-e4f359a6e0d6,STAR WARS,star wars,2016,"[[""Star Wars"",567]]","[[""2016"",567]]",567,"[{""path"":""[redacted:3847262cae93]/depth-6/[file].ai"",""filename"":""[redacted:88c41c9171f5].ai""},{""path"":""[redacted:4d9b5d365e64]/depth-6/[file].ai"",""filename"":""[redacted:2a86a2b3dcb8].ai""},{""path"":""[redacted:a530d7e4949e]/depth-6/[file].ai"",""filename"":""[redacted:dc126b544d92].ai""}]",[],[],[],[],none_property_aliases_frozen_empty,[],0,0,false,39,39,false,false,false,,false,false,true,
14f2902d-42de-4820-83c5-e4f359a6e0d6|2017,resolved,14f2902d-42de-4820-83c5-e4f359a6e0d6,STAR WARS,star wars,2017,"[[""Star Wars"",571]]","[[""2017"",571]]",571,"[{""path"":""[redacted:1a546c7c83dc]/depth-6/[file].ai"",""filename"":""[redacted:61125d8bc22b].ai""},{""path"":""[redacted:794fb69f0495]/depth-8/[file].pdf"",""filename"":""[redacted:4d7297e0cff6].pdf""},{""path"":""[redacted:189041b603e1]/depth-6/[file].ai"",""filename"":""[redacted:edee37e10319].ai""}]",[],[],[],[],none_property_aliases_frozen_empty,[],0,0,false,112,112,false,false,false,,false,false,true,
14f2902d-42de-4820-83c5-e4f359a6e0d6|2018,resolved,14f2902d-42de-4820-83c5-e4f359a6e0d6,STAR WARS,star wars,2018,"[[""Star Wars"",1326]]","[[""2018"",1326]]",1326,"[{""path"":""[redacted:b2f5e5c8d27f]/depth-6/[file].psd"",""filename"":""[redacted:81184a91e5fe].psd""},{""path"":""[redacted:c89fc21f2804]/depth-6/[file].psd"",""filename"":""[redacted:e5e13991e036].psd""},{""path"":""[redacted:07f193a844ad]/depth-6/[file].ai"",""filename"":""[redacted:a7098ecd261d].ai""}]",[],[],[],[],none_property_aliases_frozen_empty,[],0,0,false,332,332,false,false,false,,false,false,true,
14f2902d-42de-4820-83c5-e4f359a6e0d6|2019,resolved,14f2902d-42de-4820-83c5-e4f359a6e0d6,STAR WARS,star wars,2019,"[[""Star Wars"",896]]","[[""2019"",896]]",896,"[{""path"":""[redacted:b9326ff9e20a]/depth-6/[file].ai"",""filename"":""[redacted:b28081ad9529].ai""},{""path"":""[redacted:f901d2422cdb]/depth-6/[file].ai"",""filename"":""[redacted:e1ff5b70c992].ai""},{""path"":""[redacted:c23f4dd3fcbb]/depth-6/[file].ai"",""filename"":""[redacted:b4d2f2fb9584].ai""}]",[],[],[],[],none_property_aliases_frozen_empty,[],0,0,false,74,74,false,false,false,,false,false,true,
14f2902d-42de-4820-83c5-e4f359a6e0d6|2020,resolved,14f2902d-42de-4820-83c5-e4f359a6e0d6,STAR WARS,star wars,2020,"[[""Star Wars"",831]]","[[""2020"",831]]",831,"[{""path"":""[redacted:c84386820ea5]/depth-6/[file].psd"",""filename"":""[redacted:1d60a07e127d].psd""},{""path"":""[redacted:610d943844b0]/depth-7/[file].ai"",""filename"":""[redacted:60fc7d94ef27].ai""},{""path"":""[redacted:2307467452f8]/depth-6/[file].psd"",""filename"":""[redacted:8a47f1de9369].psd""}]",[],[],[],[],none_property_aliases_frozen_empty,[],0,0,false,49,49,false,false,false,,false,false,true,
14f2902d-42de-4820-83c5-e4f359a6e0d6|2021,resolved,14f2902d-42de-4820-83c5-e4f359a6e0d6,STAR WARS,star wars,2021,"[[""Star Wars"",342]]","[[""2021"",342]]",342,"[{""path"":""[redacted:e0cbbb01f505]/depth-5/[file].ai"",""filename"":""[redacted:6a70da3f0af9].ai""},{""path"":""[redacted:80e92954eafa]/depth-5/[file].ai"",""filename"":""[redacted:72940830766f].ai""},{""path"":""[redacted:b6816f408aed]/depth-5/[file].ai"",""filename"":""[redacted:3e062a142a65].ai""}]",[],[],[],[],none_property_aliases_frozen_empty,[],0,0,false,2,2,false,false,false,,false,false,true,
14f2902d-42de-4820-83c5-e4f359a6e0d6|2022,resolved,14f2902d-42de-4820-83c5-e4f359a6e0d6,STAR WARS,star wars,2022,"[[""Star Wars"",113]]","[[""2022"",113]]",113,"[{""path"":""[redacted:ca3649745f46]/depth-5/[file].ai"",""filename"":""[redacted:9f087ffba57c].ai""},{""path"":""[redacted:fe95ed45a6a6]/depth-5/[file].ai"",""filename"":""[redacted:e4d4cf3ac7a9].ai""},{""path"":""[redacted:bce8b03aa500]/depth-5/[file].ai"",""filename"":""[redacted:ee7f104865ab].ai""}]",[],[],[],[],none_property_aliases_frozen_empty,[],0,0,false,0,0,false,false,false,,false,false,true,
14f2902d-42de-4820-83c5-e4f359a6e0d6|2023,resolved,14f2902d-42de-4820-83c5-e4f359a6e0d6,STAR WARS,star wars,2023,"[[""Star Wars"",373]]","[[""2023"",373]]",373,"[{""path"":""[redacted:75220d2eb146]/depth-5/[file].psd"",""filename"":""[redacted:f31c41b86d13].psd""},{""path"":""[redacted:df77cf9851f3]/depth-5/[file].psd"",""filename"":""[redacted:e9b060be4fa7].psd""},{""path"":""[redacted:3e1c124046f0]/depth-5/[file].psd"",""filename"":""[redacted:c91b512b3a97].psd""}]",[],[],[],[],none_property_aliases_frozen_empty,[],0,0,false,0,0,false,false,false,,false,false,true,
14f2902d-42de-4820-83c5-e4f359a6e0d6|2024,resolved,14f2902d-42de-4820-83c5-e4f359a6e0d6,STAR WARS,star wars,2024,"[[""Star Wars"",114]]","[[""2024"",114]]",114,"[{""path"":""[redacted:a9a490fd356e]/depth-5/[file].ai"",""filename"":""[redacted:ed2155bb8c0c].ai""},{""path"":""[redacted:dbae062a8acc]/depth-5/[file].ai"",""filename"":""[redacted:e8afcead0f48].ai""},{""path"":""[redacted:4fdf3403bab4]/depth-5/[file].ai"",""filename"":""[redacted:be81a660d51b].ai""}]",[],[],[],[],none_property_aliases_frozen_empty,[],0,0,false,0,0,false,false,false,,false,false,true,
14f2902d-42de-4820-83c5-e4f359a6e0d6|2025,resolved,14f2902d-42de-4820-83c5-e4f359a6e0d6,STAR WARS,star wars,2025,"[[""Star Wars"",210]]","[[""2025"",210]]",210,"[{""path"":""[redacted:8c9c2c70ef15]/depth-5/[file].ai"",""filename"":""[redacted:c51f2ba817b3].ai""},{""path"":""[redacted:880d179f5c26]/depth-5/[file].ai"",""filename"":""[redacted:185de1ae1e3f].ai""},{""path"":""[redacted:46767eca857d]/depth-5/[file].ai"",""filename"":""[redacted:66e66378aafc].ai""}]",[],[],[],[],none_property_aliases_frozen_empty,[],0,0,false,0,0,false,false,false,,false,false,true,
14f2902d-42de-4820-83c5-e4f359a6e0d6|2026,resolved,14f2902d-42de-4820-83c5-e4f359a6e0d6,STAR WARS,star wars,2026,"[[""Star Wars"",208]]","[[""2026"",208]]",208,"[{""path"":""[redacted:03f3951094fe]/depth-5/[file].psd"",""filename"":""[redacted:77442399a483].psd""},{""path"":""[redacted:0909070f9249]/depth-5/[file].psd"",""filename"":""[redacted:ee113d8b1d91].psd""},{""path"":""[redacted:0ba4ad3d9095]/depth-5/[file].ai"",""filename"":""[redacted:d66749574907].ai""}]",[],[],[],[],none_property_aliases_frozen_empty,[],0,0,false,0,0,false,false,false,,false,false,true,
14f2902d-42de-4820-83c5-e4f359a6e0d6|creative rollouts,resolved,14f2902d-42de-4820-83c5-e4f359a6e0d6,STAR WARS,star wars,creative rollouts,"[[""Star Wars"",9]]","[[""_creative rollouts"",9]]",9,"[{""path"":""[redacted:06d63a43065e]/depth-4/[file].pdf"",""filename"":""[redacted:3958d5e3cd17].pdf""},{""path"":""[redacted:352057550668]/depth-4/[file].pdf"",""filename"":""[redacted:bfa85e4b7fc9].pdf""},{""path"":""[redacted:76e9ede9a76a]/depth-4/[file].pdf"",""filename"":""[redacted:e255a72dcd54].pdf""}]",[],[],[],[],none_property_aliases_frozen_empty,[],0,0,false,0,0,false,false,false,,false,false,true,
14f2902d-42de-4820-83c5-e4f359a6e0d6|disney shows,resolved,14f2902d-42de-4820-83c5-e4f359a6e0d6,STAR WARS,star wars,disney shows,"[[""Star Wars"",2049]]","[[""Disney+ Shows"",2049]]",2049,"[{""path"":""[redacted:39e94fd92c99]/depth-7/[file].psd"",""filename"":""[redacted:4e75fd92945f].psd""},{""path"":""[redacted:09363b411d9d]/depth-6/[file].jpeg"",""filename"":""[redacted:9cd984a74dea].jpeg""},{""path"":""[redacted:f11366aa43b8]/depth-8/[file].psd"",""filename"":""[redacted:0b8b429050dd].psd""}]",[],[],[],[],none_property_aliases_frozen_empty,[],0,0,false,1002,977,false,false,false,,false,false,true,
14f2902d-42de-4820-83c5-e4f359a6e0d6|ev 3 d toolkit evergreen guide,resolved,14f2902d-42de-4820-83c5-e4f359a6e0d6,STAR WARS,star wars,ev 3 d toolkit evergreen guide,"[[""Star Wars"",289]]","[[""EV_3D Toolkit Evergreen Guide"",289]]",289,"[{""path"":""[redacted:0ae30452b083]/depth-5/[file].psd"",""filename"":""[redacted:427e67a62230].psd""},{""path"":""[redacted:f062d078f791]/depth-5/[file].psd"",""filename"":""[redacted:c024c8ce9267].psd""},{""path"":""[redacted:aeb896b09d41]/depth-5/[file].psd"",""filename"":""[redacted:697bbc11eb68].psd""}]",[],[],[],[],none_property_aliases_frozen_empty,[],0,0,false,168,168,false,false,false,,false,false,true,
14f2902d-42de-4820-83c5-e4f359a6e0d6|ev line art style guide,resolved,14f2902d-42de-4820-83c5-e4f359a6e0d6,STAR WARS,star wars,ev line art style guide,"[[""Star Wars"",414]]","[[""EV_Line Art Style Guide"",414]]",414,"[{""path"":""[redacted:9f239fa9c411]/depth-5/[file].psd"",""filename"":""[redacted:1184e53fe712].psd""},{""path"":""[redacted:d3961381f14a]/depth-5/[file].psd"",""filename"":""[redacted:834d108eb8d8].psd""},{""path"":""[redacted:dbc5ae6ba0c7]/depth-5/[file].psd"",""filename"":""[redacted:af8b4ce07845].psd""}]",[],[],[],[],none_property_aliases_frozen_empty,[],0,0,true,91,91,false,false,false,,false,false,true,
14f2902d-42de-4820-83c5-e4f359a6e0d6|ev saga poster style guide,resolved,14f2902d-42de-4820-83c5-e4f359a6e0d6,STAR WARS,star wars,ev saga poster style guide,"[[""Star Wars"",137]]","[[""EV_Saga-Poster-Style-Guide"",137]]",137,"[{""path"":""[redacted:16243d9f970d]/depth-3/[file].psd"",""filename"":""[redacted:6b3e61774a28].psd""},{""path"":""[redacted:be4e69348937]/depth-3/[file].psd"",""filename"":""[redacted:9a35e39a7af7].psd""},{""path"":""[redacted:2a142301aaf1]/depth-3/[file].psd"",""filename"":""[redacted:66c2e31f6548].psd""}]",[],[],[],[],none_property_aliases_frozen_empty,[],0,0,true,0,0,false,false,false,,false,false,true,
14f2902d-42de-4820-83c5-e4f359a6e0d6|ev star wars classics guide product development portfolio,resolved,14f2902d-42de-4820-83c5-e4f359a6e0d6,STAR WARS,star wars,ev star wars classics guide product development portfolio,"[[""Star Wars"",33]]","[[""EV_Star Wars Classics Guide Product Development Portfolio"",33]]",33,"[{""path"":""[redacted:0a1f98505637]/depth-3/[file].psd"",""filename"":""[redacted:3544d1a45125].psd""},{""path"":""[redacted:26f2cccb2eff]/depth-3/[file].psd"",""filename"":""[redacted:d93a7dad43a5].psd""},{""path"":""[redacted:3b9a40f5784d]/depth-3/[file].ai"",""filename"":""[redacted:35a3dd4c0100].ai""}]",[],[],[],[],none_property_aliases_frozen_empty,"[""02de0fab-dd7e-4082-ac99-659c46c77296"",""9243cc30-1292-46a8-a331-6a2a719bf65e"",""d8cc13f9-0d06-4a21-a789-88015d5ec15a"",""1744fc41-cbc6-46ab-83f2-17c6c269548c""]",0,0,false,0,0,false,false,false,,false,false,true,
14f2902d-42de-4820-83c5-e4f359a6e0d6|ev star wars comic book cover style guide,resolved,14f2902d-42de-4820-83c5-e4f359a6e0d6,STAR WARS,star wars,ev star wars comic book cover style guide,"[[""Star Wars"",53]]","[[""EV_Star Wars Comic Book Cover Style Guide"",53]]",53,"[{""path"":""[redacted:b8dd866bafff]/depth-5/[file].psd"",""filename"":""[redacted:667e22e5e3c5].psd""},{""path"":""[redacted:e6c469302444]/depth-5/[file].psd"",""filename"":""[redacted:4adb2a003cac].psd""},{""path"":""[redacted:a75484f81279]/depth-5/[file].psd"",""filename"":""[redacted:d580a0e176ba].psd""}]",[],[],[],[],none_property_aliases_frozen_empty,"[""02de0fab-dd7e-4082-ac99-659c46c77296"",""9243cc30-1292-46a8-a331-6a2a719bf65e"",""d8cc13f9-0d06-4a21-a789-88015d5ec15a"",""1744fc41-cbc6-46ab-83f2-17c6c269548c""]",0,0,true,0,0,false,false,false,,false,false,true,
14f2902d-42de-4820-83c5-e4f359a6e0d6|ev star wars comic crush,resolved,14f2902d-42de-4820-83c5-e4f359a6e0d6,STAR WARS,star wars,ev star wars comic crush,"[[""Star Wars"",67]]","[[""EV_Star Wars Comic Crush"",67]]",67,"[{""path"":""[redacted:fc0812deb0b1]/depth-5/[file].ai"",""filename"":""[redacted:f2ad1587130b].ai""},{""path"":""[redacted:1d61df3c5643]/depth-5/[file].ai"",""filename"":""[redacted:75ec814776e7].ai""},{""path"":""[redacted:d846f27d7055]/depth-5/[file].ai"",""filename"":""[redacted:fae20e1901dc].ai""}]",[],[],[],[],none_property_aliases_frozen_empty,"[""02de0fab-dd7e-4082-ac99-659c46c77296"",""9243cc30-1292-46a8-a331-6a2a719bf65e"",""d8cc13f9-0d06-4a21-a789-88015d5ec15a"",""1744fc41-cbc6-46ab-83f2-17c6c269548c""]",0,0,false,0,0,false,false,false,,false,false,true,
14f2902d-42de-4820-83c5-e4f359a6e0d6|ev star wars custom command,resolved,14f2902d-42de-4820-83c5-e4f359a6e0d6,STAR WARS,star wars,ev star wars custom command,"[[""Star Wars"",63]]","[[""EV_Star Wars Custom Command"",63]]",63,"[{""path"":""[redacted:a2b43e24b2ab]/depth-5/[file].psd"",""filename"":""[redacted:7d20e7b0fb3b].psd""},{""path"":""[redacted:53d6a72e1277]/depth-5/[file].ai"",""filename"":""[redacted:68e98c0ff425].ai""},{""path"":""[redacted:08bb7be5ad55]/depth-5/[file].psd"",""filename"":""[redacted:bf7911b73fee].psd""}]",[],[],[],[],none_property_aliases_frozen_empty,"[""02de0fab-dd7e-4082-ac99-659c46c77296"",""9243cc30-1292-46a8-a331-6a2a719bf65e"",""d8cc13f9-0d06-4a21-a789-88015d5ec15a"",""1744fc41-cbc6-46ab-83f2-17c6c269548c""]",0,0,false,0,0,false,false,false,,false,false,true,
14f2902d-42de-4820-83c5-e4f359a6e0d6|ev star wars episode ii attack of the clones,resolved,14f2902d-42de-4820-83c5-e4f359a6e0d6,STAR WARS,star wars,ev star wars episode ii attack of the clones,"[[""Star Wars"",1]]","[[""EV_Star Wars Episode II - Attack of the Clones"",1]]",1,"[{""path"":""[redacted:e01d62178f02]/depth-3/[file].psd"",""filename"":""[redacted:6b3e61774a28].psd""}]",[],[],[],[],none_property_aliases_frozen_empty,"[""02de0fab-dd7e-4082-ac99-659c46c77296"",""9243cc30-1292-46a8-a331-6a2a719bf65e"",""d8cc13f9-0d06-4a21-a789-88015d5ec15a"",""1744fc41-cbc6-46ab-83f2-17c6c269548c"",""c0b68009-954c-4cee-8f66-b2138ddb8308"",""d7638191-2b1f-4660-84cc-5838b3cf6778""]",0,0,false,0,0,false,false,false,,false,false,true,
14f2902d-42de-4820-83c5-e4f359a6e0d6|ev star wars episode iii revenge of the sith,resolved,14f2902d-42de-4820-83c5-e4f359a6e0d6,STAR WARS,star wars,ev star wars episode iii revenge of the sith,"[[""Star Wars"",8]]","[[""EV_Star Wars Episode III - Revenge of the Sith"",8]]",8,"[{""path"":""[redacted:ec3834322e12]/depth-3/[file].psd"",""filename"":""[redacted:e34717da3ff2].psd""},{""path"":""[redacted:7453a9774d63]/depth-3/[file].psd"",""filename"":""[redacted:9730d2be0a61].psd""},{""path"":""[redacted:47e633cac314]/depth-3/[file].psd"",""filename"":""[redacted:dab5b36eb81a].psd""}]",[],[],[],[],none_property_aliases_frozen_empty,"[""02de0fab-dd7e-4082-ac99-659c46c77296"",""9243cc30-1292-46a8-a331-6a2a719bf65e"",""d8cc13f9-0d06-4a21-a789-88015d5ec15a"",""1744fc41-cbc6-46ab-83f2-17c6c269548c"",""c0b68009-954c-4cee-8f66-b2138ddb8308"",""d7638191-2b1f-4660-84cc-5838b3cf6778""]",0,0,false,0,0,false,false,false,,false,false,true,
14f2902d-42de-4820-83c5-e4f359a6e0d6|ev star wars episode iv a new hope portfolio,resolved,14f2902d-42de-4820-83c5-e4f359a6e0d6,STAR WARS,star wars,ev star wars episode iv a new hope portfolio,"[[""Star Wars"",12]]","[[""EV_Star Wars Episode IV - A New Hope Portfolio"",12]]",12,"[{""path"":""[redacted:fa0f82c2bfed]/depth-3/[file].psd"",""filename"":""[redacted:a7c84c89ac84].psd""},{""path"":""[redacted:d6cc81ac329b]/depth-3/[file].psd"",""filename"":""[redacted:e8e6ea6101ad].psd""},{""path"":""[redacted:912e60bd1a03]/depth-3/[file].psd"",""filename"":""[redacted:97f308365276].psd""}]",[],[],[],[],none_property_aliases_frozen_empty,"[""02de0fab-dd7e-4082-ac99-659c46c77296"",""9243cc30-1292-46a8-a331-6a2a719bf65e"",""d8cc13f9-0d06-4a21-a789-88015d5ec15a"",""1744fc41-cbc6-46ab-83f2-17c6c269548c"",""c0b68009-954c-4cee-8f66-b2138ddb8308""]",0,0,false,0,0,false,false,false,,false,false,true,
14f2902d-42de-4820-83c5-e4f359a6e0d6|ev star wars episode ix rise of skywalker,resolved,14f2902d-42de-4820-83c5-e4f359a6e0d6,STAR WARS,star wars,ev star wars episode ix rise of skywalker,"[[""Star Wars"",5]]","[[""EV_Star Wars Episode IX - Rise of Skywalker"",5]]",5,"[{""path"":""[redacted:49791be10c1e]/depth-3/[file].psd"",""filename"":""[redacted:a485d0d5c028].psd""},{""path"":""[redacted:4e52183a49eb]/depth-4/[file].ai"",""filename"":""[redacted:a6ee70074e21].ai""},{""path"":""[redacted:026933af2de6]/depth-3/[file].psd"",""filename"":""[redacted:74069509ed3c].psd""}]",[],[],[],[],none_property_aliases_frozen_empty,"[""02de0fab-dd7e-4082-ac99-659c46c77296"",""9243cc30-1292-46a8-a331-6a2a719bf65e"",""d8cc13f9-0d06-4a21-a789-88015d5ec15a"",""1744fc41-cbc6-46ab-83f2-17c6c269548c"",""c0b68009-954c-4cee-8f66-b2138ddb8308"",""4fb06294-3b3e-459e-87e9-1c6bf5911503""]",0,0,false,0,0,false,false,false,,false,false,true,
14f2902d-42de-4820-83c5-e4f359a6e0d6|ev star wars episode v the empire strikes back portfolio,resolved,14f2902d-42de-4820-83c5-e4f359a6e0d6,STAR WARS,star wars,ev star wars episode v the empire strikes back portfolio,"[[""Star Wars"",222]]","[[""EV_Star Wars Episode V - The Empire Strikes Back Portfolio"",222]]",222,"[{""path"":""[redacted:00bd093a5d86]/depth-5/[file].psd"",""filename"":""[redacted:df746111fa58].psd""},{""path"":""[redacted:d508589eb662]/depth-3/[file].psd"",""filename"":""[redacted:b48b87f96326].psd""},{""path"":""[redacted:d6da83de34a4]/depth-5/[file].psd"",""filename"":""[redacted:7b292e64a12a].psd""}]",[],[],[],[],none_property_aliases_frozen_empty,"[""02de0fab-dd7e-4082-ac99-659c46c77296"",""9243cc30-1292-46a8-a331-6a2a719bf65e"",""d8cc13f9-0d06-4a21-a789-88015d5ec15a"",""1744fc41-cbc6-46ab-83f2-17c6c269548c"",""7a671efa-7bda-4f4b-8b7f-9c78c68912f4"",""c0b68009-954c-4cee-8f66-b2138ddb8308"",""d7638191-2b1f-4660-84cc-5838b3cf6778""]",0,0,false,18,18,false,false,false,,false,false,true,
14f2902d-42de-4820-83c5-e4f359a6e0d6|ev star wars episode vi return of the jedi,resolved,14f2902d-42de-4820-83c5-e4f359a6e0d6,STAR WARS,star wars,ev star wars episode vi return of the jedi,"[[""Star Wars"",5]]","[[""EV_Star Wars Episode VI - Return of the Jedi"",5]]",5,"[{""path"":""[redacted:526cc9a1df0b]/depth-3/[file].psd"",""filename"":""[redacted:fa0aad90f373].psd""},{""path"":""[redacted:bcff8831c1c4]/depth-3/[file].psd"",""filename"":""[redacted:51b4c5859d73].psd""},{""path"":""[redacted:edc061ce34b7]/depth-3/[file].psd"",""filename"":""[redacted:3ed3dba08366].psd""}]",[],[],[],[],none_property_aliases_frozen_empty,"[""02de0fab-dd7e-4082-ac99-659c46c77296"",""9243cc30-1292-46a8-a331-6a2a719bf65e"",""d8cc13f9-0d06-4a21-a789-88015d5ec15a"",""1744fc41-cbc6-46ab-83f2-17c6c269548c"",""c0b68009-954c-4cee-8f66-b2138ddb8308"",""d7638191-2b1f-4660-84cc-5838b3cf6778""]",0,0,false,0,0,false,false,false,,false,false,true,
14f2902d-42de-4820-83c5-e4f359a6e0d6|ev star wars episode vii the force awakens,resolved,14f2902d-42de-4820-83c5-e4f359a6e0d6,STAR WARS,star wars,ev star wars episode vii the force awakens,"[[""Star Wars"",6]]","[[""EV_Star Wars Episode VII the Force Awakens"",6]]",6,"[{""path"":""[redacted:bf1dd2e79f41]/depth-3/[file].psd"",""filename"":""[redacted:66836ab4163b].psd""},{""path"":""[redacted:1d75944e37c9]/depth-3/[file].psd"",""filename"":""[redacted:63239019a45c].psd""},{""path"":""[redacted:df1a44b76156]/depth-3/[file].psd"",""filename"":""[redacted:5d4a45a038d4].psd""}]",[],[],[],[],none_property_aliases_frozen_empty,"[""02de0fab-dd7e-4082-ac99-659c46c77296"",""9243cc30-1292-46a8-a331-6a2a719bf65e"",""d8cc13f9-0d06-4a21-a789-88015d5ec15a"",""1744fc41-cbc6-46ab-83f2-17c6c269548c"",""c0b68009-954c-4cee-8f66-b2138ddb8308"",""d7638191-2b1f-4660-84cc-5838b3cf6778""]",0,0,false,0,0,false,false,false,,false,false,true,
14f2902d-42de-4820-83c5-e4f359a6e0d6|ev terrain,resolved,14f2902d-42de-4820-83c5-e4f359a6e0d6,STAR WARS,star wars,ev terrain,"[[""Star Wars"",60]]","[[""EV_Terrain"",60]]",60,"[{""path"":""[redacted:fd5bf326c67e]/depth-5/[file].psd"",""filename"":""[redacted:668103893ecb].psd""},{""path"":""[redacted:da8de626e744]/depth-6/[file].ai"",""filename"":""[redacted:d945f15d99dd].ai""},{""path"":""[redacted:8ae8c273dbea]/depth-5/[file].ai"",""filename"":""[redacted:7724a6814cf4].ai""}]",[],[],[],[],none_property_aliases_frozen_empty,[],0,0,false,0,0,false,false,false,,false,false,true,
14f2902d-42de-4820-83c5-e4f359a6e0d6|holiday,resolved,14f2902d-42de-4820-83c5-e4f359a6e0d6,STAR WARS,star wars,holiday,"[[""Star Wars"",791]]","[[""_HOLIDAY"",791]]",791,"[{""path"":""[redacted:1094f3d5d51c]/depth-7/[file].ai"",""filename"":""[redacted:fa471c7dd9cb].ai""},{""path"":""[redacted:4b45ea83009b]/depth-7/[file].ai"",""filename"":""[redacted:b3cb564a90d7].ai""},{""path"":""[redacted:d561303938d0]/depth-7/[file].ai"",""filename"":""[redacted:377ee0795797].ai""}]",[],[],[],[],none_property_aliases_frozen_empty,[],0,0,false,22,22,false,false,false,,false,false,true,
14f2902d-42de-4820-83c5-e4f359a6e0d6|mandalorian and grogu movie,resolved,14f2902d-42de-4820-83c5-e4f359a6e0d6,STAR WARS,star wars,mandalorian and grogu movie,"[[""Star Wars"",106]]","[[""Mandalorian and Grogu Movie"",106]]",106,"[{""path"":""[redacted:6bd6ebb7f8d8]/depth-4/[file].psd"",""filename"":""[redacted:6be532071dae].psd""},{""path"":""[redacted:1664e681e88b]/depth-4/[file].ai"",""filename"":""[redacted:ed457e2f6a89].ai""},{""path"":""[redacted:51758a942ccd]/depth-4/[file].ai"",""filename"":""[redacted:2ae59334418a].ai""}]",[],[],[],[],none_property_aliases_frozen_empty,"[""d7638191-2b1f-4660-84cc-5838b3cf6778""]",0,0,false,0,0,false,false,false,,false,false,true,
14f2902d-42de-4820-83c5-e4f359a6e0d6|old,resolved,14f2902d-42de-4820-83c5-e4f359a6e0d6,STAR WARS,star wars,old,"[[""Star Wars"",156]]","[[""_old"",156]]",156,"[{""path"":""[redacted:4d7894d91e96]/depth-6/[file].ai"",""filename"":""[redacted:8b5a05531e82].ai""},{""path"":""[redacted:74c9ae80ec36]/depth-6/[file].ai"",""filename"":""[redacted:68a1715bb753].ai""},{""path"":""[redacted:144ed70a2ea8]/depth-6/[file].jpg"",""filename"":""[redacted:cb77b1ce28d9].jpg""}]",[],[],[],[],none_property_aliases_frozen_empty,[],0,0,false,4,4,false,false,false,,false,false,true,
14f2902d-42de-4820-83c5-e4f359a6e0d6|packaging,resolved,14f2902d-42de-4820-83c5-e4f359a6e0d6,STAR WARS,star wars,packaging,"[[""Star Wars"",564]]","[[""_Packaging"",564]]",564,"[{""path"":""[redacted:deec788515d5]/depth-6/[file].psd"",""filename"":""[redacted:74b097d5234c].psd""},{""path"":""[redacted:cc93ec859d11]/depth-7/[file].jpg"",""filename"":""[redacted:7368e0d8f8ac].jpg""},{""path"":""[redacted:df82a675f503]/depth-6/[file].psd"",""filename"":""[redacted:4f643200c4ea].psd""}]",[],[],[],[],none_property_aliases_frozen_empty,[],0,0,false,23,23,false,false,false,,false,false,true,
14f2902d-42de-4820-83c5-e4f359a6e0d6|posters,resolved,14f2902d-42de-4820-83c5-e4f359a6e0d6,STAR WARS,star wars,posters,"[[""Star Wars"",86]]","[[""_posters"",86]]",86,"[{""path"":""[redacted:2c6bc057a111]/depth-3/[file].psd"",""filename"":""[redacted:f639aa1fa345].psd""},{""path"":""[redacted:75cc49251b19]/depth-3/[file].psd"",""filename"":""[redacted:b4fa135ecda8].psd""},{""path"":""[redacted:49d4101731d6]/depth-3/[file].psd"",""filename"":""[redacted:c57e862966e0].psd""}]",[],[],[],[],none_property_aliases_frozen_empty,[],0,0,false,0,0,false,false,false,,false,false,true,
14f2902d-42de-4820-83c5-e4f359a6e0d6|references,resolved,14f2902d-42de-4820-83c5-e4f359a6e0d6,STAR WARS,star wars,references,"[[""Star Wars"",11]]","[[""_references"",11]]",11,"[{""path"":""[redacted:9ee96dab778f]/depth-4/[file].pdf"",""filename"":""[redacted:e466e8b204b6].pdf""},{""path"":""[redacted:f9237d6bd838]/depth-4/[file].pdf"",""filename"":""[redacted:07ee10b63c86].pdf""},{""path"":""[redacted:4a8620deab61]/depth-4/[file].png"",""filename"":""[redacted:011f2a37859d].png""}]",[],[],[],[],none_property_aliases_frozen_empty,[],0,0,false,0,0,false,false,false,,false,false,true,
14f2902d-42de-4820-83c5-e4f359a6e0d6|unsorted,resolved,14f2902d-42de-4820-83c5-e4f359a6e0d6,STAR WARS,star wars,unsorted,"[[""Star Wars"",307]]","[[""_unsorted"",307]]",307,"[{""path"":""[redacted:0e7a5640a3a2]/depth-3/[file].psd"",""filename"":""[redacted:35143fe6bf2f].psd""},{""path"":""[redacted:d3d728a086b7]/depth-3/[file].ai"",""filename"":""[redacted:876fc3e3eef8].ai""},{""path"":""[redacted:a1616b004bb1]/depth-3/[file].ai"",""filename"":""[redacted:69fbc10d24c1].ai""}]",[],[],[],[],none_property_aliases_frozen_empty,[],0,0,false,0,0,false,false,false,,false,false,true,
4dba7d87-54ed-4dee-894b-570326953d92|[blank],resolved,4dba7d87-54ed-4dee-894b-570326953d92,STRAWBERRY SHORTCAKE,strawberry shortcake,,"[[""Strawberry Shortcake"",4]]","[["""",4]]",4,"[{""path"":""[redacted:3277027c6323]/depth-2/[file].eps"",""filename"":""[redacted:0fc06349a3a3].eps""},{""path"":""[redacted:6beff15feea2]/depth-2/[file].eps"",""filename"":""[redacted:841f28467c14].eps""},{""path"":""[redacted:d11b8fe5f671]/depth-2/[file].eps"",""filename"":""[redacted:8f8916fa3b2f].eps""}]",[],[],[],[],none_property_aliases_frozen_empty,[],0,0,false,0,0,false,false,false,,false,false,true,
4dba7d87-54ed-4dee-894b-570326953d92|modern core,resolved,4dba7d87-54ed-4dee-894b-570326953d92,STRAWBERRY SHORTCAKE,strawberry shortcake,modern core,"[[""Strawberry Shortcake"",304]]","[[""Modern Core"",304]]",304,"[{""path"":""[redacted:0bd2a4224321]/depth-6/[file].ai"",""filename"":""[redacted:1a421110549e].ai""},{""path"":""[redacted:2ca5c6cafcb3]/depth-6/[file].ai"",""filename"":""[redacted:3c25d93c729b].ai""},{""path"":""[redacted:bc5f4ba88116]/depth-6/[file].ai"",""filename"":""[redacted:777713d763f9].ai""}]",[],[],[],[],none_property_aliases_frozen_empty,"[""15beb12a-b5ee-4e33-86b7-27037af444a4""]",0,0,false,0,0,false,false,false,,false,false,true,
4dba7d87-54ed-4dee-894b-570326953d92|vintage,resolved,4dba7d87-54ed-4dee-894b-570326953d92,STRAWBERRY SHORTCAKE,strawberry shortcake,vintage,"[[""Strawberry Shortcake"",1610]]","[[""Vintage"",1610]]",1610,"[{""path"":""[redacted:70a2208f899f]/depth-7/[file].zip"",""filename"":""[redacted:f9699bd967e5].zip""},{""path"":""[redacted:1e8d9ae9aa5b]/depth-6/[file].psd"",""filename"":""[redacted:e8d34dadc16e].psd""},{""path"":""[redacted:581075ac11b9]/depth-6/[file].eps"",""filename"":""[redacted:a15684e98bf5].eps""}]",[],[],[],[],none_property_aliases_frozen_empty,[],0,0,false,2,2,false,false,false,,false,false,true,
f39fe07e-e438-46b2-9e17-fb711358e790|[blank],resolved,f39fe07e-e438-46b2-9e17-fb711358e790,TOEI - ONE PIECE,one piece,,"[[""One Piece"",6]]","[["""",6]]",6,"[{""path"":""[redacted:c22a3a04768b]/depth-2/[file].xlsx"",""filename"":""[redacted:fa84784920d8].xlsx""},{""path"":""[redacted:a161a0c1ff8e]/depth-2/[file].xlsx"",""filename"":""[redacted:6030269b1aff].xlsx""},{""path"":""[redacted:41522e81c3d0]/depth-2/[file].pdf"",""filename"":""[redacted:119286482817].pdf""}]",[],[],[],[],none_property_aliases_frozen_empty,[],0,0,false,0,0,false,false,false,One Piece,false,false,true,
f39fe07e-e438-46b2-9e17-fb711358e790|copyright,resolved,f39fe07e-e438-46b2-9e17-fb711358e790,TOEI - ONE PIECE,one piece,copyright,"[[""One Piece"",1]]","[[""Copyright"",1]]",1,"[{""path"":""[redacted:b1c2dc67f2d6]/depth-3/[file].pdf"",""filename"":""[redacted:95908db2172b].pdf""}]",[],[],[],[],none_property_aliases_frozen_empty,[],0,0,false,0,0,false,false,false,One Piece,false,false,true,
f39fe07e-e438-46b2-9e17-fb711358e790|logo,resolved,f39fe07e-e438-46b2-9e17-fb711358e790,TOEI - ONE PIECE,one piece,logo,"[[""One Piece"",6]]","[[""LOGO"",6]]",6,"[{""path"":""[redacted:beb0f12a2e26]/depth-3/[file].ai"",""filename"":""[redacted:7b31e27aa50d].ai""},{""path"":""[redacted:46214bb8c97d]/depth-4/[file].ai"",""filename"":""[redacted:4c0d78e361a2].ai""},{""path"":""[redacted:87c816333c40]/depth-3/[file].png"",""filename"":""[redacted:1097ed64d0a2].png""}]",[],[],[],[],none_property_aliases_frozen_empty,[],0,0,false,0,0,false,false,false,One Piece,false,false,true,
f39fe07e-e438-46b2-9e17-fb711358e790|style guide,resolved,f39fe07e-e438-46b2-9e17-fb711358e790,TOEI - ONE PIECE,one piece,style guide,"[[""One Piece"",8370]]","[[""Style Guide"",8370]]",8370,"[{""path"":""[redacted:5b7aaa30f12a]/depth-8/[file].psd"",""filename"":""[redacted:b4c5ef6ca7ef].psd""},{""path"":""[redacted:5cc1b15d1cec]/depth-7/[file].ai"",""filename"":""[redacted:7c794515ce04].ai""},{""path"":""[redacted:e78cfb023fdb]/depth-8/[file].ai"",""filename"":""[redacted:50c17ac576e2].ai""}]",[],[],[],[],none_property_aliases_frozen_empty,[],0,0,true,2471,2469,false,false,false,One Piece,false,false,true,
5f951f5e-aaee-4add-bb51-fea888951405|[blank],resolved,5f951f5e-aaee-4add-bb51-fea888951405,VIACOM MULTI,paramount,,"[[""Paramount"",3]]","[["""",3]]",3,"[{""path"":""[redacted:5408b2ab111f]/depth-2/[file].msi"",""filename"":""[redacted:2bd1c4a491eb].msi""},{""path"":""[redacted:cee489724693]/depth-2/[file].pdf"",""filename"":""[redacted:19f58e55994d].pdf""},{""path"":""[redacted:91664cbf44a2]/depth-2/[file].eps"",""filename"":""[redacted:334b58fa1f65].eps""}]",[],[],[],[],none_property_aliases_frozen_empty,[],0,0,false,0,0,false,false,false,Paramount,false,false,true,
5f951f5e-aaee-4add-bb51-fea888951405|avatar the last airbender,resolved,5f951f5e-aaee-4add-bb51-fea888951405,VIACOM MULTI,paramount,avatar the last airbender,"[[""Paramount"",855]]","[[""Avatar the Last Airbender"",855]]",855,"[{""path"":""[redacted:0422f79714b1]/depth-5/[file].psd"",""filename"":""[redacted:bec2fce15d2c].psd""},{""path"":""[redacted:938d47138254]/depth-4/[file].eps"",""filename"":""[redacted:7fe0f1084bd1].eps""},{""path"":""[redacted:7ffb626dbec5]/depth-5/[file].eps"",""filename"":""[redacted:66a9d58737bf].eps""}]","[""23315dd3-f6a7-41b7-bdbb-ac013dd54165""]","[""AVATAR THE LAST AIRBENDER""]","[""23315dd3-f6a7-41b7-bdbb-ac013dd54165""]","[""AVATAR THE LAST AIRBENDER""]",none_property_aliases_frozen_empty,"[""23315dd3-f6a7-41b7-bdbb-ac013dd54165"",""41ffb828-ede0-4295-aac9-fd31eaedc840""]",2,2,false,868,855,true,true,false,Paramount,false,false,true,
5f951f5e-aaee-4add-bb51-fea888951405|beverly hills 90210,resolved,5f951f5e-aaee-4add-bb51-fea888951405,VIACOM MULTI,paramount,beverly hills 90210,"[[""Paramount"",447]]","[[""Beverly Hills 90210"",447]]",447,"[{""path"":""[redacted:2e44454e9726]/depth-4/[file].eps"",""filename"":""[redacted:5676da4959d4].eps""},{""path"":""[redacted:35be748f1644]/depth-4/[file].tif"",""filename"":""[redacted:ec8ebda956c6].tif""},{""path"":""[redacted:3bea24ce694b]/depth-4/[file].jpg"",""filename"":""[redacted:ae0d3fe65b0d].jpg""}]",[],[],[],[],none_property_aliases_frozen_empty,[],0,0,false,0,0,false,false,false,Paramount,false,false,true,
5f951f5e-aaee-4add-bb51-fea888951405|brady bunch,resolved,5f951f5e-aaee-4add-bb51-fea888951405,VIACOM MULTI,paramount,brady bunch,"[[""Paramount"",200]]","[[""Brady Bunch"",200]]",200,"[{""path"":""[redacted:3b4818374d1a]/depth-3/[file].jpg"",""filename"":""[redacted:94ac44cbb6c4].jpg""},{""path"":""[redacted:705a1371234c]/depth-3/[file].tif"",""filename"":""[redacted:502947bddf21].tif""},{""path"":""[redacted:d099d471fe13]/depth-3/[file].psd"",""filename"":""[redacted:fd9c98a263df].psd""}]",[],[],[],[],none_property_aliases_frozen_empty,[],0,0,false,0,0,false,false,false,Paramount,false,false,true,
5f951f5e-aaee-4add-bb51-fea888951405|cheers,resolved,5f951f5e-aaee-4add-bb51-fea888951405,VIACOM MULTI,paramount,cheers,"[[""Paramount"",200]]","[[""Cheers"",200]]",200,"[{""path"":""[redacted:0ddb02ac408a]/depth-3/[file].psd"",""filename"":""[redacted:3ef9d849be34].psd""},{""path"":""[redacted:50097ea457c5]/depth-3/[file].psd"",""filename"":""[redacted:b617cc5059aa].psd""},{""path"":""[redacted:35a59090aa2f]/depth-3/[file].psd"",""filename"":""[redacted:97fd9be295d3].psd""}]",[],[],[],[],none_property_aliases_frozen_empty,[],0,0,false,0,0,false,false,false,Paramount,false,false,true,
5f951f5e-aaee-4add-bb51-fea888951405|clueless,resolved,5f951f5e-aaee-4add-bb51-fea888951405,VIACOM MULTI,paramount,clueless,"[[""Paramount"",178]]","[[""Clueless"",178]]",178,"[{""path"":""[redacted:02a441a2f755]/depth-4/[file].jpg"",""filename"":""[redacted:7081bb8edd15].jpg""},{""path"":""[redacted:8f2307a7d54c]/depth-4/[file].jpg"",""filename"":""[redacted:abb25fd906c4].jpg""},{""path"":""[redacted:7677b7b594ec]/depth-4/[file].jpg"",""filename"":""[redacted:441e4f3dd724].jpg""}]",[],[],[],[],none_property_aliases_frozen_empty,[],0,0,false,0,0,false,false,false,Paramount,false,false,true,
5f951f5e-aaee-4add-bb51-fea888951405|ferris buellers day off,resolved,5f951f5e-aaee-4add-bb51-fea888951405,VIACOM MULTI,paramount,ferris buellers day off,"[[""Paramount"",28]]","[[""Ferris Bueller's Day Off"",28]]",28,"[{""path"":""[redacted:e4f7efa25721]/depth-3/[file].psd"",""filename"":""[redacted:fb39e5ca2071].psd""},{""path"":""[redacted:4b8e1987cad5]/depth-3/[file].tif"",""filename"":""[redacted:5a103771d420].tif""},{""path"":""[redacted:df25d3453f52]/depth-3/[file].tif"",""filename"":""[redacted:3b5355fa0e80].tif""}]",[],[],[],[],none_property_aliases_frozen_empty,[],0,0,false,0,0,false,false,false,Paramount,false,false,true,
5f951f5e-aaee-4add-bb51-fea888951405|footloose,resolved,5f951f5e-aaee-4add-bb51-fea888951405,VIACOM MULTI,paramount,footloose,"[[""Paramount"",61]]","[[""Footloose"",61]]",61,"[{""path"":""[redacted:030e38fe3061]/depth-3/[file].jpg"",""filename"":""[redacted:fc446dfb6343].jpg""},{""path"":""[redacted:4309d557c30b]/depth-3/[file].jpg"",""filename"":""[redacted:5f534107565d].jpg""},{""path"":""[redacted:f2419bd3eedb]/depth-3/[file].jpg"",""filename"":""[redacted:e140dbeb2e1d].jpg""}]",[],[],[],[],none_property_aliases_frozen_empty,[],0,0,false,0,0,false,false,false,Paramount,false,false,true,
5f951f5e-aaee-4add-bb51-fea888951405|forrest gump core style guide,resolved,5f951f5e-aaee-4add-bb51-fea888951405,VIACOM MULTI,paramount,forrest gump core style guide,"[[""Paramount"",15]]","[[""Forrest Gump Core Style Guide"",15]]",15,"[{""path"":""[redacted:128e1888aa1d]/depth-3/[file].tif"",""filename"":""[redacted:44e9fcf3bbdf].tif""},{""path"":""[redacted:562927d2e710]/depth-3/[file].tif"",""filename"":""[redacted:f3f371cc7e79].tif""},{""path"":""[redacted:63bcab196457]/depth-3/[file].eps"",""filename"":""[redacted:e4f6a4bf73ff].eps""}]",[],[],[],[],none_property_aliases_frozen_empty,[],0,0,true,0,0,false,false,false,Paramount,false,false,true,
5f951f5e-aaee-4add-bb51-fea888951405|garfield,resolved,5f951f5e-aaee-4add-bb51-fea888951405,VIACOM MULTI,paramount,garfield,"[[""Paramount"",611]]","[[""Garfield"",611]]",611,"[{""path"":""[redacted:182827128946]/depth-4/[file].eps"",""filename"":""[redacted:f286f02de252].eps""},{""path"":""[redacted:bcc7dbd28070]/depth-4/[file].eps"",""filename"":""[redacted:540bba5575ac].eps""},{""path"":""[redacted:f6425e0f9b8f]/depth-5/[file].tif"",""filename"":""[redacted:fc0699c988fe].tif""}]","[""4526a736-7b50-4e7d-bc30-97edc8764e3d""]","[""GARFIELD""]","[""4526a736-7b50-4e7d-bc30-97edc8764e3d""]","[""GARFIELD""]",none_property_aliases_frozen_empty,"[""4526a736-7b50-4e7d-bc30-97edc8764e3d""]",2,2,false,758,611,true,true,false,Paramount,false,false,true,
5f951f5e-aaee-4add-bb51-fea888951405|grease,resolved,5f951f5e-aaee-4add-bb51-fea888951405,VIACOM MULTI,paramount,grease,"[[""Paramount"",159]]","[[""Grease"",159]]",159,"[{""path"":""[redacted:e59a1847880d]/depth-5/[file].eps"",""filename"":""[redacted:4aae8252a81a].eps""},{""path"":""[redacted:22c56793efa8]/depth-4/[file].jpg"",""filename"":""[redacted:d7cbf551967f].jpg""},{""path"":""[redacted:147380765072]/depth-5/[file].eps"",""filename"":""[redacted:695cb927f9f2].eps""}]",[],[],[],[],none_property_aliases_frozen_empty,[],0,0,false,0,0,false,false,false,Paramount,false,false,true,
5f951f5e-aaee-4add-bb51-fea888951405|happy days,resolved,5f951f5e-aaee-4add-bb51-fea888951405,VIACOM MULTI,paramount,happy days,"[[""Paramount"",201]]","[[""Happy Days"",201]]",201,"[{""path"":""[redacted:cb166365538c]/depth-3/[file].tif"",""filename"":""[redacted:8d28d1f00e07].tif""},{""path"":""[redacted:8a3a21887e22]/depth-3/[file].psd"",""filename"":""[redacted:38b6701becc0].psd""},{""path"":""[redacted:32dbd65099df]/depth-3/[file].psd"",""filename"":""[redacted:7e8cec4c9b48].psd""}]",[],[],[],[],none_property_aliases_frozen_empty,[],0,0,false,0,0,false,false,false,Paramount,false,false,true,
5f951f5e-aaee-4add-bb51-fea888951405|invader zim,resolved,5f951f5e-aaee-4add-bb51-fea888951405,VIACOM MULTI,paramount,invader zim,"[[""Paramount"",381]]","[[""Invader Zim"",381]]",381,"[{""path"":""[redacted:0272371ec189]/depth-4/[file].eps"",""filename"":""[redacted:0bc4ae637122].eps""},{""path"":""[redacted:3a238979b2ba]/depth-4/[file].eps"",""filename"":""[redacted:a4df870ffb0d].eps""},{""path"":""[redacted:50f6c33a16fa]/depth-4/[file].eps"",""filename"":""[redacted:4f5be50294e6].eps""}]","[""6e0beeae-b784-4996-af8b-e06de3cfbfc9""]","[""INVADER ZIM""]","[""6e0beeae-b784-4996-af8b-e06de3cfbfc9""]","[""INVADER ZIM""]",none_property_aliases_frozen_empty,"[""6e0beeae-b784-4996-af8b-e06de3cfbfc9""]",2,2,false,382,381,true,true,false,Paramount,false,false,true,
5f951f5e-aaee-4add-bb51-fea888951405|its a wonderful life,resolved,5f951f5e-aaee-4add-bb51-fea888951405,VIACOM MULTI,paramount,its a wonderful life,"[[""Paramount"",8]]","[[""Its a Wonderful Life"",8]]",8,"[{""path"":""[redacted:3aa1061bcf7e]/depth-3/[file].psd"",""filename"":""[redacted:eecbc3c3ea1a].psd""},{""path"":""[redacted:08d27d249cb6]/depth-3/[file].psd"",""filename"":""[redacted:c25b7fcc1453].psd""},{""path"":""[redacted:9c9e077fe666]/depth-3/[file].eps"",""filename"":""[redacted:c4d9ea2b23d5].eps""}]",[],[],[],[],none_property_aliases_frozen_empty,[],0,0,false,0,0,false,false,false,Paramount,false,false,true,
5f951f5e-aaee-4add-bb51-fea888951405|mean girls 2004,resolved,5f951f5e-aaee-4add-bb51-fea888951405,VIACOM MULTI,paramount,mean girls 2004,"[[""Paramount"",300]]","[[""Mean Girls 2004"",300]]",300,"[{""path"":""[redacted:b731baf17067]/depth-6/[file].ai"",""filename"":""[redacted:3be4db42e6a3].ai""},{""path"":""[redacted:f25c95029373]/depth-4/[file].tif"",""filename"":""[redacted:7dae727b533d].tif""},{""path"":""[redacted:f5ad33f8902d]/depth-4/[file].ai"",""filename"":""[redacted:4f4a58b5b86e].ai""}]",[],[],[],[],none_property_aliases_frozen_empty,[],0,0,false,0,0,false,false,false,Paramount,false,false,true,
5f951f5e-aaee-4add-bb51-fea888951405|mighty mouse,resolved,5f951f5e-aaee-4add-bb51-fea888951405,VIACOM MULTI,paramount,mighty mouse,"[[""Paramount"",242]]","[[""Mighty Mouse"",242]]",242,"[{""path"":""[redacted:a334b21f4f82]/depth-5/[file].eps"",""filename"":""[redacted:b4ff1b3310d7].eps""},{""path"":""[redacted:7066fc6755a1]/depth-5/[file].eps"",""filename"":""[redacted:29724a0a8002].eps""},{""path"":""[redacted:3c74c08a4265]/depth-6/[file].eps"",""filename"":""[redacted:9b52e6b66c4e].eps""}]",[],[],[],[],none_property_aliases_frozen_empty,[],0,0,false,0,0,false,false,false,Paramount,false,false,true,
5f951f5e-aaee-4add-bb51-fea888951405|scream franchise,resolved,5f951f5e-aaee-4add-bb51-fea888951405,VIACOM MULTI,paramount,scream franchise,"[[""Paramount"",92]]","[[""Scream Franchise"",92]]",92,"[{""path"":""[redacted:6a63039c8a95]/depth-4/[file].tif"",""filename"":""[redacted:6b35815d1a93].tif""},{""path"":""[redacted:ae9aa97748e1]/depth-4/[file].psb"",""filename"":""[redacted:de21f56f269f].psb""},{""path"":""[redacted:0b90be293512]/depth-4/[file].tif"",""filename"":""[redacted:1cccd5c6ba2b].tif""}]",[],[],[],[],none_property_aliases_frozen_empty,"[""515f068a-31ae-46ea-a316-4cad5eabbe9f""]",0,0,false,92,92,false,false,false,Paramount,false,false,true,
5f951f5e-aaee-4add-bb51-fea888951405|spongebob,resolved,5f951f5e-aaee-4add-bb51-fea888951405,VIACOM MULTI,paramount,spongebob,"[[""Paramount"",2868]]","[[""Spongebob"",2868]]",2868,"[{""path"":""[redacted:6023d3284070]/depth-4/[file].ai"",""filename"":""[redacted:c74a6605db50].ai""},{""path"":""[redacted:2618e989e73b]/depth-4/[file].eps"",""filename"":""[redacted:bfef9c3e21c2].eps""},{""path"":""[redacted:662e4b6b1e24]/depth-5/[file].eps"",""filename"":""[redacted:3ad79e8ebccf].eps""}]","[""e26d6839-c6cd-4eee-ac76-f56e1479c4ed""]","[""SPONGEBOB""]","[""e26d6839-c6cd-4eee-ac76-f56e1479c4ed""]","[""SPONGEBOB""]",none_property_aliases_frozen_empty,"[""e26d6839-c6cd-4eee-ac76-f56e1479c4ed""]",2,2,false,2868,2868,true,true,false,Paramount,false,false,true,
5f951f5e-aaee-4add-bb51-fea888951405|the anchorman the legend of ron burgundy,resolved,5f951f5e-aaee-4add-bb51-fea888951405,VIACOM MULTI,paramount,the anchorman the legend of ron burgundy,"[[""Paramount"",24]]","[[""The Anchorman The Legend of Ron Burgundy"",24]]",24,"[{""path"":""[redacted:cdf8e016bf32]/depth-3/[file].jpg"",""filename"":""[redacted:2313b8dd5413].jpg""},{""path"":""[redacted:412f0d69f8dd]/depth-3/[file].tif"",""filename"":""[redacted:e2f69a937d7d].tif""},{""path"":""[redacted:610f9562b53c]/depth-3/[file].eps"",""filename"":""[redacted:2b5ccb95b240].eps""}]",[],[],[],[],none_property_aliases_frozen_empty,"[""23315dd3-f6a7-41b7-bdbb-ac013dd54165"",""41ffb828-ede0-4295-aac9-fd31eaedc840""]",0,0,false,0,0,false,false,false,Paramount,false,false,true,
5f951f5e-aaee-4add-bb51-fea888951405|the godfather,resolved,5f951f5e-aaee-4add-bb51-fea888951405,VIACOM MULTI,paramount,the godfather,"[[""Paramount"",193]]","[[""The Godfather"",193]]",193,"[{""path"":""[redacted:04e2d27a46fe]/depth-4/[file].pdf"",""filename"":""[redacted:8467c74181c6].pdf""},{""path"":""[redacted:8b594f1365f9]/depth-5/[file].psd"",""filename"":""[redacted:4a76fcddd87e].psd""},{""path"":""[redacted:068256d92d19]/depth-5/[file].ai"",""filename"":""[redacted:e38f92e530b9].ai""}]","[""41ffb828-ede0-4295-aac9-fd31eaedc840""]","[""THE GODFATHER""]","[""41ffb828-ede0-4295-aac9-fd31eaedc840""]","[""THE GODFATHER""]",none_property_aliases_frozen_empty,"[""41ffb828-ede0-4295-aac9-fd31eaedc840"",""23315dd3-f6a7-41b7-bdbb-ac013dd54165""]",2,2,false,193,193,true,true,false,Paramount,false,false,true,
5f951f5e-aaee-4add-bb51-fea888951405|the twilight zone,resolved,5f951f5e-aaee-4add-bb51-fea888951405,VIACOM MULTI,paramount,the twilight zone,"[[""Paramount"",146]]","[[""The Twilight Zone"",146]]",146,"[{""path"":""[redacted:7021fb9b362a]/depth-4/[file].psd"",""filename"":""[redacted:6780aaa4fcbe].psd""},{""path"":""[redacted:3bc9bb8e702c]/depth-4/[file].jpg"",""filename"":""[redacted:75480155d068].jpg""},{""path"":""[redacted:2adaacf09625]/depth-4/[file].ai"",""filename"":""[redacted:91d2fc0986ae].ai""}]",[],[],[],[],none_property_aliases_frozen_empty,"[""41ffb828-ede0-4295-aac9-fd31eaedc840"",""23315dd3-f6a7-41b7-bdbb-ac013dd54165""]",0,0,false,1,1,false,false,false,Paramount,false,false,true,
5f951f5e-aaee-4add-bb51-fea888951405|tmnt,resolved,5f951f5e-aaee-4add-bb51-fea888951405,VIACOM MULTI,paramount,tmnt,"[[""Paramount"",1147]]","[[""TMNT"",1147]]",1147,"[{""path"":""[redacted:9d272d780c7f]/depth-4/[file].eps"",""filename"":""[redacted:95ea04fd113f].eps""},{""path"":""[redacted:22cf39f83fba]/depth-4/[file].tif"",""filename"":""[redacted:ef9006108a36].tif""},{""path"":""[redacted:9ec70b0690bd]/depth-4/[file].eps"",""filename"":""[redacted:4d3ce2333f2d].eps""}]",[],[],[],[],none_property_aliases_frozen_empty,[],0,0,false,0,0,false,false,false,Paramount,false,false,true,
5f951f5e-aaee-4add-bb51-fea888951405|top gun,resolved,5f951f5e-aaee-4add-bb51-fea888951405,VIACOM MULTI,paramount,top gun,"[[""Paramount"",103]]","[[""Top Gun"",103]]",103,"[{""path"":""[redacted:86a23b28e546]/depth-5/[file].tif"",""filename"":""[redacted:75a742babe32].tif""},{""path"":""[redacted:3bd6780d93b5]/depth-5/[file].eps"",""filename"":""[redacted:0d4ec2fae356].eps""},{""path"":""[redacted:815d6cb42480]/depth-5/[file].ai"",""filename"":""[redacted:954435e2aba3].ai""}]","[""f21afc9f-8e64-46f6-875f-757f97664a8b""]","[""TOP GUN""]","[""f21afc9f-8e64-46f6-875f-757f97664a8b""]","[""TOP GUN""]",none_property_aliases_frozen_empty,"[""f21afc9f-8e64-46f6-875f-757f97664a8b""]",2,2,false,139,103,true,true,false,Paramount,false,false,true,
5f951f5e-aaee-4add-bb51-fea888951405|top gun maverick,resolved,5f951f5e-aaee-4add-bb51-fea888951405,VIACOM MULTI,paramount,top gun maverick,"[[""Paramount"",197]]","[[""Top Gun Maverick"",197]]",197,"[{""path"":""[redacted:0ecbc62f7692]/depth-8/[file].psd"",""filename"":""[redacted:ee28a632a371].psd""},{""path"":""[redacted:94c6ae37c1e1]/depth-8/[file].psd"",""filename"":""[redacted:d40a841fce56].psd""},{""path"":""[redacted:ac2592fa31db]/depth-5/[file].psd"",""filename"":""[redacted:479fb9265a96].psd""}]",[],[],[],[],none_property_aliases_frozen_empty,"[""f21afc9f-8e64-46f6-875f-757f97664a8b""]",0,0,false,197,197,false,false,false,Paramount,false,false,true,
5f951f5e-aaee-4add-bb51-fea888951405|viacom 2023 rollout,resolved,5f951f5e-aaee-4add-bb51-fea888951405,VIACOM MULTI,paramount,viacom 2023 rollout,"[[""Paramount"",193]]","[[""Viacom 2023 Rollout"",193]]",193,"[{""path"":""[redacted:91673e3853b4]/depth-8/[file].ai"",""filename"":""[redacted:b903b2a311b7].ai""},{""path"":""[redacted:4e1afdd8ee46]/depth-7/[file].ai"",""filename"":""[redacted:31b3e7de24a7].ai""},{""path"":""[redacted:2afffbc7e11c]/depth-8/[file].ai"",""filename"":""[redacted:5e5e8071e862].ai""}]",[],[],[],[],none_property_aliases_frozen_empty,[],0,0,false,26,25,false,false,false,Paramount,false,false,true,
5f951f5e-aaee-4add-bb51-fea888951405|yellowstone,resolved,5f951f5e-aaee-4add-bb51-fea888951405,VIACOM MULTI,paramount,yellowstone,"[[""Paramount"",200]]","[[""Yellowstone"",200]]",200,"[{""path"":""[redacted:115df30585fc]/depth-4/[file].eps"",""filename"":""[redacted:66ab6358e0b7].eps""},{""path"":""[redacted:2655c83068e9]/depth-4/[file].jpg"",""filename"":""[redacted:a0ea5f83a343].jpg""},{""path"":""[redacted:19f3212f8732]/depth-4/[file].jpg"",""filename"":""[redacted:32afc8973c6c].jpg""}]",[],[],[],[],none_property_aliases_frozen_empty,[],0,0,false,0,0,false,false,false,Paramount,false,false,true,
88313675-0089-4072-87be-5b989df8a3fc|[blank],resolved,88313675-0089-4072-87be-5b989df8a3fc,WARNER BROS,wb,,"[[""WB"",14]]","[["""",14]]",14,"[{""path"":""[redacted:dd761c0b1d68]/depth-2/[file].psd"",""filename"":""[redacted:aa926baef1cc].psd""},{""path"":""[redacted:8c6d523a3e79]/depth-2/[file].ai"",""filename"":""[redacted:b56c72cc6bf0].ai""},{""path"":""[redacted:a0572e36d4e8]/depth-2/[file].psd"",""filename"":""[redacted:d79542812652].psd""}]",[],[],[],[],none_property_aliases_frozen_empty,[],0,0,false,0,0,false,false,false,,false,false,true,
88313675-0089-4072-87be-5b989df8a3fc|beetlejuice,resolved,88313675-0089-4072-87be-5b989df8a3fc,WARNER BROS,wb,beetlejuice,"[[""WB"",751]]","[[""Beetlejuice"",751]]",751,"[{""path"":""[redacted:271dff199cc5]/depth-4/[file].psd"",""filename"":""[redacted:358f5c65b598].psd""},{""path"":""[redacted:46aea1029306]/depth-4/[file].psd"",""filename"":""[redacted:90586be67939].psd""},{""path"":""[redacted:c67ff934ca8e]/depth-4/[file].tif"",""filename"":""[redacted:52f05588f66e].tif""}]","[""4e41dcdf-a2cb-4ddd-ad03-f447ab73615a""]","[""BEETLEJUICE""]","[""4e41dcdf-a2cb-4ddd-ad03-f447ab73615a""]","[""BEETLEJUICE""]",none_property_aliases_frozen_empty,"[""4e41dcdf-a2cb-4ddd-ad03-f447ab73615a""]",2,2,false,754,751,true,true,false,,false,false,true,
88313675-0089-4072-87be-5b989df8a3fc|beetlejuice 2,resolved,88313675-0089-4072-87be-5b989df8a3fc,WARNER BROS,wb,beetlejuice 2,"[[""WB"",91]]","[[""Beetlejuice 2"",91]]",91,"[{""path"":""[redacted:e640b3b6d298]/depth-3/[file].psd"",""filename"":""[redacted:40ecceaa711e].psd""},{""path"":""[redacted:8e8f1c925372]/depth-3/[file].ai"",""filename"":""[redacted:eab048f4551c].ai""},{""path"":""[redacted:92a820382907]/depth-3/[file].ai"",""filename"":""[redacted:4a1c479e2e18].ai""}]",[],[],[],[],none_property_aliases_frozen_empty,"[""4e41dcdf-a2cb-4ddd-ad03-f447ab73615a""]",0,0,false,91,91,false,false,false,,false,false,true,
88313675-0089-4072-87be-5b989df8a3fc|corpse bride,resolved,88313675-0089-4072-87be-5b989df8a3fc,WARNER BROS,wb,corpse bride,"[[""WB"",575]]","[[""Corpse Bride"",575]]",575,"[{""path"":""[redacted:0e0546731ddc]/depth-3/[file].psd"",""filename"":""[redacted:403fea953fb1].psd""},{""path"":""[redacted:ae97cbe4b255]/depth-3/[file].psd"",""filename"":""[redacted:e735dab42dd6].psd""},{""path"":""[redacted:73a3f6c04753]/depth-3/[file].ai"",""filename"":""[redacted:dca0fce63c63].ai""}]","[""01e61839-32ad-4eaf-b9e4-14b97cbd86b1""]","[""CORPSE BRIDE""]","[""01e61839-32ad-4eaf-b9e4-14b97cbd86b1""]","[""CORPSE BRIDE""]",none_property_aliases_frozen_empty,"[""01e61839-32ad-4eaf-b9e4-14b97cbd86b1""]",2,2,false,575,575,true,true,false,,false,false,true,
88313675-0089-4072-87be-5b989df8a3fc|dc,resolved,88313675-0089-4072-87be-5b989df8a3fc,WARNER BROS,wb,dc,"[[""WB"",14164]]","[[""DC"",14164]]",14164,"[{""path"":""[redacted:042fc0e7eec0]/depth-5/[file].tif"",""filename"":""[redacted:14c97816d1a3].tif""},{""path"":""[redacted:9fd8f7a224d7]/depth-5/[file].ai"",""filename"":""[redacted:7159f952a9cb].ai""},{""path"":""[redacted:4be812afa1d8]/depth-5/[file].psd"",""filename"":""[redacted:224629521a5e].psd""}]",[],[],[],[],none_property_aliases_frozen_empty,[],0,0,false,10185,9941,false,false,false,,false,false,true,
88313675-0089-4072-87be-5b989df8a3fc|friends,resolved,88313675-0089-4072-87be-5b989df8a3fc,WARNER BROS,wb,friends,"[[""WB"",288]]","[[""Friends"",288]]",288,"[{""path"":""[redacted:9050dbf5b3a7]/depth-4/[file].ai"",""filename"":""[redacted:c374681e3e15].ai""},{""path"":""[redacted:4a8bc02ced27]/depth-4/[file].ai"",""filename"":""[redacted:852200f0826a].ai""},{""path"":""[redacted:338d248f3f15]/depth-4/[file].ai"",""filename"":""[redacted:84e8cfe79f91].ai""}]","[""95c1c2a5-da7b-4e69-b275-bc57e0298396""]","[""FRIENDS""]","[""95c1c2a5-da7b-4e69-b275-bc57e0298396""]","[""FRIENDS""]",none_property_aliases_frozen_empty,"[""95c1c2a5-da7b-4e69-b275-bc57e0298396"",""72e026f2-e0ca-4fe8-b96d-4090519e47c6""]",2,2,false,288,288,true,true,false,,false,false,true,
88313675-0089-4072-87be-5b989df8a3fc|game of thrones,resolved,88313675-0089-4072-87be-5b989df8a3fc,WARNER BROS,wb,game of thrones,"[[""WB"",476]]","[[""Game of Thrones"",476]]",476,"[{""path"":""[redacted:a10e68211a58]/depth-3/[file].pdf"",""filename"":""[redacted:03d2650211e3].pdf""},{""path"":""[redacted:a45be9b5a678]/depth-4/[file].ai"",""filename"":""[redacted:ddafc7eccc58].ai""},{""path"":""[redacted:a3677f9cb615]/depth-3/[file].ai"",""filename"":""[redacted:588be605eca4].ai""}]","[""be51fe30-87a9-409e-bf62-43d5c18e039f""]","[""GAME OF THRONES""]","[""be51fe30-87a9-409e-bf62-43d5c18e039f""]","[""GAME OF THRONES""]",none_property_aliases_frozen_empty,"[""be51fe30-87a9-409e-bf62-43d5c18e039f""]",2,2,false,478,476,true,true,false,,false,false,true,
88313675-0089-4072-87be-5b989df8a3fc|gilmore girls,resolved,88313675-0089-4072-87be-5b989df8a3fc,WARNER BROS,wb,gilmore girls,"[[""WB"",306]]","[[""Gilmore Girls"",306]]",306,"[{""path"":""[redacted:5af12e668e71]/depth-5/[file].tif"",""filename"":""[redacted:c4e9e649da3a].tif""},{""path"":""[redacted:b4fe38ab1a4d]/depth-5/[file].psd"",""filename"":""[redacted:5403799e49e3].psd""},{""path"":""[redacted:d98225790db4]/depth-5/[file].tif"",""filename"":""[redacted:83dddc86e1fa].tif""}]","[""c8d1dd59-7c9a-4a58-ac46-63789df04286""]","[""GILMORE GIRLS""]","[""c8d1dd59-7c9a-4a58-ac46-63789df04286""]","[""GILMORE GIRLS""]",none_property_aliases_frozen_empty,"[""c8d1dd59-7c9a-4a58-ac46-63789df04286"",""89fae816-2cd6-462f-ab11-c3853ec141fb""]",2,1,false,307,306,true,true,false,,false,false,true,
88313675-0089-4072-87be-5b989df8a3fc|gremlins,resolved,88313675-0089-4072-87be-5b989df8a3fc,WARNER BROS,wb,gremlins,"[[""WB"",415]]","[[""Gremlins"",415]]",415,"[{""path"":""[redacted:3c10c9762821]/depth-6/[file].ai"",""filename"":""[redacted:9a5bc7e0c2fd].ai""},{""path"":""[redacted:3f1179a74063]/depth-6/[file].ai"",""filename"":""[redacted:fa91df6363c8].ai""},{""path"":""[redacted:d3c95269f46a]/depth-6/[file].ai"",""filename"":""[redacted:4d57a6de8a15].ai""}]",[],[],[],[],none_property_aliases_frozen_empty,[],0,0,false,0,0,false,false,false,,false,false,true,
88313675-0089-4072-87be-5b989df8a3fc|harry potter,resolved,88313675-0089-4072-87be-5b989df8a3fc,WARNER BROS,wb,harry potter,"[[""WB"",6961]]","[[""Harry Potter"",6961]]",6961,"[{""path"":""[redacted:5ff6cb0836b5]/depth-5/[file].tif"",""filename"":""[redacted:daed749a6257].tif""},{""path"":""[redacted:9484ca0c9daa]/depth-5/[file].psd"",""filename"":""[redacted:919f14962489].psd""},{""path"":""[redacted:7f06edac9b6a]/depth-4/[file].psd"",""filename"":""[redacted:2d2cb1305307].psd""}]","[""d07d42a6-067e-4ff2-a362-2c560dd179c6""]","[""HARRY POTTER""]",[],[],none_property_aliases_frozen_empty,[],0,0,false,7182,6961,true,false,true,,true,false,true,
88313675-0089-4072-87be-5b989df8a3fc|house of the dragon,resolved,88313675-0089-4072-87be-5b989df8a3fc,WARNER BROS,wb,house of the dragon,"[[""WB"",102]]","[[""House of the Dragon"",102]]",102,"[{""path"":""[redacted:d5d02364bd68]/depth-4/[file].psd"",""filename"":""[redacted:2227d8895acc].psd""},{""path"":""[redacted:7b3052ea32c5]/depth-4/[file].ai"",""filename"":""[redacted:dc532e5e9ab7].ai""},{""path"":""[redacted:5f603cd19dff]/depth-4/[file].ai"",""filename"":""[redacted:758b491455a5].ai""}]",[],[],[],[],none_property_aliases_frozen_empty,"[""3577f4c0-e900-45e8-aecc-89d4eac0bd6f"",""abf71e62-7598-4b34-b07f-364eea7cac07"",""dc025c07-afd4-44b3-b810-9cc35b1fc280"",""773831f5-6395-4734-9633-69a1fb300725"",""46a2193f-c29a-424e-813a-8e173f38cb27"",""3e4d0960-fbb8-4e20-add8-88cebf8d4af5"",""81d51de1-6ad8-45f2-889f-6b27a10faece"",""7bdd3e50-e0bb-470e-9479-28f2ace5fe88"",""3f0cef0d-488b-4cc3-ab72-0cf273b2c1c8"",""387bd16b-3cfe-4aec-b2d6-0550e7a3a54c""]",0,0,false,0,0,false,false,false,,false,false,true,
88313675-0089-4072-87be-5b989df8a3fc|looney tunes,resolved,88313675-0089-4072-87be-5b989df8a3fc,WARNER BROS,wb,looney tunes,"[[""WB"",3402]]","[[""Looney Tunes"",3402]]",3402,"[{""path"":""[redacted:caef9424d78a]/depth-4/[file].ai"",""filename"":""[redacted:de02937a473f].ai""},{""path"":""[redacted:921a34d88b42]/depth-4/[file].ai"",""filename"":""[redacted:5418f53c7aae].ai""},{""path"":""[redacted:480bc761b372]/depth-4/[file].psd"",""filename"":""[redacted:2338796737b4].psd""}]","[""b2bf31a7-f69a-46c8-8819-eda0605dc07a""]","[""LOONEY TUNES""]","[""b2bf31a7-f69a-46c8-8819-eda0605dc07a""]","[""LOONEY TUNES""]",none_property_aliases_frozen_empty,"[""b2bf31a7-f69a-46c8-8819-eda0605dc07a""]",2,2,false,3403,3402,true,true,false,,false,false,true,
88313675-0089-4072-87be-5b989df8a3fc|lord of the rings,resolved,88313675-0089-4072-87be-5b989df8a3fc,WARNER BROS,wb,lord of the rings,"[[""WB"",1006]]","[[""Lord of the Rings"",1006]]",1006,"[{""path"":""[redacted:5266ad26b1e7]/depth-5/[file].tiff"",""filename"":""[redacted:2e886a9cb0ea].tiff""},{""path"":""[redacted:4521d3c9b7fc]/depth-4/[file].tif"",""filename"":""[redacted:da73f9e92f20].tif""},{""path"":""[redacted:e951ceaa1013]/depth-4/[file].tif"",""filename"":""[redacted:a11da2e32f7d].tif""}]","[""abf71e62-7598-4b34-b07f-364eea7cac07""]","[""LORD OF THE RINGS""]","[""abf71e62-7598-4b34-b07f-364eea7cac07""]","[""LORD OF THE RINGS""]",none_property_aliases_frozen_empty,"[""abf71e62-7598-4b34-b07f-364eea7cac07"",""3577f4c0-e900-45e8-aecc-89d4eac0bd6f"",""dc025c07-afd4-44b3-b810-9cc35b1fc280"",""773831f5-6395-4734-9633-69a1fb300725"",""46a2193f-c29a-424e-813a-8e173f38cb27"",""3e4d0960-fbb8-4e20-add8-88cebf8d4af5"",""81d51de1-6ad8-45f2-889f-6b27a10faece"",""7bdd3e50-e0bb-470e-9479-28f2ace5fe88"",""3f0cef0d-488b-4cc3-ab72-0cf273b2c1c8"",""387bd16b-3cfe-4aec-b2d6-0550e7a3a54c""]",2,2,false,1006,1006,true,true,false,,false,false,true,
88313675-0089-4072-87be-5b989df8a3fc|lotr the hobbit,resolved,88313675-0089-4072-87be-5b989df8a3fc,WARNER BROS,wb,lotr the hobbit,"[[""WB"",467]]","[[""LOTR The Hobbit"",467]]",467,"[{""path"":""[redacted:d272fb151e5f]/depth-4/[file].tif"",""filename"":""[redacted:546a1961e78e].tif""},{""path"":""[redacted:58e7f73fba60]/depth-4/[file].tif"",""filename"":""[redacted:0ee9afacf246].tif""},{""path"":""[redacted:71694f8a381d]/depth-4/[file].tif"",""filename"":""[redacted:3bac907cd35b].tif""}]",[],[],[],[],none_property_aliases_frozen_empty,"[""3577f4c0-e900-45e8-aecc-89d4eac0bd6f"",""abf71e62-7598-4b34-b07f-364eea7cac07"",""dc025c07-afd4-44b3-b810-9cc35b1fc280"",""773831f5-6395-4734-9633-69a1fb300725"",""46a2193f-c29a-424e-813a-8e173f38cb27"",""3e4d0960-fbb8-4e20-add8-88cebf8d4af5"",""81d51de1-6ad8-45f2-889f-6b27a10faece"",""7bdd3e50-e0bb-470e-9479-28f2ace5fe88"",""3f0cef0d-488b-4cc3-ab72-0cf273b2c1c8"",""387bd16b-3cfe-4aec-b2d6-0550e7a3a54c""]",0,0,false,0,0,false,false,false,,false,false,true,
88313675-0089-4072-87be-5b989df8a3fc|mortal kombat,resolved,88313675-0089-4072-87be-5b989df8a3fc,WARNER BROS,wb,mortal kombat,"[[""WB"",157]]","[[""MORTAL KOMBAT"",157]]",157,"[{""path"":""[redacted:3278450ffad7]/depth-5/[file].psd"",""filename"":""[redacted:7f63941737ae].psd""},{""path"":""[redacted:3189169f0dda]/depth-5/[file].ai"",""filename"":""[redacted:dd2f883aec34].ai""},{""path"":""[redacted:45f1352a93e2]/depth-4/[file].ai"",""filename"":""[redacted:e288f07f5a5f].ai""}]","[""c0873079-36a4-4ab1-9aa0-1e8bedc6b274""]","[""MORTAL KOMBAT""]","[""c0873079-36a4-4ab1-9aa0-1e8bedc6b274""]","[""MORTAL KOMBAT""]",none_property_aliases_frozen_empty,"[""c0873079-36a4-4ab1-9aa0-1e8bedc6b274""]",2,2,false,157,157,true,true,false,,false,false,true,
88313675-0089-4072-87be-5b989df8a3fc|power puff girls,resolved,88313675-0089-4072-87be-5b989df8a3fc,WARNER BROS,wb,power puff girls,"[[""WB"",2413]]","[[""PowerPuff Girls"",2413]]",2413,"[{""path"":""[redacted:f95d738e97f8]/depth-4/[file].ai"",""filename"":""[redacted:1750c5cff241].ai""},{""path"":""[redacted:f8c7449e23cc]/depth-4/[file].ai"",""filename"":""[redacted:aa64ce3bfc7f].ai""},{""path"":""[redacted:cbd8de1f1506]/depth-4/[file].ai"",""filename"":""[redacted:75361e0503d2].ai""}]",[],[],[],[],none_property_aliases_frozen_empty,"[""c8d1dd59-7c9a-4a58-ac46-63789df04286"",""89fae816-2cd6-462f-ab11-c3853ec141fb""]",0,0,false,2,2,false,false,false,,false,false,true,
88313675-0089-4072-87be-5b989df8a3fc|rick and morty,resolved,88313675-0089-4072-87be-5b989df8a3fc,WARNER BROS,wb,rick and morty,"[[""WB"",1940]]","[[""Rick and Morty"",1940]]",1940,"[{""path"":""[redacted:7f65ccdac700]/depth-4/[file].ai"",""filename"":""[redacted:b551c4105e81].ai""},{""path"":""[redacted:d2dd09110309]/depth-4/[file].ai"",""filename"":""[redacted:7089e7c40db8].ai""},{""path"":""[redacted:b5aa3adaf72c]/depth-4/[file].psd"",""filename"":""[redacted:bc26c859c7ae].psd""}]",[],[],[],[],none_property_aliases_frozen_empty,"[""789246d1-d721-40fb-97b6-ecfc73c3e2a3""]",0,0,false,10,10,false,false,false,,false,false,true,
88313675-0089-4072-87be-5b989df8a3fc|scooby doo,resolved,88313675-0089-4072-87be-5b989df8a3fc,WARNER BROS,wb,scooby doo,"[[""WB"",12]]","[[""Scooby-Doo"",12]]",12,"[{""path"":""[redacted:8d9658f56ace]/depth-4/[file].eps"",""filename"":""[redacted:bfe02b55e532].eps""},{""path"":""[redacted:22851a9f4cfb]/depth-4/[file].psd"",""filename"":""[redacted:e99c165ffb26].psd""},{""path"":""[redacted:7de087db12b5]/depth-5/[file].jpg"",""filename"":""[redacted:a4fc4ec8c8c2].jpg""}]",[],[],[],[],none_property_aliases_frozen_empty,[],0,0,false,0,0,false,false,false,,false,false,true,
88313675-0089-4072-87be-5b989df8a3fc|seinfeld,resolved,88313675-0089-4072-87be-5b989df8a3fc,WARNER BROS,wb,seinfeld,"[[""WB"",360]]","[[""Seinfeld"",360]]",360,"[{""path"":""[redacted:dff529dd1478]/depth-4/[file].jpg"",""filename"":""[redacted:f0908e5e9f2a].jpg""},{""path"":""[redacted:a9530b1b92f6]/depth-4/[file].psd"",""filename"":""[redacted:a848791fbf9d].psd""},{""path"":""[redacted:96605b811634]/depth-4/[file].jpg"",""filename"":""[redacted:62d4cdc2c9f8].jpg""}]","[""9981838d-f7b5-491a-bf4b-7b994ba3ef41""]","[""SEINFELD""]","[""9981838d-f7b5-491a-bf4b-7b994ba3ef41""]","[""SEINFELD""]",none_property_aliases_frozen_empty,"[""9981838d-f7b5-491a-bf4b-7b994ba3ef41""]",2,2,false,360,360,true,true,false,,false,false,true,
88313675-0089-4072-87be-5b989df8a3fc|ted lasso,resolved,88313675-0089-4072-87be-5b989df8a3fc,WARNER BROS,wb,ted lasso,"[[""WB"",89]]","[[""Ted Lasso"",89]]",89,"[{""path"":""[redacted:05865f652b26]/depth-3/[file].ai"",""filename"":""[redacted:fc2a6b709d60].ai""},{""path"":""[redacted:5e6c8b7ab14e]/depth-3/[file].psd"",""filename"":""[redacted:e554622d9e87].psd""},{""path"":""[redacted:542b97008c8c]/depth-3/[file].ai"",""filename"":""[redacted:9cc9a6261877].ai""}]","[""6035073f-3993-45b1-baa9-594db3b634da""]","[""TED LASSO""]","[""6035073f-3993-45b1-baa9-594db3b634da""]","[""TED LASSO""]",none_property_aliases_frozen_empty,"[""6035073f-3993-45b1-baa9-594db3b634da""]",2,1,false,89,89,true,true,false,,false,false,true,
88313675-0089-4072-87be-5b989df8a3fc|the goodfellas,resolved,88313675-0089-4072-87be-5b989df8a3fc,WARNER BROS,wb,the goodfellas,"[[""WB"",12]]","[[""The Goodfellas"",12]]",12,"[{""path"":""[redacted:f5577618c0e2]/depth-3/[file].tif"",""filename"":""[redacted:7522598aa918].tif""},{""path"":""[redacted:5e130cac8b4a]/depth-3/[file].tif"",""filename"":""[redacted:f627a8d68461].tif""},{""path"":""[redacted:c45a3e57798f]/depth-3/[file].tif"",""filename"":""[redacted:40198e058cb5].tif""}]",[],[],[],[],none_property_aliases_frozen_empty,"[""3577f4c0-e900-45e8-aecc-89d4eac0bd6f"",""6894b647-b4b0-45b3-8f5f-8490044c9221"",""abf71e62-7598-4b34-b07f-364eea7cac07"",""dc025c07-afd4-44b3-b810-9cc35b1fc280"",""773831f5-6395-4734-9633-69a1fb300725"",""46a2193f-c29a-424e-813a-8e173f38cb27"",""3e4d0960-fbb8-4e20-add8-88cebf8d4af5"",""81d51de1-6ad8-45f2-889f-6b27a10faece"",""7bdd3e50-e0bb-470e-9479-28f2ace5fe88"",""3f0cef0d-488b-4cc3-ab72-0cf273b2c1c8""]",0,0,false,12,12,false,false,false,,false,false,true,
88313675-0089-4072-87be-5b989df8a3fc|the goonies,resolved,88313675-0089-4072-87be-5b989df8a3fc,WARNER BROS,wb,the goonies,"[[""WB"",265]]","[[""The Goonies"",265]]",265,"[{""path"":""[redacted:da9b8bd33e70]/depth-4/[file].tif"",""filename"":""[redacted:180d66b791e3].tif""},{""path"":""[redacted:d021e5184106]/depth-4/[file].pdf"",""filename"":""[redacted:e91cabde177c].pdf""},{""path"":""[redacted:0f5e736a228d]/depth-4/[file].jpg"",""filename"":""[redacted:07a9e6a615e3].jpg""}]",[],[],[],[],none_property_aliases_frozen_empty,"[""3577f4c0-e900-45e8-aecc-89d4eac0bd6f"",""abf71e62-7598-4b34-b07f-364eea7cac07"",""dc025c07-afd4-44b3-b810-9cc35b1fc280"",""773831f5-6395-4734-9633-69a1fb300725"",""46a2193f-c29a-424e-813a-8e173f38cb27"",""3e4d0960-fbb8-4e20-add8-88cebf8d4af5"",""81d51de1-6ad8-45f2-889f-6b27a10faece"",""7bdd3e50-e0bb-470e-9479-28f2ace5fe88"",""3f0cef0d-488b-4cc3-ab72-0cf273b2c1c8"",""387bd16b-3cfe-4aec-b2d6-0550e7a3a54c""]",0,0,false,0,0,false,false,false,,false,false,true,
88313675-0089-4072-87be-5b989df8a3fc|tom and jerry,resolved,88313675-0089-4072-87be-5b989df8a3fc,WARNER BROS,wb,tom and jerry,"[[""WB"",2552]]","[[""Tom and Jerry"",2552]]",2552,"[{""path"":""[redacted:7005d4f02981]/depth-4/[file].eps"",""filename"":""[redacted:1b5c3d4b7c73].eps""},{""path"":""[redacted:925e745356e7]/depth-4/[file].ai"",""filename"":""[redacted:bbdb63a87b91].ai""},{""path"":""[redacted:8da713b6436f]/depth-4/[file].ai"",""filename"":""[redacted:c1a698a62669].ai""}]",[],[],[],[],none_property_aliases_frozen_empty,"[""158e853d-81e3-4061-a72b-5f885e278163""]",0,0,false,1735,1735,false,false,false,,false,false,true,
88313675-0089-4072-87be-5b989df8a3fc|wb 100,resolved,88313675-0089-4072-87be-5b989df8a3fc,WARNER BROS,wb,wb 100,"[[""WB"",187]]","[[""WB 100"",187]]",187,"[{""path"":""[redacted:9ca3d7626e84]/depth-4/[file].psd"",""filename"":""[redacted:3f2cb25f82d2].psd""},{""path"":""[redacted:bdc43126e983]/depth-4/[file].ai"",""filename"":""[redacted:aa93e3b48e26].ai""},{""path"":""[redacted:3de1e6cbfa8a]/depth-4/[file].psd"",""filename"":""[redacted:37ad76f58486].psd""}]",[],[],[],[],none_property_aliases_frozen_empty,[],0,0,false,26,26,false,false,false,,false,false,true,
88313675-0089-4072-87be-5b989df8a3fc|wb christmas,resolved,88313675-0089-4072-87be-5b989df8a3fc,WARNER BROS,wb,wb christmas,"[[""WB"",1435]]","[[""WB Christmas"",1435]]",1435,"[{""path"":""[redacted:4c32b016701b]/depth-5/[file].psd"",""filename"":""[redacted:95b26e0174fe].psd""},{""path"":""[redacted:f9d7801252a4]/depth-5/[file].ai"",""filename"":""[redacted:63da87822d60].ai""},{""path"":""[redacted:d8f5e95ad50c]/depth-5/[file].ai"",""filename"":""[redacted:83c3ea562763].ai""}]",[],[],[],[],none_property_aliases_frozen_empty,"[""1c75f413-582a-4ea0-87a1-3f5f3027c1ac""]",0,0,false,1077,1067,false,false,false,,false,false,true,
88313675-0089-4072-87be-5b989df8a3fc|wb horror,resolved,88313675-0089-4072-87be-5b989df8a3fc,WARNER BROS,wb,wb horror,"[[""WB"",862]]","[[""WB Horror"",862]]",862,"[{""path"":""[redacted:b768434c10a1]/depth-6/[file].ai"",""filename"":""[redacted:6318baf173d9].ai""},{""path"":""[redacted:cde5de8e0dad]/depth-6/[file].psd"",""filename"":""[redacted:ca6f3d69a987].psd""},{""path"":""[redacted:85a694e0541a]/depth-5/[file].ai"",""filename"":""[redacted:59bd42a3cf6c].ai""}]",[],[],[],[],none_property_aliases_frozen_empty,[],0,0,false,134,132,false,false,false,,false,false,true,
88313675-0089-4072-87be-5b989df8a3fc|where the wild things are,resolved,88313675-0089-4072-87be-5b989df8a3fc,WARNER BROS,wb,where the wild things are,"[[""WB"",548]]","[[""Where The Wild Things Are"",548]]",548,"[{""path"":""[redacted:cd6b33c84b73]/depth-5/[file].psd"",""filename"":""[redacted:82f4d0d8e837].psd""},{""path"":""[redacted:7b91940a9039]/depth-4/[file].ai"",""filename"":""[redacted:ec9f585d5007].ai""},{""path"":""[redacted:b77e243bf51a]/depth-4/[file].ai"",""filename"":""[redacted:31e3364397d5].ai""}]","[""387bd16b-3cfe-4aec-b2d6-0550e7a3a54c""]","[""WHERE THE WILD THINGS ARE""]","[""387bd16b-3cfe-4aec-b2d6-0550e7a3a54c""]","[""WHERE THE WILD THINGS ARE""]",none_property_aliases_frozen_empty,"[""387bd16b-3cfe-4aec-b2d6-0550e7a3a54c"",""3577f4c0-e900-45e8-aecc-89d4eac0bd6f"",""81d51de1-6ad8-45f2-889f-6b27a10faece"",""abf71e62-7598-4b34-b07f-364eea7cac07"",""7bdd3e50-e0bb-470e-9479-28f2ace5fe88"",""dc025c07-afd4-44b3-b810-9cc35b1fc280"",""773831f5-6395-4734-9633-69a1fb300725"",""3f0cef0d-488b-4cc3-ab72-0cf273b2c1c8"",""46a2193f-c29a-424e-813a-8e173f38cb27"",""3e4d0960-fbb8-4e20-add8-88cebf8d4af5""]",2,1,false,548,548,true,true,false,,false,false,true,
88313675-0089-4072-87be-5b989df8a3fc|wizard of oz,resolved,88313675-0089-4072-87be-5b989df8a3fc,WARNER BROS,wb,wizard of oz,"[[""WB"",424]]","[[""Wizard of Oz"",424]]",424,"[{""path"":""[redacted:580fcaa26cf1]/depth-4/[file].psd"",""filename"":""[redacted:ff64e6293e2d].psd""},{""path"":""[redacted:016fce0c0a6d]/depth-4/[file].ai"",""filename"":""[redacted:2ed00f021313].ai""},{""path"":""[redacted:23b0fda5ba9c]/depth-4/[file].ai"",""filename"":""[redacted:d5e42432e352].ai""}]","[""1ed0a814-bc1e-4874-9850-9d6dcf297ad6""]","[""WIZARD OF OZ""]","[""1ed0a814-bc1e-4874-9850-9d6dcf297ad6""]","[""WIZARD OF OZ""]",none_property_aliases_frozen_empty,"[""1ed0a814-bc1e-4874-9850-9d6dcf297ad6""]",2,1,false,424,424,true,true,false,,false,false,true,
88313675-0089-4072-87be-5b989df8a3fc|wonka 2023,resolved,88313675-0089-4072-87be-5b989df8a3fc,WARNER BROS,wb,wonka 2023,"[[""WB"",17]]","[[""Wonka (2023)"",17]]",17,"[{""path"":""[redacted:9ea6c7eb129a]/depth-3/[file].pdf"",""filename"":""[redacted:b0a622696f45].pdf""},{""path"":""[redacted:c289acaa3173]/depth-3/[file].psd"",""filename"":""[redacted:2432e88fe18c].psd""},{""path"":""[redacted:9a057c11c91a]/depth-3/[file].psd"",""filename"":""[redacted:aced99d61a6b].psd""}]",[],[],[],[],none_property_aliases_frozen_empty,"[""46a2193f-c29a-424e-813a-8e173f38cb27""]",0,0,false,0,0,false,false,false,,false,false,true,
7575d1db-dbee-4336-84a9-aa378f05f105|[blank],resolved,7575d1db-dbee-4336-84a9-aa378f05f105,WWE,wwe,,"[[""WWE"",8]]","[["""",8]]",8,"[{""path"":""[redacted:2ad14c895896]/depth-2/[file].psd"",""filename"":""[redacted:d3b14236747d].psd""},{""path"":""[redacted:2092effe9e16]/depth-2/[file].pdf"",""filename"":""[redacted:7cb2cd49c2e6].pdf""},{""path"":""[redacted:e45947391fb4]/depth-2/[file].psd"",""filename"":""[redacted:2037dc20bc5f].psd""}]",[],[],[],[],none_property_aliases_frozen_empty,[],0,0,false,0,0,false,false,false,,false,false,true,
7575d1db-dbee-4336-84a9-aa378f05f105|graphics and logos,resolved,7575d1db-dbee-4336-84a9-aa378f05f105,WWE,wwe,graphics and logos,"[[""WWE"",511]]","[[""Graphics and Logos"",511]]",511,"[{""path"":""[redacted:67ee22234afd]/depth-4/[file].ai"",""filename"":""[redacted:30788bd444c6].ai""},{""path"":""[redacted:450fc90a2704]/depth-4/[file].pdf"",""filename"":""[redacted:543d982dfaab].pdf""},{""path"":""[redacted:81805de168b9]/depth-4/[file].ai"",""filename"":""[redacted:a8d535ffe874].ai""}]",[],[],[],[],none_property_aliases_frozen_empty,[],0,0,false,0,0,false,false,false,,false,false,true,
7575d1db-dbee-4336-84a9-aa378f05f105|key artwork,resolved,7575d1db-dbee-4336-84a9-aa378f05f105,WWE,wwe,key artwork,"[[""WWE"",13]]","[[""KEY ARTWORK"",13]]",13,"[{""path"":""[redacted:87151b016bc9]/depth-3/[file].psd"",""filename"":""[redacted:a7cecaeec838].psd""},{""path"":""[redacted:838d55f1e41c]/depth-3/[file].jpg"",""filename"":""[redacted:87fcbb6f6799].jpg""},{""path"":""[redacted:362f3802c356]/depth-3/[file].jpg"",""filename"":""[redacted:72894a8a2542].jpg""}]",[],[],[],[],none_property_aliases_frozen_empty,[],0,0,true,0,0,false,false,false,,false,false,true,
7575d1db-dbee-4336-84a9-aa378f05f105|legends,resolved,7575d1db-dbee-4336-84a9-aa378f05f105,WWE,wwe,legends,"[[""WWE"",1580]]","[[""Legends"",1580]]",1580,"[{""path"":""[redacted:243cd0a17896]/depth-4/[file].tif"",""filename"":""[redacted:ae0dc3214321].tif""},{""path"":""[redacted:2d1567ba104c]/depth-4/[file].png"",""filename"":""[redacted:46124d8a5702].png""},{""path"":""[redacted:7d6d7f231ab0]/depth-4/[file].ai"",""filename"":""[redacted:4f2c637ab206].ai""}]",[],[],[],[],none_property_aliases_frozen_empty,"[""439ac1f9-b8a1-4e3b-a156-cfe348d6b2b2""]",0,0,false,532,287,false,false,false,,false,false,true,
7575d1db-dbee-4336-84a9-aa378f05f105|premium live events,resolved,7575d1db-dbee-4336-84a9-aa378f05f105,WWE,wwe,premium live events,"[[""WWE"",177]]","[[""Premium Live Events"",177]]",177,"[{""path"":""[redacted:bc99dfdfe5bf]/depth-4/[file].jpg"",""filename"":""[redacted:b00605f9ced6].jpg""},{""path"":""[redacted:85a03121ed69]/depth-4/[file].jpg"",""filename"":""[redacted:bf80588cd494].jpg""},{""path"":""[redacted:6d0f86dc36e0]/depth-4/[file].jpg"",""filename"":""[redacted:a2debbb4ba06].jpg""}]",[],[],[],[],none_property_aliases_frozen_empty,[],0,0,false,0,0,false,false,false,,false,false,true,
7575d1db-dbee-4336-84a9-aa378f05f105|summer slam,resolved,7575d1db-dbee-4336-84a9-aa378f05f105,WWE,wwe,summer slam,"[[""WWE"",4]]","[[""SummerSlam"",4]]",4,"[{""path"":""[redacted:d691aeb51965]/depth-3/[file].psd"",""filename"":""[redacted:f570d2d1c48f].psd""},{""path"":""[redacted:3fb54b3b0ba4]/depth-3/[file].psd"",""filename"":""[redacted:5c00001482ed].psd""},{""path"":""[redacted:f0e6ccf18908]/depth-3/[file].psd"",""filename"":""[redacted:d4fcc7658d97].psd""}]",[],[],[],[],none_property_aliases_frozen_empty,[],0,0,false,0,0,false,false,false,,false,false,true,
7575d1db-dbee-4336-84a9-aa378f05f105|superstars,resolved,7575d1db-dbee-4336-84a9-aa378f05f105,WWE,wwe,superstars,"[[""WWE"",2]]","[[""Superstars"",2]]",2,"[{""path"":""[redacted:b0dd494f894a]/depth-4/[file].ai"",""filename"":""[redacted:014a747baa63].ai""},{""path"":""[redacted:5549cf5663d2]/depth-4/[file].png"",""filename"":""[redacted:a37fdee8b0f2].png""}]",[],[],[],[],none_property_aliases_frozen_empty,"[""d877e38e-7c6f-44bc-9aef-30f3d491c249""]",0,0,false,0,0,false,false,false,,false,false,true,
7575d1db-dbee-4336-84a9-aa378f05f105|wwe championship titles,resolved,7575d1db-dbee-4336-84a9-aa378f05f105,WWE,wwe,wwe championship titles,"[[""WWE"",34]]","[[""WWE Championship Titles"",34]]",34,"[{""path"":""[redacted:33ad0772f90a]/depth-5/[file].png"",""filename"":""[redacted:bec26cc9bb82].png""},{""path"":""[redacted:7baee22a9060]/depth-4/[file].png"",""filename"":""[redacted:216e492ad26a].png""},{""path"":""[redacted:fe198e4ab08a]/depth-4/[file].png"",""filename"":""[redacted:e37b47f0fa77].png""}]",[],[],[],[],none_property_aliases_frozen_empty,"[""439ac1f9-b8a1-4e3b-a156-cfe348d6b2b2"",""d877e38e-7c6f-44bc-9aef-30f3d491c249""]",0,0,false,0,0,false,false,false,,false,false,true,
7575d1db-dbee-4336-84a9-aa378f05f105|wwe corporate logo,resolved,7575d1db-dbee-4336-84a9-aa378f05f105,WWE,wwe,wwe corporate logo,"[[""WWE"",9]]","[[""WWE Corporate Logo"",9]]",9,"[{""path"":""[redacted:979b71c9c3d3]/depth-3/[file].png"",""filename"":""[redacted:d6420816ba6b].png""},{""path"":""[redacted:2a186eb2563f]/depth-3/[file].png"",""filename"":""[redacted:70c846cbac74].png""},{""path"":""[redacted:adb86d8fa972]/depth-3/[file].jpg"",""filename"":""[redacted:e11e93ee205f].jpg""}]",[],[],[],[],none_property_aliases_frozen_empty,"[""439ac1f9-b8a1-4e3b-a156-cfe348d6b2b2"",""d877e38e-7c6f-44bc-9aef-30f3d491c249""]",0,0,false,0,0,false,false,false,,false,false,true,
