conname,child_schema,child_table,parent_schema,parent_table,on_update,on_delete,constraintdef,child_total_bytes,child_live_tup,child_upd,child_del,parent_upd,parent_del,has_covering_index
assets_licensor_id_fkey,public,assets,core,licensor,a,n,FOREIGN KEY (licensor_id) REFERENCES core.licensor(id) ON DELETE SET NULL,3405725696,145746,1478880,0,0,0,True
assets_customer_id_fkey,public,assets,core,customer,a,n,FOREIGN KEY (customer_id) REFERENCES core.customer(id) ON DELETE SET NULL,3405725696,145746,1478880,0,0,0,True
assets_style_group_id_fkey,public,assets,public,style_groups,a,n,FOREIGN KEY (style_group_id) REFERENCES style_groups(id) ON DELETE SET NULL,3405725696,145746,1478880,0,1392386,32520,True
assets_product_subtype_id_fkey,public,assets,public,product_subtypes,a,n,FOREIGN KEY (product_subtype_id) REFERENCES product_subtypes(id) ON DELETE SET NULL,3405725696,145746,1478880,0,0,0,True
assets_property_id_fkey,public,assets,core,property,a,n,FOREIGN KEY (property_id) REFERENCES core.property(id) ON DELETE SET NULL,3405725696,145746,1478880,0,0,0,True
dcp_metadata_asset_membership_fk,plm,dcp_metadata_asset,plm,dcp_asset_crawl,a,r,"FOREIGN KEY (source_crawl_id, dcp_asset_id) REFERENCES plm.dcp_asset_crawl(crawl_id, dcp_asset_id) ON DELETE RESTRICT",1333559296,0,0,0,0,0,False
dcp_metadata_asset_run_fk,plm,dcp_metadata_asset,plm,dcp_metadata_run,a,c,"FOREIGN KEY (metadata_run_id, source_crawl_id) REFERENCES plm.dcp_metadata_run(metadata_run_id, source_crawl_id) ON DELETE CASCADE",1333559296,0,0,0,0,0,False
asset_tags_asset_id_fkey,public,asset_tags,public,assets,a,c,FOREIGN KEY (asset_id) REFERENCES assets(id) ON DELETE CASCADE,1237778432,0,0,0,1478880,0,True
nbcu_asset_metadata_value_asset_fkey,plm,nbcu_asset_metadata_value,plm,nbcu_asset,a,r,"FOREIGN KEY (capture_id, asset_source_key) REFERENCES plm.nbcu_asset(capture_id, asset_source_key) ON DELETE RESTRICT",1043570688,0,0,0,0,0,True
style_guide_files_crawl_run_id_fkey,public,style_guide_files,public,style_guide_crawl_runs,a,n,FOREIGN KEY (crawl_run_id) REFERENCES style_guide_crawl_runs(id) ON DELETE SET NULL,881672192,296608,1565455,0,7,0,True
style_guide_file_tags_style_guide_file_id_fkey,public,style_guide_file_tags,public,style_guide_files,a,c,FOREIGN KEY (style_guide_file_id) REFERENCES style_guide_files(id) ON DELETE CASCADE,681771008,10217,0,3,1565455,0,True
style_guide_file_tags_confirmed_by_fkey,public,style_guide_file_tags,auth,users,a,n,FOREIGN KEY (confirmed_by) REFERENCES auth.users(id) ON DELETE SET NULL,681771008,10217,0,3,412,0,False
style_guide_file_tags_created_by_fkey,public,style_guide_file_tags,auth,users,a,n,FOREIGN KEY (created_by) REFERENCES auth.users(id) ON DELETE SET NULL,681771008,10217,0,3,412,0,False
style_guide_file_tags_tag_id_fkey,public,style_guide_file_tags,public,style_guide_tags,a,c,FOREIGN KEY (tag_id) REFERENCES style_guide_tags(id) ON DELETE CASCADE,681771008,10217,0,3,10218,0,True
style_guide_file_tags_source_file_id_fkey,public,style_guide_file_tags,public,style_guide_files,a,n,FOREIGN KEY (source_file_id) REFERENCES style_guide_files(id) ON DELETE SET NULL,681771008,10217,0,3,1565455,0,False
asset_effective_tags_asset_id_fkey,public,asset_effective_tags,public,assets,a,c,FOREIGN KEY (asset_id) REFERENCES assets(id) ON DELETE CASCADE,546750464,2045705,0,6762623,1478880,0,True
dcp_asset_term_obs_asset_fk,plm,dcp_asset_term_observation,plm,dcp_metadata_asset,a,c,"FOREIGN KEY (metadata_run_id, dcp_asset_id, fetch_status) REFERENCES plm.dcp_metadata_asset(metadata_run_id, dcp_asset_id, fetch_status) ON DELETE CASCADE",458457088,0,0,0,0,0,False
dcp_asset_term_observation_dcp_term_id_fkey,plm,dcp_asset_term_observation,plm,dcp_term,a,r,FOREIGN KEY (dcp_term_id) REFERENCES plm.dcp_term(id) ON DELETE RESTRICT,458457088,0,0,0,0,0,True
nbcu_asset_capture_id_fkey,plm,nbcu_asset,plm,nbcu_capture,a,r,FOREIGN KEY (capture_id) REFERENCES plm.nbcu_capture(id) ON DELETE RESTRICT,379944960,0,0,0,0,0,True
raw_record_sync_run_id_fkey,ingest,raw_record,ingest,sync_run,a,n,FOREIGN KEY (sync_run_id) REFERENCES ingest.sync_run(id) ON DELETE SET NULL,310001664,0,0,0,0,0,False
erp_items_raw_sync_run_id_fkey,public,erp_items_raw,public,erp_sync_runs,a,n,FOREIGN KEY (sync_run_id) REFERENCES erp_sync_runs(id) ON DELETE SET NULL,306462720,0,0,0,0,0,True
nbcu_asset_property_asset_fkey,plm,nbcu_asset_property,plm,nbcu_asset,a,r,"FOREIGN KEY (capture_id, asset_source_key) REFERENCES plm.nbcu_asset(capture_id, asset_source_key) ON DELETE RESTRICT",304472064,0,0,0,0,0,True
nbcu_asset_property_property_fkey,plm,nbcu_asset_property,plm,nbcu_property,a,r,"FOREIGN KEY (capture_id, property_key) REFERENCES plm.nbcu_property(capture_id, property_key) ON DELETE RESTRICT",304472064,0,0,0,0,0,True
pmt_amv_element_fkey,plm,pmt_asset_metadata_value,plm,pmt_metadata_element,a,r,"FOREIGN KEY (capture_id, metadata_element_id) REFERENCES plm.pmt_metadata_element(capture_id, metadata_element_id) ON DELETE RESTRICT",276611072,0,0,0,0,0,True
pmt_amv_asset_fkey,plm,pmt_asset_metadata_value,plm,pmt_asset,a,r,"FOREIGN KEY (capture_id, asset_id) REFERENCES plm.pmt_asset(capture_id, asset_id) ON DELETE RESTRICT",276611072,0,0,0,0,0,True
pmt_asset_metadata_value_capture_id_fkey,plm,pmt_asset_metadata_value,plm,pmt_capture,a,r,FOREIGN KEY (capture_id) REFERENCES plm.pmt_capture(capture_id) ON DELETE RESTRICT,276611072,0,0,0,0,0,True
dcp_asset_property_observation_dcp_property_id_fkey,plm,dcp_asset_property_observation,plm,dcp_property,a,r,FOREIGN KEY (dcp_property_id) REFERENCES plm.dcp_property(id) ON DELETE RESTRICT,200310784,0,0,0,0,0,True
dcp_asset_property_obs_asset_fk,plm,dcp_asset_property_observation,plm,dcp_metadata_asset,a,c,"FOREIGN KEY (metadata_run_id, dcp_asset_id, fetch_status) REFERENCES plm.dcp_metadata_asset(metadata_run_id, dcp_asset_id, fetch_status) ON DELETE CASCADE",200310784,0,0,0,0,0,False
product_plm_item_id_fkey,pim,product,plm,item,a,n,FOREIGN KEY (plm_item_id) REFERENCES plm.item(id) ON DELETE SET NULL,173596672,0,0,0,0,0,True
product_design_id_fkey,pim,product,pim,design,a,n,FOREIGN KEY (design_id) REFERENCES pim.design(id) ON DELETE SET NULL,173596672,0,0,0,0,0,True
product_factory_id_fkey,pim,product,core,factory,a,n,FOREIGN KEY (factory_id) REFERENCES core.factory(id) ON DELETE SET NULL,173596672,0,0,0,0,0,False
product_product_type_id_fkey,pim,product,core,product_type,a,n,FOREIGN KEY (product_type_id) REFERENCES core.product_type(id) ON DELETE SET NULL,173596672,0,0,0,0,0,False
product_buyer_contact_id_fkey,pim,product,core,contact,a,n,FOREIGN KEY (buyer_contact_id) REFERENCES core.contact(id) ON DELETE SET NULL,173596672,0,0,0,0,0,False
product_property_id_fkey,pim,product,core,property,a,n,FOREIGN KEY (property_id) REFERENCES core.property(id) ON DELETE SET NULL,173596672,0,0,0,0,0,False
product_licensor_id_fkey,pim,product,core,licensor,a,n,FOREIGN KEY (licensor_id) REFERENCES core.licensor(id) ON DELETE SET NULL,173596672,0,0,0,0,0,True
product_company_id_fkey,pim,product,core,customer,a,n,FOREIGN KEY (company_id) REFERENCES core.customer(id) ON DELETE SET NULL,173596672,0,0,0,0,0,False
product_project_id_fkey,pim,product,pim,project,a,n,FOREIGN KEY (project_id) REFERENCES pim.project(id) ON DELETE SET NULL,173596672,0,0,0,0,0,True
wb_asset_normalized_capture_id_capture_chunk_fkey,plm,wb_asset_normalized,plm,wb_capture,a,r,"FOREIGN KEY (capture_id, capture_chunk) REFERENCES plm.wb_capture(capture_id, chunk_number) ON DELETE RESTRICT",171851776,0,0,0,0,0,False
lucasfilm_dcp_metadata_asset_membership_fk,plm,lucasfilm_dcp_metadata_asset,plm,lucasfilm_dcp_asset_crawl,a,r,"FOREIGN KEY (source_crawl_id, lucasfilm_dcp_asset_id) REFERENCES plm.lucasfilm_dcp_asset_crawl(crawl_id, lucasfilm_dcp_asset_id) ON DELETE RESTRICT",163954688,0,0,0,0,0,False
lucasfilm_dcp_metadata_asset_run_fk,plm,lucasfilm_dcp_metadata_asset,plm,lucasfilm_dcp_metadata_run,a,c,"FOREIGN KEY (metadata_run_id, source_crawl_id) REFERENCES plm.lucasfilm_dcp_metadata_run(metadata_run_id, source_crawl_id) ON DELETE CASCADE",163954688,0,0,0,0,0,False
nbcu_asset_ip_family_asset_fkey,plm,nbcu_asset_ip_family,plm,nbcu_asset,a,r,"FOREIGN KEY (capture_id, asset_source_key) REFERENCES plm.nbcu_asset(capture_id, asset_source_key) ON DELETE RESTRICT",151650304,0,0,0,0,0,True
nbcu_asset_ip_family_family_fkey,plm,nbcu_asset_ip_family,plm,nbcu_ip_family,a,r,"FOREIGN KEY (capture_id, ip_family_key) REFERENCES plm.nbcu_ip_family(capture_id, ip_family_key) ON DELETE RESTRICT",151650304,0,0,0,0,0,True
dcp_asset_first_seen_crawl_id_fkey,plm,dcp_asset,plm,dcp_crawl,a,n,FOREIGN KEY (first_seen_crawl_id) REFERENCES plm.dcp_crawl(crawl_id) ON DELETE SET NULL,148209664,0,0,0,0,0,False
dcp_asset_last_seen_crawl_id_fkey,plm,dcp_asset,plm,dcp_crawl,a,n,FOREIGN KEY (last_seen_crawl_id) REFERENCES plm.dcp_crawl(crawl_id) ON DELETE SET NULL,148209664,0,0,0,0,0,False
dcp_asset_style_guide_id_fkey,plm,dcp_asset,plm,dcp_style_guide,a,r,FOREIGN KEY (style_guide_id) REFERENCES plm.dcp_style_guide(id) ON DELETE RESTRICT,148209664,0,0,0,0,0,True
nbcu_asset_style_guide_asset_fkey,plm,nbcu_asset_style_guide,plm,nbcu_asset,a,r,"FOREIGN KEY (capture_id, asset_source_key) REFERENCES plm.nbcu_asset(capture_id, asset_source_key) ON DELETE RESTRICT",135192576,0,0,0,0,0,True
nbcu_asset_style_guide_guide_fkey,plm,nbcu_asset_style_guide,plm,nbcu_style_guide,a,r,"FOREIGN KEY (capture_id, style_guide_key) REFERENCES plm.nbcu_style_guide(capture_id, style_guide_key) ON DELETE RESTRICT",135192576,0,0,0,0,0,True
nbcu_asset_scope_asset_fkey,plm,nbcu_asset_scope,plm,nbcu_asset,a,r,"FOREIGN KEY (capture_id, asset_source_key) REFERENCES plm.nbcu_asset(capture_id, asset_source_key) ON DELETE RESTRICT",129515520,0,0,0,0,0,True
nbcu_asset_scope_scope_fkey,plm,nbcu_asset_scope,plm,nbcu_scope,a,r,"FOREIGN KEY (capture_id, scope_key) REFERENCES plm.nbcu_scope(capture_id, scope_key) ON DELETE RESTRICT",129515520,0,0,0,0,0,True
style_guide_tagging_state_style_guide_file_id_fkey,public,style_guide_tagging_state,public,style_guide_files,a,c,FOREIGN KEY (style_guide_file_id) REFERENCES style_guide_files(id) ON DELETE CASCADE,108601344,296889,1525650,0,1565455,0,True
dcp_asset_tile_observation_dcp_asset_id_fkey,plm,dcp_asset_tile_observation,plm,dcp_asset,a,r,FOREIGN KEY (dcp_asset_id) REFERENCES plm.dcp_asset(id) ON DELETE RESTRICT,108601344,0,0,0,0,0,True
dcp_asset_tile_observation_portal_tile_id_fkey,plm,dcp_asset_tile_observation,plm,dcp_portal_tile,a,r,FOREIGN KEY (portal_tile_id) REFERENCES plm.dcp_portal_tile(id) ON DELETE RESTRICT,108601344,0,0,0,0,0,True
dcp_asset_tile_observation_crawl_id_fkey,plm,dcp_asset_tile_observation,plm,dcp_crawl,a,c,FOREIGN KEY (crawl_id) REFERENCES plm.dcp_crawl(crawl_id) ON DELETE CASCADE,108601344,0,0,0,0,0,True
dcp_asset_tile_observation_crawl_section_id_fkey,plm,dcp_asset_tile_observation,plm,dcp_crawl_section,a,r,FOREIGN KEY (crawl_section_id) REFERENCES plm.dcp_crawl_section(id) ON DELETE RESTRICT,108601344,0,0,0,0,0,True
wb_asset_property_property_id_fkey,plm,wb_asset_property,plm,wb_property,a,r,FOREIGN KEY (property_id) REFERENCES plm.wb_property(id) ON DELETE RESTRICT,108593152,0,0,0,0,0,False
wb_asset_property_capture_id_capture_chunk_fkey,plm,wb_asset_property,plm,wb_capture,a,r,"FOREIGN KEY (capture_id, capture_chunk) REFERENCES plm.wb_capture(capture_id, chunk_number) ON DELETE RESTRICT",108593152,0,0,0,0,0,False
wb_asset_property_asset_id_fkey,plm,wb_asset_property,plm,wb_asset_normalized,a,r,FOREIGN KEY (asset_id) REFERENCES plm.wb_asset_normalized(id) ON DELETE RESTRICT,108593152,0,0,0,0,0,True
wb_asset_style_guide_normalized_capture_id_capture_chunk_fkey,plm,wb_asset_style_guide_normalized,plm,wb_capture,a,r,"FOREIGN KEY (capture_id, capture_chunk) REFERENCES plm.wb_capture(capture_id, chunk_number) ON DELETE RESTRICT",89202688,0,0,0,0,0,False
wb_asset_style_guide_normalized_style_guide_id_fkey,plm,wb_asset_style_guide_normalized,plm,wb_style_guide_normalized,a,r,FOREIGN KEY (style_guide_id) REFERENCES plm.wb_style_guide_normalized(id) ON DELETE RESTRICT,89202688,0,0,0,0,0,False
wb_asset_style_guide_normalized_asset_id_fkey,plm,wb_asset_style_guide_normalized,plm,wb_asset_normalized,a,r,FOREIGN KEY (asset_id) REFERENCES plm.wb_asset_normalized(id) ON DELETE RESTRICT,89202688,0,0,0,0,0,True
wb_asset_franchise_capture_id_capture_chunk_fkey,plm,wb_asset_franchise,plm,wb_capture,a,r,"FOREIGN KEY (capture_id, capture_chunk) REFERENCES plm.wb_capture(capture_id, chunk_number) ON DELETE RESTRICT",85041152,0,0,0,0,0,False
wb_asset_franchise_franchise_id_fkey,plm,wb_asset_franchise,plm,wb_franchise,a,r,FOREIGN KEY (franchise_id) REFERENCES plm.wb_franchise(id) ON DELETE RESTRICT,85041152,0,0,0,0,0,False
wb_asset_franchise_asset_id_fkey,plm,wb_asset_franchise,plm,wb_asset_normalized,a,r,FOREIGN KEY (asset_id) REFERENCES plm.wb_asset_normalized(id) ON DELETE RESTRICT,85041152,0,0,0,0,0,True
dcp_asset_crawl_dcp_asset_id_fkey,plm,dcp_asset_crawl,plm,dcp_asset,a,r,FOREIGN KEY (dcp_asset_id) REFERENCES plm.dcp_asset(id) ON DELETE RESTRICT,80748544,0,0,0,0,0,True
dcp_asset_crawl_crawl_id_fkey,plm,dcp_asset_crawl,plm,dcp_crawl,a,c,FOREIGN KEY (crawl_id) REFERENCES plm.dcp_crawl(crawl_id) ON DELETE CASCADE,80748544,0,0,0,0,0,True
item_import_item_id_fkey,plm,item_import,plm,item,a,n,FOREIGN KEY (item_id) REFERENCES plm.item(id) ON DELETE SET NULL,80461824,0,0,0,0,0,True
wwe_asset_tag_asset_fkey,plm,wwe_asset_tag,plm,wwe_asset,a,r,"FOREIGN KEY (capture_id, asset_source_id) REFERENCES plm.wwe_asset(capture_id, asset_source_id) ON DELETE RESTRICT",76447744,200271,0,0,0,0,True
wwe_asset_tag_tag_fkey,plm,wwe_asset_tag,plm,wwe_tag,a,r,"FOREIGN KEY (capture_id, tag_source_key) REFERENCES plm.wwe_tag(capture_id, tag_source_key) ON DELETE RESTRICT",76447744,200271,0,0,0,0,True
style_tracker_item_bridge_company_id_fkey,plm,style_tracker_item_bridge,core,customer,a,n,FOREIGN KEY (company_id) REFERENCES core.customer(id) ON DELETE SET NULL,69165056,15734,42210,0,0,0,True
style_tracker_item_bridge_core_licensor_id_fkey,plm,style_tracker_item_bridge,core,licensor,a,n,FOREIGN KEY (core_licensor_id) REFERENCES core.licensor(id) ON DELETE SET NULL,69165056,15734,42210,0,0,0,False
style_tracker_item_bridge_creative_designer_id_fkey,plm,style_tracker_item_bridge,core,creative_designer,a,n,FOREIGN KEY (creative_designer_id) REFERENCES core.creative_designer(id) ON DELETE SET NULL,69165056,15734,42210,0,0,0,True
style_tracker_item_bridge_plm_item_id_fkey,plm,style_tracker_item_bridge,plm,item,a,r,FOREIGN KEY (plm_item_id) REFERENCES plm.item(id) ON DELETE RESTRICT,69165056,15734,42210,0,0,0,True
style_tracker_item_bridge_public_licensor_id_fkey,plm,style_tracker_item_bridge,public,licensors,a,n,FOREIGN KEY (public_licensor_id) REFERENCES licensors(id) ON DELETE SET NULL,69165056,15734,42210,0,2,0,False
style_tracker_item_bridge_style_group_id_fkey,plm,style_tracker_item_bridge,public,style_groups,a,n,FOREIGN KEY (style_group_id) REFERENCES style_groups(id) ON DELETE SET NULL,69165056,15734,42210,0,1392386,32520,True
style_tracker_item_bridge_updated_by_fkey,plm,style_tracker_item_bridge,auth,users,a,n,FOREIGN KEY (updated_by) REFERENCES auth.users(id) ON DELETE SET NULL,69165056,15734,42210,0,412,0,False
style_tracker_item_bridge_style_tracker_row_id_fkey,plm,style_tracker_item_bridge,public,style_tracker_rows,a,c,FOREIGN KEY (style_tracker_row_id) REFERENCES style_tracker_rows(id) ON DELETE CASCADE,69165056,15734,42210,0,2,0,True
style_tracker_item_bridge_factory_id_fkey,plm,style_tracker_item_bridge,core,factory,a,n,FOREIGN KEY (factory_id) REFERENCES core.factory(id) ON DELETE SET NULL,69165056,15734,42210,0,0,0,False
style_tracker_item_bridge_erp_item_id_fkey,plm,style_tracker_item_bridge,public,erp_items_current,a,r,FOREIGN KEY (erp_item_id) REFERENCES erp_items_current(id) ON DELETE RESTRICT,69165056,15734,42210,0,0,0,True
production_order_line_production_order_id_fkey,plm,production_order_line,plm,production_order,a,c,FOREIGN KEY (production_order_id) REFERENCES plm.production_order(id) ON DELETE CASCADE,68714496,0,0,0,3,0,True
production_order_line_item_id_fkey,plm,production_order_line,plm,item,a,n,FOREIGN KEY (item_id) REFERENCES plm.item(id) ON DELETE SET NULL,68714496,0,0,0,0,0,True
peanuts_asset_style_guide_fkey,plm,peanuts_asset,plm,peanuts_style_guide,a,r,"FOREIGN KEY (capture_id, style_guide_key) REFERENCES plm.peanuts_style_guide(capture_id, value_key) ON DELETE RESTRICT",67575808,0,0,0,0,0,True
peanuts_asset_licensing_status_fkey,plm,peanuts_asset,plm,peanuts_licensing_status,a,r,"FOREIGN KEY (capture_id, licensing_status_key) REFERENCES plm.peanuts_licensing_status(capture_id, value_key) ON DELETE RESTRICT",67575808,0,0,0,0,0,False
peanuts_asset_asset_type_fkey,plm,peanuts_asset,plm,peanuts_asset_type,a,r,"FOREIGN KEY (capture_id, asset_type_key) REFERENCES plm.peanuts_asset_type(capture_id, value_key) ON DELETE RESTRICT",67575808,0,0,0,0,0,True
peanuts_asset_initiative_fkey,plm,peanuts_asset,plm,peanuts_initiative,a,r,"FOREIGN KEY (capture_id, initiative_key) REFERENCES plm.peanuts_initiative(capture_id, value_key) ON DELETE RESTRICT",67575808,0,0,0,0,0,False
peanuts_asset_capture_fkey,plm,peanuts_asset,plm,peanuts_capture,a,r,FOREIGN KEY (capture_id) REFERENCES plm.peanuts_capture(id) ON DELETE RESTRICT,67575808,0,0,0,0,0,True
dcp_asset_character_obs_asset_fk,plm,dcp_asset_character_observation,plm,dcp_metadata_asset,a,c,"FOREIGN KEY (metadata_run_id, dcp_asset_id, fetch_status) REFERENCES plm.dcp_metadata_asset(metadata_run_id, dcp_asset_id, fetch_status) ON DELETE CASCADE",66789376,0,0,0,0,0,False
dcp_asset_character_observation_dcp_character_id_fkey,plm,dcp_asset_character_observation,plm,dcp_character,a,r,FOREIGN KEY (dcp_character_id) REFERENCES plm.dcp_character(id) ON DELETE RESTRICT,66789376,0,0,0,0,0,True
marvel_asgard_node_asset_observation_asset_id_fkey,plm,marvel_asgard_node_asset_observation,plm,marvel_asgard_asset,a,a,FOREIGN KEY (asset_id) REFERENCES plm.marvel_asgard_asset(id),63119360,0,0,0,0,0,False
marvel_asgard_node_asset_obse_capture_key_guide_node_id_pa_fkey,plm,marvel_asgard_node_asset_observation,plm,marvel_asgard_capture_checkpoint,a,a,"FOREIGN KEY (capture_key, guide_node_id, page_number) REFERENCES plm.marvel_asgard_capture_checkpoint(capture_key, guide_node_id, page_number)",63119360,0,0,0,0,0,False
lucasfilm_dcp_asset_term_obs_asset_fk,plm,lucasfilm_dcp_asset_term_observation,plm,lucasfilm_dcp_metadata_asset,a,c,"FOREIGN KEY (metadata_run_id, lucasfilm_dcp_asset_id, fetch_status) REFERENCES plm.lucasfilm_dcp_metadata_asset(metadata_run_id, lucasfilm_dcp_asset_id, fetch_status) ON DELETE CASCADE",57344000,0,0,0,0,0,False
lucasfilm_dcp_asset_term_observation_lucasfilm_dcp_term_id_fkey,plm,lucasfilm_dcp_asset_term_observation,plm,lucasfilm_dcp_term,a,r,FOREIGN KEY (lucasfilm_dcp_term_id) REFERENCES plm.lucasfilm_dcp_term(id) ON DELETE RESTRICT,57344000,0,0,0,0,0,True
style_tracker_rows_updated_by_fkey,public,style_tracker_rows,auth,users,a,n,FOREIGN KEY (updated_by) REFERENCES auth.users(id) ON DELETE SET NULL,54353920,0,2,0,412,0,False
style_tracker_rows_customer_id_fkey,public,style_tracker_rows,core,customer,a,n,FOREIGN KEY (customer_id) REFERENCES core.customer(id) ON DELETE SET NULL,54353920,0,2,0,0,0,True
pmt_apa_property_fkey,plm,pmt_authorized_property_asset,plm,pmt_property,a,r,"FOREIGN KEY (capture_id, licensed_property_source_id) REFERENCES plm.pmt_property(capture_id, property_source_id) ON DELETE RESTRICT",49913856,0,0,0,0,0,True
pmt_apa_asset_fkey,plm,pmt_authorized_property_asset,plm,pmt_asset,a,r,"FOREIGN KEY (capture_id, asset_id) REFERENCES plm.pmt_asset(capture_id, asset_id) ON DELETE RESTRICT",49913856,0,0,0,0,0,True
pmt_authorized_property_asset_capture_id_fkey,plm,pmt_authorized_property_asset,plm,pmt_capture,a,r,FOREIGN KEY (capture_id) REFERENCES plm.pmt_capture(capture_id) ON DELETE RESTRICT,49913856,0,0,0,0,0,True
pmt_asset_capture_id_fkey,plm,pmt_asset,plm,pmt_capture,a,r,FOREIGN KEY (capture_id) REFERENCES plm.pmt_capture(capture_id) ON DELETE RESTRICT,44802048,0,0,0,0,0,True
style_groups_property_id_fkey,public,style_groups,core,property,a,n,FOREIGN KEY (property_id) REFERENCES core.property(id) ON DELETE SET NULL,43384832,10866,1392386,32520,0,0,True
style_groups_customer_id_fkey,public,style_groups,core,customer,a,n,FOREIGN KEY (customer_id) REFERENCES core.customer(id) ON DELETE SET NULL,43384832,10866,1392386,32520,0,0,True
style_groups_licensor_id_fkey,public,style_groups,core,licensor,a,n,FOREIGN KEY (licensor_id) REFERENCES core.licensor(id) ON DELETE SET NULL,43384832,10866,1392386,32520,0,0,True
style_groups_primary_asset_id_fkey,public,style_groups,public,assets,a,n,FOREIGN KEY (primary_asset_id) REFERENCES assets(id) ON DELETE SET NULL,43384832,10866,1392386,32520,1478880,0,False
product_file_product_id_fkey,pim,product_file,pim,product,a,c,FOREIGN KEY (product_id) REFERENCES pim.product(id) ON DELETE CASCADE,42401792,0,0,0,0,0,True
product_file_file_object_id_fkey,pim,product_file,app,file_object,a,n,FOREIGN KEY (file_object_id) REFERENCES app.file_object(id) ON DELETE SET NULL,42401792,0,0,0,0,0,False
product_file_dam_asset_id_fkey,pim,product_file,dam,asset,a,n,FOREIGN KEY (dam_asset_id) REFERENCES dam.asset(id) ON DELETE SET NULL,42401792,0,0,0,0,0,False
asset_path_history_asset_id_fkey,public,asset_path_history,public,assets,a,c,FOREIGN KEY (asset_id) REFERENCES assets(id) ON DELETE CASCADE,41918464,41640,0,473,1478880,0,True
pmt_asset_collection_capture_id_fkey,plm,pmt_asset_collection,plm,pmt_capture,a,r,FOREIGN KEY (capture_id) REFERENCES plm.pmt_capture(capture_id) ON DELETE RESTRICT,40984576,0,0,0,0,0,True
pmt_asset_collection_asset_fkey,plm,pmt_asset_collection,plm,pmt_asset,a,r,"FOREIGN KEY (capture_id, asset_id) REFERENCES plm.pmt_asset(capture_id, asset_id) ON DELETE RESTRICT",40984576,0,0,0,0,0,True
pmt_asset_collection_collection_fkey,plm,pmt_asset_collection,plm,pmt_collection,a,r,"FOREIGN KEY (capture_id, collection_source_id) REFERENCES plm.pmt_collection(capture_id, collection_source_id) ON DELETE RESTRICT",40984576,0,0,0,0,0,True
marvel_asgard_asset_term_observation_capture_key_fkey,plm,marvel_asgard_asset_term_observation,plm,marvel_asgard_capture,a,a,FOREIGN KEY (capture_key) REFERENCES plm.marvel_asgard_capture(capture_key),39936000,0,0,0,0,0,True
marvel_asgard_asset_term_observation_asset_id_fkey,plm,marvel_asgard_asset_term_observation,plm,marvel_asgard_asset,a,a,FOREIGN KEY (asset_id) REFERENCES plm.marvel_asgard_asset(id),39936000,0,0,0,0,0,False
marvel_asgard_asset_term_observation_term_id_term_kind_fkey,plm,marvel_asgard_asset_term_observation,plm,marvel_asgard_term,a,a,"FOREIGN KEY (term_id, term_kind) REFERENCES plm.marvel_asgard_term(id, term_kind)",39936000,0,0,0,0,0,False
item_product_depth_id_fkey,plm,item,core,product_depth,a,n,FOREIGN KEY (product_depth_id) REFERENCES core.product_depth(id) ON DELETE SET NULL,39378944,0,0,0,0,0,True
item_licensor_id_fkey,plm,item,core,licensor,a,n,FOREIGN KEY (licensor_id) REFERENCES core.licensor(id) ON DELETE SET NULL,39378944,0,0,0,0,0,False
item_property_id_fkey,plm,item,core,property,a,n,FOREIGN KEY (property_id) REFERENCES core.property(id) ON DELETE SET NULL,39378944,0,0,0,0,0,False
item_company_id_fkey,plm,item,core,customer,a,n,FOREIGN KEY (company_id) REFERENCES core.customer(id) ON DELETE SET NULL,39378944,0,0,0,0,0,False
item_product_size_id_fkey,plm,item,core,product_size,a,n,FOREIGN KEY (product_size_id) REFERENCES core.product_size(id) ON DELETE SET NULL,39378944,0,0,0,0,0,True
item_merch_group_id_fkey,plm,item,core,merch_group,a,n,FOREIGN KEY (merch_group_id) REFERENCES core.merch_group(id) ON DELETE SET NULL,39378944,0,0,0,0,0,False
item_product_type_id_fkey,plm,item,core,product_type,a,n,FOREIGN KEY (product_type_id) REFERENCES core.product_type(id) ON DELETE SET NULL,39378944,0,0,0,0,0,False
marvel_asgard_asset_first_seen_capture_key_fkey,plm,marvel_asgard_asset,plm,marvel_asgard_capture,a,a,FOREIGN KEY (first_seen_capture_key) REFERENCES plm.marvel_asgard_capture(capture_key),36470784,0,0,0,0,0,False
marvel_asgard_asset_last_seen_capture_key_fkey,plm,marvel_asgard_asset,plm,marvel_asgard_capture,a,a,FOREIGN KEY (last_seen_capture_key) REFERENCES plm.marvel_asgard_capture(capture_key),36470784,0,0,0,0,0,False
pmt_asset_property_property_fkey,plm,pmt_asset_property,plm,pmt_property,a,r,"FOREIGN KEY (capture_id, property_source_id) REFERENCES plm.pmt_property(capture_id, property_source_id) ON DELETE RESTRICT",35053568,0,0,0,0,0,True
pmt_asset_property_asset_fkey,plm,pmt_asset_property,plm,pmt_asset,a,r,"FOREIGN KEY (capture_id, asset_id) REFERENCES plm.pmt_asset(capture_id, asset_id) ON DELETE RESTRICT",35053568,0,0,0,0,0,True
pmt_asset_property_capture_id_fkey,plm,pmt_asset_property,plm,pmt_capture,a,r,FOREIGN KEY (capture_id) REFERENCES plm.pmt_capture(capture_id) ON DELETE RESTRICT,35053568,0,0,0,0,0,True
pmt_asset_brand_brand_fkey,plm,pmt_asset_brand,plm,pmt_brand,a,r,"FOREIGN KEY (capture_id, brand_source_id) REFERENCES plm.pmt_brand(capture_id, brand_source_id) ON DELETE RESTRICT",34226176,0,0,0,0,0,True
pmt_asset_brand_asset_fkey,plm,pmt_asset_brand,plm,pmt_asset,a,r,"FOREIGN KEY (capture_id, asset_id) REFERENCES plm.pmt_asset(capture_id, asset_id) ON DELETE RESTRICT",34226176,0,0,0,0,0,True
pmt_asset_brand_capture_id_fkey,plm,pmt_asset_brand,plm,pmt_capture,a,r,FOREIGN KEY (capture_id) REFERENCES plm.pmt_capture(capture_id) ON DELETE RESTRICT,34226176,0,0,0,0,0,True
pmt_asset_franchise_franchise_fkey,plm,pmt_asset_franchise,plm,pmt_franchise,a,r,"FOREIGN KEY (capture_id, franchise_source_id) REFERENCES plm.pmt_franchise(capture_id, franchise_source_id) ON DELETE RESTRICT",33308672,0,0,0,0,0,True
pmt_asset_franchise_capture_id_fkey,plm,pmt_asset_franchise,plm,pmt_capture,a,r,FOREIGN KEY (capture_id) REFERENCES plm.pmt_capture(capture_id) ON DELETE RESTRICT,33308672,0,0,0,0,0,True
pmt_asset_franchise_asset_fkey,plm,pmt_asset_franchise,plm,pmt_asset,a,r,"FOREIGN KEY (capture_id, asset_id) REFERENCES plm.pmt_asset(capture_id, asset_id) ON DELETE RESTRICT",33308672,0,0,0,0,0,True
sega_asset_capture_fkey,plm,sega_asset,plm,sega_capture,a,r,FOREIGN KEY (capture_id) REFERENCES plm.sega_capture(id) ON DELETE RESTRICT,31227904,0,0,0,0,0,True
wb_asset_character_normalized_capture_id_capture_chunk_fkey,plm,wb_asset_character_normalized,plm,wb_capture,a,r,"FOREIGN KEY (capture_id, capture_chunk) REFERENCES plm.wb_capture(capture_id, chunk_number) ON DELETE RESTRICT",31211520,0,0,0,0,0,False
wb_asset_character_normalized_character_id_fkey,plm,wb_asset_character_normalized,plm,wb_character_normalized,a,r,FOREIGN KEY (character_id) REFERENCES plm.wb_character_normalized(id) ON DELETE RESTRICT,31211520,0,0,0,0,0,False
wb_asset_character_normalized_asset_id_fkey,plm,wb_asset_character_normalized,plm,wb_asset_normalized,a,r,FOREIGN KEY (asset_id) REFERENCES plm.wb_asset_normalized(id) ON DELETE RESTRICT,31211520,0,0,0,0,0,True
lucasfilm_dcp_asset_property_obs_asset_fk,plm,lucasfilm_dcp_asset_property_observation,plm,lucasfilm_dcp_metadata_asset,a,c,"FOREIGN KEY (metadata_run_id, lucasfilm_dcp_asset_id, fetch_status) REFERENCES plm.lucasfilm_dcp_metadata_asset(metadata_run_id, lucasfilm_dcp_asset_id, fetch_status) ON DELETE CASCADE",29138944,0,0,0,0,0,False
lucasfilm_dcp_asset_property_obs_lucasfilm_dcp_property_id_fkey,plm,lucasfilm_dcp_asset_property_observation,plm,lucasfilm_dcp_property,a,r,FOREIGN KEY (lucasfilm_dcp_property_id) REFERENCES plm.lucasfilm_dcp_property(id) ON DELETE RESTRICT,29138944,0,0,0,0,0,True
email_message_company_id_fkey,crm,email_message,core,customer,a,n,FOREIGN KEY (company_id) REFERENCES core.customer(id) ON DELETE SET NULL,23650304,626,88,0,0,0,True
email_message_contact_id_fkey,crm,email_message,core,contact,a,n,FOREIGN KEY (contact_id) REFERENCES core.contact(id) ON DELETE SET NULL,23650304,626,88,0,0,0,False
email_message_department_id_fkey,crm,email_message,crm,department,a,n,FOREIGN KEY (department_id) REFERENCES crm.department(id) ON DELETE SET NULL,23650304,626,88,0,0,0,True
email_message_mailbox_owner_profile_id_fkey,crm,email_message,app,profile,a,n,FOREIGN KEY (mailbox_owner_profile_id) REFERENCES app.profile(id) ON DELETE SET NULL,23650304,626,88,0,0,0,False
email_message_opportunity_id_fkey,crm,email_message,crm,opportunity,a,n,FOREIGN KEY (opportunity_id) REFERENCES crm.opportunity(id) ON DELETE SET NULL,23650304,626,88,0,0,0,True
asset_characters_character_id_fkey,public,asset_characters,public,characters,a,c,FOREIGN KEY (character_id) REFERENCES characters(id) ON DELETE CASCADE,22134784,0,0,0,0,0,False
asset_characters_asset_id_fkey,public,asset_characters,public,assets,a,c,FOREIGN KEY (asset_id) REFERENCES assets(id) ON DELETE CASCADE,22134784,0,0,0,1478880,0,True
wwe_asset_library_fkey,plm,wwe_asset,plm,wwe_asset_library,a,r,"FOREIGN KEY (capture_id, library_source_id) REFERENCES plm.wwe_asset_library(capture_id, library_source_id) ON DELETE RESTRICT",20766720,11277,0,0,0,0,True
checklist_item_project_id_fkey,pim,checklist_item,pim,project,a,c,FOREIGN KEY (project_id) REFERENCES pim.project(id) ON DELETE CASCADE,20373504,0,0,0,0,0,False
checklist_item_product_id_fkey,pim,checklist_item,pim,product,a,c,FOREIGN KEY (product_id) REFERENCES pim.product(id) ON DELETE CASCADE,20373504,0,0,0,0,0,True
product_update_product_id_fkey,pim,product_update,pim,product,a,c,FOREIGN KEY (product_id) REFERENCES pim.product(id) ON DELETE CASCADE,20004864,0,0,0,0,0,True
product_update_profile_id_fkey,pim,product_update,app,profile,a,n,FOREIGN KEY (profile_id) REFERENCES app.profile(id) ON DELETE SET NULL,20004864,0,0,0,0,0,False
lucasfilm_dcp_asset_last_seen_crawl_id_fkey,plm,lucasfilm_dcp_asset,plm,lucasfilm_dcp_crawl,a,n,FOREIGN KEY (last_seen_crawl_id) REFERENCES plm.lucasfilm_dcp_crawl(crawl_id) ON DELETE SET NULL,16048128,0,0,0,0,0,False
lucasfilm_dcp_asset_first_seen_crawl_id_fkey,plm,lucasfilm_dcp_asset,plm,lucasfilm_dcp_crawl,a,n,FOREIGN KEY (first_seen_crawl_id) REFERENCES plm.lucasfilm_dcp_crawl(crawl_id) ON DELETE SET NULL,16048128,0,0,0,0,0,False
lucasfilm_dcp_asset_style_guide_id_fkey,plm,lucasfilm_dcp_asset,plm,lucasfilm_dcp_style_guide,a,r,FOREIGN KEY (style_guide_id) REFERENCES plm.lucasfilm_dcp_style_guide(id) ON DELETE RESTRICT,16048128,0,0,0,0,0,True
marvel_asgard_asset_character_observation_character_id_fkey,plm,marvel_asgard_asset_character_observation,plm,marvel_asgard_character,a,a,FOREIGN KEY (character_id) REFERENCES plm.marvel_asgard_character(id),15433728,0,0,0,0,0,False
marvel_asgard_asset_character_observation_asset_id_fkey,plm,marvel_asgard_asset_character_observation,plm,marvel_asgard_asset,a,a,FOREIGN KEY (asset_id) REFERENCES plm.marvel_asgard_asset(id),15433728,0,0,0,0,0,False
marvel_asgard_asset_character_observation_capture_key_fkey,plm,marvel_asgard_asset_character_observation,plm,marvel_asgard_capture,a,a,FOREIGN KEY (capture_key) REFERENCES plm.marvel_asgard_capture(capture_key),15433728,0,0,0,0,0,True
opa_property_character_property_id_fkey,plm,opa_property_character,core,property,a,r,FOREIGN KEY (property_id) REFERENCES core.property(id) ON DELETE RESTRICT,15368192,0,0,0,0,0,True
plm_opa_property_character_character_fk,plm,opa_property_character,plm,opa_character,a,r,FOREIGN KEY (character_id) REFERENCES plm.opa_character(character_id) ON DELETE RESTRICT,15368192,0,0,0,0,0,True
plm_opa_property_character_property_fk,plm,opa_property_character,plm,opa_property,a,r,FOREIGN KEY (licensed_property_id) REFERENCES plm.opa_property(licensed_property_id) ON DELETE RESTRICT,15368192,0,0,0,0,0,True
user_notification_workflow_action_id_fkey,dflow,user_notification,dflow,item_workflow_action,a,r,FOREIGN KEY (workflow_action_id) REFERENCES dflow.item_workflow_action(id) ON DELETE RESTRICT,15073280,0,0,0,0,0,True
erp_items_current_sync_run_id_fkey,public,erp_items_current,public,erp_sync_runs,a,n,FOREIGN KEY (sync_run_id) REFERENCES erp_sync_runs(id) ON DELETE SET NULL,11264000,0,0,0,0,0,False
sega_asset_property_inferred_catalog_fkey,plm,sega_asset_property_inferred,plm,sega_catalog,a,r,"FOREIGN KEY (capture_id, catalog_source_id) REFERENCES plm.sega_catalog(capture_id, catalog_source_id) ON DELETE RESTRICT",10584064,0,0,0,0,0,False
sega_asset_property_inferred_capture_fkey,plm,sega_asset_property_inferred,plm,sega_capture,a,r,FOREIGN KEY (capture_id) REFERENCES plm.sega_capture(id) ON DELETE RESTRICT,10584064,0,0,0,0,0,True
sega_asset_property_inferred_asset_fkey,plm,sega_asset_property_inferred,plm,sega_asset,a,r,"FOREIGN KEY (capture_id, asset_source_id) REFERENCES plm.sega_asset(capture_id, asset_source_id) ON DELETE RESTRICT",10584064,0,0,0,0,0,True
sega_asset_property_inferred_property_fkey,plm,sega_asset_property_inferred,plm,sega_property,a,r,"FOREIGN KEY (capture_id, property_source_id) REFERENCES plm.sega_property(capture_id, property_source_id) ON DELETE RESTRICT",10584064,0,0,0,0,0,True
pmt_asset_character_character_fkey,plm,pmt_asset_character,plm,pmt_character,a,r,"FOREIGN KEY (capture_id, character_source_id) REFERENCES plm.pmt_character(capture_id, character_source_id) ON DELETE RESTRICT",10502144,0,0,0,0,0,True
pmt_asset_character_asset_fkey,plm,pmt_asset_character,plm,pmt_asset,a,r,"FOREIGN KEY (capture_id, asset_id) REFERENCES plm.pmt_asset(capture_id, asset_id) ON DELETE RESTRICT",10502144,0,0,0,0,0,True
pmt_asset_character_capture_id_fkey,plm,pmt_asset_character,plm,pmt_capture,a,r,FOREIGN KEY (capture_id) REFERENCES plm.pmt_capture(capture_id) ON DELETE RESTRICT,10502144,0,0,0,0,0,True
production_order_line_source_ref_production_order_line_id_fkey,plm,production_order_line_source_ref,plm,production_order_line,a,c,FOREIGN KEY (production_order_line_id) REFERENCES plm.production_order_line(id) ON DELETE CASCADE,9895936,0,0,0,0,0,True
sega_catalog_parent_fkey,plm,sega_catalog,plm,sega_catalog,a,r,"FOREIGN KEY (capture_id, parent_catalog_source_id) REFERENCES plm.sega_catalog(capture_id, catalog_source_id) ON DELETE RESTRICT DEFERRABLE INITIALLY DEFERRED",9863168,0,0,0,0,0,True
sega_catalog_capture_fkey,plm,sega_catalog,plm,sega_capture,a,r,FOREIGN KEY (capture_id) REFERENCES plm.sega_capture(id) ON DELETE RESTRICT,9863168,0,0,0,0,0,True
peanuts_asset_character_value_fkey,plm,peanuts_asset_character,plm,peanuts_character,a,r,"FOREIGN KEY (capture_id, character_key) REFERENCES plm.peanuts_character(capture_id, value_key) ON DELETE RESTRICT",9363456,0,0,0,0,0,True
peanuts_asset_character_asset_fkey,plm,peanuts_asset_character,plm,peanuts_asset,a,r,"FOREIGN KEY (capture_id, source_object_id) REFERENCES plm.peanuts_asset(capture_id, source_object_id) ON DELETE RESTRICT",9363456,0,0,0,0,0,True
lucasfilm_dcp_asset_character_o_lucasfilm_dcp_character_id_fkey,plm,lucasfilm_dcp_asset_character_observation,plm,lucasfilm_dcp_character,a,r,FOREIGN KEY (lucasfilm_dcp_character_id) REFERENCES plm.lucasfilm_dcp_character(id) ON DELETE RESTRICT,9306112,0,0,0,0,0,True
lucasfilm_dcp_asset_character_obs_asset_fk,plm,lucasfilm_dcp_asset_character_observation,plm,lucasfilm_dcp_metadata_asset,a,c,"FOREIGN KEY (metadata_run_id, lucasfilm_dcp_asset_id, fetch_status) REFERENCES plm.lucasfilm_dcp_metadata_asset(metadata_run_id, lucasfilm_dcp_asset_id, fetch_status) ON DELETE CASCADE",9306112,0,0,0,0,0,False
fk_rfqItem_copied_from,plm,RFQItem,plm,RFQItem,a,n,"FOREIGN KEY (""rfqItem_copied_from_id"") REFERENCES plm.""RFQItem""(""rfqItem_id"") ON DELETE SET NULL",8847360,0,0,0,0,0,True
pdf_text_samples_asset_id_fkey,public,pdf_text_samples,public,assets,a,c,FOREIGN KEY (asset_id) REFERENCES assets(id) ON DELETE CASCADE,8421376,0,0,0,1478880,0,True
dcp_style_guide_last_seen_crawl_id_fkey,plm,dcp_style_guide,plm,dcp_crawl,a,n,FOREIGN KEY (last_seen_crawl_id) REFERENCES plm.dcp_crawl(crawl_id) ON DELETE SET NULL,8028160,0,0,0,0,0,False
dcp_style_guide_first_seen_crawl_id_fkey,plm,dcp_style_guide,plm,dcp_crawl,a,n,FOREIGN KEY (first_seen_crawl_id) REFERENCES plm.dcp_crawl(crawl_id) ON DELETE SET NULL,8028160,0,0,0,0,0,False
dcp_style_guide_core_style_guide_id_fkey,plm,dcp_style_guide,core,style_guide,a,r,FOREIGN KEY (core_style_guide_id) REFERENCES core.style_guide(id) ON DELETE RESTRICT,8028160,0,0,0,0,0,False
item_import_unresolved_company_code_division_code_item_no_fkey,plm,item_import_unresolved,plm,item_import,a,c,"FOREIGN KEY (company_code, division_code, item_no) REFERENCES plm.item_import(company_code, division_code, item_no) ON DELETE CASCADE",7725056,0,0,0,0,0,True
item_import_unresolved_sync_run_id_fkey,plm,item_import_unresolved,ingest,sync_run,a,n,FOREIGN KEY (sync_run_id) REFERENCES ingest.sync_run(id) ON DELETE SET NULL,7725056,0,0,0,0,0,False
marvel_asgard_asset_likeness_observation_capture_key_fkey,plm,marvel_asgard_asset_likeness_observation,plm,marvel_asgard_capture,a,a,FOREIGN KEY (capture_key) REFERENCES plm.marvel_asgard_capture(capture_key),7274496,0,0,0,0,0,True
marvel_asgard_asset_likeness_observation_asset_id_fkey,plm,marvel_asgard_asset_likeness_observation,plm,marvel_asgard_asset,a,a,FOREIGN KEY (asset_id) REFERENCES plm.marvel_asgard_asset(id),7274496,0,0,0,0,0,False
peanuts_asset_relationship_parent_fkey,plm,peanuts_asset_relationship,plm,peanuts_asset,a,r,"FOREIGN KEY (capture_id, parent_object_id) REFERENCES plm.peanuts_asset(capture_id, source_object_id) ON DELETE RESTRICT",7045120,0,0,0,0,0,True
peanuts_asset_relationship_child_fkey,plm,peanuts_asset_relationship,plm,peanuts_asset,a,r,"FOREIGN KEY (capture_id, child_object_id) REFERENCES plm.peanuts_asset(capture_id, source_object_id) ON DELETE RESTRICT",7045120,0,0,0,0,0,True
contact_source_ref_contact_id_fkey,core,contact_source_ref,core,contact,a,c,FOREIGN KEY (contact_id) REFERENCES core.contact(id) ON DELETE CASCADE,6955008,0,0,0,0,0,False
lucasfilm_dcp_style_guide_first_seen_crawl_id_fkey,plm,lucasfilm_dcp_style_guide,plm,lucasfilm_dcp_crawl,a,n,FOREIGN KEY (first_seen_crawl_id) REFERENCES plm.lucasfilm_dcp_crawl(crawl_id) ON DELETE SET NULL,6397952,0,0,0,0,0,False
lucasfilm_dcp_style_guide_last_seen_crawl_id_fkey,plm,lucasfilm_dcp_style_guide,plm,lucasfilm_dcp_crawl,a,n,FOREIGN KEY (last_seen_crawl_id) REFERENCES plm.lucasfilm_dcp_crawl(crawl_id) ON DELETE SET NULL,6397952,0,0,0,0,0,False
lucasfilm_dcp_style_guide_core_style_guide_id_fkey,plm,lucasfilm_dcp_style_guide,core,style_guide,a,r,FOREIGN KEY (core_style_guide_id) REFERENCES core.style_guide(id) ON DELETE RESTRICT,6397952,0,0,0,0,0,False
item_prod_order_detail_associations_prod_order_detail_pkey_fkey,dflow,item_prod_order_detail_associations,dflow,ProdOrderDetail,c,c,"FOREIGN KEY (prod_order_detail_pkey) REFERENCES dflow.""ProdOrderDetail""(pkey) ON UPDATE CASCADE ON DELETE CASCADE",5963776,0,0,0,0,0,True
item_prod_order_detail_associations_item_header_id_fkey,plm,item_prod_order_detail_associations,plm,itemHeader,c,c,"FOREIGN KEY (item_header_id) REFERENCES plm.""itemHeader""(item_id_pk) ON UPDATE CASCADE ON DELETE CASCADE",5963776,0,0,0,0,0,True
item_prod_order_detail_associations_prod_order_detail_pkey_fkey,plm,item_prod_order_detail_associations,plm,ProdOrderDetail,c,c,"FOREIGN KEY (prod_order_detail_pkey) REFERENCES plm.""ProdOrderDetail""(pkey) ON UPDATE CASCADE ON DELETE CASCADE",5963776,0,0,0,0,0,True
item_prod_order_detail_associations_item_header_id_fkey,dflow,item_prod_order_detail_associations,dflow,itemHeader,c,c,"FOREIGN KEY (item_header_id) REFERENCES dflow.""itemHeader""(item_id_pk) ON UPDATE CASCADE ON DELETE CASCADE",5963776,0,0,0,0,0,True
wildbrain_asset_nature_fk,plm,wildbrain_asset,plm,wildbrain_asset_nature,a,r,"FOREIGN KEY (capture_id, asset_nature_source_id) REFERENCES plm.wildbrain_asset_nature(capture_id, asset_nature_source_id) ON DELETE RESTRICT",5865472,0,0,0,0,0,True
wildbrain_asset_era_fk,plm,wildbrain_asset,plm,wildbrain_era,a,r,"FOREIGN KEY (capture_id, era_source_id) REFERENCES plm.wildbrain_era(capture_id, era_source_id) ON DELETE RESTRICT",5865472,0,0,0,0,0,True
wildbrain_asset_capture_id_fkey,plm,wildbrain_asset,plm,wildbrain_capture,a,r,FOREIGN KEY (capture_id) REFERENCES plm.wildbrain_capture(id) ON DELETE RESTRICT,5865472,0,0,0,0,0,True
wildbrain_asset_category_fk,plm,wildbrain_asset,plm,wildbrain_asset_category,a,r,"FOREIGN KEY (capture_id, asset_category_source_id) REFERENCES plm.wildbrain_asset_category(capture_id, asset_category_source_id) ON DELETE RESTRICT",5865472,0,0,0,0,0,True
wildbrain_asset_creative_group_fk,plm,wildbrain_asset,plm,wildbrain_creative_group,a,r,"FOREIGN KEY (capture_id, creative_group_source_id) REFERENCES plm.wildbrain_creative_group(capture_id, creative_group_source_id) ON DELETE RESTRICT",5865472,0,0,0,0,0,True
lucasfilm_dcp_asset_tile_observation_crawl_id_fkey,plm,lucasfilm_dcp_asset_tile_observation,plm,lucasfilm_dcp_crawl,a,c,FOREIGN KEY (crawl_id) REFERENCES plm.lucasfilm_dcp_crawl(crawl_id) ON DELETE CASCADE,5824512,0,0,0,0,0,True
lucasfilm_dcp_asset_tile_observation_portal_tile_id_fkey,plm,lucasfilm_dcp_asset_tile_observation,plm,lucasfilm_dcp_portal_tile,a,r,FOREIGN KEY (portal_tile_id) REFERENCES plm.lucasfilm_dcp_portal_tile(id) ON DELETE RESTRICT,5824512,0,0,0,0,0,True
lucasfilm_dcp_asset_tile_observation_crawl_section_id_fkey,plm,lucasfilm_dcp_asset_tile_observation,plm,lucasfilm_dcp_crawl_section,a,r,FOREIGN KEY (crawl_section_id) REFERENCES plm.lucasfilm_dcp_crawl_section(id) ON DELETE RESTRICT,5824512,0,0,0,0,0,True
lucasfilm_dcp_asset_tile_observatio_lucasfilm_dcp_asset_id_fkey,plm,lucasfilm_dcp_asset_tile_observation,plm,lucasfilm_dcp_asset,a,r,FOREIGN KEY (lucasfilm_dcp_asset_id) REFERENCES plm.lucasfilm_dcp_asset(id) ON DELETE RESTRICT,5824512,0,0,0,0,0,True
style_guide_render_queue_style_guide_file_id_fkey,public,style_guide_render_queue,public,style_guide_files,a,c,FOREIGN KEY (style_guide_file_id) REFERENCES style_guide_files(id) ON DELETE CASCADE,5750784,13212,4466,3150,1565455,0,True
dcp_term_last_seen_metadata_run_id_fkey,plm,dcp_term,plm,dcp_metadata_run,a,n,FOREIGN KEY (last_seen_metadata_run_id) REFERENCES plm.dcp_metadata_run(metadata_run_id) ON DELETE SET NULL,5750784,0,0,0,0,0,False
dcp_term_first_seen_metadata_run_id_fkey,plm,dcp_term,plm,dcp_metadata_run,a,n,FOREIGN KEY (first_seen_metadata_run_id) REFERENCES plm.dcp_metadata_run(metadata_run_id) ON DELETE SET NULL,5750784,0,0,0,0,0,False
render_queue_asset_id_fkey,public,render_queue,public,assets,a,c,FOREIGN KEY (asset_id) REFERENCES assets(id) ON DELETE CASCADE,5742592,2563,17151,8131,1478880,0,True
sega_asset_catalog_asset_fkey,plm,sega_asset_catalog,plm,sega_asset,a,r,"FOREIGN KEY (capture_id, asset_source_id) REFERENCES plm.sega_asset(capture_id, asset_source_id) ON DELETE RESTRICT",5734400,0,0,0,0,0,True
sega_asset_catalog_catalog_fkey,plm,sega_asset_catalog,plm,sega_catalog,a,r,"FOREIGN KEY (capture_id, catalog_source_id) REFERENCES plm.sega_catalog(capture_id, catalog_source_id) ON DELETE RESTRICT",5734400,0,0,0,0,0,True
lucasfilm_dcp_asset_crawl_lucasfilm_dcp_asset_id_fkey,plm,lucasfilm_dcp_asset_crawl,plm,lucasfilm_dcp_asset,a,r,FOREIGN KEY (lucasfilm_dcp_asset_id) REFERENCES plm.lucasfilm_dcp_asset(id) ON DELETE RESTRICT,5406720,0,0,0,0,0,True
lucasfilm_dcp_asset_crawl_crawl_id_fkey,plm,lucasfilm_dcp_asset_crawl,plm,lucasfilm_dcp_crawl,a,c,FOREIGN KEY (crawl_id) REFERENCES plm.lucasfilm_dcp_crawl(crawl_id) ON DELETE CASCADE,5406720,0,0,0,0,0,True
peanuts_asset_art_program_value_fkey,plm,peanuts_asset_art_program,plm,peanuts_art_program,a,r,"FOREIGN KEY (capture_id, art_program_key) REFERENCES plm.peanuts_art_program(capture_id, value_key) ON DELETE RESTRICT",5349376,0,0,0,0,0,True
peanuts_asset_art_program_asset_fkey,plm,peanuts_asset_art_program,plm,peanuts_asset,a,r,"FOREIGN KEY (capture_id, source_object_id) REFERENCES plm.peanuts_asset(capture_id, source_object_id) ON DELETE RESTRICT",5349376,0,0,0,0,0,True
wb_character_normalized_capture_id_capture_chunk_fkey,plm,wb_character_normalized,plm,wb_capture,a,r,"FOREIGN KEY (capture_id, capture_chunk) REFERENCES plm.wb_capture(capture_id, chunk_number) ON DELETE RESTRICT",4923392,0,0,0,0,0,False
fk_rfqItem_copied_from,dflow,RFQItem,dflow,RFQItem,a,n,"FOREIGN KEY (""rfqItem_copied_from_id"") REFERENCES dflow.""RFQItem""(""rfqItem_id"") ON DELETE SET NULL",4710400,0,0,0,0,0,True
marvel_dcp_metadata_asset_membership_fk,plm,marvel_dcp_metadata_asset,plm,marvel_dcp_asset_crawl,a,r,"FOREIGN KEY (source_crawl_id, marvel_dcp_asset_id) REFERENCES plm.marvel_dcp_asset_crawl(crawl_id, marvel_dcp_asset_id) ON DELETE RESTRICT",4562944,0,0,0,0,0,False
marvel_dcp_metadata_asset_run_fk,plm,marvel_dcp_metadata_asset,plm,marvel_dcp_metadata_run,a,c,"FOREIGN KEY (metadata_run_id, source_crawl_id) REFERENCES plm.marvel_dcp_metadata_run(metadata_run_id, source_crawl_id) ON DELETE CASCADE",4562944,0,0,0,0,0,False
product_tag_product_id_fkey,pim,product_tag,pim,product,a,c,FOREIGN KEY (product_id) REFERENCES pim.product(id) ON DELETE CASCADE,4415488,0,0,0,0,0,True
wb_property_character_normalized_capture_id_capture_chunk_fkey,plm,wb_property_character_normalized,plm,wb_capture,a,r,"FOREIGN KEY (capture_id, capture_chunk) REFERENCES plm.wb_capture(capture_id, chunk_number) ON DELETE RESTRICT",4268032,0,0,0,0,0,False
wb_property_character_normalized_property_id_fkey,plm,wb_property_character_normalized,plm,wb_property,a,r,FOREIGN KEY (property_id) REFERENCES plm.wb_property(id) ON DELETE RESTRICT,4268032,0,0,0,0,0,True
wb_property_character_normalized_character_id_fkey,plm,wb_property_character_normalized,plm,wb_character_normalized,a,r,FOREIGN KEY (character_id) REFERENCES plm.wb_character_normalized(id) ON DELETE RESTRICT,4268032,0,0,0,0,0,False
wb_property_character_normalized_core_property_id_fkey,plm,wb_property_character_normalized,core,property,a,r,FOREIGN KEY (core_property_id) REFERENCES core.property(id) ON DELETE RESTRICT,4268032,0,0,0,0,0,False
peanuts_asset_keyword_asset_fkey,plm,peanuts_asset_keyword,plm,peanuts_asset,a,r,"FOREIGN KEY (capture_id, source_object_id) REFERENCES plm.peanuts_asset(capture_id, source_object_id) ON DELETE RESTRICT",4227072,0,0,0,0,0,True
product_field_product_id_fkey,pim,product_field,pim,product,a,c,FOREIGN KEY (product_id) REFERENCES pim.product(id) ON DELETE CASCADE,3866624,0,0,0,0,0,True
stage_history_project_id_fkey,pim,stage_history,pim,project,a,c,FOREIGN KEY (project_id) REFERENCES pim.project(id) ON DELETE CASCADE,3710976,0,0,0,0,0,False
stage_history_changed_by_profile_id_fkey,pim,stage_history,app,profile,a,n,FOREIGN KEY (changed_by_profile_id) REFERENCES app.profile(id) ON DELETE SET NULL,3710976,0,0,0,0,0,False
stage_history_from_stage_id_fkey,pim,stage_history,pim,stage,a,n,FOREIGN KEY (from_stage_id) REFERENCES pim.stage(id) ON DELETE SET NULL,3710976,0,0,0,0,0,False
stage_history_to_stage_id_fkey,pim,stage_history,pim,stage,a,n,FOREIGN KEY (to_stage_id) REFERENCES pim.stage(id) ON DELETE SET NULL,3710976,0,0,0,0,0,False
stage_history_product_id_fkey,pim,stage_history,pim,product,a,c,FOREIGN KEY (product_id) REFERENCES pim.product(id) ON DELETE CASCADE,3710976,0,0,0,0,0,True
wwe_asset_property_inferred_asset_fkey,plm,wwe_asset_property_inferred,plm,wwe_asset,a,r,"FOREIGN KEY (capture_id, asset_source_id) REFERENCES plm.wwe_asset(capture_id, asset_source_id) ON DELETE RESTRICT",3596288,11277,0,0,0,0,True
contact_company_contact_id_fkey,core,contact_company,core,contact,a,c,FOREIGN KEY (contact_id) REFERENCES core.contact(id) ON DELETE CASCADE,3571712,9,0,0,0,0,True
contact_company_company_id_fkey,core,contact_company,core,customer,a,c,FOREIGN KEY (company_id) REFERENCES core.customer(id) ON DELETE CASCADE,3571712,9,0,0,0,0,True
contact_company_crm_department_id_fkey,core,contact_company,crm,department,a,n,FOREIGN KEY (crm_department_id) REFERENCES crm.department(id) ON DELETE SET NULL,3571712,9,0,0,0,0,True
dcp_portal_tile_first_seen_crawl_id_fkey,plm,dcp_portal_tile,plm,dcp_crawl,a,n,FOREIGN KEY (first_seen_crawl_id) REFERENCES plm.dcp_crawl(crawl_id) ON DELETE SET NULL,3301376,0,0,0,0,0,False
dcp_portal_tile_last_seen_crawl_id_fkey,plm,dcp_portal_tile,plm,dcp_crawl,a,n,FOREIGN KEY (last_seen_crawl_id) REFERENCES plm.dcp_crawl(crawl_id) ON DELETE SET NULL,3301376,0,0,0,0,0,False
dcp_portal_tile_core_property_id_fkey,plm,dcp_portal_tile,core,property,a,r,FOREIGN KEY (core_property_id) REFERENCES core.property(id) ON DELETE RESTRICT,3301376,0,0,0,0,0,False
lucasfilm_dcp_portal_tile_core_property_id_fkey,plm,lucasfilm_dcp_portal_tile,core,property,a,r,FOREIGN KEY (core_property_id) REFERENCES core.property(id) ON DELETE RESTRICT,3293184,0,0,0,0,0,False
lucasfilm_dcp_portal_tile_first_seen_crawl_id_fkey,plm,lucasfilm_dcp_portal_tile,plm,lucasfilm_dcp_crawl,a,n,FOREIGN KEY (first_seen_crawl_id) REFERENCES plm.lucasfilm_dcp_crawl(crawl_id) ON DELETE SET NULL,3293184,0,0,0,0,0,False
lucasfilm_dcp_portal_tile_last_seen_crawl_id_fkey,plm,lucasfilm_dcp_portal_tile,plm,lucasfilm_dcp_crawl,a,n,FOREIGN KEY (last_seen_crawl_id) REFERENCES plm.lucasfilm_dcp_crawl(crawl_id) ON DELETE SET NULL,3293184,0,0,0,0,0,False
properties_and_characters_licensor_id_fkey,dflow,properties_and_characters,dflow,licenseList,c,r,"FOREIGN KEY (licensor_id) REFERENCES dflow.""licenseList""(""licenseList_id"") ON UPDATE CASCADE ON DELETE RESTRICT",3006464,0,0,0,0,0,True
ai_tag_bakeoff_results_property_id_fkey,public,ai_tag_bakeoff_results,core,property,a,n,FOREIGN KEY (property_id) REFERENCES core.property(id) ON DELETE SET NULL,2981888,0,0,0,0,0,False
ai_tag_bakeoff_results_run_id_fkey,public,ai_tag_bakeoff_results,public,ai_tag_bakeoff_runs,a,c,FOREIGN KEY (run_id) REFERENCES ai_tag_bakeoff_runs(id) ON DELETE CASCADE,2981888,0,0,0,0,0,True
ai_tag_bakeoff_results_asset_id_fkey,public,ai_tag_bakeoff_results,public,assets,a,c,FOREIGN KEY (asset_id) REFERENCES assets(id) ON DELETE CASCADE,2981888,0,0,0,1478880,0,False
lucasfilm_dcp_term_first_seen_metadata_run_id_fkey,plm,lucasfilm_dcp_term,plm,lucasfilm_dcp_metadata_run,a,n,FOREIGN KEY (first_seen_metadata_run_id) REFERENCES plm.lucasfilm_dcp_metadata_run(metadata_run_id) ON DELETE SET NULL,2908160,0,0,0,0,0,False
lucasfilm_dcp_term_last_seen_metadata_run_id_fkey,plm,lucasfilm_dcp_term,plm,lucasfilm_dcp_metadata_run,a,n,FOREIGN KEY (last_seen_metadata_run_id) REFERENCES plm.lucasfilm_dcp_metadata_run(metadata_run_id) ON DELETE SET NULL,2908160,0,0,0,0,0,False
production_order_company_id_fkey,plm,production_order,core,customer,a,n,FOREIGN KEY (company_id) REFERENCES core.customer(id) ON DELETE SET NULL,2703360,0,3,0,0,0,True
production_order_factory_id_fkey,plm,production_order,core,factory,a,n,FOREIGN KEY (factory_id) REFERENCES core.factory(id) ON DELETE SET NULL,2703360,0,3,0,0,0,True
licensingStatus_tagged_group_id_fkey,plm,licensingStatus,plm,groups,a,a,FOREIGN KEY (tagged_group_id) REFERENCES plm.groups(id),2654208,0,0,0,0,0,False
product_category_predictions_erp_item_id_fkey,public,product_category_predictions,public,erp_items_current,a,c,FOREIGN KEY (erp_item_id) REFERENCES erp_items_current(id) ON DELETE CASCADE,2523136,0,0,0,0,0,True
wwe_asset_folder_member_folder_fkey,plm,wwe_asset_folder_member,plm,wwe_asset_folder,a,r,"FOREIGN KEY (capture_id, folder_source_id) REFERENCES plm.wwe_asset_folder(capture_id, folder_source_id) ON DELETE RESTRICT",2490368,11277,0,0,0,0,True
wwe_asset_folder_member_asset_fkey,plm,wwe_asset_folder_member,plm,wwe_asset,a,r,"FOREIGN KEY (capture_id, asset_source_id) REFERENCES plm.wwe_asset(capture_id, asset_source_id) ON DELETE RESTRICT",2490368,11277,0,0,0,0,True
licensingStatus_tagged_group_id_fkey,dflow,licensingStatus,dflow,groups,a,a,FOREIGN KEY (tagged_group_id) REFERENCES dflow.groups(id),2482176,0,0,0,0,0,False
wb_style_guide_normalized_capture_id_capture_chunk_fkey,plm,wb_style_guide_normalized,plm,wb_capture,a,r,"FOREIGN KEY (capture_id, capture_chunk) REFERENCES plm.wb_capture(capture_id, chunk_number) ON DELETE RESTRICT",2424832,0,0,0,0,0,False
lucasfilm_dcp_property_first_seen_metadata_run_id_fkey,plm,lucasfilm_dcp_property,plm,lucasfilm_dcp_metadata_run,a,n,FOREIGN KEY (first_seen_metadata_run_id) REFERENCES plm.lucasfilm_dcp_metadata_run(metadata_run_id) ON DELETE SET NULL,2400256,0,0,0,0,0,False
lucasfilm_dcp_property_last_seen_metadata_run_id_fkey,plm,lucasfilm_dcp_property,plm,lucasfilm_dcp_metadata_run,a,n,FOREIGN KEY (last_seen_metadata_run_id) REFERENCES plm.lucasfilm_dcp_metadata_run(metadata_run_id) ON DELETE SET NULL,2400256,0,0,0,0,0,False
marvel_dcp_asset_property_observati_marvel_dcp_property_id_fkey,plm,marvel_dcp_asset_property_observation,plm,marvel_dcp_property,a,r,FOREIGN KEY (marvel_dcp_property_id) REFERENCES plm.marvel_dcp_property(id) ON DELETE RESTRICT,2310144,0,0,0,0,0,True
marvel_dcp_asset_property_obs_asset_fk,plm,marvel_dcp_asset_property_observation,plm,marvel_dcp_metadata_asset,a,c,"FOREIGN KEY (metadata_run_id, marvel_dcp_asset_id, fetch_status) REFERENCES plm.marvel_dcp_metadata_asset(metadata_run_id, marvel_dcp_asset_id, fetch_status) ON DELETE CASCADE",2310144,0,0,0,0,0,False
erp_customer_customer_id_fkey,plm,erp_customer,core,customer,a,n,FOREIGN KEY (customer_id) REFERENCES core.customer(id) ON DELETE SET NULL,2228224,0,0,0,0,0,True
company_source_ref_company_id_fkey,core,company_source_ref,core,customer,a,c,FOREIGN KEY (company_id) REFERENCES core.customer(id) ON DELETE CASCADE,2211840,0,0,0,0,0,False
marvel_asgard_guide_node_last_seen_capture_key_fkey,plm,marvel_asgard_guide_node,plm,marvel_asgard_capture,a,a,FOREIGN KEY (last_seen_capture_key) REFERENCES plm.marvel_asgard_capture(capture_key),2056192,0,0,0,0,0,False
marvel_asgard_guide_node_first_seen_capture_key_fkey,plm,marvel_asgard_guide_node,plm,marvel_asgard_capture,a,a,FOREIGN KEY (first_seen_capture_key) REFERENCES plm.marvel_asgard_capture(capture_key),2056192,0,0,0,0,0,False
characters_property_id_fkey,public,characters,public,properties,a,c,FOREIGN KEY (property_id) REFERENCES properties(id) ON DELETE CASCADE,2056192,0,0,0,0,0,False
marvel_asgard_guide_node_style_guide_id_fkey,plm,marvel_asgard_guide_node,plm,marvel_asgard_style_guide,a,a,FOREIGN KEY (style_guide_id) REFERENCES plm.marvel_asgard_style_guide(id),2056192,0,0,0,0,0,True
marvel_asgard_guide_node_parent_node_id_style_guide_id_fkey,plm,marvel_asgard_guide_node,plm,marvel_asgard_guide_node,a,a,"FOREIGN KEY (parent_node_id, style_guide_id) REFERENCES plm.marvel_asgard_guide_node(id, style_guide_id) DEFERRABLE INITIALLY DEFERRED",2056192,0,0,0,0,0,False
dcp_property_first_seen_metadata_run_id_fkey,plm,dcp_property,plm,dcp_metadata_run,a,n,FOREIGN KEY (first_seen_metadata_run_id) REFERENCES plm.dcp_metadata_run(metadata_run_id) ON DELETE SET NULL,2048000,0,0,0,0,0,False
dcp_property_last_seen_metadata_run_id_fkey,plm,dcp_property,plm,dcp_metadata_run,a,n,FOREIGN KEY (last_seen_metadata_run_id) REFERENCES plm.dcp_metadata_run(metadata_run_id) ON DELETE SET NULL,2048000,0,0,0,0,0,False
style_tracker_audit_log_style_tracker_row_id_fkey,public,style_tracker_audit_log,public,style_tracker_rows,a,n,FOREIGN KEY (style_tracker_row_id) REFERENCES style_tracker_rows(id) ON DELETE SET NULL,1974272,2,0,0,2,0,True
company_primary_salesperson_profile_id_fkey,core,customer,app,profile,a,n,FOREIGN KEY (primary_salesperson_profile_id) REFERENCES app.profile(id) ON DELETE SET NULL,1900544,0,0,0,0,0,False
company_account_owner_profile_id_fkey,core,customer,app,profile,a,n,FOREIGN KEY (account_owner_profile_id) REFERENCES app.profile(id) ON DELETE SET NULL,1900544,0,0,0,0,0,False
refresh_tokens_session_id_fkey,auth,refresh_tokens,auth,sessions,a,c,FOREIGN KEY (session_id) REFERENCES auth.sessions(id) ON DELETE CASCADE,1720320,2757,348,128,339,10,True
opa_property_scope_membership_licensed_property_id_fkey,plm,opa_property_scope_membership,plm,opa_property,a,r,FOREIGN KEY (licensed_property_id) REFERENCES plm.opa_property(licensed_property_id) ON DELETE RESTRICT,1712128,0,0,0,0,0,True
marvel_asgard_capture_checkpoint_guide_node_id_fkey,plm,marvel_asgard_capture_checkpoint,plm,marvel_asgard_guide_node,a,a,FOREIGN KEY (guide_node_id) REFERENCES plm.marvel_asgard_guide_node(id),1703936,0,0,0,0,0,False
marvel_asgard_capture_checkpoint_style_guide_id_fkey,plm,marvel_asgard_capture_checkpoint,plm,marvel_asgard_style_guide,a,a,FOREIGN KEY (style_guide_id) REFERENCES plm.marvel_asgard_style_guide(id),1703936,0,0,0,0,0,False
marvel_asgard_capture_checkpo_guide_node_id_style_guide_id_fkey,plm,marvel_asgard_capture_checkpoint,plm,marvel_asgard_guide_node,a,a,"FOREIGN KEY (guide_node_id, style_guide_id) REFERENCES plm.marvel_asgard_guide_node(id, style_guide_id)",1703936,0,0,0,0,0,False
marvel_asgard_capture_checkpoint_capture_key_fkey,plm,marvel_asgard_capture_checkpoint,plm,marvel_asgard_capture,a,a,FOREIGN KEY (capture_key) REFERENCES plm.marvel_asgard_capture(capture_key),1703936,0,0,0,0,0,True
opa_character_core_character_id_fkey,plm,opa_character,core,character,c,r,"FOREIGN KEY (core_character_id) REFERENCES core.""character""(id) ON UPDATE CASCADE ON DELETE RESTRICT",1687552,0,0,0,0,0,False
sega_character_evidence_asset_fkey,plm,sega_character_evidence,plm,sega_asset,a,r,"FOREIGN KEY (capture_id, asset_source_id) REFERENCES plm.sega_asset(capture_id, asset_source_id) ON DELETE RESTRICT",1581056,0,0,0,0,0,True
sega_character_evidence_catalog_fkey,plm,sega_character_evidence,plm,sega_catalog,a,r,"FOREIGN KEY (capture_id, catalog_source_id) REFERENCES plm.sega_catalog(capture_id, catalog_source_id) ON DELETE RESTRICT",1581056,0,0,0,0,0,True
sega_character_evidence_candidate_fkey,plm,sega_character_evidence,plm,sega_character_candidate,a,r,"FOREIGN KEY (capture_id, character_candidate_key) REFERENCES plm.sega_character_candidate(capture_id, character_candidate_key) ON DELETE RESTRICT",1581056,0,0,0,0,0,True
wildbrain_asset_guide_capture_id_fkey,plm,wildbrain_asset_guide,plm,wildbrain_capture,a,r,FOREIGN KEY (capture_id) REFERENCES plm.wildbrain_capture(id) ON DELETE RESTRICT,1482752,0,0,0,0,0,True
wildbrain_asset_guide_guide_fk,plm,wildbrain_asset_guide,plm,wildbrain_guide,a,r,"FOREIGN KEY (capture_id, guide_key) REFERENCES plm.wildbrain_guide(capture_id, guide_key) ON DELETE RESTRICT",1482752,0,0,0,0,0,True
wildbrain_asset_guide_alias_fk,plm,wildbrain_asset_guide,plm,wildbrain_guide_alias,a,r,"FOREIGN KEY (capture_id, guide_key, alias_label) REFERENCES plm.wildbrain_guide_alias(capture_id, guide_key, alias_label) ON DELETE RESTRICT",1482752,0,0,0,0,0,False
wildbrain_asset_guide_asset_fk,plm,wildbrain_asset_guide,plm,wildbrain_asset,a,r,"FOREIGN KEY (capture_id, asset_source_id) REFERENCES plm.wildbrain_asset(capture_id, asset_source_id) ON DELETE RESTRICT",1482752,0,0,0,0,0,True
wildbrain_asset_character_character_fk,plm,wildbrain_asset_character,plm,wildbrain_character,a,r,"FOREIGN KEY (capture_id, character_source_id) REFERENCES plm.wildbrain_character(capture_id, character_source_id) ON DELETE RESTRICT",1425408,0,0,0,0,0,True
wildbrain_asset_character_asset_fk,plm,wildbrain_asset_character,plm,wildbrain_asset,a,r,"FOREIGN KEY (capture_id, asset_source_id) REFERENCES plm.wildbrain_asset(capture_id, asset_source_id) ON DELETE RESTRICT",1425408,0,0,0,0,0,True
wildbrain_asset_character_capture_id_fkey,plm,wildbrain_asset_character,plm,wildbrain_capture,a,r,FOREIGN KEY (capture_id) REFERENCES plm.wildbrain_capture(id) ON DELETE RESTRICT,1425408,0,0,0,0,0,True
nbcu_style_guide_property_property_fkey,plm,nbcu_style_guide_property,plm,nbcu_property,a,r,"FOREIGN KEY (capture_id, property_key) REFERENCES plm.nbcu_property(capture_id, property_key) ON DELETE RESTRICT",1368064,0,0,0,0,0,True
nbcu_style_guide_property_guide_fkey,plm,nbcu_style_guide_property,plm,nbcu_style_guide,a,r,"FOREIGN KEY (capture_id, style_guide_key) REFERENCES plm.nbcu_style_guide(capture_id, style_guide_key) ON DELETE RESTRICT",1368064,0,0,0,0,0,True
property_character_associations_character_id_fkey,dflow,property_character_associations,dflow,properties_and_characters,c,c,FOREIGN KEY (character_id) REFERENCES dflow.properties_and_characters(id) ON UPDATE CASCADE ON DELETE CASCADE,1359872,0,0,0,0,0,True
property_character_associations_licensor_id_fkey,dflow,property_character_associations,dflow,licenseList,c,r,"FOREIGN KEY (licensor_id) REFERENCES dflow.""licenseList""(""licenseList_id"") ON UPDATE CASCADE ON DELETE RESTRICT",1359872,0,0,0,0,0,True
property_character_associations_property_id_fkey,dflow,property_character_associations,dflow,properties_and_characters,c,c,FOREIGN KEY (property_id) REFERENCES dflow.properties_and_characters(id) ON UPDATE CASCADE ON DELETE CASCADE,1359872,0,0,0,0,0,True
production_order_source_ref_production_order_id_fkey,plm,production_order_source_ref,plm,production_order,a,c,FOREIGN KEY (production_order_id) REFERENCES plm.production_order(id) ON DELETE CASCADE,1294336,0,0,0,3,0,True
erp_vendor_factory_id_fkey,plm,erp_vendor,core,factory,a,n,FOREIGN KEY (factory_id) REFERENCES core.factory(id) ON DELETE SET NULL,1204224,0,0,0,0,0,True
project_company_id_fkey,pim,project,core,customer,a,n,FOREIGN KEY (company_id) REFERENCES core.customer(id) ON DELETE SET NULL,1105920,0,0,0,0,0,False
project_licensor_id_fkey,pim,project,core,licensor,a,n,FOREIGN KEY (licensor_id) REFERENCES core.licensor(id) ON DELETE SET NULL,1105920,0,0,0,0,0,False
project_primary_contact_id_fkey,pim,project,core,contact,a,n,FOREIGN KEY (primary_contact_id) REFERENCES core.contact(id) ON DELETE SET NULL,1105920,0,0,0,0,0,False
project_design_collection_id_fkey,pim,project,pim,design_collection,a,n,FOREIGN KEY (design_collection_id) REFERENCES pim.design_collection(id) ON DELETE SET NULL,1105920,0,0,0,0,0,False
project_property_id_fkey,pim,project,core,property,a,n,FOREIGN KEY (property_id) REFERENCES core.property(id) ON DELETE SET NULL,1105920,0,0,0,0,0,False
coke_approval_metadata_value_capture_id_approval_route_id_fkey,plm,coke_approval_metadata_value,plm,coke_approval_item,a,a,"FOREIGN KEY (capture_id, approval_route_id) REFERENCES plm.coke_approval_item(capture_id, approval_route_id)",1081344,0,0,0,0,0,True
dcp_character_first_seen_metadata_run_id_fkey,plm,dcp_character,plm,dcp_metadata_run,a,n,FOREIGN KEY (first_seen_metadata_run_id) REFERENCES plm.dcp_metadata_run(metadata_run_id) ON DELETE SET NULL,1064960,0,0,0,0,0,False
dcp_character_last_seen_metadata_run_id_fkey,plm,dcp_character,plm,dcp_metadata_run,a,n,FOREIGN KEY (last_seen_metadata_run_id) REFERENCES plm.dcp_metadata_run(metadata_run_id) ON DELETE SET NULL,1064960,0,0,0,0,0,False
marvel_dcp_asset_term_obs_asset_fk,plm,marvel_dcp_asset_term_observation,plm,marvel_dcp_metadata_asset,a,c,"FOREIGN KEY (metadata_run_id, marvel_dcp_asset_id, fetch_status) REFERENCES plm.marvel_dcp_metadata_asset(metadata_run_id, marvel_dcp_asset_id, fetch_status) ON DELETE CASCADE",1024000,0,0,0,0,0,False
marvel_dcp_asset_term_observation_marvel_dcp_term_id_fkey,plm,marvel_dcp_asset_term_observation,plm,marvel_dcp_term,a,r,FOREIGN KEY (marvel_dcp_term_id) REFERENCES plm.marvel_dcp_term(id) ON DELETE RESTRICT,1024000,0,0,0,0,0,True
nbcu_style_guide_core_style_guide_id_fkey,plm,nbcu_style_guide,core,style_guide,a,r,FOREIGN KEY (core_style_guide_id) REFERENCES core.style_guide(id) ON DELETE RESTRICT,999424,0,0,0,0,0,True
nbcu_style_guide_capture_id_fkey,plm,nbcu_style_guide,plm,nbcu_capture,a,r,FOREIGN KEY (capture_id) REFERENCES plm.nbcu_capture(id) ON DELETE RESTRICT,999424,0,0,0,0,0,True
marvel_dcp_property_last_seen_metadata_run_id_fkey,plm,marvel_dcp_property,plm,marvel_dcp_metadata_run,a,n,FOREIGN KEY (last_seen_metadata_run_id) REFERENCES plm.marvel_dcp_metadata_run(metadata_run_id) ON DELETE SET NULL,983040,0,0,0,0,0,False
marvel_dcp_property_first_seen_metadata_run_id_fkey,plm,marvel_dcp_property,plm,marvel_dcp_metadata_run,a,n,FOREIGN KEY (first_seen_metadata_run_id) REFERENCES plm.marvel_dcp_metadata_run(metadata_run_id) ON DELETE SET NULL,983040,0,0,0,0,0,False
wwe_asset_folder_parent_fkey,plm,wwe_asset_folder,plm,wwe_asset_folder,a,r,"FOREIGN KEY (capture_id, parent_folder_source_id) REFERENCES plm.wwe_asset_folder(capture_id, folder_source_id) ON DELETE RESTRICT DEFERRABLE INITIALLY DEFERRED",966656,1272,0,0,0,0,True
wwe_asset_folder_capture_fkey,plm,wwe_asset_folder,plm,wwe_creative_capture,a,r,FOREIGN KEY (capture_id) REFERENCES plm.wwe_creative_capture(id) ON DELETE RESTRICT,966656,1272,0,0,1,0,True
marvel_asgard_character_last_seen_capture_key_fkey,plm,marvel_asgard_character,plm,marvel_asgard_capture,a,a,FOREIGN KEY (last_seen_capture_key) REFERENCES plm.marvel_asgard_capture(capture_key),958464,0,0,0,0,0,False
marvel_asgard_character_first_seen_capture_key_fkey,plm,marvel_asgard_character,plm,marvel_asgard_capture,a,a,FOREIGN KEY (first_seen_capture_key) REFERENCES plm.marvel_asgard_capture(capture_key),958464,0,0,0,0,0,False
dcp_metadata_chunk_ledger_metadata_run_id_fkey,plm,dcp_metadata_chunk_ledger,plm,dcp_metadata_run,a,c,FOREIGN KEY (metadata_run_id) REFERENCES plm.dcp_metadata_run(metadata_run_id) ON DELETE CASCADE,942080,0,0,0,0,0,True
art_piece_attachment_updated_by_fkey,plm,art_piece_attachment,app,users,a,a,FOREIGN KEY (updated_by) REFERENCES app.users(id),901120,0,0,0,0,0,True
art_piece_attachment_art_piece_id_fkey,plm,art_piece_attachment,designflow_frozen_20260710,art_piece,a,a,FOREIGN KEY (art_piece_id) REFERENCES designflow_frozen_20260710.art_piece(id),901120,0,0,0,0,0,True
art_piece_attachment_divisioncode_id_fkey,plm,art_piece_attachment,plm,divisionCode,a,a,"FOREIGN KEY (divisioncode_id) REFERENCES plm.""divisionCode""(""divCode_id"")",901120,0,0,0,0,0,True
art_piece_attachment_company_code_fkey,plm,art_piece_attachment,plm,companyCode,a,a,"FOREIGN KEY (company_code) REFERENCES plm.""companyCode""(""comCode_id"")",901120,0,0,0,0,0,True
art_piece_attachment_created_by_fkey,plm,art_piece_attachment,app,users,a,a,FOREIGN KEY (created_by) REFERENCES app.users(id),901120,0,0,0,0,0,True
factory_company_id_fkey,core,factory,core,customer,a,n,FOREIGN KEY (company_id) REFERENCES core.customer(id) ON DELETE SET NULL,851968,0,0,0,0,0,False
creative_submission_property_reso_supersedes_resolution_id_fkey,plm,creative_submission_property_resolution,plm,creative_submission_property_resolution,r,r,FOREIGN KEY (supersedes_resolution_id) REFERENCES plm.creative_submission_property_resolution(resolution_id) ON UPDATE RESTRICT ON DELETE RESTRICT,843776,1148,0,0,0,0,True
art_piece_attachment_divisioncode_id_fkey,dflow,art_piece_attachment,dflow,divisionCode,a,a,"FOREIGN KEY (divisioncode_id) REFERENCES dflow.""divisionCode""(""divCode_id"")",794624,0,0,0,0,0,True
art_piece_attachment_art_piece_id_fkey,dflow,art_piece_attachment,dflow,art_piece,a,a,FOREIGN KEY (art_piece_id) REFERENCES dflow.art_piece(id),794624,0,0,0,0,0,True
art_piece_attachment_company_code_fkey,dflow,art_piece_attachment,dflow,companyCode,a,a,"FOREIGN KEY (company_code) REFERENCES dflow.""companyCode""(""comCode_id"")",794624,0,0,0,0,0,True
art_piece_attachment_created_by_fkey,dflow,art_piece_attachment,dflow,users,a,a,FOREIGN KEY (created_by) REFERENCES dflow.users(id),794624,0,0,0,25,0,True
art_piece_attachment_updated_by_fkey,dflow,art_piece_attachment,dflow,users,a,a,FOREIGN KEY (updated_by) REFERENCES dflow.users(id),794624,0,0,0,25,0,True
wwe_tag_capture_id_fkey,plm,wwe_tag,plm,wwe_creative_capture,a,r,FOREIGN KEY (capture_id) REFERENCES plm.wwe_creative_capture(id) ON DELETE RESTRICT,729088,1670,0,0,1,0,True
factory_source_ref_factory_id_fkey,core,factory_source_ref,core,factory,a,c,FOREIGN KEY (factory_id) REFERENCES core.factory(id) ON DELETE CASCADE,720896,0,0,0,0,0,False
pdf_rich_extraction_asset_id_fkey,dam,pdf_rich_extraction,public,assets,a,c,FOREIGN KEY (asset_id) REFERENCES assets(id) ON DELETE CASCADE,704512,0,0,0,1478880,0,True
wb_property_capture_id_capture_chunk_fkey,plm,wb_property,plm,wb_capture,a,r,"FOREIGN KEY (capture_id, capture_chunk) REFERENCES plm.wb_capture(capture_id, chunk_number) ON DELETE RESTRICT",671744,0,0,0,0,0,False
coke_approval_vocabulary_valu_capture_id_approval_route_id_fkey,plm,coke_approval_vocabulary_value,plm,coke_approval_item,a,a,"FOREIGN KEY (capture_id, approval_route_id) REFERENCES plm.coke_approval_item(capture_id, approval_route_id)",630784,0,0,0,0,0,True
coke_approval_vocabulary_valu_capture_id_vocabulary_kind_v_fkey,plm,coke_approval_vocabulary_value,plm,coke_vocabulary_value,a,a,"FOREIGN KEY (capture_id, vocabulary_kind, value_key) REFERENCES plm.coke_vocabulary_value(capture_id, vocabulary_kind, value_key)",630784,0,0,0,0,0,False
opa_property_studio_resolution_licensed_property_id_fkey,plm,opa_property_studio_resolution,plm,opa_property,a,r,FOREIGN KEY (licensed_property_id) REFERENCES plm.opa_property(licensed_property_id) ON DELETE RESTRICT,622592,0,0,0,0,0,True
pmt_property_collection_capture_id_fkey,plm,pmt_property_collection,plm,pmt_capture,a,r,FOREIGN KEY (capture_id) REFERENCES plm.pmt_capture(capture_id) ON DELETE RESTRICT,614400,0,0,0,0,0,True
pmt_property_collection_collection_fkey,plm,pmt_property_collection,plm,pmt_collection,a,r,"FOREIGN KEY (capture_id, collection_source_id) REFERENCES plm.pmt_collection(capture_id, collection_source_id) ON DELETE RESTRICT",614400,0,0,0,0,0,True
pmt_property_collection_property_fkey,plm,pmt_property_collection,plm,pmt_property,a,r,"FOREIGN KEY (capture_id, property_source_id) REFERENCES plm.pmt_property(capture_id, property_source_id) ON DELETE RESTRICT",614400,0,0,0,0,0,True
peanuts_asset_holiday_asset_fkey,plm,peanuts_asset_holiday,plm,peanuts_asset,a,r,"FOREIGN KEY (capture_id, source_object_id) REFERENCES plm.peanuts_asset(capture_id, source_object_id) ON DELETE RESTRICT",589824,0,0,0,0,0,True
peanuts_asset_holiday_value_fkey,plm,peanuts_asset_holiday,plm,peanuts_holiday,a,r,"FOREIGN KEY (capture_id, holiday_key) REFERENCES plm.peanuts_holiday(capture_id, value_key) ON DELETE RESTRICT",589824,0,0,0,0,0,True
pmt_collection_capture_id_fkey,plm,pmt_collection,plm,pmt_capture,a,r,FOREIGN KEY (capture_id) REFERENCES plm.pmt_capture(capture_id) ON DELETE RESTRICT,589824,0,0,0,0,0,True
pmt_capture_batch_capture_id_fkey,plm,pmt_capture_batch,plm,pmt_capture,a,r,FOREIGN KEY (capture_id) REFERENCES plm.pmt_capture(capture_id) ON DELETE RESTRICT,581632,0,0,0,0,0,True
revision_request_submission_id_fkey,pim,revision_request,pim,product_submission,a,n,FOREIGN KEY (submission_id) REFERENCES pim.product_submission(id) ON DELETE SET NULL,548864,0,0,0,0,0,False
revision_request_requested_by_profile_id_fkey,pim,revision_request,app,profile,a,n,FOREIGN KEY (requested_by_profile_id) REFERENCES app.profile(id) ON DELETE SET NULL,548864,0,0,0,0,0,False
revision_request_product_id_fkey,pim,revision_request,pim,product,a,c,FOREIGN KEY (product_id) REFERENCES pim.product(id) ON DELETE CASCADE,548864,0,0,0,0,0,False
dcp_property_licensor_resolution_supersedes_fk,plm,dcp_property_licensor_resolution,plm,dcp_property_licensor_resolution,a,r,"FOREIGN KEY (source_system, source_property_id, supersedes_resolution_id) REFERENCES plm.dcp_property_licensor_resolution(source_system, source_property_id, resolution_id) ON DELETE RESTRICT",540672,0,0,0,0,0,False
peanuts_style_guide_character_guide_fkey,plm,peanuts_style_guide_character,plm,peanuts_style_guide,a,r,"FOREIGN KEY (capture_id, style_guide_key) REFERENCES plm.peanuts_style_guide(capture_id, value_key) ON DELETE RESTRICT",524288,0,0,0,0,0,True
peanuts_style_guide_character_character_fkey,plm,peanuts_style_guide_character,plm,peanuts_character,a,r,"FOREIGN KEY (capture_id, character_key) REFERENCES plm.peanuts_character(capture_id, value_key) ON DELETE RESTRICT",524288,0,0,0,0,0,False
art_piece_age_group_id_fkey,dflow,art_piece,dflow,merchGroup,a,a,"FOREIGN KEY (age_group_id) REFERENCES dflow.""merchGroup""(mg_id)",491520,0,0,0,0,0,False
art_piece_style_guide_id_fkey,dflow,art_piece,dflow,merchGroup,a,a,"FOREIGN KEY (style_guide_id) REFERENCES dflow.""merchGroup""(mg_id)",491520,0,0,0,0,0,False
art_piece_property_id_fkey,dflow,art_piece,dflow,merchGroup,a,a,"FOREIGN KEY (property_id) REFERENCES dflow.""merchGroup""(mg_id)",491520,0,0,0,0,0,False
art_piece_little_theme_id_fkey,dflow,art_piece,dflow,merchGroup,a,a,"FOREIGN KEY (little_theme_id) REFERENCES dflow.""merchGroup""(mg_id)",491520,0,0,0,0,0,False
art_piece_licensor_id_fkey,dflow,art_piece,dflow,merchGroup,a,a,"FOREIGN KEY (licensor_id) REFERENCES dflow.""merchGroup""(mg_id)",491520,0,0,0,0,0,False
art_piece_big_theme_id_fkey,dflow,art_piece,dflow,merchGroup,a,a,"FOREIGN KEY (big_theme_id) REFERENCES dflow.""merchGroup""(mg_id)",491520,0,0,0,0,0,False
art_piece_artist_id_fkey,dflow,art_piece,dflow,merchGroup,a,a,"FOREIGN KEY (artist_id) REFERENCES dflow.""merchGroup""(mg_id)",491520,0,0,0,0,0,True
art_piece_art_type_id_fkey,dflow,art_piece,dflow,merchGroup,a,a,"FOREIGN KEY (art_type_id) REFERENCES dflow.""merchGroup""(mg_id)",491520,0,0,0,0,0,False
art_piece_art_source_id_fkey,dflow,art_piece,dflow,merchGroup,a,a,"FOREIGN KEY (art_source_id) REFERENCES dflow.""merchGroup""(mg_id)",491520,0,0,0,0,0,False
art_piece_season_code_id_fkey,dflow,art_piece,dflow,SeasonCode,a,a,"FOREIGN KEY (season_code_id) REFERENCES dflow.""SeasonCode""(id)",491520,0,0,0,0,0,False
art_piece_divisioncode_id_fkey,dflow,art_piece,dflow,divisionCode,a,a,"FOREIGN KEY (divisioncode_id) REFERENCES dflow.""divisionCode""(""divCode_id"")",491520,0,0,0,0,0,True
art_piece_updated_by_fkey,dflow,art_piece,dflow,users,a,a,FOREIGN KEY (updated_by) REFERENCES dflow.users(id),491520,0,0,0,25,0,True
art_piece_created_by_fkey,dflow,art_piece,dflow,users,a,a,FOREIGN KEY (created_by) REFERENCES dflow.users(id),491520,0,0,0,25,0,True
coke_asset_tag_capture_id_tag_key_fkey,plm,coke_asset_tag,plm,coke_tag,a,a,"FOREIGN KEY (capture_id, tag_key) REFERENCES plm.coke_tag(capture_id, tag_key)",483328,0,0,0,0,0,False
coke_asset_tag_capture_id_asset_id_fkey,plm,coke_asset_tag,plm,coke_asset,a,a,"FOREIGN KEY (capture_id, asset_id) REFERENCES plm.coke_asset(capture_id, asset_id)",483328,0,0,0,0,0,True
coke_approval_item_capture_id_fkey,plm,coke_approval_item,plm,coke_capture,a,a,FOREIGN KEY (capture_id) REFERENCES plm.coke_capture(id),458752,0,0,0,0,0,True
sega_character_property_inferred_property_fkey,plm,sega_character_property_inferred,plm,sega_property,a,r,"FOREIGN KEY (capture_id, property_source_id) REFERENCES plm.sega_property(capture_id, property_source_id) ON DELETE RESTRICT",450560,0,0,0,0,0,True
sega_character_property_inferred_candidate_fkey,plm,sega_character_property_inferred,plm,sega_character_candidate,a,r,"FOREIGN KEY (capture_id, character_candidate_key) REFERENCES plm.sega_character_candidate(capture_id, character_candidate_key) ON DELETE RESTRICT",450560,0,0,0,0,0,True
sega_character_property_inferred_evidence_fkey,plm,sega_character_property_inferred,plm,sega_character_evidence,a,r,"FOREIGN KEY (capture_id, character_candidate_key, evidence_key) REFERENCES plm.sega_character_evidence(capture_id, character_candidate_key, evidence_key) ON DELETE RESTRICT",450560,0,0,0,0,0,True
art_piece_big_theme_id_fkey,designflow_frozen_20260710,art_piece,core,merchGroup,a,a,"FOREIGN KEY (big_theme_id) REFERENCES core.""merchGroup""(mg_id)",442368,0,0,0,0,0,False
art_piece_licensor_id_fkey,designflow_frozen_20260710,art_piece,core,merchGroup,a,a,"FOREIGN KEY (licensor_id) REFERENCES core.""merchGroup""(mg_id)",442368,0,0,0,0,0,False
art_piece_season_code_id_fkey,designflow_frozen_20260710,art_piece,plm,SeasonCode,a,a,"FOREIGN KEY (season_code_id) REFERENCES plm.""SeasonCode""(id)",442368,0,0,0,0,0,False
art_piece_divisioncode_id_fkey,designflow_frozen_20260710,art_piece,plm,divisionCode,a,a,"FOREIGN KEY (divisioncode_id) REFERENCES plm.""divisionCode""(""divCode_id"")",442368,0,0,0,0,0,True
art_piece_created_by_fkey,designflow_frozen_20260710,art_piece,app,users,a,a,FOREIGN KEY (created_by) REFERENCES app.users(id),442368,0,0,0,0,0,True
art_piece_style_guide_id_fkey,designflow_frozen_20260710,art_piece,core,merchGroup,a,a,"FOREIGN KEY (style_guide_id) REFERENCES core.""merchGroup""(mg_id)",442368,0,0,0,0,0,False
art_piece_artist_id_fkey,designflow_frozen_20260710,art_piece,core,merchGroup,a,a,"FOREIGN KEY (artist_id) REFERENCES core.""merchGroup""(mg_id)",442368,0,0,0,0,0,True
art_piece_property_id_fkey,designflow_frozen_20260710,art_piece,core,merchGroup,a,a,"FOREIGN KEY (property_id) REFERENCES core.""merchGroup""(mg_id)",442368,0,0,0,0,0,False
art_piece_updated_by_fkey,designflow_frozen_20260710,art_piece,app,users,a,a,FOREIGN KEY (updated_by) REFERENCES app.users(id),442368,0,0,0,0,0,True
art_piece_art_type_id_fkey,designflow_frozen_20260710,art_piece,core,merchGroup,a,a,"FOREIGN KEY (art_type_id) REFERENCES core.""merchGroup""(mg_id)",442368,0,0,0,0,0,False
art_piece_art_source_id_fkey,designflow_frozen_20260710,art_piece,core,merchGroup,a,a,"FOREIGN KEY (art_source_id) REFERENCES core.""merchGroup""(mg_id)",442368,0,0,0,0,0,False
art_piece_little_theme_id_fkey,designflow_frozen_20260710,art_piece,core,merchGroup,a,a,"FOREIGN KEY (little_theme_id) REFERENCES core.""merchGroup""(mg_id)",442368,0,0,0,0,0,False
sku_files_used_style_guide_file_id_fkey,public,sku_files_used,public,style_guide_files,a,n,FOREIGN KEY (style_guide_file_id) REFERENCES style_guide_files(id) ON DELETE SET NULL,442368,821,609,0,1565455,0,True
art_piece_age_group_id_fkey,designflow_frozen_20260710,art_piece,core,merchGroup,a,a,"FOREIGN KEY (age_group_id) REFERENCES core.""merchGroup""(mg_id)",442368,0,0,0,0,0,False
coke_asset_capture_id_fkey,plm,coke_asset,plm,coke_capture,a,a,FOREIGN KEY (capture_id) REFERENCES plm.coke_capture(id),417792,0,0,0,0,0,True
merchGroupRelations_child_mg_id_fkey,dflow,merchGroupRelations,dflow,merchGroupMaster,a,c,"FOREIGN KEY (child_mg_id) REFERENCES dflow.""merchGroupMaster""(mg_id) ON DELETE CASCADE",409600,0,0,0,0,0,True
merchGroupRelations_parent_mg_id_fkey,dflow,merchGroupRelations,dflow,merchGroupMaster,a,c,"FOREIGN KEY (parent_mg_id) REFERENCES dflow.""merchGroupMaster""(mg_id) ON DELETE CASCADE",409600,0,0,0,0,0,True
merchGroupRelations_parent_mg_id_fkey,core,merchGroupRelations,core,merchGroupMaster,a,c,"FOREIGN KEY (parent_mg_id) REFERENCES core.""merchGroupMaster""(mg_id) ON DELETE CASCADE",409600,0,0,0,0,0,True
merchGroupRelations_grand_parent_mg_id_fkey,core,merchGroupRelations,core,merchGroupMaster,a,c,"FOREIGN KEY (grand_parent_mg_id) REFERENCES core.""merchGroupMaster""(mg_id) ON DELETE CASCADE",409600,0,0,0,0,0,True
merchGroupRelations_child_mg_id_fkey,core,merchGroupRelations,core,merchGroupMaster,a,c,"FOREIGN KEY (child_mg_id) REFERENCES core.""merchGroupMaster""(mg_id) ON DELETE CASCADE",409600,0,0,0,0,0,True
property_import_licensor_id_fkey,plm,property_import,core,licensor,a,n,FOREIGN KEY (licensor_id) REFERENCES core.licensor(id) ON DELETE SET NULL,409600,0,0,0,0,0,True
property_import_property_id_fkey,plm,property_import,core,property,a,r,FOREIGN KEY (property_id) REFERENCES core.property(id) ON DELETE RESTRICT,409600,0,0,0,0,0,True
merchGroupRelations_grand_parent_mg_id_fkey,dflow,merchGroupRelations,dflow,merchGroupMaster,a,c,"FOREIGN KEY (grand_parent_mg_id) REFERENCES dflow.""merchGroupMaster""(mg_id) ON DELETE CASCADE",409600,0,0,0,0,0,True
contract_property_evidence_document_fkey,plm,contract_property_evidence,plm,contract_property_document,a,r,"FOREIGN KEY (capture_id, document_id) REFERENCES plm.contract_property_document(capture_id, id) ON DELETE RESTRICT",401408,1401,0,0,0,0,False
marvel_dcp_asset_style_guide_id_fkey,plm,marvel_dcp_asset,plm,marvel_dcp_style_guide,a,r,FOREIGN KEY (style_guide_id) REFERENCES plm.marvel_dcp_style_guide(id) ON DELETE RESTRICT,401408,0,0,0,0,0,True
marvel_dcp_asset_first_seen_crawl_id_fkey,plm,marvel_dcp_asset,plm,marvel_dcp_crawl,a,n,FOREIGN KEY (first_seen_crawl_id) REFERENCES plm.marvel_dcp_crawl(crawl_id) ON DELETE SET NULL,401408,0,0,0,0,0,False
marvel_dcp_asset_last_seen_crawl_id_fkey,plm,marvel_dcp_asset,plm,marvel_dcp_crawl,a,n,FOREIGN KEY (last_seen_crawl_id) REFERENCES plm.marvel_dcp_crawl(crawl_id) ON DELETE SET NULL,401408,0,0,0,0,0,False
contract_property_evidence_capture_fkey,plm,contract_property_evidence,plm,contract_property_capture,a,r,FOREIGN KEY (capture_id) REFERENCES plm.contract_property_capture(id) ON DELETE RESTRICT,401408,1401,0,0,0,0,True
contract_property_evidence_property_fkey,plm,contract_property_evidence,plm,contract_property,a,r,"FOREIGN KEY (capture_id, property_id) REFERENCES plm.contract_property(capture_id, id) ON DELETE RESTRICT",401408,1401,0,0,0,0,False
sega_property_licensor_property_fkey,plm,sega_property_licensor,plm,sega_property,a,r,"FOREIGN KEY (capture_id, property_source_id) REFERENCES plm.sega_property(capture_id, property_source_id) ON DELETE RESTRICT",393216,0,0,0,0,0,True
lucasfilm_dcp_character_first_seen_metadata_run_id_fkey,plm,lucasfilm_dcp_character,plm,lucasfilm_dcp_metadata_run,a,n,FOREIGN KEY (first_seen_metadata_run_id) REFERENCES plm.lucasfilm_dcp_metadata_run(metadata_run_id) ON DELETE SET NULL,385024,0,0,0,0,0,False
lucasfilm_dcp_character_last_seen_metadata_run_id_fkey,plm,lucasfilm_dcp_character,plm,lucasfilm_dcp_metadata_run,a,n,FOREIGN KEY (last_seen_metadata_run_id) REFERENCES plm.lucasfilm_dcp_metadata_run(metadata_run_id) ON DELETE SET NULL,385024,0,0,0,0,0,False
sega_character_candidate_capture_fkey,plm,sega_character_candidate,plm,sega_capture,a,r,FOREIGN KEY (capture_id) REFERENCES plm.sega_capture(id) ON DELETE RESTRICT,385024,0,0,0,0,0,True
nbcu_property_core_property_id_fkey,plm,nbcu_property,core,property,a,r,FOREIGN KEY (core_property_id) REFERENCES core.property(id) ON DELETE RESTRICT,376832,0,0,0,0,0,True
marvel_dcp_asset_character_obs_asset_fk,plm,marvel_dcp_asset_character_observation,plm,marvel_dcp_metadata_asset,a,c,"FOREIGN KEY (metadata_run_id, marvel_dcp_asset_id, fetch_status) REFERENCES plm.marvel_dcp_metadata_asset(metadata_run_id, marvel_dcp_asset_id, fetch_status) ON DELETE CASCADE",376832,0,0,0,0,0,False
nbcu_property_capture_id_fkey,plm,nbcu_property,plm,nbcu_capture,a,r,FOREIGN KEY (capture_id) REFERENCES plm.nbcu_capture(id) ON DELETE RESTRICT,376832,0,0,0,0,0,True
marvel_dcp_asset_character_observa_marvel_dcp_character_id_fkey,plm,marvel_dcp_asset_character_observation,plm,marvel_dcp_character,a,r,FOREIGN KEY (marvel_dcp_character_id) REFERENCES plm.marvel_dcp_character(id) ON DELETE RESTRICT,376832,0,0,0,0,0,True
marvel_dcp_term_first_seen_metadata_run_id_fkey,plm,marvel_dcp_term,plm,marvel_dcp_metadata_run,a,n,FOREIGN KEY (first_seen_metadata_run_id) REFERENCES plm.marvel_dcp_metadata_run(metadata_run_id) ON DELETE SET NULL,368640,0,0,0,0,0,False
marvel_dcp_term_last_seen_metadata_run_id_fkey,plm,marvel_dcp_term,plm,marvel_dcp_metadata_run,a,n,FOREIGN KEY (last_seen_metadata_run_id) REFERENCES plm.marvel_dcp_metadata_run(metadata_run_id) ON DELETE SET NULL,368640,0,0,0,0,0,False
dcp_opa_property_resolution_same_identity_supersession_fk,plm,dcp_opa_property_resolution,plm,dcp_opa_property_resolution,a,r,"FOREIGN KEY (supersedes_resolution_id, source_system, source_table, source_property_id) REFERENCES plm.dcp_opa_property_resolution(resolution_id, source_system, source_table, source_property_id) ON DELETE RESTRICT",352256,250,0,0,0,0,False
dcp_opa_property_resolution_supersedes_resolution_id_fkey,plm,dcp_opa_property_resolution,plm,dcp_opa_property_resolution,a,r,FOREIGN KEY (supersedes_resolution_id) REFERENCES plm.dcp_opa_property_resolution(resolution_id) ON DELETE RESTRICT,352256,250,0,0,0,0,True
product_size_source_ref_product_size_id_fkey,core,product_size_source_ref,core,product_size,a,c,FOREIGN KEY (product_size_id) REFERENCES core.product_size(id) ON DELETE CASCADE,352256,0,0,0,0,0,True
sega_property_capture_id_fkey,plm,sega_property,plm,sega_capture,a,r,FOREIGN KEY (capture_id) REFERENCES plm.sega_capture(id) ON DELETE RESTRICT,344064,0,0,0,0,0,True
opa_property_core_property_id_fkey,plm,opa_property,core,property,a,r,FOREIGN KEY (core_property_id) REFERENCES core.property(id) ON DELETE RESTRICT,335872,0,0,0,0,0,False
item_character_associations_item_header_id_fkey,dflow,item_character_associations,dflow,itemHeader,c,c,"FOREIGN KEY (item_header_id) REFERENCES dflow.""itemHeader""(item_id_pk) ON UPDATE CASCADE ON DELETE CASCADE",319488,0,0,0,0,0,True
item_character_associations_character_id_fkey,dflow,item_character_associations,dflow,properties_and_characters,c,r,FOREIGN KEY (character_id) REFERENCES dflow.properties_and_characters(id) ON UPDATE CASCADE ON DELETE RESTRICT,319488,0,0,0,0,0,True
nbcu_character_capture_id_fkey,plm,nbcu_character,plm,nbcu_capture,a,r,FOREIGN KEY (capture_id) REFERENCES plm.nbcu_capture(id) ON DELETE RESTRICT,278528,0,0,0,0,0,True
peanuts_style_guide_capture_fkey,plm,peanuts_style_guide,plm,peanuts_capture,a,r,FOREIGN KEY (capture_id) REFERENCES plm.peanuts_capture(id) ON DELETE RESTRICT,278528,0,0,0,0,0,True
nbcu_character_core_character_id_fkey,plm,nbcu_character,core,character,c,r,"FOREIGN KEY (core_character_id) REFERENCES core.""character""(id) ON UPDATE CASCADE ON DELETE RESTRICT",278528,0,0,0,0,0,True
nbcu_ip_family_property_property_fkey,plm,nbcu_ip_family_property,plm,nbcu_property,a,r,"FOREIGN KEY (capture_id, property_key) REFERENCES plm.nbcu_property(capture_id, property_key) ON DELETE RESTRICT",270336,0,0,0,0,0,True
nbcu_ip_family_property_family_fkey,plm,nbcu_ip_family_property,plm,nbcu_ip_family,a,r,"FOREIGN KEY (capture_id, ip_family_key) REFERENCES plm.nbcu_ip_family(capture_id, ip_family_key) ON DELETE RESTRICT",270336,0,0,0,0,0,True
property_licensor_id_fkey,core,property,core,licensor,a,r,FOREIGN KEY (licensor_id) REFERENCES core.licensor(id) ON DELETE RESTRICT,270336,0,0,0,0,0,True
customer_alias_customer_id_fkey,core,customer_alias,core,customer,a,c,FOREIGN KEY (customer_id) REFERENCES core.customer(id) ON DELETE CASCADE,262144,0,0,0,0,0,True
nbcu_property_character_property_fkey,plm,nbcu_property_character,plm,nbcu_property,a,r,"FOREIGN KEY (capture_id, property_key) REFERENCES plm.nbcu_property(capture_id, property_key) ON DELETE RESTRICT",253952,0,0,0,0,0,True
meeting_note_company_id_fkey,crm,meeting_note,core,customer,a,n,FOREIGN KEY (company_id) REFERENCES core.customer(id) ON DELETE SET NULL,253952,0,0,0,0,0,False
meeting_note_created_by_profile_id_fkey,crm,meeting_note,app,profile,a,n,FOREIGN KEY (created_by_profile_id) REFERENCES app.profile(id) ON DELETE SET NULL,253952,0,0,0,0,0,False
meeting_note_department_id_fkey,crm,meeting_note,crm,department,a,n,FOREIGN KEY (department_id) REFERENCES crm.department(id) ON DELETE SET NULL,253952,0,0,0,0,0,False
nbcu_property_character_character_fkey,plm,nbcu_property_character,plm,nbcu_character,a,r,"FOREIGN KEY (capture_id, character_key) REFERENCES plm.nbcu_character(capture_id, character_key) ON DELETE RESTRICT",253952,0,0,0,0,0,True
marvel_dcp_style_guide_core_style_guide_id_fkey,plm,marvel_dcp_style_guide,core,style_guide,a,r,FOREIGN KEY (core_style_guide_id) REFERENCES core.style_guide(id) ON DELETE RESTRICT,253952,0,0,0,0,0,False
marvel_dcp_style_guide_first_seen_crawl_id_fkey,plm,marvel_dcp_style_guide,plm,marvel_dcp_crawl,a,n,FOREIGN KEY (first_seen_crawl_id) REFERENCES plm.marvel_dcp_crawl(crawl_id) ON DELETE SET NULL,253952,0,0,0,0,0,False
marvel_dcp_style_guide_last_seen_crawl_id_fkey,plm,marvel_dcp_style_guide,plm,marvel_dcp_crawl,a,n,FOREIGN KEY (last_seen_crawl_id) REFERENCES plm.marvel_dcp_crawl(crawl_id) ON DELETE SET NULL,253952,0,0,0,0,0,False
meeting_note_opportunity_id_fkey,crm,meeting_note,crm,opportunity,a,n,FOREIGN KEY (opportunity_id) REFERENCES crm.opportunity(id) ON DELETE SET NULL,253952,0,0,0,0,0,False
meeting_note_contact_id_fkey,crm,meeting_note,core,contact,a,n,FOREIGN KEY (contact_id) REFERENCES core.contact(id) ON DELETE SET NULL,253952,0,0,0,0,0,False
creative_submission_property_resolution_memb_resolution_id_fkey,plm,creative_submission_property_resolution_member,plm,creative_submission_property_resolution,r,r,FOREIGN KEY (resolution_id) REFERENCES plm.creative_submission_property_resolution(resolution_id) ON UPDATE RESTRICT ON DELETE RESTRICT,237568,278,0,0,0,0,True
coke_asset_detail_value_capture_id_asset_id_fkey,plm,coke_asset_detail_value,plm,coke_asset,a,a,"FOREIGN KEY (capture_id, asset_id) REFERENCES plm.coke_asset(capture_id, asset_id)",229376,0,0,0,0,0,True
marvel_dcp_asset_tile_observation_crawl_section_id_fkey,plm,marvel_dcp_asset_tile_observation,plm,marvel_dcp_crawl_section,a,r,FOREIGN KEY (crawl_section_id) REFERENCES plm.marvel_dcp_crawl_section(id) ON DELETE RESTRICT,212992,0,0,0,0,0,True
properties_licensor_id_fkey,public,properties,public,licensors,a,c,FOREIGN KEY (licensor_id) REFERENCES licensors(id) ON DELETE CASCADE,212992,0,0,0,2,0,False
marvel_dcp_asset_tile_observation_crawl_id_fkey,plm,marvel_dcp_asset_tile_observation,plm,marvel_dcp_crawl,a,c,FOREIGN KEY (crawl_id) REFERENCES plm.marvel_dcp_crawl(crawl_id) ON DELETE CASCADE,212992,0,0,0,0,0,True
marvel_dcp_asset_tile_observation_portal_tile_id_fkey,plm,marvel_dcp_asset_tile_observation,plm,marvel_dcp_portal_tile,a,r,FOREIGN KEY (portal_tile_id) REFERENCES plm.marvel_dcp_portal_tile(id) ON DELETE RESTRICT,212992,0,0,0,0,0,True
marvel_dcp_asset_tile_observation_marvel_dcp_asset_id_fkey,plm,marvel_dcp_asset_tile_observation,plm,marvel_dcp_asset,a,r,FOREIGN KEY (marvel_dcp_asset_id) REFERENCES plm.marvel_dcp_asset(id) ON DELETE RESTRICT,212992,0,0,0,0,0,True
sessions_user_id_fkey,auth,sessions,auth,users,a,c,FOREIGN KEY (user_id) REFERENCES auth.users(id) ON DELETE CASCADE,204800,219,339,10,412,0,True
customer_import_company_id_fkey,plm,customer_import,core,customer,a,r,FOREIGN KEY (company_id) REFERENCES core.customer(id) ON DELETE RESTRICT,204800,0,0,0,0,0,True
sessions_oauth_client_id_fkey,auth,sessions,auth,oauth_clients,a,c,FOREIGN KEY (oauth_client_id) REFERENCES auth.oauth_clients(id) ON DELETE CASCADE,204800,219,339,10,0,0,True
marvel_dcp_asset_crawl_crawl_id_fkey,plm,marvel_dcp_asset_crawl,plm,marvel_dcp_crawl,a,c,FOREIGN KEY (crawl_id) REFERENCES plm.marvel_dcp_crawl(crawl_id) ON DELETE CASCADE,196608,0,0,0,0,0,True
marvel_dcp_asset_crawl_marvel_dcp_asset_id_fkey,plm,marvel_dcp_asset_crawl,plm,marvel_dcp_asset,a,r,FOREIGN KEY (marvel_dcp_asset_id) REFERENCES plm.marvel_dcp_asset(id) ON DELETE RESTRICT,196608,0,0,0,0,0,True
product_link_from_product_id_fkey,pim,product_link,pim,product,a,c,FOREIGN KEY (from_product_id) REFERENCES pim.product(id) ON DELETE CASCADE,188416,0,0,0,0,0,True
sample_movement_box_id_fk_fkey,dflow,sample_movement,dflow,sample_box,c,r,FOREIGN KEY (box_id_fk) REFERENCES dflow.sample_box(box_id_pk) ON UPDATE CASCADE ON DELETE RESTRICT,188416,0,0,0,0,0,True
sample_movement_reversal_of_movement_id_fkey,dflow,sample_movement,dflow,sample_movement,c,r,FOREIGN KEY (reversal_of_movement_id) REFERENCES dflow.sample_movement(movement_id) ON UPDATE CASCADE ON DELETE RESTRICT,188416,0,0,0,0,0,False
sample_movement_shipment_line_id_fkey,dflow,sample_movement,dflow,sample_shipment_line,c,r,FOREIGN KEY (shipment_line_id) REFERENCES dflow.sample_shipment_line(shipment_line_id) ON UPDATE CASCADE ON DELETE RESTRICT,188416,0,0,0,0,0,False
sample_movement_sample_id_fk_fkey,dflow,sample_movement,dflow,sample,c,r,FOREIGN KEY (sample_id_fk) REFERENCES dflow.sample(sample_id_pk) ON UPDATE CASCADE ON DELETE RESTRICT,188416,0,0,0,0,0,True
sample_movement_sample_shipment_id_fkey,dflow,sample_movement,dflow,sample_shipment,c,r,FOREIGN KEY (sample_shipment_id) REFERENCES dflow.sample_shipment(sample_shipment_id) ON UPDATE CASCADE ON DELETE RESTRICT,188416,0,0,0,0,0,False
product_link_to_product_id_fkey,pim,product_link,pim,product,a,c,FOREIGN KEY (to_product_id) REFERENCES pim.product(id) ON DELETE CASCADE,188416,0,0,0,0,0,True
pmt_property_capture_id_fkey,plm,pmt_property,plm,pmt_capture,a,r,FOREIGN KEY (capture_id) REFERENCES plm.pmt_capture(capture_id) ON DELETE RESTRICT,180224,0,0,0,0,0,True
pmt_property_core_property_id_fkey,plm,pmt_property,core,property,a,r,FOREIGN KEY (core_property_id) REFERENCES core.property(id) ON DELETE RESTRICT,180224,0,0,0,0,0,True
licensor_alias_licensor_id_fkey,core,licensor_alias,core,licensor,a,r,FOREIGN KEY (licensor_id) REFERENCES core.licensor(id) ON DELETE RESTRICT,180224,0,0,0,0,0,True
wwe_submission_capture_id_fkey,plm,wwe_submission,plm,wwe_submission_capture,a,r,FOREIGN KEY (capture_id) REFERENCES plm.wwe_submission_capture(id) ON DELETE RESTRICT,172032,48,0,0,1,0,True
peanuts_asset_animation_title_value_fkey,plm,peanuts_asset_animation_title,plm,peanuts_animation_title,a,r,"FOREIGN KEY (capture_id, animation_title_key) REFERENCES plm.peanuts_animation_title(capture_id, value_key) ON DELETE RESTRICT",172032,0,0,0,0,0,True
marvel_asgard_term_last_seen_capture_key_fkey,plm,marvel_asgard_term,plm,marvel_asgard_capture,a,a,FOREIGN KEY (last_seen_capture_key) REFERENCES plm.marvel_asgard_capture(capture_key),172032,0,0,0,0,0,False
marvel_asgard_term_first_seen_capture_key_fkey,plm,marvel_asgard_term,plm,marvel_asgard_capture,a,a,FOREIGN KEY (first_seen_capture_key) REFERENCES plm.marvel_asgard_capture(capture_key),172032,0,0,0,0,0,False
taxonomy_resolution_review_proposed_licensor_id_fkey,plm,taxonomy_resolution_review,core,licensor,a,n,FOREIGN KEY (proposed_licensor_id) REFERENCES core.licensor(id) ON DELETE SET NULL,172032,0,0,0,0,0,True
taxonomy_resolution_review_resolved_licensor_id_fkey,plm,taxonomy_resolution_review,core,licensor,a,r,FOREIGN KEY (resolved_licensor_id) REFERENCES core.licensor(id) ON DELETE RESTRICT,172032,0,0,0,0,0,True
taxonomy_resolution_review_proposed_property_id_fkey,plm,taxonomy_resolution_review,core,property,a,n,FOREIGN KEY (proposed_property_id) REFERENCES core.property(id) ON DELETE SET NULL,172032,0,0,0,0,0,True
taxonomy_resolution_review_resolved_property_id_fkey,plm,taxonomy_resolution_review,core,property,a,r,FOREIGN KEY (resolved_property_id) REFERENCES core.property(id) ON DELETE RESTRICT,172032,0,0,0,0,0,True
peanuts_asset_animation_title_asset_fkey,plm,peanuts_asset_animation_title,plm,peanuts_asset,a,r,"FOREIGN KEY (capture_id, source_object_id) REFERENCES plm.peanuts_asset(capture_id, source_object_id) ON DELETE RESTRICT",172032,0,0,0,0,0,True
plm_erp_property_header_semantic_fkey,plm,erp_property,plm,merch_group_header,a,r,"FOREIGN KEY (company_code, division_code, mg_type_code, mg_type_desc) REFERENCES plm.merch_group_header(company_code, division_code, mg_type_code, mg_type_desc) ON DELETE RESTRICT",163840,0,0,0,0,0,False
erp_property_property_id_fkey,plm,erp_property,core,property,a,n,FOREIGN KEY (property_id) REFERENCES core.property(id) ON DELETE SET NULL,163840,0,0,0,0,0,True
coke_vocabulary_value_capture_id_vocabulary_kind_parent_va_fkey,plm,coke_vocabulary_value,plm,coke_vocabulary_value,a,a,"FOREIGN KEY (capture_id, vocabulary_kind, parent_value_key) REFERENCES plm.coke_vocabulary_value(capture_id, vocabulary_kind, value_key) DEFERRABLE INITIALLY DEFERRED",163840,0,0,0,0,0,False
erp_property_last_sync_run_id_fkey,plm,erp_property,ingest,sync_run,a,n,FOREIGN KEY (last_sync_run_id) REFERENCES ingest.sync_run(id) ON DELETE SET NULL,163840,0,0,0,0,0,True
coke_vocabulary_value_capture_id_fkey,plm,coke_vocabulary_value,plm,coke_capture,a,a,FOREIGN KEY (capture_id) REFERENCES plm.coke_capture(id),163840,0,0,0,0,0,True
coke_tag_capture_id_fkey,plm,coke_tag,plm,coke_capture,a,a,FOREIGN KEY (capture_id) REFERENCES plm.coke_capture(id),163840,0,0,0,0,0,True
contract_property_capture_id_fkey,plm,contract_property,plm,contract_property_capture,a,r,FOREIGN KEY (capture_id) REFERENCES plm.contract_property_capture(id) ON DELETE RESTRICT,155648,309,0,0,0,0,True
lucasfilm_dcp_metadata_chunk_ledger_metadata_run_id_fkey,plm,lucasfilm_dcp_metadata_chunk_ledger,plm,lucasfilm_dcp_metadata_run,a,c,FOREIGN KEY (metadata_run_id) REFERENCES plm.lucasfilm_dcp_metadata_run(metadata_run_id) ON DELETE CASCADE,155648,0,0,0,0,0,True
peanuts_style_guide_art_program_value_fkey,plm,peanuts_style_guide_art_program,plm,peanuts_art_program,a,r,"FOREIGN KEY (capture_id, art_program_key) REFERENCES plm.peanuts_art_program(capture_id, value_key) ON DELETE RESTRICT",155648,0,0,0,0,0,False
peanuts_style_guide_art_program_guide_fkey,plm,peanuts_style_guide_art_program,plm,peanuts_style_guide,a,r,"FOREIGN KEY (capture_id, style_guide_key) REFERENCES plm.peanuts_style_guide(capture_id, value_key) ON DELETE RESTRICT",155648,0,0,0,0,0,True
pmt_property_character_character_fkey,plm,pmt_property_character,plm,pmt_character,a,r,"FOREIGN KEY (capture_id, character_source_id) REFERENCES plm.pmt_character(capture_id, character_source_id) ON DELETE RESTRICT",147456,0,0,0,0,0,True
pmt_property_character_capture_id_fkey,plm,pmt_property_character,plm,pmt_capture,a,r,FOREIGN KEY (capture_id) REFERENCES plm.pmt_capture(capture_id) ON DELETE RESTRICT,147456,0,0,0,0,0,True
marvel_asgard_style_guide_category_id_fkey,plm,marvel_asgard_style_guide,plm,marvel_asgard_guide_category,a,a,FOREIGN KEY (category_id) REFERENCES plm.marvel_asgard_guide_category(id),147456,0,0,0,0,0,False
marvel_asgard_style_guide_first_seen_capture_key_fkey,plm,marvel_asgard_style_guide,plm,marvel_asgard_capture,a,a,FOREIGN KEY (first_seen_capture_key) REFERENCES plm.marvel_asgard_capture(capture_key),147456,0,0,0,0,0,False
marvel_asgard_style_guide_last_seen_capture_key_fkey,plm,marvel_asgard_style_guide,plm,marvel_asgard_capture,a,a,FOREIGN KEY (last_seen_capture_key) REFERENCES plm.marvel_asgard_capture(capture_key),147456,0,0,0,0,0,False
product_submission_product_id_fkey,pim,product_submission,pim,product,a,c,FOREIGN KEY (product_id) REFERENCES pim.product(id) ON DELETE CASCADE,147456,0,0,0,0,0,False
product_submission_property_id_fkey,pim,product_submission,core,property,a,n,FOREIGN KEY (property_id) REFERENCES core.property(id) ON DELETE SET NULL,147456,0,0,0,0,0,False
style_tracker_value_resolution_updated_by_fkey,plm,style_tracker_value_resolution,auth,users,a,n,FOREIGN KEY (updated_by) REFERENCES auth.users(id) ON DELETE SET NULL,147456,0,0,0,412,0,False
pmt_property_character_property_fkey,plm,pmt_property_character,plm,pmt_property,a,r,"FOREIGN KEY (capture_id, property_source_id) REFERENCES plm.pmt_property(capture_id, property_source_id) ON DELETE RESTRICT",147456,0,0,0,0,0,True
pmt_character_capture_id_fkey,plm,pmt_character,plm,pmt_capture,a,r,FOREIGN KEY (capture_id) REFERENCES plm.pmt_capture(capture_id) ON DELETE RESTRICT,147456,0,0,0,0,0,True
pmt_character_core_character_id_fkey,plm,pmt_character,core,character,c,r,"FOREIGN KEY (core_character_id) REFERENCES core.""character""(id) ON UPDATE CASCADE ON DELETE RESTRICT",147456,0,0,0,0,0,True
product_submission_licensor_id_fkey,pim,product_submission,core,licensor,a,n,FOREIGN KEY (licensor_id) REFERENCES core.licensor(id) ON DELETE SET NULL,147456,0,0,0,0,0,False
pmt_pfe_franchise_fkey,plm,pmt_property_franchise_evidence,plm,pmt_franchise,a,r,"FOREIGN KEY (capture_id, franchise_source_id) REFERENCES plm.pmt_franchise(capture_id, franchise_source_id) ON DELETE RESTRICT",139264,0,0,0,0,0,True
identities_user_id_fkey,auth,identities,auth,users,a,c,FOREIGN KEY (user_id) REFERENCES auth.users(id) ON DELETE CASCADE,139264,1,10,0,412,0,True
pmt_property_franchise_evidence_capture_id_fkey,plm,pmt_property_franchise_evidence,plm,pmt_capture,a,r,FOREIGN KEY (capture_id) REFERENCES plm.pmt_capture(capture_id) ON DELETE RESTRICT,139264,0,0,0,0,0,True
pmt_pfe_property_fkey,plm,pmt_property_franchise_evidence,plm,pmt_property,a,r,"FOREIGN KEY (capture_id, property_source_id) REFERENCES plm.pmt_property(capture_id, property_source_id) ON DELETE RESTRICT",139264,0,0,0,0,0,True
marvel_dcp_portal_tile_first_seen_crawl_id_fkey,plm,marvel_dcp_portal_tile,plm,marvel_dcp_crawl,a,n,FOREIGN KEY (first_seen_crawl_id) REFERENCES plm.marvel_dcp_crawl(crawl_id) ON DELETE SET NULL,131072,0,0,0,0,0,False
wwe_character_evidence_submission_fkey,plm,wwe_character_evidence,plm,wwe_submission,a,r,"FOREIGN KEY (capture_id, submission_number) REFERENCES plm.wwe_submission(capture_id, submission_number) ON DELETE RESTRICT",131072,54,0,0,0,0,True
wwe_character_evidence_candidate_fkey,plm,wwe_character_evidence,plm,wwe_character_candidate,a,r,"FOREIGN KEY (capture_id, character_candidate_key) REFERENCES plm.wwe_character_candidate(capture_id, character_candidate_key) ON DELETE RESTRICT",131072,54,0,0,0,0,True
marvel_dcp_portal_tile_last_seen_crawl_id_fkey,plm,marvel_dcp_portal_tile,plm,marvel_dcp_crawl,a,n,FOREIGN KEY (last_seen_crawl_id) REFERENCES plm.marvel_dcp_crawl(crawl_id) ON DELETE SET NULL,131072,0,0,0,0,0,False
marvel_dcp_portal_tile_core_property_id_fkey,plm,marvel_dcp_portal_tile,core,property,a,r,FOREIGN KEY (core_property_id) REFERENCES core.property(id) ON DELETE RESTRICT,131072,0,0,0,0,0,False
plm_erp_licensor_header_semantic_fkey,plm,erp_licensor,plm,merch_group_header,a,r,"FOREIGN KEY (company_code, division_code, mg_type_code, mg_type_desc) REFERENCES plm.merch_group_header(company_code, division_code, mg_type_code, mg_type_desc) ON DELETE RESTRICT",131072,0,0,0,0,0,False
erp_licensor_licensor_id_fkey,plm,erp_licensor,core,licensor,a,n,FOREIGN KEY (licensor_id) REFERENCES core.licensor(id) ON DELETE SET NULL,131072,0,0,0,0,0,True
erp_licensor_last_sync_run_id_fkey,plm,erp_licensor,ingest,sync_run,a,n,FOREIGN KEY (last_sync_run_id) REFERENCES ingest.sync_run(id) ON DELETE SET NULL,131072,0,0,0,0,0,True
nbcu_scope_capture_id_fkey,plm,nbcu_scope,plm,nbcu_capture,a,r,FOREIGN KEY (capture_id) REFERENCES plm.nbcu_capture(id) ON DELETE RESTRICT,131072,0,0,0,0,0,True
sample_shipment_line_box_id_fk_fkey,dflow,sample_shipment_line,dflow,sample_box,c,r,FOREIGN KEY (box_id_fk) REFERENCES dflow.sample_box(box_id_pk) ON UPDATE CASCADE ON DELETE RESTRICT,131072,0,0,0,0,0,True
sample_shipment_line_sample_id_fk_fkey,dflow,sample_shipment_line,dflow,sample,c,r,FOREIGN KEY (sample_id_fk) REFERENCES dflow.sample(sample_id_pk) ON UPDATE CASCADE ON DELETE RESTRICT,131072,0,0,0,0,0,True
sample_shipment_line_sample_shipment_id_fkey,dflow,sample_shipment_line,dflow,sample_shipment,c,r,FOREIGN KEY (sample_shipment_id) REFERENCES dflow.sample_shipment(sample_shipment_id) ON UPDATE CASCADE ON DELETE RESTRICT,131072,0,0,0,0,0,True
dcp_opa_property_resolution_member_resolution_id_fkey,plm,dcp_opa_property_resolution_member,plm,dcp_opa_property_resolution,a,r,FOREIGN KEY (resolution_id) REFERENCES plm.dcp_opa_property_resolution(resolution_id) ON DELETE RESTRICT,131072,315,0,0,0,0,True
dcp_opa_property_resolution_member_licensed_property_id_fkey,plm,dcp_opa_property_resolution_member,plm,opa_property,a,r,FOREIGN KEY (licensed_property_id) REFERENCES plm.opa_property(licensed_property_id) ON DELETE RESTRICT,131072,315,0,0,0,0,False
marvel_dcp_character_first_seen_metadata_run_id_fkey,plm,marvel_dcp_character,plm,marvel_dcp_metadata_run,a,n,FOREIGN KEY (first_seen_metadata_run_id) REFERENCES plm.marvel_dcp_metadata_run(metadata_run_id) ON DELETE SET NULL,122880,0,0,0,0,0,False
marvel_dcp_character_last_seen_metadata_run_id_fkey,plm,marvel_dcp_character,plm,marvel_dcp_metadata_run,a,n,FOREIGN KEY (last_seen_metadata_run_id) REFERENCES plm.marvel_dcp_metadata_run(metadata_run_id) ON DELETE SET NULL,122880,0,0,0,0,0,False
mfa_amr_claims_session_id_fkey,auth,mfa_amr_claims,auth,sessions,a,c,FOREIGN KEY (session_id) REFERENCES auth.sessions(id) ON DELETE CASCADE,122880,38,0,10,339,10,True
artists_updated_by_fkey,dflow,artists,dflow,users,a,a,FOREIGN KEY (updated_by) REFERENCES dflow.users(id),122880,0,0,0,25,0,True
dcp_chunk_ledger_crawl_id_fkey,plm,dcp_chunk_ledger,plm,dcp_crawl,a,c,FOREIGN KEY (crawl_id) REFERENCES plm.dcp_crawl(crawl_id) ON DELETE CASCADE,122880,0,0,0,0,0,True
artists_divisioncode_id_fkey,dflow,artists,dflow,divisionCode,a,a,"FOREIGN KEY (divisioncode_id) REFERENCES dflow.""divisionCode""(""divCode_id"")",122880,0,0,0,0,0,True
artists_core_artist_id_fkey,dflow,artists,core,artist,c,r,FOREIGN KEY (core_artist_id) REFERENCES core.artist(id) ON UPDATE CASCADE ON DELETE RESTRICT,122880,0,0,0,0,0,True
artists_art_source_id_fkey,dflow,artists,dflow,merchGroup,a,a,"FOREIGN KEY (art_source_id) REFERENCES dflow.""merchGroup""(mg_id)",122880,0,0,0,0,0,True
artists_artist_type_id_fkey,dflow,artists,dflow,artist_types,a,a,FOREIGN KEY (artist_type_id) REFERENCES dflow.artist_types(id),122880,0,0,0,0,0,True
department_primary_contact_id_fkey,crm,department,core,contact,a,n,FOREIGN KEY (primary_contact_id) REFERENCES core.contact(id) ON DELETE SET NULL,122880,0,0,0,0,0,False
department_company_id_fkey,crm,department,core,customer,a,c,FOREIGN KEY (company_id) REFERENCES core.customer(id) ON DELETE CASCADE,122880,0,0,0,0,0,True
artists_created_by_fkey,dflow,artists,dflow,users,a,a,FOREIGN KEY (created_by) REFERENCES dflow.users(id),122880,0,0,0,25,0,True
artists_divisioncode_id_fkey,designflow_frozen_20260710,artists,plm,divisionCode,a,a,"FOREIGN KEY (divisioncode_id) REFERENCES plm.""divisionCode""(""divCode_id"")",114688,0,0,0,0,0,True
artists_created_by_fkey,designflow_frozen_20260710,artists,app,users,a,a,FOREIGN KEY (created_by) REFERENCES app.users(id),114688,0,0,0,0,0,True
artists_updated_by_fkey,designflow_frozen_20260710,artists,app,users,a,a,FOREIGN KEY (updated_by) REFERENCES app.users(id),114688,0,0,0,0,0,True
artists_art_source_id_fkey,designflow_frozen_20260710,artists,core,merchGroup,a,a,"FOREIGN KEY (art_source_id) REFERENCES core.""merchGroup""(mg_id)",114688,0,0,0,0,0,True
sample_factory_visit_sample_id_fk_fkey,dflow,sample_factory_visit,dflow,sample,c,r,FOREIGN KEY (sample_id_fk) REFERENCES dflow.sample(sample_id_pk) ON UPDATE CASCADE ON DELETE RESTRICT,114688,0,0,0,0,0,True
ai_tag_bakeoff_reviews_reviewed_by_fkey,public,ai_tag_bakeoff_reviews,auth,users,a,n,FOREIGN KEY (reviewed_by) REFERENCES auth.users(id) ON DELETE SET NULL,114688,0,0,0,412,0,False
one_time_tokens_user_id_fkey,auth,one_time_tokens,auth,users,a,c,FOREIGN KEY (user_id) REFERENCES auth.users(id) ON DELETE CASCADE,114688,0,0,0,412,0,True
sega_style_guide_candidate_catalog_fkey,plm,sega_style_guide_candidate,plm,sega_catalog,a,r,"FOREIGN KEY (capture_id, catalog_source_id) REFERENCES plm.sega_catalog(capture_id, catalog_source_id) ON DELETE RESTRICT",114688,0,0,0,0,0,True
pmt_authorized_title_capture_id_fkey,plm,pmt_authorized_title,plm,pmt_capture,a,r,FOREIGN KEY (capture_id) REFERENCES plm.pmt_capture(capture_id) ON DELETE RESTRICT,114688,0,0,0,0,0,True
art_types_updated_by_fkey,core,art_types,app,users,a,a,FOREIGN KEY (updated_by) REFERENCES app.users(id),114688,0,0,0,0,0,True
art_types_created_by_fkey,core,art_types,app,users,a,a,FOREIGN KEY (created_by) REFERENCES app.users(id),114688,0,0,0,0,0,True
art_types_divisioncode_id_fkey,core,art_types,plm,divisionCode,a,a,"FOREIGN KEY (divisioncode_id) REFERENCES plm.""divisionCode""(""divCode_id"")",114688,0,0,0,0,0,True
art_types_divisioncode_id_fkey,dflow,art_types,dflow,divisionCode,a,a,"FOREIGN KEY (divisioncode_id) REFERENCES dflow.""divisionCode""(""divCode_id"")",114688,0,0,0,0,0,True
art_types_updated_by_fkey,dflow,art_types,dflow,users,a,a,FOREIGN KEY (updated_by) REFERENCES dflow.users(id),114688,0,0,0,25,0,True
art_types_created_by_fkey,dflow,art_types,dflow,users,a,a,FOREIGN KEY (created_by) REFERENCES dflow.users(id),114688,0,0,0,25,0,True
ai_tag_bakeoff_reviews_run_id_fkey,public,ai_tag_bakeoff_reviews,public,ai_tag_bakeoff_runs,a,c,FOREIGN KEY (run_id) REFERENCES ai_tag_bakeoff_runs(id) ON DELETE CASCADE,114688,0,0,0,0,0,True
ai_tag_bakeoff_reviews_asset_id_fkey,public,ai_tag_bakeoff_reviews,public,assets,a,c,FOREIGN KEY (asset_id) REFERENCES assets(id) ON DELETE CASCADE,114688,0,0,0,1478880,0,False
sample_factory_visit_factory_id_fkey,dflow,sample_factory_visit,dflow,Factory,c,r,"FOREIGN KEY (factory_id) REFERENCES dflow.""Factory""(id) ON UPDATE CASCADE ON DELETE RESTRICT",114688,0,0,0,0,0,True
sample_factory_visit_return_shipment_id_fkey,dflow,sample_factory_visit,dflow,sample_shipment,c,r,FOREIGN KEY (return_shipment_id) REFERENCES dflow.sample_shipment(sample_shipment_id) ON UPDATE CASCADE ON DELETE RESTRICT,114688,0,0,0,0,0,False
sample_factory_visit_outbound_shipment_id_fkey,dflow,sample_factory_visit,dflow,sample_shipment,c,r,FOREIGN KEY (outbound_shipment_id) REFERENCES dflow.sample_shipment(sample_shipment_id) ON UPDATE CASCADE ON DELETE RESTRICT,114688,0,0,0,0,0,False
artists_artist_type_id_fkey,designflow_frozen_20260710,artists,core,artist_types,a,a,FOREIGN KEY (artist_type_id) REFERENCES core.artist_types(id),114688,0,0,0,0,0,True
factory_alias_factory_id_fkey,core,factory_alias,core,factory,a,c,FOREIGN KEY (factory_id) REFERENCES core.factory(id) ON DELETE CASCADE,106496,0,0,0,0,0,True
coke_sku_capture_id_fkey,plm,coke_sku,plm,coke_capture,a,a,FOREIGN KEY (capture_id) REFERENCES plm.coke_capture(id),106496,0,0,0,0,0,True
licensor_import_licensor_id_fkey,plm,licensor_import,core,licensor,a,r,FOREIGN KEY (licensor_id) REFERENCES core.licensor(id) ON DELETE RESTRICT,106496,0,0,0,0,0,True
RolePermissions_RoleId_fkey,app,RolePermissions,designflow_frozen_20260710,Roles,a,a,"FOREIGN KEY (""RoleId"") REFERENCES designflow_frozen_20260710.""Roles""(""Id"")",106496,0,0,0,0,0,True
pmt_authorized_title_property_capture_id_fkey,plm,pmt_authorized_title_property,plm,pmt_capture,a,r,FOREIGN KEY (capture_id) REFERENCES plm.pmt_capture(capture_id) ON DELETE RESTRICT,106496,0,0,0,0,0,True
product_depth_source_ref_product_depth_id_fkey,core,product_depth_source_ref,core,product_depth,a,c,FOREIGN KEY (product_depth_id) REFERENCES core.product_depth(id) ON DELETE CASCADE,106496,0,0,0,0,0,True
pmt_authorized_title_property_property_fkey,plm,pmt_authorized_title_property,plm,pmt_property,a,r,"FOREIGN KEY (capture_id, property_source_id) REFERENCES plm.pmt_property(capture_id, property_source_id) ON DELETE RESTRICT",106496,0,0,0,0,0,True
pmt_authorized_title_property_title_fkey,plm,pmt_authorized_title_property,plm,pmt_authorized_title,a,r,"FOREIGN KEY (capture_id, authorized_title_key) REFERENCES plm.pmt_authorized_title(capture_id, authorized_title_key) ON DELETE RESTRICT",106496,0,0,0,0,0,True
RolePermissions_UserId_fkey,app,RolePermissions,app,users,a,a,"FOREIGN KEY (""UserId"") REFERENCES app.users(id)",106496,0,0,0,0,0,True
RolePermissions_ElementId_fkey,app,RolePermissions,app,UIElements,a,a,"FOREIGN KEY (""ElementId"") REFERENCES app.""UIElements""(""Id"")",106496,0,0,0,0,0,True
RolePermissions_ElementId_fkey,dflow,RolePermissions,dflow,UIElements,a,a,"FOREIGN KEY (""ElementId"") REFERENCES dflow.""UIElements""(""Id"")",106496,0,0,0,0,0,True
RolePermissions_RoleId_fkey,dflow,RolePermissions,dflow,Roles,a,a,"FOREIGN KEY (""RoleId"") REFERENCES dflow.""Roles""(""Id"")",106496,0,0,0,0,0,True
RolePermissions_UserId_fkey,dflow,RolePermissions,dflow,users,a,a,"FOREIGN KEY (""UserId"") REFERENCES dflow.users(id)",106496,0,0,0,25,0,True
coke_asset_property_option_capture_id_fkey,plm,coke_asset_property_option,plm,coke_capture,a,a,FOREIGN KEY (capture_id) REFERENCES plm.coke_capture(id),106496,0,0,0,0,0,True
marvel_dcp_metadata_run_source_crawl_id_fkey,plm,marvel_dcp_metadata_run,plm,marvel_dcp_crawl,a,r,FOREIGN KEY (source_crawl_id) REFERENCES plm.marvel_dcp_crawl(crawl_id) ON DELETE RESTRICT,98304,0,0,0,0,0,True
dcp_metadata_run_source_crawl_id_fkey,plm,dcp_metadata_run,plm,dcp_crawl,a,r,FOREIGN KEY (source_crawl_id) REFERENCES plm.dcp_crawl(crawl_id) ON DELETE RESTRICT,98304,0,0,0,0,0,True
fk_rfqItem_copied_from,dflow_prod,RFQItem,dflow_prod,RFQItem,a,n,"FOREIGN KEY (""rfqItem_copied_from_id"") REFERENCES dflow_prod.""RFQItem""(""rfqItem_id"") ON DELETE SET NULL",98304,0,0,0,0,0,True
sega_style_guide_property_inferred_candidate_fkey,plm,sega_style_guide_property_inferred,plm,sega_style_guide_candidate,a,r,"FOREIGN KEY (capture_id, catalog_source_id) REFERENCES plm.sega_style_guide_candidate(capture_id, catalog_source_id) ON DELETE RESTRICT",98304,0,0,0,0,0,True
sega_style_guide_property_inferred_property_fkey,plm,sega_style_guide_property_inferred,plm,sega_property,a,r,"FOREIGN KEY (capture_id, property_source_id) REFERENCES plm.sega_property(capture_id, property_source_id) ON DELETE RESTRICT",98304,0,0,0,0,0,True
sega_style_guide_property_inferred_catalog_fkey,plm,sega_style_guide_property_inferred,plm,sega_catalog,a,r,"FOREIGN KEY (capture_id, evidence_catalog_source_id) REFERENCES plm.sega_catalog(capture_id, catalog_source_id) ON DELETE RESTRICT",98304,0,0,0,0,0,True
coke_manufacturer_profile_capture_id_approval_route_id_fkey,plm,coke_manufacturer_profile,plm,coke_approval_item,a,a,"FOREIGN KEY (capture_id, approval_route_id) REFERENCES plm.coke_approval_item(capture_id, approval_route_id)",98304,0,0,0,0,0,True
lucasfilm_dcp_metadata_run_source_crawl_id_fkey,plm,lucasfilm_dcp_metadata_run,plm,lucasfilm_dcp_crawl,a,r,FOREIGN KEY (source_crawl_id) REFERENCES plm.lucasfilm_dcp_crawl(crawl_id) ON DELETE RESTRICT,98304,0,0,0,0,0,True
sample_piece_lineage_sample_id_fk_fkey,dflow,sample_piece_lineage,dflow,sample,c,r,FOREIGN KEY (sample_id_fk) REFERENCES dflow.sample(sample_id_pk) ON UPDATE CASCADE ON DELETE RESTRICT,98304,0,0,0,0,0,True
sample_box_id_fk_fkey,dflow,sample,dflow,sample_box,c,n,FOREIGN KEY (box_id_fk) REFERENCES dflow.sample_box(box_id_pk) ON UPDATE CASCADE ON DELETE SET NULL,98304,0,0,0,0,0,True
objects_bucketId_fkey,storage,objects,storage,buckets,a,a,FOREIGN KEY (bucket_id) REFERENCES storage.buckets(id),98304,0,0,0,0,0,True
wwe_style_guide_page_guide_fkey,plm,wwe_style_guide_page,plm,wwe_style_guide,a,r,"FOREIGN KEY (capture_id, guideline_source_id) REFERENCES plm.wwe_style_guide(capture_id, guideline_source_id) ON DELETE RESTRICT",98304,226,0,0,0,0,True
sample_factory_group_id_fk_fkey,dflow,sample,dflow,sample_factory_group,c,n,FOREIGN KEY (factory_group_id_fk) REFERENCES dflow.sample_factory_group(factory_group_id_pk) ON UPDATE CASCADE ON DELETE SET NULL,98304,0,0,0,0,0,False
sample_piece_lineage_parent_sample_id_fk_fkey,dflow,sample_piece_lineage,dflow,sample,c,r,FOREIGN KEY (parent_sample_id_fk) REFERENCES dflow.sample(sample_id_pk) ON UPDATE CASCADE ON DELETE RESTRICT,98304,0,0,0,0,0,True
sample_piece_lineage_root_sample_id_fk_fkey,dflow,sample_piece_lineage,dflow,sample,c,r,FOREIGN KEY (root_sample_id_fk) REFERENCES dflow.sample(sample_id_pk) ON UPDATE CASCADE ON DELETE RESTRICT,98304,0,0,0,0,0,True
wildbrain_guide_capture_id_fkey,plm,wildbrain_guide,plm,wildbrain_capture,a,r,FOREIGN KEY (capture_id) REFERENCES plm.wildbrain_capture(id) ON DELETE RESTRICT,90112,0,0,0,0,0,True
dcp_crawl_complete_baseline_fk,plm,dcp_crawl,plm,dcp_crawl,r,r,"FOREIGN KEY (baseline_crawl_id, baseline_required_status) REFERENCES plm.dcp_crawl(crawl_id, status) ON UPDATE RESTRICT ON DELETE RESTRICT",90112,0,0,0,0,0,False
dcp_crawl_baseline_crawl_id_fkey,plm,dcp_crawl,plm,dcp_crawl,a,r,FOREIGN KEY (baseline_crawl_id) REFERENCES plm.dcp_crawl(crawl_id) ON DELETE RESTRICT,90112,0,0,0,0,0,True
product_material_product_subtype_id_fkey,core,product_material,core,product_subtype,a,n,FOREIGN KEY (product_subtype_id) REFERENCES core.product_subtype(id) ON DELETE SET NULL,90112,0,0,0,0,0,True
peanuts_character_capture_fkey,plm,peanuts_character,plm,peanuts_capture,a,r,FOREIGN KEY (capture_id) REFERENCES plm.peanuts_capture(id) ON DELETE RESTRICT,90112,0,0,0,0,0,True
product_material_product_type_id_fkey,core,product_material,core,product_type,a,n,FOREIGN KEY (product_type_id) REFERENCES core.product_type(id) ON DELETE SET NULL,90112,0,0,0,0,0,True
pmt_pcl_property_fkey,plm,pmt_property_capture_log,plm,pmt_property,a,r,"FOREIGN KEY (capture_id, property_source_id) REFERENCES plm.pmt_property(capture_id, property_source_id) ON DELETE RESTRICT",90112,0,0,0,0,0,True
pmt_property_capture_log_capture_id_fkey,plm,pmt_property_capture_log,plm,pmt_capture,a,r,FOREIGN KEY (capture_id) REFERENCES plm.pmt_capture(capture_id) ON DELETE RESTRICT,90112,0,0,0,0,0,True
pmt_franchise_capture_id_fkey,plm,pmt_franchise,plm,pmt_capture,a,r,FOREIGN KEY (capture_id) REFERENCES plm.pmt_capture(capture_id) ON DELETE RESTRICT,90112,0,0,0,0,0,True
merch_group_header_last_sync_run_id_fkey,plm,merch_group_header,ingest,sync_run,a,n,FOREIGN KEY (last_sync_run_id) REFERENCES ingest.sync_run(id) ON DELETE SET NULL,81920,0,0,0,0,0,True
wwe_product_entitlement_capture_id_fkey,plm,wwe_product_entitlement,plm,wwe_submission_capture,a,r,FOREIGN KEY (capture_id) REFERENCES plm.wwe_submission_capture(id) ON DELETE RESTRICT,81920,10,0,0,1,0,True
wwe_product_entitlement_contract_fkey,plm,wwe_product_entitlement,plm,wwe_contract,a,r,"FOREIGN KEY (capture_id, contract_source_id) REFERENCES plm.wwe_contract(capture_id, contract_source_id) ON DELETE RESTRICT",81920,10,0,0,0,0,True
wwe_product_entitlement_property_fkey,plm,wwe_product_entitlement,plm,wwe_property,a,r,"FOREIGN KEY (capture_id, property_source_id) REFERENCES plm.wwe_property(capture_id, property_source_id) ON DELETE RESTRICT",81920,10,0,0,0,0,True
wildbrain_character_capture_id_fkey,plm,wildbrain_character,plm,wildbrain_capture,a,r,FOREIGN KEY (capture_id) REFERENCES plm.wildbrain_capture(id) ON DELETE RESTRICT,81920,0,0,0,0,0,True
artist_types_updated_by_fkey,dflow,artist_types,dflow,users,a,a,FOREIGN KEY (updated_by) REFERENCES dflow.users(id),81920,0,0,0,25,0,True
pmt_relationship_anomaly_capture_id_fkey,plm,pmt_relationship_anomaly,plm,pmt_capture,a,r,FOREIGN KEY (capture_id) REFERENCES plm.pmt_capture(capture_id) ON DELETE RESTRICT,81920,0,0,0,0,0,True
artist_types_created_by_fkey,core,artist_types,app,users,a,a,FOREIGN KEY (created_by) REFERENCES app.users(id),81920,0,0,0,0,0,True
wwe_property_capture_id_fkey,plm,wwe_property,plm,wwe_submission_capture,a,r,FOREIGN KEY (capture_id) REFERENCES plm.wwe_submission_capture(id) ON DELETE RESTRICT,81920,1,0,0,1,0,True
lucasfilm_dcp_crawl_section_crawl_id_fkey,plm,lucasfilm_dcp_crawl_section,plm,lucasfilm_dcp_crawl,a,c,FOREIGN KEY (crawl_id) REFERENCES plm.lucasfilm_dcp_crawl(crawl_id) ON DELETE CASCADE,81920,0,0,0,0,0,True
wwe_submission_image_submission_fkey,plm,wwe_submission_image,plm,wwe_submission,a,r,"FOREIGN KEY (capture_id, submission_number) REFERENCES plm.wwe_submission(capture_id, submission_number) ON DELETE RESTRICT",81920,76,0,0,0,0,True
taxonomy_sync_alert_observation_id_fkey,plm,taxonomy_sync_alert,plm,taxonomy_parallel_observation,a,n,FOREIGN KEY (observation_id) REFERENCES plm.taxonomy_parallel_observation(id) ON DELETE SET NULL,81920,0,1,0,0,0,True
taxonomy_sync_alert_related_run_id_fkey,plm,taxonomy_sync_alert,ingest,sync_run,a,n,FOREIGN KEY (related_run_id) REFERENCES ingest.sync_run(id) ON DELETE SET NULL,81920,0,1,0,0,0,False
artist_types_updated_by_fkey,core,artist_types,app,users,a,a,FOREIGN KEY (updated_by) REFERENCES app.users(id),81920,0,0,0,0,0,True
marvel_dcp_crawl_section_crawl_id_fkey,plm,marvel_dcp_crawl_section,plm,marvel_dcp_crawl,a,c,FOREIGN KEY (crawl_id) REFERENCES plm.marvel_dcp_crawl(crawl_id) ON DELETE CASCADE,81920,0,0,0,0,0,True
sample_inventory_balance_sample_id_fk_fkey,dflow,sample_inventory_balance,dflow,sample,c,r,FOREIGN KEY (sample_id_fk) REFERENCES dflow.sample(sample_id_pk) ON UPDATE CASCADE ON DELETE RESTRICT,81920,0,0,0,0,0,True
lucasfilm_dcp_crawl_section_portal_tile_id_fkey,plm,lucasfilm_dcp_crawl_section,plm,lucasfilm_dcp_portal_tile,a,r,FOREIGN KEY (portal_tile_id) REFERENCES plm.lucasfilm_dcp_portal_tile(id) ON DELETE RESTRICT,81920,0,0,0,0,0,False
dcp_crawl_section_portal_tile_id_fkey,plm,dcp_crawl_section,plm,dcp_portal_tile,a,r,FOREIGN KEY (portal_tile_id) REFERENCES plm.dcp_portal_tile(id) ON DELETE RESTRICT,81920,0,0,0,0,0,False
dcp_crawl_section_crawl_id_fkey,plm,dcp_crawl_section,plm,dcp_crawl,a,c,FOREIGN KEY (crawl_id) REFERENCES plm.dcp_crawl(crawl_id) ON DELETE CASCADE,81920,0,0,0,0,0,True
marvel_dcp_crawl_section_portal_tile_id_fkey,plm,marvel_dcp_crawl_section,plm,marvel_dcp_portal_tile,a,r,FOREIGN KEY (portal_tile_id) REFERENCES plm.marvel_dcp_portal_tile(id) ON DELETE RESTRICT,81920,0,0,0,0,0,False
coke_approval_stage_snapshot_capture_id_approval_route_id_fkey,plm,coke_approval_stage_snapshot,plm,coke_approval_item,a,a,"FOREIGN KEY (capture_id, approval_route_id) REFERENCES plm.coke_approval_item(capture_id, approval_route_id)",81920,0,0,0,0,0,True
contract_property_document_capture_id_fkey,plm,contract_property_document,plm,contract_property_capture,a,r,FOREIGN KEY (capture_id) REFERENCES plm.contract_property_capture(id) ON DELETE RESTRICT,81920,39,0,0,0,0,True
artist_types_created_by_fkey,dflow,artist_types,dflow,users,a,a,FOREIGN KEY (created_by) REFERENCES dflow.users(id),81920,0,0,0,25,0,True
pmt_relationship_anomaly_asset_fkey,plm,pmt_relationship_anomaly,plm,pmt_asset,a,r,"FOREIGN KEY (capture_id, asset_id) REFERENCES plm.pmt_asset(capture_id, asset_id) ON DELETE RESTRICT",81920,0,0,0,0,0,True
nbcu_ip_family_capture_id_fkey,plm,nbcu_ip_family,plm,nbcu_capture,a,r,FOREIGN KEY (capture_id) REFERENCES plm.nbcu_capture(id) ON DELETE RESTRICT,81920,0,0,0,0,0,True
peanuts_metadata_field_capture_fkey,plm,peanuts_metadata_field,plm,peanuts_capture,a,r,FOREIGN KEY (capture_id) REFERENCES plm.peanuts_capture(id) ON DELETE RESTRICT,81920,0,0,0,0,0,True
wwe_property_parent_fkey,plm,wwe_property,plm,wwe_property,a,r,"FOREIGN KEY (capture_id, parent_property_source_id) REFERENCES plm.wwe_property(capture_id, property_source_id) ON DELETE RESTRICT DEFERRABLE INITIALLY DEFERRED",81920,1,0,0,0,0,True
peanuts_asset_type_capture_fkey,plm,peanuts_asset_type,plm,peanuts_capture,a,r,FOREIGN KEY (capture_id) REFERENCES plm.peanuts_capture(id) ON DELETE RESTRICT,81920,0,0,0,0,0,True
wwe_submission_stage_submission_fkey,plm,wwe_submission_stage,plm,wwe_submission,a,r,"FOREIGN KEY (capture_id, submission_number) REFERENCES plm.wwe_submission(capture_id, submission_number) ON DELETE RESTRICT",81920,121,0,0,0,0,True
sample_shipment_item_box_id_fk_fkey,dflow,sample_shipment_item,dflow,sample_box,c,n,FOREIGN KEY (box_id_fk) REFERENCES dflow.sample_box(box_id_pk) ON UPDATE CASCADE ON DELETE SET NULL,73728,0,0,0,0,0,True
sample_shipment_item_sample_id_fk_fkey,dflow,sample_shipment_item,dflow,sample,c,c,FOREIGN KEY (sample_id_fk) REFERENCES dflow.sample(sample_id_pk) ON UPDATE CASCADE ON DELETE CASCADE,73728,0,0,0,0,0,True
app_access_user_id_fkey,public,app_access,public,profiles,a,c,FOREIGN KEY (user_id) REFERENCES profiles(user_id) ON DELETE CASCADE,73728,1,0,0,0,0,True
wb_franchise_capture_id_capture_chunk_fkey,plm,wb_franchise,plm,wb_capture,a,r,"FOREIGN KEY (capture_id, capture_chunk) REFERENCES plm.wb_capture(capture_id, chunk_number) ON DELETE RESTRICT",73728,0,0,0,0,0,False
users_app_profile_id_fkey,dflow,users,app,profile,c,r,FOREIGN KEY (app_profile_id) REFERENCES app.profile(id) ON UPDATE CASCADE ON DELETE RESTRICT,73728,0,25,0,0,0,True
sega_tag_capture_fkey,plm,sega_tag,plm,sega_capture,a,r,FOREIGN KEY (capture_id) REFERENCES plm.sega_capture(id) ON DELETE RESTRICT,73728,0,0,0,0,0,True
pmt_capture_expectation_capture_id_fkey,plm,pmt_capture_expectation,plm,pmt_capture,a,r,FOREIGN KEY (capture_id) REFERENCES plm.pmt_capture(capture_id) ON DELETE RESTRICT,73728,0,0,0,0,0,True
wwe_style_guide_property_inferred_guide_fkey,plm,wwe_style_guide_property_inferred,plm,wwe_style_guide,a,r,"FOREIGN KEY (capture_id, guideline_source_id) REFERENCES plm.wwe_style_guide(capture_id, guideline_source_id) ON DELETE RESTRICT",65536,26,0,0,0,0,True
wildbrain_guide_alias_capture_id_fkey,plm,wildbrain_guide_alias,plm,wildbrain_capture,a,r,FOREIGN KEY (capture_id) REFERENCES plm.wildbrain_capture(id) ON DELETE RESTRICT,65536,0,0,0,0,0,True
mg_category_merch_group_mg_category_id_fkey,core,mg_category_merch_group,core,mg_category,a,r,FOREIGN KEY (mg_category_id) REFERENCES core.mg_category(id) ON DELETE RESTRICT,65536,0,0,0,0,0,True
sample_approval_event_sample_attachment_id_fkey,dflow,sample_approval_event,dflow,sample_attachment,c,r,FOREIGN KEY (sample_attachment_id) REFERENCES dflow.sample_attachment(sample_attachment_id) ON UPDATE CASCADE ON DELETE RESTRICT,65536,0,0,0,0,0,False
sample_factory_visit_event_to_factory_id_fkey,dflow,sample_factory_visit_event,dflow,Factory,c,r,"FOREIGN KEY (to_factory_id) REFERENCES dflow.""Factory""(id) ON UPDATE CASCADE ON DELETE RESTRICT",65536,0,0,0,0,0,False
sample_factory_visit_event_sample_shipment_id_fkey,dflow,sample_factory_visit_event,dflow,sample_shipment,c,r,FOREIGN KEY (sample_shipment_id) REFERENCES dflow.sample_shipment(sample_shipment_id) ON UPDATE CASCADE ON DELETE RESTRICT,65536,0,0,0,0,0,False
sample_approval_event_sample_id_fk_fkey,dflow,sample_approval_event,dflow,sample,c,r,FOREIGN KEY (sample_id_fk) REFERENCES dflow.sample(sample_id_pk) ON UPDATE CASCADE ON DELETE RESTRICT,65536,0,0,0,0,0,True
mg_category_merch_group_merch_group_mg_id_fkey,core,mg_category_merch_group,core,merchGroup,a,c,"FOREIGN KEY (merch_group_mg_id) REFERENCES core.""merchGroup""(mg_id) ON DELETE CASCADE",65536,0,0,0,0,0,True
sample_factory_visit_event_sample_factory_visit_id_fkey,dflow,sample_factory_visit_event,dflow,sample_factory_visit,c,r,FOREIGN KEY (sample_factory_visit_id) REFERENCES dflow.sample_factory_visit(sample_factory_visit_id) ON UPDATE CASCADE ON DELETE RESTRICT,65536,0,0,0,0,0,True
wwe_character_property_inferred_candidate_fkey,plm,wwe_character_property_inferred,plm,wwe_character_candidate,a,r,"FOREIGN KEY (capture_id, character_candidate_key) REFERENCES plm.wwe_character_candidate(capture_id, character_candidate_key) ON DELETE RESTRICT",65536,11,0,0,0,0,True
ai_tag_bakeoff_runs_created_by_fkey,public,ai_tag_bakeoff_runs,auth,users,a,n,FOREIGN KEY (created_by) REFERENCES auth.users(id) ON DELETE SET NULL,65536,0,0,0,412,0,False
sample_reservation_sample_remote_request_item_id_fkey,dflow,sample_reservation,dflow,sample_remote_request_item,c,r,FOREIGN KEY (sample_remote_request_item_id) REFERENCES dflow.sample_remote_request_item(sample_remote_request_item_id) ON UPDATE CASCADE ON DELETE RESTRICT,65536,0,0,0,0,0,False
wwe_submission_ip_submission_fkey,plm,wwe_submission_ip,plm,wwe_submission,a,r,"FOREIGN KEY (capture_id, submission_number) REFERENCES plm.wwe_submission(capture_id, submission_number) ON DELETE RESTRICT",65536,54,0,0,0,0,True
itemLicenseImage_itemheader_id_fk_fkey,plm,itemLicenseImage,plm,itemHeader,a,c,"FOREIGN KEY (itemheader_id_fk) REFERENCES plm.""itemHeader""(item_id_pk) ON DELETE CASCADE",65536,0,0,0,0,0,True
helper_tokens_checkout_id_fkey,public,helper_tokens,public,asset_checkouts,a,n,FOREIGN KEY (checkout_id) REFERENCES asset_checkouts(id) ON DELETE SET NULL,65536,0,0,0,0,0,False
helper_tokens_asset_id_fkey,public,helper_tokens,public,assets,a,c,FOREIGN KEY (asset_id) REFERENCES assets(id) ON DELETE CASCADE,65536,0,0,0,1478880,0,False
helper_tokens_user_id_fkey,public,helper_tokens,auth,users,a,c,FOREIGN KEY (user_id) REFERENCES auth.users(id) ON DELETE CASCADE,65536,0,0,0,412,0,False
itemLicenseImage_itemheader_id_fk_fkey,dflow,itemLicenseImage,dflow,itemHeader,a,c,"FOREIGN KEY (itemheader_id_fk) REFERENCES dflow.""itemHeader""(item_id_pk) ON DELETE CASCADE",65536,0,0,0,0,0,True
sample_reservation_packed_box_id_fkey,dflow,sample_reservation,dflow,sample_box,c,r,FOREIGN KEY (packed_box_id) REFERENCES dflow.sample_box(box_id_pk) ON UPDATE CASCADE ON DELETE RESTRICT,65536,0,0,0,0,0,False
helper_devices_user_id_fkey,public,helper_devices,auth,users,a,c,FOREIGN KEY (user_id) REFERENCES auth.users(id) ON DELETE CASCADE,65536,0,0,0,412,0,False
style_guide_parent_style_guide_id_fkey,core,style_guide,core,style_guide,a,n,FOREIGN KEY (parent_style_guide_id) REFERENCES core.style_guide(id) ON DELETE SET NULL,65536,0,0,0,0,0,True
wwe_style_guide_brand_fkey,plm,wwe_style_guide,plm,wwe_creative_brand,a,r,"FOREIGN KEY (capture_id, brand_source_id) REFERENCES plm.wwe_creative_brand(capture_id, brand_source_id) ON DELETE RESTRICT",65536,26,0,0,0,0,True
pmt_shrink_override_compared_capture_id_fkey,plm,pmt_shrink_override,plm,pmt_capture,a,r,FOREIGN KEY (compared_capture_id) REFERENCES plm.pmt_capture(capture_id) ON DELETE RESTRICT,65536,0,0,0,0,0,False
pmt_shrink_override_capture_id_fkey,plm,pmt_shrink_override,plm,pmt_capture,a,r,FOREIGN KEY (capture_id) REFERENCES plm.pmt_capture(capture_id) ON DELETE RESTRICT,65536,0,0,0,0,0,True
wildbrain_era_capture_id_fkey,plm,wildbrain_era,plm,wildbrain_capture,a,r,FOREIGN KEY (capture_id) REFERENCES plm.wildbrain_capture(id) ON DELETE RESTRICT,65536,0,0,0,0,0,True
wildbrain_era_parent_fk,plm,wildbrain_era,plm,wildbrain_era,a,r,"FOREIGN KEY (capture_id, parent_era_source_id) REFERENCES plm.wildbrain_era(capture_id, era_source_id) ON DELETE RESTRICT DEFERRABLE INITIALLY DEFERRED",65536,0,0,0,0,0,False
wwe_asset_library_brand_fkey,plm,wwe_asset_library,plm,wwe_creative_brand,a,r,"FOREIGN KEY (capture_id, brand_source_id) REFERENCES plm.wwe_creative_brand(capture_id, brand_source_id) ON DELETE RESTRICT",65536,2,0,0,0,0,True
sample_reservation_sample_id_fk_fkey,dflow,sample_reservation,dflow,sample,c,r,FOREIGN KEY (sample_id_fk) REFERENCES dflow.sample(sample_id_pk) ON UPDATE CASCADE ON DELETE RESTRICT,65536,0,0,0,0,0,False
sample_reservation_packed_shipment_line_id_fkey,dflow,sample_reservation,dflow,sample_shipment_line,c,r,FOREIGN KEY (packed_shipment_line_id) REFERENCES dflow.sample_shipment_line(shipment_line_id) ON UPDATE CASCADE ON DELETE RESTRICT,65536,0,0,0,0,0,False
sample_box_owner_factory_fkey,dflow,sample_box,dflow,vendor,c,r,FOREIGN KEY (owner_factory_id_fk) REFERENCES dflow.vendor(vendor_id) ON UPDATE CASCADE ON DELETE RESTRICT NOT VALID,65536,0,0,0,0,0,True
style_guide_licensor_id_fkey,core,style_guide,core,licensor,a,n,FOREIGN KEY (licensor_id) REFERENCES core.licensor(id) ON DELETE SET NULL,65536,0,0,0,0,0,True
sample_shipment_carrier_id_fkey,dflow,sample_shipment,dflow,sample_carrier,c,r,FOREIGN KEY (carrier_id) REFERENCES dflow.sample_carrier(sample_carrier_id) ON UPDATE CASCADE ON DELETE RESTRICT,65536,0,0,0,0,0,True
style_guide_property_id_fkey,core,style_guide,core,property,a,n,FOREIGN KEY (property_id) REFERENCES core.property(id) ON DELETE SET NULL,65536,0,0,0,0,0,True
sample_workflow_sample_id_fk_fkey,dflow,sample_workflow,dflow,sample,c,r,FOREIGN KEY (sample_id_fk) REFERENCES dflow.sample(sample_id_pk) ON UPDATE CASCADE ON DELETE RESTRICT,65536,0,0,0,0,0,True
sample_workflow_creation_batch_id_fkey,dflow,sample_workflow,dflow,sample_creation_batch,c,r,FOREIGN KEY (creation_batch_id) REFERENCES dflow.sample_creation_batch(creation_batch_id) ON UPDATE CASCADE ON DELETE RESTRICT,65536,0,0,0,0,0,False
twentieth_century_dcp_metadata_asset_membership_fk,plm,twentieth_century_dcp_metadata_asset,plm,twentieth_century_dcp_asset_crawl,a,r,"FOREIGN KEY (source_crawl_id, twentieth_century_dcp_asset_id) REFERENCES plm.twentieth_century_dcp_asset_crawl(crawl_id, twentieth_century_dcp_asset_id) ON DELETE RESTRICT",65536,0,0,0,0,0,False
agent_pairings_agent_registration_id_fkey,public,agent_pairings,public,agent_registrations,a,c,FOREIGN KEY (agent_registration_id) REFERENCES agent_registrations(id) ON DELETE CASCADE,65536,0,0,0,38765,0,False
twentieth_century_dcp_metadata_asset_run_fk,plm,twentieth_century_dcp_metadata_asset,plm,twentieth_century_dcp_metadata_run,a,c,"FOREIGN KEY (metadata_run_id, source_crawl_id) REFERENCES plm.twentieth_century_dcp_metadata_run(metadata_run_id, source_crawl_id) ON DELETE CASCADE",65536,0,0,0,0,0,False
agent_pairings_created_by_fkey,public,agent_pairings,auth,users,a,a,FOREIGN KEY (created_by) REFERENCES auth.users(id),65536,0,0,0,412,0,False
sega_asset_tag_asset_fkey,plm,sega_asset_tag,plm,sega_asset,a,r,"FOREIGN KEY (capture_id, asset_source_id) REFERENCES plm.sega_asset(capture_id, asset_source_id) ON DELETE RESTRICT",65536,0,0,0,0,0,True
sega_asset_tag_tag_fkey,plm,sega_asset_tag,plm,sega_tag,a,r,"FOREIGN KEY (capture_id, tag_source_key) REFERENCES plm.sega_tag(capture_id, tag_source_key) ON DELETE RESTRICT",65536,0,0,0,0,0,True
wildbrain_guide_alias_guide_fk,plm,wildbrain_guide_alias,plm,wildbrain_guide,a,r,"FOREIGN KEY (capture_id, guide_key) REFERENCES plm.wildbrain_guide(capture_id, guide_key) ON DELETE RESTRICT",65536,0,0,0,0,0,True
profile_auth_user_id_fkey,app,profile,auth,users,a,n,FOREIGN KEY (auth_user_id) REFERENCES auth.users(id) ON DELETE SET NULL,65536,1,0,0,412,0,True
artists_artist_type_id_fkey,dflow_prod,artists,dflow_prod,artist_types,a,a,FOREIGN KEY (artist_type_id) REFERENCES dflow_prod.artist_types(id),57344,0,0,0,0,0,True
age_group_updated_by_fkey,dflow,age_group,dflow,users,a,a,FOREIGN KEY (updated_by) REFERENCES dflow.users(id),57344,0,0,0,25,0,True
item_prod_order_detail_associations_prod_order_detail_pkey_fkey,dflow_prod,item_prod_order_detail_associations,dflow_prod,ProdOrderDetail,c,c,"FOREIGN KEY (prod_order_detail_pkey) REFERENCES dflow_prod.""ProdOrderDetail""(pkey) ON UPDATE CASCADE ON DELETE CASCADE",57344,0,0,0,0,0,True
artists_created_by_fkey,dflow_prod,artists,dflow_prod,users,a,a,FOREIGN KEY (created_by) REFERENCES dflow_prod.users(id),57344,0,0,0,0,0,True
art_piece_artist_id_fkey,dflow_prod,art_piece,dflow_prod,merchGroup,a,a,"FOREIGN KEY (artist_id) REFERENCES dflow_prod.""merchGroup""(mg_id)",57344,0,0,0,0,0,True
age_group_updated_by_fkey,core,age_group,app,users,a,a,FOREIGN KEY (updated_by) REFERENCES app.users(id),57344,0,0,0,0,0,True
asset_checkouts_asset_id_fkey,public,asset_checkouts,public,assets,a,r,FOREIGN KEY (asset_id) REFERENCES assets(id) ON DELETE RESTRICT,57344,0,0,0,1478880,0,True
asset_checkouts_user_id_fkey,public,asset_checkouts,auth,users,a,r,FOREIGN KEY (user_id) REFERENCES auth.users(id) ON DELETE RESTRICT,57344,0,0,0,412,0,False
asset_checkouts_device_id_fkey,public,asset_checkouts,public,helper_devices,a,a,FOREIGN KEY (device_id) REFERENCES helper_devices(id),57344,0,0,0,0,0,False
art_piece_season_code_id_fkey,dflow_prod,art_piece,dflow_prod,SeasonCode,a,a,"FOREIGN KEY (season_code_id) REFERENCES dflow_prod.""SeasonCode""(id)",57344,0,0,0,0,0,False
artists_updated_by_fkey,dflow_prod,artists,dflow_prod,users,a,a,FOREIGN KEY (updated_by) REFERENCES dflow_prod.users(id),57344,0,0,0,0,0,True
artists_art_source_id_fkey,dflow_prod,artists,dflow_prod,merchGroup,a,a,"FOREIGN KEY (art_source_id) REFERENCES dflow_prod.""merchGroup""(mg_id)",57344,0,0,0,0,0,True
artists_divisioncode_id_fkey,dflow_prod,artists,dflow_prod,divisionCode,a,a,"FOREIGN KEY (divisioncode_id) REFERENCES dflow_prod.""divisionCode""(""divCode_id"")",57344,0,0,0,0,0,True
art_piece_divisioncode_id_fkey,dflow_prod,art_piece,dflow_prod,divisionCode,a,a,"FOREIGN KEY (divisioncode_id) REFERENCES dflow_prod.""divisionCode""(""divCode_id"")",57344,0,0,0,0,0,True
productUserAssignment_user_id_fk_fkey,dflow,productUserAssignment,dflow,users,a,a,FOREIGN KEY (user_id_fk) REFERENCES dflow.users(id),57344,0,0,0,25,0,True
productUserAssignment_item_id_fk_fkey,dflow,productUserAssignment,dflow,itemHeader,a,a,"FOREIGN KEY (item_id_fk) REFERENCES dflow.""itemHeader""(item_id_pk)",57344,0,0,0,0,0,True
art_piece_created_by_fkey,dflow_prod,art_piece,dflow_prod,users,a,a,FOREIGN KEY (created_by) REFERENCES dflow_prod.users(id),57344,0,0,0,0,0,True
art_piece_style_guide_id_fkey,dflow_prod,art_piece,dflow_prod,merchGroup,a,a,"FOREIGN KEY (style_guide_id) REFERENCES dflow_prod.""merchGroup""(mg_id)",57344,0,0,0,0,0,False
art_types_updated_by_fkey,dflow_prod,art_types,dflow_prod,users,a,a,FOREIGN KEY (updated_by) REFERENCES dflow_prod.users(id),57344,0,0,0,0,0,True
art_piece_licensor_id_fkey,dflow_prod,art_piece,dflow_prod,merchGroup,a,a,"FOREIGN KEY (licensor_id) REFERENCES dflow_prod.""merchGroup""(mg_id)",57344,0,0,0,0,0,False
art_piece_little_theme_id_fkey,dflow_prod,art_piece,dflow_prod,merchGroup,a,a,"FOREIGN KEY (little_theme_id) REFERENCES dflow_prod.""merchGroup""(mg_id)",57344,0,0,0,0,0,False
hygiene_findings_asset_id_fkey,public,hygiene_findings,public,assets,a,c,FOREIGN KEY (asset_id) REFERENCES assets(id) ON DELETE CASCADE,57344,0,0,0,1478880,0,True
art_piece_item_item_id_fkey,plm,art_piece_item,plm,item,a,n,FOREIGN KEY (item_id) REFERENCES plm.item(id) ON DELETE SET NULL,57344,0,0,0,0,0,True
art_piece_property_id_fkey,dflow_prod,art_piece,dflow_prod,merchGroup,a,a,"FOREIGN KEY (property_id) REFERENCES dflow_prod.""merchGroup""(mg_id)",57344,0,0,0,0,0,False
art_piece_art_source_id_fkey,dflow_prod,art_piece,dflow_prod,merchGroup,a,a,"FOREIGN KEY (art_source_id) REFERENCES dflow_prod.""merchGroup""(mg_id)",57344,0,0,0,0,0,False
marvel_asgard_guide_category_first_seen_capture_key_fkey,plm,marvel_asgard_guide_category,plm,marvel_asgard_capture,a,a,FOREIGN KEY (first_seen_capture_key) REFERENCES plm.marvel_asgard_capture(capture_key),57344,0,0,0,0,0,False
art_piece_big_theme_id_fkey,dflow_prod,art_piece,dflow_prod,merchGroup,a,a,"FOREIGN KEY (big_theme_id) REFERENCES dflow_prod.""merchGroup""(mg_id)",57344,0,0,0,0,0,False
art_piece_attachment_company_code_fkey,dflow_prod,art_piece_attachment,dflow_prod,companyCode,a,a,"FOREIGN KEY (company_code) REFERENCES dflow_prod.""companyCode""(""comCode_id"")",57344,0,0,0,0,0,True
art_piece_attachment_created_by_fkey,dflow_prod,art_piece_attachment,dflow_prod,users,a,a,FOREIGN KEY (created_by) REFERENCES dflow_prod.users(id),57344,0,0,0,0,0,True
art_piece_attachment_updated_by_fkey,dflow_prod,art_piece_attachment,dflow_prod,users,a,a,FOREIGN KEY (updated_by) REFERENCES dflow_prod.users(id),57344,0,0,0,0,0,True
age_group_created_by_fkey,core,age_group,app,users,a,a,FOREIGN KEY (created_by) REFERENCES app.users(id),57344,0,0,0,0,0,True
art_piece_attachment_divisioncode_id_fkey,dflow_prod,art_piece_attachment,dflow_prod,divisionCode,a,a,"FOREIGN KEY (divisioncode_id) REFERENCES dflow_prod.""divisionCode""(""divCode_id"")",57344,0,0,0,0,0,True
user_roles_user_id_fkey,public,user_roles,public,profiles,a,c,FOREIGN KEY (user_id) REFERENCES profiles(user_id) ON DELETE CASCADE,57344,1,0,0,0,0,True
art_types_divisioncode_id_fkey,dflow_prod,art_types,dflow_prod,divisionCode,a,a,"FOREIGN KEY (divisioncode_id) REFERENCES dflow_prod.""divisionCode""(""divCode_id"")",57344,0,0,0,0,0,True
art_piece_attachment_art_piece_id_fkey,dflow_prod,art_piece_attachment,dflow_prod,art_piece,a,a,FOREIGN KEY (art_piece_id) REFERENCES dflow_prod.art_piece(id),57344,0,0,0,0,0,True
marvel_asgard_guide_category_last_seen_capture_key_fkey,plm,marvel_asgard_guide_category,plm,marvel_asgard_capture,a,a,FOREIGN KEY (last_seen_capture_key) REFERENCES plm.marvel_asgard_capture(capture_key),57344,0,0,0,0,0,False
art_types_created_by_fkey,dflow_prod,art_types,dflow_prod,users,a,a,FOREIGN KEY (created_by) REFERENCES dflow_prod.users(id),57344,0,0,0,0,0,True
art_piece_item_art_piece_id_fkey,plm,art_piece_item,plm,art_piece,a,c,FOREIGN KEY (art_piece_id) REFERENCES plm.art_piece(id) ON DELETE CASCADE,57344,0,0,0,0,0,True
mfa_factors_user_id_fkey,auth,mfa_factors,auth,users,a,c,FOREIGN KEY (user_id) REFERENCES auth.users(id) ON DELETE CASCADE,57344,0,0,0,412,0,True
age_group_created_by_fkey,dflow,age_group,dflow,users,a,a,FOREIGN KEY (created_by) REFERENCES dflow.users(id),57344,0,0,0,25,0,True
art_piece_art_type_id_fkey,dflow_prod,art_piece,dflow_prod,merchGroup,a,a,"FOREIGN KEY (art_type_id) REFERENCES dflow_prod.""merchGroup""(mg_id)",57344,0,0,0,0,0,False
art_piece_updated_by_fkey,dflow_prod,art_piece,dflow_prod,users,a,a,FOREIGN KEY (updated_by) REFERENCES dflow_prod.users(id),57344,0,0,0,0,0,True
art_piece_age_group_id_fkey,dflow_prod,art_piece,dflow_prod,merchGroup,a,a,"FOREIGN KEY (age_group_id) REFERENCES dflow_prod.""merchGroup""(mg_id)",57344,0,0,0,0,0,False
item_prod_order_detail_associations_item_header_id_fkey,dflow_prod,item_prod_order_detail_associations,dflow_prod,itemHeader,c,c,"FOREIGN KEY (item_header_id) REFERENCES dflow_prod.""itemHeader""(item_id_pk) ON UPDATE CASCADE ON DELETE CASCADE",57344,0,0,0,0,0,True
style_tracker_user_views_user_id_fkey,public,style_tracker_user_views,auth,users,a,c,FOREIGN KEY (user_id) REFERENCES auth.users(id) ON DELETE CASCADE,49152,0,0,0,412,0,True
coldlion_promotion_audit_sync_run_id_fkey,plm,coldlion_promotion_audit,ingest,sync_run,a,n,FOREIGN KEY (sync_run_id) REFERENCES ingest.sync_run(id) ON DELETE SET NULL,49152,0,0,0,0,0,True
licensingFeedbackReply_licensing_status_id_fk_fkey,plm,licensingFeedbackReply,plm,licensingStatus,a,c,"FOREIGN KEY (licensing_status_id_fk) REFERENCES plm.""licensingStatus""(id) ON DELETE CASCADE",49152,0,0,0,0,0,True
wildbrain_creative_group_capture_id_fkey,plm,wildbrain_creative_group,plm,wildbrain_capture,a,r,FOREIGN KEY (capture_id) REFERENCES plm.wildbrain_capture(id) ON DELETE RESTRICT,49152,0,0,0,0,0,True
hts_rag_determinations_precedent_id_fkey,public,hts_rag_determinations,public,hts_rag_precedents,a,r,FOREIGN KEY (precedent_id) REFERENCES hts_rag_precedents(id) ON DELETE RESTRICT,49152,0,0,0,0,0,False
hts_rag_determinations_product_example_id_fkey,public,hts_rag_determinations,public,hts_rag_product_examples,a,r,FOREIGN KEY (product_example_id) REFERENCES hts_rag_product_examples(id) ON DELETE RESTRICT,49152,0,0,0,0,0,True
contract_property_capture_licensor_id_fkey,plm,contract_property_capture,core,licensor,a,r,FOREIGN KEY (licensor_id) REFERENCES core.licensor(id) ON DELETE RESTRICT,49152,14,0,0,0,0,True
pmt_brand_capture_id_fkey,plm,pmt_brand,plm,pmt_capture,a,r,FOREIGN KEY (capture_id) REFERENCES plm.pmt_capture(capture_id) ON DELETE RESTRICT,49152,0,0,0,0,0,True
sample_remote_request_history_sample_remote_request_item_i_fkey,dflow,sample_remote_request_history,dflow,sample_remote_request_item,c,r,FOREIGN KEY (sample_remote_request_item_id) REFERENCES dflow.sample_remote_request_item(sample_remote_request_item_id) ON UPDATE CASCADE ON DELETE RESTRICT,49152,0,0,0,0,0,True
peanuts_art_program_capture_fkey,plm,peanuts_art_program,plm,peanuts_capture,a,r,FOREIGN KEY (capture_id) REFERENCES plm.peanuts_capture(id) ON DELETE RESTRICT,49152,0,0,0,0,0,True
prod_order_headers_current_sync_run_id_fkey,public,prod_order_headers_current,public,prod_order_sync_runs,a,n,FOREIGN KEY (sync_run_id) REFERENCES prod_order_sync_runs(id) ON DELETE SET NULL,49152,0,0,0,0,0,False
sample_attachment_sample_id_fk_fkey,dflow,sample_attachment,dflow,sample,c,c,FOREIGN KEY (sample_id_fk) REFERENCES dflow.sample(sample_id_pk) ON UPDATE CASCADE ON DELETE CASCADE,49152,0,0,0,0,0,True
peanuts_holiday_capture_fkey,plm,peanuts_holiday,plm,peanuts_capture,a,r,FOREIGN KEY (capture_id) REFERENCES plm.peanuts_capture(id) ON DELETE RESTRICT,49152,0,0,0,0,0,True
wildbrain_asset_category_capture_id_fkey,plm,wildbrain_asset_category,plm,wildbrain_capture,a,r,FOREIGN KEY (capture_id) REFERENCES plm.wildbrain_capture(id) ON DELETE RESTRICT,49152,0,0,0,0,0,True
merchGroupRelations_parent_mg_id_fkey,dflow_prod,merchGroupRelations,dflow_prod,merchGroupMaster,a,c,"FOREIGN KEY (parent_mg_id) REFERENCES dflow_prod.""merchGroupMaster""(mg_id) ON DELETE CASCADE",49152,0,0,0,0,0,True
merchGroupRelations_grand_parent_mg_id_fkey,dflow_prod,merchGroupRelations,dflow_prod,merchGroupMaster,a,c,"FOREIGN KEY (grand_parent_mg_id) REFERENCES dflow_prod.""merchGroupMaster""(mg_id) ON DELETE CASCADE",49152,0,0,0,0,0,True
merchGroupRelations_child_mg_id_fkey,dflow_prod,merchGroupRelations,dflow_prod,merchGroupMaster,a,c,"FOREIGN KEY (child_mg_id) REFERENCES dflow_prod.""merchGroupMaster""(mg_id) ON DELETE CASCADE",49152,0,0,0,0,0,True
peanuts_animation_title_capture_fkey,plm,peanuts_animation_title,plm,peanuts_capture,a,r,FOREIGN KEY (capture_id) REFERENCES plm.peanuts_capture(id) ON DELETE RESTRICT,49152,0,0,0,0,0,True
RolePermissions_RoleId_fkey,dflow_prod,RolePermissions,dflow_prod,Roles,a,a,"FOREIGN KEY (""RoleId"") REFERENCES dflow_prod.""Roles""(""Id"")",49152,0,0,0,0,0,True
twentieth_century_dcp_metadata_run_source_crawl_id_fkey,plm,twentieth_century_dcp_metadata_run,plm,twentieth_century_dcp_crawl,a,r,FOREIGN KEY (source_crawl_id) REFERENCES plm.twentieth_century_dcp_crawl(crawl_id) ON DELETE RESTRICT,49152,0,0,0,0,0,True
twentieth_century_dcp_asset_first_seen_crawl_id_fkey,plm,twentieth_century_dcp_asset,plm,twentieth_century_dcp_crawl,a,n,FOREIGN KEY (first_seen_crawl_id) REFERENCES plm.twentieth_century_dcp_crawl(crawl_id) ON DELETE SET NULL,49152,0,0,0,0,0,False
twentieth_century_dcp_asset_last_seen_crawl_id_fkey,plm,twentieth_century_dcp_asset,plm,twentieth_century_dcp_crawl,a,n,FOREIGN KEY (last_seen_crawl_id) REFERENCES plm.twentieth_century_dcp_crawl(crawl_id) ON DELETE SET NULL,49152,0,0,0,0,0,False
twentieth_century_dcp_asset_style_guide_id_fkey,plm,twentieth_century_dcp_asset,plm,twentieth_century_dcp_style_guide,a,r,FOREIGN KEY (style_guide_id) REFERENCES plm.twentieth_century_dcp_style_guide(id) ON DELETE RESTRICT,49152,0,0,0,0,0,True
peanuts_licensing_status_capture_fkey,plm,peanuts_licensing_status,plm,peanuts_capture,a,r,FOREIGN KEY (capture_id) REFERENCES plm.peanuts_capture(id) ON DELETE RESTRICT,49152,0,0,0,0,0,True
twentieth_century_dcp_style_guide_core_style_guide_id_fkey,plm,twentieth_century_dcp_style_guide,core,style_guide,a,r,FOREIGN KEY (core_style_guide_id) REFERENCES core.style_guide(id) ON DELETE RESTRICT,49152,0,0,0,0,0,False
twentieth_century_dcp_style_guide_last_seen_crawl_id_fkey,plm,twentieth_century_dcp_style_guide,plm,twentieth_century_dcp_crawl,a,n,FOREIGN KEY (last_seen_crawl_id) REFERENCES plm.twentieth_century_dcp_crawl(crawl_id) ON DELETE SET NULL,49152,0,0,0,0,0,False
twentieth_century_dcp_style_guide_first_seen_crawl_id_fkey,plm,twentieth_century_dcp_style_guide,plm,twentieth_century_dcp_crawl,a,n,FOREIGN KEY (first_seen_crawl_id) REFERENCES plm.twentieth_century_dcp_crawl(crawl_id) ON DELETE SET NULL,49152,0,0,0,0,0,False
notification_profile_id_fkey,app,notification,app,profile,a,c,FOREIGN KEY (profile_id) REFERENCES app.profile(id) ON DELETE CASCADE,49152,0,0,0,0,0,False
product_sample_factory_id_fkey,pim,product_sample,core,factory,a,n,FOREIGN KEY (factory_id) REFERENCES core.factory(id) ON DELETE SET NULL,49152,0,0,0,0,0,False
product_sample_product_id_fkey,pim,product_sample,pim,product,a,c,FOREIGN KEY (product_id) REFERENCES pim.product(id) ON DELETE CASCADE,49152,0,0,0,0,0,False
RolePermissions_UserId_fkey,dflow_prod,RolePermissions,dflow_prod,users,a,a,"FOREIGN KEY (""UserId"") REFERENCES dflow_prod.users(id)",49152,0,0,0,0,0,True
peanuts_initiative_capture_fkey,plm,peanuts_initiative,plm,peanuts_capture,a,r,FOREIGN KEY (capture_id) REFERENCES plm.peanuts_capture(id) ON DELETE RESTRICT,49152,0,0,0,0,0,True
wwe_creative_brand_capture_id_fkey,plm,wwe_creative_brand,plm,wwe_creative_capture,a,r,FOREIGN KEY (capture_id) REFERENCES plm.wwe_creative_capture(id) ON DELETE RESTRICT,49152,2,0,0,1,0,True
sample_event_sample_id_fk_fkey,dflow,sample_event,dflow,sample,c,n,FOREIGN KEY (sample_id_fk) REFERENCES dflow.sample(sample_id_pk) ON UPDATE CASCADE ON DELETE SET NULL,49152,0,0,0,0,0,True
change_log_run_id_fkey,coldlion,change_log,coldlion,sync_run,a,a,FOREIGN KEY (run_id) REFERENCES coldlion.sync_run(id),49152,0,0,0,0,0,True
ignore_rule_created_by_profile_id_fkey,crm,ignore_rule,app,profile,a,n,FOREIGN KEY (created_by_profile_id) REFERENCES app.profile(id) ON DELETE SET NULL,49152,0,0,0,0,0,False
view_pref_profile_id_fkey,pim,view_pref,app,profile,a,c,FOREIGN KEY (profile_id) REFERENCES app.profile(id) ON DELETE CASCADE,49152,0,0,0,0,0,True
properties_and_characters_licensor_id_fkey,dflow_prod,properties_and_characters,dflow_prod,licenseList,c,r,"FOREIGN KEY (licensor_id) REFERENCES dflow_prod.""licenseList""(""licenseList_id"") ON UPDATE CASCADE ON DELETE RESTRICT",49152,0,0,0,0,0,True
plm_taxonomy_parallel_observation_prior_fk,plm,taxonomy_parallel_observation,plm,taxonomy_parallel_observation,a,n,FOREIGN KEY (prior_observation_id) REFERENCES plm.taxonomy_parallel_observation(id) ON DELETE SET NULL,49152,0,0,0,0,0,False
taxonomy_parallel_observation_comparison_run_id_fkey,plm,taxonomy_parallel_observation,ingest,sync_run,a,n,FOREIGN KEY (comparison_run_id) REFERENCES ingest.sync_run(id) ON DELETE SET NULL,49152,0,0,0,0,0,False
sample_path_revision_sample_workflow_id_fkey,dflow,sample_path_revision,dflow,sample_workflow,c,r,FOREIGN KEY (sample_workflow_id) REFERENCES dflow.sample_workflow(sample_workflow_id) ON UPDATE CASCADE ON DELETE RESTRICT,49152,0,0,0,0,0,True
taxonomy_parallel_observation_designflow_run_id_fkey,plm,taxonomy_parallel_observation,ingest,sync_run,a,n,FOREIGN KEY (designflow_run_id) REFERENCES ingest.sync_run(id) ON DELETE SET NULL,49152,0,0,0,0,0,False
taxonomy_parallel_observation_coldlion_run_id_fkey,plm,taxonomy_parallel_observation,ingest,sync_run,a,n,FOREIGN KEY (coldlion_run_id) REFERENCES ingest.sync_run(id) ON DELETE SET NULL,49152,0,0,0,0,0,False
licensingFeedbackReply_licensing_status_id_fk_fkey,dflow,licensingFeedbackReply,dflow,licensingStatus,a,c,"FOREIGN KEY (licensing_status_id_fk) REFERENCES dflow.""licensingStatus""(id) ON DELETE CASCADE",49152,0,0,0,0,0,True
RolePermissions_ElementId_fkey,dflow_prod,RolePermissions,dflow_prod,UIElements,a,a,"FOREIGN KEY (""ElementId"") REFERENCES dflow_prod.""UIElements""(""Id"")",49152,0,0,0,0,0,True
wwe_contract_capture_id_fkey,plm,wwe_contract,plm,wwe_submission_capture,a,r,FOREIGN KEY (capture_id) REFERENCES plm.wwe_submission_capture(id) ON DELETE RESTRICT,49152,1,0,0,1,0,True
popsg_property_resolution_superseded_by_fkey,dam,popsg_property_resolution,dam,popsg_property_resolution,a,n,FOREIGN KEY (superseded_by) REFERENCES dam.popsg_property_resolution(id) ON DELETE SET NULL,49152,0,0,0,0,0,False
popsg_property_resolution_licensor_id_fkey,dam,popsg_property_resolution,core,licensor,a,r,FOREIGN KEY (licensor_id) REFERENCES core.licensor(id) ON DELETE RESTRICT,49152,0,0,0,0,0,True
popsg_property_resolution_property_id_fkey,dam,popsg_property_resolution,core,property,a,r,FOREIGN KEY (property_id) REFERENCES core.property(id) ON DELETE RESTRICT,49152,0,0,0,0,0,False
sample_remote_request_item_sample_id_fk_fkey,dflow,sample_remote_request_item,dflow,sample,c,r,FOREIGN KEY (sample_id_fk) REFERENCES dflow.sample(sample_id_pk) ON UPDATE CASCADE ON DELETE RESTRICT,49152,0,0,0,0,0,False
popsg_property_resolution_parent_matches_property,dam,popsg_property_resolution,core,property,c,r,"FOREIGN KEY (property_id, licensor_id) REFERENCES core.property(id, licensor_id) ON UPDATE CASCADE ON DELETE RESTRICT",49152,0,0,0,0,0,False
wwe_contract_property_property_fkey,plm,wwe_contract_property,plm,wwe_property,a,r,"FOREIGN KEY (capture_id, property_source_id) REFERENCES plm.wwe_property(capture_id, property_source_id) ON DELETE RESTRICT",49152,1,0,0,0,0,True
wwe_contract_property_contract_fkey,plm,wwe_contract_property,plm,wwe_contract,a,r,"FOREIGN KEY (capture_id, contract_source_id) REFERENCES plm.wwe_contract(capture_id, contract_source_id) ON DELETE RESTRICT",49152,1,0,0,0,0,True
sample_remote_request_item_workflow_id_fkey,dflow,sample_remote_request_item,dflow,sample_workflow,c,r,FOREIGN KEY (workflow_id) REFERENCES dflow.sample_workflow(sample_workflow_id) ON UPDATE CASCADE ON DELETE RESTRICT,49152,0,0,0,0,0,False
sample_remote_request_item_sample_remote_request_id_fkey,dflow,sample_remote_request_item,dflow,sample_remote_request,c,r,FOREIGN KEY (sample_remote_request_id) REFERENCES dflow.sample_remote_request(sample_remote_request_id) ON UPDATE CASCADE ON DELETE RESTRICT,49152,0,0,0,0,0,True
oauth_consents_client_id_fkey,auth,oauth_consents,auth,oauth_clients,a,c,FOREIGN KEY (client_id) REFERENCES auth.oauth_clients(id) ON DELETE CASCADE,49152,0,0,0,0,0,True
oauth_consents_user_id_fkey,auth,oauth_consents,auth,users,a,c,FOREIGN KEY (user_id) REFERENCES auth.users(id) ON DELETE CASCADE,49152,0,0,0,412,0,True
opportunity_company_id_fkey,crm,opportunity,core,customer,a,n,FOREIGN KEY (company_id) REFERENCES core.customer(id) ON DELETE SET NULL,40960,0,0,0,0,0,True
twentieth_century_dcp_metadata_load_except_metadata_run_id_fkey,plm,twentieth_century_dcp_metadata_load_exception,plm,twentieth_century_dcp_metadata_run,a,c,FOREIGN KEY (metadata_run_id) REFERENCES plm.twentieth_century_dcp_metadata_run(metadata_run_id) ON DELETE CASCADE,40960,0,0,0,0,0,True
twentieth_century_dcp_asset_tile_observation_crawl_id_fkey,plm,twentieth_century_dcp_asset_tile_observation,plm,twentieth_century_dcp_crawl,a,c,FOREIGN KEY (crawl_id) REFERENCES plm.twentieth_century_dcp_crawl(crawl_id) ON DELETE CASCADE,40960,0,0,0,0,0,True
twentieth_century_dcp_asset_tile_observat_crawl_section_id_fkey,plm,twentieth_century_dcp_asset_tile_observation,plm,twentieth_century_dcp_crawl_section,a,r,FOREIGN KEY (crawl_section_id) REFERENCES plm.twentieth_century_dcp_crawl_section(id) ON DELETE RESTRICT,40960,0,0,0,0,0,True
twentieth_century_dcp_asset_t_twentieth_century_dcp_asset__fkey,plm,twentieth_century_dcp_asset_tile_observation,plm,twentieth_century_dcp_asset,a,r,FOREIGN KEY (twentieth_century_dcp_asset_id) REFERENCES plm.twentieth_century_dcp_asset(id) ON DELETE RESTRICT,40960,0,0,0,0,0,True
opportunity_owner_profile_id_fkey,crm,opportunity,app,profile,a,n,FOREIGN KEY (owner_profile_id) REFERENCES app.profile(id) ON DELETE SET NULL,40960,0,0,0,0,0,False
user_role_profile_id_fkey,app,user_role,app,profile,a,c,FOREIGN KEY (profile_id) REFERENCES app.profile(id) ON DELETE CASCADE,40960,1,0,0,0,0,True
twentieth_century_dcp_metadat_twentieth_century_dcp_asset__fkey,plm,twentieth_century_dcp_metadata_load_exception,plm,twentieth_century_dcp_asset,a,n,FOREIGN KEY (twentieth_century_dcp_asset_id) REFERENCES plm.twentieth_century_dcp_asset(id) ON DELETE SET NULL,40960,0,0,0,0,0,False
oauth_authorizations_client_id_fkey,auth,oauth_authorizations,auth,oauth_clients,a,c,FOREIGN KEY (client_id) REFERENCES auth.oauth_clients(id) ON DELETE CASCADE,40960,0,0,0,0,0,False
opportunity_department_id_fkey,crm,opportunity,crm,department,a,n,FOREIGN KEY (department_id) REFERENCES crm.department(id) ON DELETE SET NULL,40960,0,0,0,0,0,False
twentieth_century_dcp_crawl_section_crawl_id_fkey,plm,twentieth_century_dcp_crawl_section,plm,twentieth_century_dcp_crawl,a,c,FOREIGN KEY (crawl_id) REFERENCES plm.twentieth_century_dcp_crawl(crawl_id) ON DELETE CASCADE,40960,0,0,0,0,0,True
user_role_role_id_fkey,app,user_role,app,role,a,r,FOREIGN KEY (role_id) REFERENCES app.role(id) ON DELETE RESTRICT,40960,1,0,0,0,0,False
oauth_authorizations_user_id_fkey,auth,oauth_authorizations,auth,users,a,c,FOREIGN KEY (user_id) REFERENCES auth.users(id) ON DELETE CASCADE,40960,0,0,0,412,0,False
customer_order_company_id_fkey,pim,customer_order,core,customer,a,n,FOREIGN KEY (company_id) REFERENCES core.customer(id) ON DELETE SET NULL,40960,0,0,0,0,0,False
customer_order_project_id_fkey,pim,customer_order,pim,project,a,n,FOREIGN KEY (project_id) REFERENCES pim.project(id) ON DELETE SET NULL,40960,0,0,0,0,0,True
user_role_granted_by_profile_id_fkey,app,user_role,app,profile,a,n,FOREIGN KEY (granted_by_profile_id) REFERENCES app.profile(id) ON DELETE SET NULL,40960,1,0,0,0,0,False
customer_order_product_id_fkey,pim,customer_order,pim,product,a,n,FOREIGN KEY (product_id) REFERENCES pim.product(id) ON DELETE SET NULL,40960,0,0,0,0,0,True
opportunity_contact_id_fkey,crm,opportunity,core,contact,a,n,FOREIGN KEY (contact_id) REFERENCES core.contact(id) ON DELETE SET NULL,40960,0,0,0,0,0,False
customer_order_production_order_id_fkey,pim,customer_order,plm,production_order,a,n,FOREIGN KEY (production_order_id) REFERENCES plm.production_order(id) ON DELETE SET NULL,40960,0,0,0,3,0,False
marvel_dcp_load_exception_crawl_section_id_fkey,plm,marvel_dcp_load_exception,plm,marvel_dcp_crawl_section,a,n,FOREIGN KEY (crawl_section_id) REFERENCES plm.marvel_dcp_crawl_section(id) ON DELETE SET NULL,40960,0,0,0,0,0,False
sesame_category_capture_fkey,plm,sesame_category,plm,sesame_capture,a,r,FOREIGN KEY (capture_id) REFERENCES plm.sesame_capture(id) ON DELETE RESTRICT,40960,0,0,0,0,0,True
marvel_dcp_load_exception_crawl_id_fkey,plm,marvel_dcp_load_exception,plm,marvel_dcp_crawl,a,c,FOREIGN KEY (crawl_id) REFERENCES plm.marvel_dcp_crawl(crawl_id) ON DELETE CASCADE,40960,0,0,0,0,0,True
property_alias_parent_matches_property,core,property_alias,core,property,c,c,"FOREIGN KEY (property_id, licensor_id) REFERENCES core.property(id, licensor_id) ON UPDATE CASCADE ON DELETE CASCADE",40960,0,0,0,0,0,False
twentieth_century_dcp_crawl_section_portal_tile_id_fkey,plm,twentieth_century_dcp_crawl_section,plm,twentieth_century_dcp_portal_tile,a,r,FOREIGN KEY (portal_tile_id) REFERENCES plm.twentieth_century_dcp_portal_tile(id) ON DELETE RESTRICT,40960,0,0,0,0,0,False
lucasfilm_dcp_load_exception_crawl_id_fkey,plm,lucasfilm_dcp_load_exception,plm,lucasfilm_dcp_crawl,a,c,FOREIGN KEY (crawl_id) REFERENCES plm.lucasfilm_dcp_crawl(crawl_id) ON DELETE CASCADE,40960,0,0,0,0,0,True
lucasfilm_dcp_load_exception_crawl_section_id_fkey,plm,lucasfilm_dcp_load_exception,plm,lucasfilm_dcp_crawl_section,a,n,FOREIGN KEY (crawl_section_id) REFERENCES plm.lucasfilm_dcp_crawl_section(id) ON DELETE SET NULL,40960,0,0,0,0,0,False
artist_types_created_by_fkey,dflow_prod,artist_types,dflow_prod,users,a,a,FOREIGN KEY (created_by) REFERENCES dflow_prod.users(id),40960,0,0,0,0,0,True
marvel_dcp_metadata_load_exception_marvel_dcp_asset_id_fkey,plm,marvel_dcp_metadata_load_exception,plm,marvel_dcp_asset,a,n,FOREIGN KEY (marvel_dcp_asset_id) REFERENCES plm.marvel_dcp_asset(id) ON DELETE SET NULL,40960,0,0,0,0,0,False
dcp_load_exception_crawl_id_fkey,plm,dcp_load_exception,plm,dcp_crawl,a,c,FOREIGN KEY (crawl_id) REFERENCES plm.dcp_crawl(crawl_id) ON DELETE CASCADE,40960,0,0,0,0,0,True
app_access_profile_id_fkey,app,app_access,app,profile,a,c,FOREIGN KEY (profile_id) REFERENCES app.profile(id) ON DELETE CASCADE,40960,2,0,0,0,0,True
marvel_dcp_metadata_load_exception_metadata_run_id_fkey,plm,marvel_dcp_metadata_load_exception,plm,marvel_dcp_metadata_run,a,c,FOREIGN KEY (metadata_run_id) REFERENCES plm.marvel_dcp_metadata_run(metadata_run_id) ON DELETE CASCADE,40960,0,0,0,0,0,True
app_access_granted_by_profile_id_fkey,app,app_access,app,profile,a,n,FOREIGN KEY (granted_by_profile_id) REFERENCES app.profile(id) ON DELETE SET NULL,40960,2,0,0,0,0,False
property_alias_property_id_fkey,core,property_alias,core,property,a,c,FOREIGN KEY (property_id) REFERENCES core.property(id) ON DELETE CASCADE,40960,0,0,0,0,0,True
dcp_metadata_load_exception_metadata_run_id_fkey,plm,dcp_metadata_load_exception,plm,dcp_metadata_run,a,c,FOREIGN KEY (metadata_run_id) REFERENCES plm.dcp_metadata_run(metadata_run_id) ON DELETE CASCADE,40960,0,0,0,0,0,True
creative_submission_contract_resolution_contract_fk,plm,creative_submission_contract_resolution,plm,contract_property,a,r,"FOREIGN KEY (contract_capture_id, contract_property_id) REFERENCES plm.contract_property(capture_id, id) ON DELETE RESTRICT",40960,0,0,0,0,0,False
creative_submission_contract_reso_supersedes_resolution_id_fkey,plm,creative_submission_contract_resolution,plm,creative_submission_contract_resolution,a,r,FOREIGN KEY (supersedes_resolution_id) REFERENCES plm.creative_submission_contract_resolution(resolution_id) ON DELETE RESTRICT,40960,0,0,0,0,0,True
window_ledger_last_run_id_fkey,coldlion,window_ledger,coldlion,sync_run,a,n,FOREIGN KEY (last_run_id) REFERENCES coldlion.sync_run(id) ON DELETE SET NULL,40960,0,0,0,0,0,True
dcp_metadata_load_exception_dcp_asset_id_fkey,plm,dcp_metadata_load_exception,plm,dcp_asset,a,n,FOREIGN KEY (dcp_asset_id) REFERENCES plm.dcp_asset(id) ON DELETE SET NULL,40960,0,0,0,0,0,False
sesame_category_parent_fkey,plm,sesame_category,plm,sesame_category,a,r,"FOREIGN KEY (capture_id, parent_category_source_id) REFERENCES plm.sesame_category(capture_id, category_source_id) ON DELETE RESTRICT DEFERRABLE INITIALLY DEFERRED",40960,0,0,0,0,0,True
artist_types_updated_by_fkey,dflow_prod,artist_types,dflow_prod,users,a,a,FOREIGN KEY (updated_by) REFERENCES dflow_prod.users(id),40960,0,0,0,0,0,True
property_alias_licensor_id_fkey,core,property_alias,core,licensor,a,r,FOREIGN KEY (licensor_id) REFERENCES core.licensor(id) ON DELETE RESTRICT,40960,0,0,0,0,0,True
saml_relay_states_flow_state_id_fkey,auth,saml_relay_states,auth,flow_state,a,c,FOREIGN KEY (flow_state_id) REFERENCES auth.flow_state(id) ON DELETE CASCADE,40960,0,0,0,0,11,False
saml_relay_states_sso_provider_id_fkey,auth,saml_relay_states,auth,sso_providers,a,c,FOREIGN KEY (sso_provider_id) REFERENCES auth.sso_providers(id) ON DELETE CASCADE,40960,0,0,0,0,0,True
twentieth_century_dcp_load_exception_crawl_section_id_fkey,plm,twentieth_century_dcp_load_exception,plm,twentieth_century_dcp_crawl_section,a,n,FOREIGN KEY (crawl_section_id) REFERENCES plm.twentieth_century_dcp_crawl_section(id) ON DELETE SET NULL,40960,0,0,0,0,0,False
twentieth_century_dcp_load_exception_crawl_id_fkey,plm,twentieth_century_dcp_load_exception,plm,twentieth_century_dcp_crawl,a,c,FOREIGN KEY (crawl_id) REFERENCES plm.twentieth_century_dcp_crawl(crawl_id) ON DELETE CASCADE,40960,0,0,0,0,0,True
character_licensor_id_fkey,core,character,core,licensor,a,r,FOREIGN KEY (licensor_id) REFERENCES core.licensor(id) ON DELETE RESTRICT,40960,0,0,0,0,0,True
comments_app_comment_id_fkey,dflow,comments,app,comment,c,r,FOREIGN KEY (app_comment_id) REFERENCES app.comment(id) ON UPDATE CASCADE ON DELETE RESTRICT,40960,0,0,0,0,0,True
hts_rag_precedent_rulings_precedent_id_fkey,public,hts_rag_precedent_rulings,public,hts_rag_precedents,a,r,FOREIGN KEY (precedent_id) REFERENCES hts_rag_precedents(id) ON DELETE RESTRICT,40960,0,0,0,0,0,True
hts_rag_precedent_rulings_ruling_id_fkey,public,hts_rag_precedent_rulings,public,hts_rag_rulings,a,r,FOREIGN KEY (ruling_id) REFERENCES hts_rag_rulings(id) ON DELETE RESTRICT,40960,0,0,0,0,0,True
coldlion_promotion_quarantine_sync_run_id_fkey,plm,coldlion_promotion_quarantine,ingest,sync_run,a,n,FOREIGN KEY (sync_run_id) REFERENCES ingest.sync_run(id) ON DELETE SET NULL,40960,0,0,0,0,0,False
dcp_load_exception_crawl_section_id_fkey,plm,dcp_load_exception,plm,dcp_crawl_section,a,n,FOREIGN KEY (crawl_section_id) REFERENCES plm.dcp_crawl_section(id) ON DELETE SET NULL,40960,0,0,0,0,0,False
opportunity_production_order_id_fkey,crm,opportunity,plm,production_order,a,n,FOREIGN KEY (production_order_id) REFERENCES plm.production_order(id) ON DELETE SET NULL,40960,0,0,0,3,0,False
UIElements_ParentId_fkey,dflow,UIElements,dflow,UIElements,a,a,"FOREIGN KEY (""ParentId"") REFERENCES dflow.""UIElements""(""Id"")",40960,0,0,0,0,0,True
UIElements_ParentId_fkey,app,UIElements,app,UIElements,a,a,"FOREIGN KEY (""ParentId"") REFERENCES app.""UIElements""(""Id"")",40960,0,0,0,0,0,True
lucasfilm_dcp_metadata_load_exception_metadata_run_id_fkey,plm,lucasfilm_dcp_metadata_load_exception,plm,lucasfilm_dcp_metadata_run,a,c,FOREIGN KEY (metadata_run_id) REFERENCES plm.lucasfilm_dcp_metadata_run(metadata_run_id) ON DELETE CASCADE,40960,0,0,0,0,0,True
lucasfilm_dcp_metadata_load_excepti_lucasfilm_dcp_asset_id_fkey,plm,lucasfilm_dcp_metadata_load_exception,plm,lucasfilm_dcp_asset,a,n,FOREIGN KEY (lucasfilm_dcp_asset_id) REFERENCES plm.lucasfilm_dcp_asset(id) ON DELETE SET NULL,40960,0,0,0,0,0,False
asset_property_id_fkey,dam,asset,core,property,a,n,FOREIGN KEY (property_id) REFERENCES core.property(id) ON DELETE SET NULL,40960,0,0,0,0,0,False
asset_product_subtype_id_fkey,dam,asset,core,product_subtype,a,n,FOREIGN KEY (product_subtype_id) REFERENCES core.product_subtype(id) ON DELETE SET NULL,40960,0,0,0,0,0,False
asset_licensor_id_fkey,dam,asset,core,licensor,a,n,FOREIGN KEY (licensor_id) REFERENCES core.licensor(id) ON DELETE SET NULL,40960,0,0,0,0,0,False
asset_company_id_fkey,dam,asset,core,customer,a,n,FOREIGN KEY (company_id) REFERENCES core.customer(id) ON DELETE SET NULL,40960,0,0,0,0,0,False
asset_file_object_id_fkey,dam,asset,app,file_object,a,n,FOREIGN KEY (file_object_id) REFERENCES app.file_object(id) ON DELETE SET NULL,40960,0,0,0,0,0,False
opportunity_factory_id_fkey,crm,opportunity,core,factory,a,n,FOREIGN KEY (factory_id) REFERENCES core.factory(id) ON DELETE SET NULL,40960,0,0,0,0,0,False
opportunity_project_id_fkey,crm,opportunity,pim,project,a,n,FOREIGN KEY (project_id) REFERENCES pim.project(id) ON DELETE SET NULL,40960,0,0,0,0,0,False
asset_style_group_id_fkey,dam,asset,dam,style_group,a,n,FOREIGN KEY (style_group_id) REFERENCES dam.style_group(id) ON DELETE SET NULL,40960,0,0,0,0,0,True
customer_channel_channel_id_fkey,core,customer_channel,core,channel,a,r,FOREIGN KEY (channel_id) REFERENCES core.channel(id) ON DELETE RESTRICT,40960,0,0,0,0,0,True
customer_channel_customer_id_fkey,core,customer_channel,core,customer,a,c,FOREIGN KEY (customer_id) REFERENCES core.customer(id) ON DELETE CASCADE,40960,0,0,0,0,0,True
customer_channel_assigned_by_fkey,core,customer_channel,app,profile,a,n,FOREIGN KEY (assigned_by) REFERENCES app.profile(id) ON DELETE SET NULL,40960,0,0,0,0,0,False
twentieth_century_dcp_asset_tile_observatio_portal_tile_id_fkey,plm,twentieth_century_dcp_asset_tile_observation,plm,twentieth_century_dcp_portal_tile,a,r,FOREIGN KEY (portal_tile_id) REFERENCES plm.twentieth_century_dcp_portal_tile(id) ON DELETE RESTRICT,40960,0,0,0,0,0,True
roles_app_role_id_fkey,dflow,Roles,app,role,c,r,FOREIGN KEY (app_role_id) REFERENCES app.role(id) ON UPDATE CASCADE ON DELETE RESTRICT,32768,0,0,0,0,0,True
factory_ext_factory_id_fkey,pim,factory_ext,core,factory,a,c,FOREIGN KEY (factory_id) REFERENCES core.factory(id) ON DELETE CASCADE,32768,0,0,0,0,0,True
sega_submission_property_capture_fkey,plm,sega_submission_property,plm,sega_submission_capture,a,r,FOREIGN KEY (submission_capture_id) REFERENCES plm.sega_submission_capture(id) ON DELETE RESTRICT,32768,0,0,0,0,0,True
coke_contract_capture_id_fkey,plm,coke_contract,plm,coke_capture,a,a,FOREIGN KEY (capture_id) REFERENCES plm.coke_capture(id),32768,0,0,0,0,0,True
marvel_dcp_metadata_chunk_ledger_metadata_run_id_fkey,plm,marvel_dcp_metadata_chunk_ledger,plm,marvel_dcp_metadata_run,a,c,FOREIGN KEY (metadata_run_id) REFERENCES plm.marvel_dcp_metadata_run(metadata_run_id) ON DELETE CASCADE,32768,0,0,0,0,0,True
customer_ext_customer_id_fkey,dam,customer_ext,core,customer,a,c,FOREIGN KEY (customer_id) REFERENCES core.customer(id) ON DELETE CASCADE,32768,0,0,0,0,0,True
coldlion_product_size_landing_run_id_fkey,ingest,coldlion_product_size_landing,ingest,coldlion_product_size_run,a,c,FOREIGN KEY (run_id) REFERENCES ingest.coldlion_product_size_run(id) ON DELETE CASCADE,32768,0,0,0,0,0,True
product_assignee_product_id_fkey,pim,product_assignee,pim,product,a,c,FOREIGN KEY (product_id) REFERENCES pim.product(id) ON DELETE CASCADE,32768,0,0,0,0,0,True
product_assignee_profile_id_fkey,pim,product_assignee,app,profile,a,c,FOREIGN KEY (profile_id) REFERENCES app.profile(id) ON DELETE CASCADE,32768,0,0,0,0,0,False
style_guide_file_property_id_fkey,dam,style_guide_file,core,property,a,n,FOREIGN KEY (property_id) REFERENCES core.property(id) ON DELETE SET NULL,32768,0,0,0,0,0,False
style_guide_file_licensor_id_fkey,dam,style_guide_file,core,licensor,a,n,FOREIGN KEY (licensor_id) REFERENCES core.licensor(id) ON DELETE SET NULL,32768,0,0,0,0,0,False
style_guide_file_company_id_fkey,dam,style_guide_file,core,customer,a,n,FOREIGN KEY (company_id) REFERENCES core.customer(id) ON DELETE SET NULL,32768,0,0,0,0,0,False
style_guide_file_file_object_id_fkey,dam,style_guide_file,app,file_object,a,n,FOREIGN KEY (file_object_id) REFERENCES app.file_object(id) ON DELETE SET NULL,32768,0,0,0,0,0,False
style_guide_file_style_guide_id_fkey,dam,style_guide_file,core,style_guide,a,n,FOREIGN KEY (style_guide_id) REFERENCES core.style_guide(id) ON DELETE SET NULL,32768,0,0,0,0,0,True
wildbrain_asset_nature_capture_id_fkey,plm,wildbrain_asset_nature,plm,wildbrain_capture,a,r,FOREIGN KEY (capture_id) REFERENCES plm.wildbrain_capture(id) ON DELETE RESTRICT,32768,0,0,0,0,0,True
style_group_tags_style_group_id_fkey,public,style_group_tags,public,style_groups,a,c,FOREIGN KEY (style_group_id) REFERENCES style_groups(id) ON DELETE CASCADE,32768,0,0,0,1392386,32520,True
factory_ext_factory_id_fkey,dam,factory_ext,core,factory,a,c,FOREIGN KEY (factory_id) REFERENCES core.factory(id) ON DELETE CASCADE,32768,0,0,0,0,0,True
twentieth_century_dcp_asset_character_obs_asset_fk,plm,twentieth_century_dcp_asset_character_observation,plm,twentieth_century_dcp_metadata_asset,a,c,"FOREIGN KEY (metadata_run_id, twentieth_century_dcp_asset_id, fetch_status) REFERENCES plm.twentieth_century_dcp_metadata_asset(metadata_run_id, twentieth_century_dcp_asset_id, fetch_status) ON DELETE CASCADE",32768,0,0,0,0,0,False
twentieth_century_dcp_asset_c_twentieth_century_dcp_charac_fkey,plm,twentieth_century_dcp_asset_character_observation,plm,twentieth_century_dcp_character,a,r,FOREIGN KEY (twentieth_century_dcp_character_id) REFERENCES plm.twentieth_century_dcp_character(id) ON DELETE RESTRICT,32768,0,0,0,0,0,True
hts_rag_extraction_jobs_product_example_id_fkey,public,hts_rag_extraction_jobs,public,hts_rag_product_examples,a,r,FOREIGN KEY (product_example_id) REFERENCES hts_rag_product_examples(id) ON DELETE RESTRICT,32768,0,0,0,0,0,True
wwe_asset_style_guide_inferred_guide_fkey,plm,wwe_asset_style_guide_inferred,plm,wwe_style_guide,a,r,"FOREIGN KEY (capture_id, guideline_source_id) REFERENCES plm.wwe_style_guide(capture_id, guideline_source_id) ON DELETE RESTRICT",32768,0,0,0,0,0,True
wwe_asset_style_guide_inferred_asset_fkey,plm,wwe_asset_style_guide_inferred,plm,wwe_asset,a,r,"FOREIGN KEY (capture_id, asset_source_id) REFERENCES plm.wwe_asset(capture_id, asset_source_id) ON DELETE RESTRICT",32768,0,0,0,0,0,True
customer_ext_customer_id_fkey,pim,customer_ext,core,customer,a,c,FOREIGN KEY (customer_id) REFERENCES core.customer(id) ON DELETE CASCADE,32768,0,0,0,0,0,True
coke_royalty_report_capture_id_contract_id_fkey,plm,coke_royalty_report,plm,coke_contract,a,a,"FOREIGN KEY (capture_id, contract_id) REFERENCES plm.coke_contract(capture_id, contract_id)",32768,0,0,0,0,0,False
twentieth_century_dcp_character_first_seen_metadata_run_id_fkey,plm,twentieth_century_dcp_character,plm,twentieth_century_dcp_metadata_run,a,n,FOREIGN KEY (first_seen_metadata_run_id) REFERENCES plm.twentieth_century_dcp_metadata_run(metadata_run_id) ON DELETE SET NULL,32768,0,0,0,0,0,False
twentieth_century_dcp_character_last_seen_metadata_run_id_fkey,plm,twentieth_century_dcp_character,plm,twentieth_century_dcp_metadata_run,a,n,FOREIGN KEY (last_seen_metadata_run_id) REFERENCES plm.twentieth_century_dcp_metadata_run(metadata_run_id) ON DELETE SET NULL,32768,0,0,0,0,0,False
activity_actor_profile_id_fkey,app,activity,app,profile,a,n,FOREIGN KEY (actor_profile_id) REFERENCES app.profile(id) ON DELETE SET NULL,32768,0,0,0,0,0,False
coke_approval_related_item_capture_id_approval_route_id_fkey,plm,coke_approval_related_item,plm,coke_approval_item,a,a,"FOREIGN KEY (capture_id, approval_route_id) REFERENCES plm.coke_approval_item(capture_id, approval_route_id)",32768,0,0,0,0,0,True
sample_import_row_resulting_box_id_fkey,dflow,sample_import_row,dflow,sample_box,c,r,FOREIGN KEY (resulting_box_id) REFERENCES dflow.sample_box(box_id_pk) ON UPDATE CASCADE ON DELETE RESTRICT,32768,0,0,0,0,0,False
sample_import_row_resulting_sample_id_fkey,dflow,sample_import_row,dflow,sample,c,r,FOREIGN KEY (resulting_sample_id) REFERENCES dflow.sample(sample_id_pk) ON UPDATE CASCADE ON DELETE RESTRICT,32768,0,0,0,0,0,False
sample_import_row_import_job_id_fkey,dflow,sample_import_row,dflow,sample_import_job,c,c,FOREIGN KEY (import_job_id) REFERENCES dflow.sample_import_job(import_job_id) ON UPDATE CASCADE ON DELETE CASCADE,32768,0,0,0,0,0,True
prod_order_headers_raw_sync_run_id_fkey,public,prod_order_headers_raw,public,prod_order_sync_runs,a,n,FOREIGN KEY (sync_run_id) REFERENCES prod_order_sync_runs(id) ON DELETE SET NULL,32768,0,0,0,0,0,True
sega_asset_property_asset_fkey,plm,sega_asset_property,plm,sega_asset,a,r,"FOREIGN KEY (capture_id, asset_source_id) REFERENCES plm.sega_asset(capture_id, asset_source_id) ON DELETE RESTRICT",32768,0,0,0,0,0,True
sega_asset_property_property_fkey,plm,sega_asset_property,plm,sega_property,a,r,"FOREIGN KEY (capture_id, property_source_id) REFERENCES plm.sega_property(capture_id, property_source_id) ON DELETE RESTRICT",32768,0,0,0,0,0,True
customer_ext_customer_id_fkey,crm,customer_ext,core,customer,a,c,FOREIGN KEY (customer_id) REFERENCES core.customer(id) ON DELETE CASCADE,32768,0,0,0,0,0,True
task_opportunity_id_fkey,crm,task,crm,opportunity,a,c,FOREIGN KEY (opportunity_id) REFERENCES crm.opportunity(id) ON DELETE CASCADE,32768,0,0,0,0,0,False
task_company_id_fkey,crm,task,core,customer,a,n,FOREIGN KEY (company_id) REFERENCES core.customer(id) ON DELETE SET NULL,32768,0,0,0,0,0,False
task_assignee_profile_id_fkey,crm,task,app,profile,a,n,FOREIGN KEY (assignee_profile_id) REFERENCES app.profile(id) ON DELETE SET NULL,32768,0,0,0,0,0,False
task_department_id_fkey,crm,task,crm,department,a,n,FOREIGN KEY (department_id) REFERENCES crm.department(id) ON DELETE SET NULL,32768,0,0,0,0,0,False
task_contact_id_fkey,crm,task,core,contact,a,n,FOREIGN KEY (contact_id) REFERENCES core.contact(id) ON DELETE SET NULL,32768,0,0,0,0,0,False
licensing_write_guard_audit_authorization_id_fkey,plm,licensing_write_guard_audit,plm,licensing_write_authorization,a,r,FOREIGN KEY (authorization_id) REFERENCES plm.licensing_write_authorization(id) ON DELETE RESTRICT,32768,0,0,0,0,0,False
twentieth_century_dcp_asset_term_obs_asset_fk,plm,twentieth_century_dcp_asset_term_observation,plm,twentieth_century_dcp_metadata_asset,a,c,"FOREIGN KEY (metadata_run_id, twentieth_century_dcp_asset_id, fetch_status) REFERENCES plm.twentieth_century_dcp_metadata_asset(metadata_run_id, twentieth_century_dcp_asset_id, fetch_status) ON DELETE CASCADE",32768,0,0,0,0,0,False
twentieth_century_dcp_asset_t_twentieth_century_dcp_term_i_fkey,plm,twentieth_century_dcp_asset_term_observation,plm,twentieth_century_dcp_term,a,r,FOREIGN KEY (twentieth_century_dcp_term_id) REFERENCES plm.twentieth_century_dcp_term(id) ON DELETE RESTRICT,32768,0,0,0,0,0,True
property_character_associations_licensor_id_fkey,dflow_prod,property_character_associations,dflow_prod,licenseList,c,r,"FOREIGN KEY (licensor_id) REFERENCES dflow_prod.""licenseList""(""licenseList_id"") ON UPDATE CASCADE ON DELETE RESTRICT",32768,0,0,0,0,0,True
property_character_associations_character_id_fkey,dflow_prod,property_character_associations,dflow_prod,properties_and_characters,c,c,FOREIGN KEY (character_id) REFERENCES dflow_prod.properties_and_characters(id) ON UPDATE CASCADE ON DELETE CASCADE,32768,0,0,0,0,0,True
property_character_associations_property_id_fkey,dflow_prod,property_character_associations,dflow_prod,properties_and_characters,c,c,FOREIGN KEY (property_id) REFERENCES dflow_prod.properties_and_characters(id) ON UPDATE CASCADE ON DELETE CASCADE,32768,0,0,0,0,0,True
webauthn_challenges_user_id_fkey,auth,webauthn_challenges,auth,users,a,c,FOREIGN KEY (user_id) REFERENCES auth.users(id) ON DELETE CASCADE,32768,0,0,0,412,0,True
lucasfilm_dcp_chunk_ledger_crawl_id_fkey,plm,lucasfilm_dcp_chunk_ledger,plm,lucasfilm_dcp_crawl,a,c,FOREIGN KEY (crawl_id) REFERENCES plm.lucasfilm_dcp_crawl(crawl_id) ON DELETE CASCADE,32768,0,0,0,0,0,True
sesame_style_guide_capture_fkey,plm,sesame_style_guide,plm,sesame_capture,a,r,FOREIGN KEY (capture_id) REFERENCES plm.sesame_capture(id) ON DELETE RESTRICT,32768,0,0,0,0,0,True
product_subtype_product_type_id_fkey,core,product_subtype,core,product_type,a,c,FOREIGN KEY (product_type_id) REFERENCES core.product_type(id) ON DELETE CASCADE,32768,0,0,0,0,0,True
dcp_crawl_gap_crawl_section_id_fkey,plm,dcp_crawl_gap,plm,dcp_crawl_section,a,c,FOREIGN KEY (crawl_section_id) REFERENCES plm.dcp_crawl_section(id) ON DELETE CASCADE,32768,0,0,0,0,0,True
sso_domains_sso_provider_id_fkey,auth,sso_domains,auth,sso_providers,a,c,FOREIGN KEY (sso_provider_id) REFERENCES auth.sso_providers(id) ON DELETE CASCADE,32768,0,0,0,0,0,True
product_time_entry_product_id_fkey,pim,product_time_entry,pim,product,a,c,FOREIGN KEY (product_id) REFERENCES pim.product(id) ON DELETE CASCADE,32768,0,0,0,0,0,True
product_time_entry_profile_id_fkey,pim,product_time_entry,app,profile,a,n,FOREIGN KEY (profile_id) REFERENCES app.profile(id) ON DELETE SET NULL,32768,0,0,0,0,0,False
item_user_assignment_assigned_by_user_id_fkey,dflow,item_user_assignment,dflow,users,a,a,FOREIGN KEY (assigned_by_user_id) REFERENCES dflow.users(id),32768,0,0,0,25,0,False
item_user_assignment_user_id_fkey,dflow,item_user_assignment,dflow,users,a,a,FOREIGN KEY (user_id) REFERENCES dflow.users(id),32768,0,0,0,25,0,False
saved_view_role_id_fkey,pim,saved_view,app,role,a,c,FOREIGN KEY (role_id) REFERENCES app.role(id) ON DELETE CASCADE,32768,0,0,0,0,0,False
saved_view_owner_profile_id_fkey,pim,saved_view,app,profile,a,c,FOREIGN KEY (owner_profile_id) REFERENCES app.profile(id) ON DELETE CASCADE,32768,0,0,0,0,0,False
item_user_assignment_rfq_item_id_fkey,dflow,item_user_assignment,dflow,RFQItem,a,c,"FOREIGN KEY (rfq_item_id) REFERENCES dflow.""RFQItem""(""rfqItem_id"") ON DELETE CASCADE",32768,0,0,0,0,0,True
marvel_dcp_crawl_gap_crawl_section_id_fkey,plm,marvel_dcp_crawl_gap,plm,marvel_dcp_crawl_section,a,c,FOREIGN KEY (crawl_section_id) REFERENCES plm.marvel_dcp_crawl_section(id) ON DELETE CASCADE,32768,0,0,0,0,0,True
profiles_user_id_fkey,public,profiles,auth,users,a,c,FOREIGN KEY (user_id) REFERENCES auth.users(id) ON DELETE CASCADE,32768,1,0,0,412,0,True
coke_contract_manufacturer_capture_id_contract_id_fkey,plm,coke_contract_manufacturer,plm,coke_contract,a,a,"FOREIGN KEY (capture_id, contract_id) REFERENCES plm.coke_contract(capture_id, contract_id)",32768,0,0,0,0,0,True
twentieth_century_dcp_asset_property_obs_asset_fk,plm,twentieth_century_dcp_asset_property_observation,plm,twentieth_century_dcp_metadata_asset,a,c,"FOREIGN KEY (metadata_run_id, twentieth_century_dcp_asset_id, fetch_status) REFERENCES plm.twentieth_century_dcp_metadata_asset(metadata_run_id, twentieth_century_dcp_asset_id, fetch_status) ON DELETE CASCADE",32768,0,0,0,0,0,False
style_guide_tag_aliases_tag_id_fkey,public,style_guide_tag_aliases,public,style_guide_tags,a,c,FOREIGN KEY (tag_id) REFERENCES style_guide_tags(id) ON DELETE CASCADE,32768,0,0,0,10218,0,True
hts_rag_provider_responses_determination_id_fkey,public,hts_rag_provider_responses,public,hts_rag_determinations,a,r,FOREIGN KEY (determination_id) REFERENCES hts_rag_determinations(id) ON DELETE RESTRICT,32768,0,0,0,0,0,True
hts_rag_provider_responses_extraction_job_id_fkey,public,hts_rag_provider_responses,public,hts_rag_extraction_jobs,a,r,FOREIGN KEY (extraction_job_id) REFERENCES hts_rag_extraction_jobs(id) ON DELETE RESTRICT,32768,0,0,0,0,0,False
twentieth_century_dcp_asset_p_twentieth_century_dcp_proper_fkey,plm,twentieth_century_dcp_asset_property_observation,plm,twentieth_century_dcp_property,a,r,FOREIGN KEY (twentieth_century_dcp_property_id) REFERENCES plm.twentieth_century_dcp_property(id) ON DELETE RESTRICT,32768,0,0,0,0,0,True
webauthn_credentials_user_id_fkey,auth,webauthn_credentials,auth,users,a,c,FOREIGN KEY (user_id) REFERENCES auth.users(id) ON DELETE CASCADE,32768,0,0,0,412,0,True
item_workflow_action_rfq_item_id_fkey,dflow,item_workflow_action,dflow,RFQItem,a,r,"FOREIGN KEY (rfq_item_id) REFERENCES dflow.""RFQItem""(""rfqItem_id"") ON DELETE RESTRICT",32768,0,0,0,0,0,True
item_workflow_action_actor_user_id_fkey,dflow,item_workflow_action,dflow,users,a,a,FOREIGN KEY (actor_user_id) REFERENCES dflow.users(id),32768,0,0,0,25,0,False
item_workflow_action_prior_step_id_fkey,dflow,item_workflow_action,dflow,RFQStep,a,a,"FOREIGN KEY (prior_step_id) REFERENCES dflow.""RFQStep""(""RFQStep_id"")",32768,0,0,0,0,0,False
item_workflow_action_new_step_id_fkey,dflow,item_workflow_action,dflow,RFQStep,a,a,"FOREIGN KEY (new_step_id) REFERENCES dflow.""RFQStep""(""RFQStep_id"")",32768,0,0,0,0,0,False
lucasfilm_dcp_crawl_gap_crawl_section_id_fkey,plm,lucasfilm_dcp_crawl_gap,plm,lucasfilm_dcp_crawl_section,a,c,FOREIGN KEY (crawl_section_id) REFERENCES plm.lucasfilm_dcp_crawl_section(id) ON DELETE CASCADE,32768,0,0,0,0,0,True
dam_style_group_cover_asset_fk,dam,style_group,dam,asset,a,n,FOREIGN KEY (cover_asset_id) REFERENCES dam.asset(id) ON DELETE SET NULL,32768,0,0,0,0,0,False
dam_style_group_product_fk,dam,style_group,pim,product,a,n,FOREIGN KEY (product_id) REFERENCES pim.product(id) ON DELETE SET NULL,32768,0,0,0,0,0,False
style_group_company_id_fkey,dam,style_group,core,customer,a,n,FOREIGN KEY (company_id) REFERENCES core.customer(id) ON DELETE SET NULL,32768,0,0,0,0,0,False
style_group_licensor_id_fkey,dam,style_group,core,licensor,a,n,FOREIGN KEY (licensor_id) REFERENCES core.licensor(id) ON DELETE SET NULL,32768,0,0,0,0,0,False
style_group_property_id_fkey,dam,style_group,core,property,a,n,FOREIGN KEY (property_id) REFERENCES core.property(id) ON DELETE SET NULL,32768,0,0,0,0,0,False
style_group_product_type_id_fkey,dam,style_group,core,product_type,a,n,FOREIGN KEY (product_type_id) REFERENCES core.product_type(id) ON DELETE SET NULL,32768,0,0,0,0,0,False
vendor_quarantine_sync_run_id_fkey,plm,vendor_quarantine,ingest,sync_run,a,n,FOREIGN KEY (sync_run_id) REFERENCES ingest.sync_run(id) ON DELETE SET NULL,32768,0,0,0,0,0,False
marvel_dcp_chunk_ledger_crawl_id_fkey,plm,marvel_dcp_chunk_ledger,plm,marvel_dcp_crawl,a,c,FOREIGN KEY (crawl_id) REFERENCES plm.marvel_dcp_crawl(crawl_id) ON DELETE CASCADE,32768,0,0,0,0,0,True
factory_ext_factory_id_fkey,crm,factory_ext,core,factory,a,c,FOREIGN KEY (factory_id) REFERENCES core.factory(id) ON DELETE CASCADE,32768,0,0,0,0,0,True
saml_providers_sso_provider_id_fkey,auth,saml_providers,auth,sso_providers,a,c,FOREIGN KEY (sso_provider_id) REFERENCES auth.sso_providers(id) ON DELETE CASCADE,32768,0,0,0,0,0,True
product_type_category_id_fkey,core,product_type,core,product_category,a,n,FOREIGN KEY (category_id) REFERENCES core.product_category(id) ON DELETE SET NULL,32768,0,0,0,0,0,True
sample_stop_closeout_reopens_closeout_id_fkey,dflow,sample_stop_closeout,dflow,sample_stop_closeout,c,r,FOREIGN KEY (reopens_closeout_id) REFERENCES dflow.sample_stop_closeout(closeout_id) ON UPDATE CASCADE ON DELETE RESTRICT,32768,0,0,0,0,0,False
sample_stop_closeout_sample_id_fk_fkey,dflow,sample_stop_closeout,dflow,sample,c,r,FOREIGN KEY (sample_id_fk) REFERENCES dflow.sample(sample_id_pk) ON UPDATE CASCADE ON DELETE RESTRICT,32768,0,0,0,0,0,True
sample_stop_closeout_movement_watermark_fkey,dflow,sample_stop_closeout,dflow,sample_movement,c,r,FOREIGN KEY (movement_watermark) REFERENCES dflow.sample_movement(movement_id) ON UPDATE CASCADE ON DELETE RESTRICT,32768,0,0,0,0,0,False
pmt_metadata_element_capture_id_fkey,plm,pmt_metadata_element,plm,pmt_capture,a,r,FOREIGN KEY (capture_id) REFERENCES plm.pmt_capture(capture_id) ON DELETE RESTRICT,32768,0,0,0,0,0,True
twentieth_century_dcp_property_first_seen_metadata_run_id_fkey,plm,twentieth_century_dcp_property,plm,twentieth_century_dcp_metadata_run,a,n,FOREIGN KEY (first_seen_metadata_run_id) REFERENCES plm.twentieth_century_dcp_metadata_run(metadata_run_id) ON DELETE SET NULL,32768,0,0,0,0,0,False
twentieth_century_dcp_property_last_seen_metadata_run_id_fkey,plm,twentieth_century_dcp_property,plm,twentieth_century_dcp_metadata_run,a,n,FOREIGN KEY (last_seen_metadata_run_id) REFERENCES plm.twentieth_century_dcp_metadata_run(metadata_run_id) ON DELETE SET NULL,32768,0,0,0,0,0,False
itemLicenseImage_itemheader_id_fk_fkey,dflow_prod,itemLicenseImage,dflow_prod,itemHeader,a,c,"FOREIGN KEY (itemheader_id_fk) REFERENCES dflow_prod.""itemHeader""(item_id_pk) ON DELETE CASCADE",32768,0,0,0,0,0,True
art_piece_artist_id_fkey,plm,art_piece,core,artist,a,n,FOREIGN KEY (artist_id) REFERENCES core.artist(id) ON DELETE SET NULL,32768,0,0,0,0,0,True
art_piece_item_id_fkey,plm,art_piece,plm,item,a,n,FOREIGN KEY (item_id) REFERENCES plm.item(id) ON DELETE SET NULL,32768,0,0,0,0,0,False
twentieth_century_dcp_crawl_gap_crawl_section_id_fkey,plm,twentieth_century_dcp_crawl_gap,plm,twentieth_century_dcp_crawl_section,a,c,FOREIGN KEY (crawl_section_id) REFERENCES plm.twentieth_century_dcp_crawl_section(id) ON DELETE CASCADE,32768,0,0,0,0,0,True
taxonomy_circuit_breaker_alert_id_fkey,plm,taxonomy_circuit_breaker,plm,taxonomy_sync_alert,a,n,FOREIGN KEY (alert_id) REFERENCES plm.taxonomy_sync_alert(id) ON DELETE SET NULL,32768,0,0,0,1,0,False
rfq_item_item_id_fkey,plm,rfq_item,plm,item,a,n,FOREIGN KEY (item_id) REFERENCES plm.item(id) ON DELETE SET NULL,24576,0,0,0,0,0,False
item_attachment_file_object_id_fkey,plm,item_attachment,app,file_object,a,n,FOREIGN KEY (file_object_id) REFERENCES app.file_object(id) ON DELETE SET NULL,24576,0,0,0,0,0,False
item_attachment_item_id_fkey,plm,item_attachment,plm,item,a,c,FOREIGN KEY (item_id) REFERENCES plm.item(id) ON DELETE CASCADE,24576,0,0,0,0,0,False
wwe_submission_comment_submission_fkey,plm,wwe_submission_comment,plm,wwe_submission,a,r,"FOREIGN KEY (capture_id, submission_number) REFERENCES plm.wwe_submission(capture_id, submission_number) ON DELETE RESTRICT",24576,0,0,0,0,0,True
s3_multipart_uploads_bucket_id_fkey,storage,s3_multipart_uploads,storage,buckets,a,a,FOREIGN KEY (bucket_id) REFERENCES storage.buckets(id),24576,0,0,0,0,0,True
marvel_asgard_capture_gap_capture_key_fkey,plm,marvel_asgard_capture_gap,plm,marvel_asgard_capture,a,a,FOREIGN KEY (capture_key) REFERENCES plm.marvel_asgard_capture(capture_key),24576,0,0,0,0,0,True
sesame_asset_asset_type_asset_fkey,plm,sesame_asset_asset_type,plm,sesame_asset,a,r,"FOREIGN KEY (capture_id, asset_source_id) REFERENCES plm.sesame_asset(capture_id, asset_source_id) ON DELETE RESTRICT",24576,0,0,0,0,0,True
sesame_asset_asset_type_value_fkey,plm,sesame_asset_asset_type,plm,sesame_asset_type,a,r,"FOREIGN KEY (capture_id, field_generation, value_key) REFERENCES plm.sesame_asset_type(capture_id, field_generation, value_key) ON DELETE RESTRICT",24576,0,0,0,0,0,True
item_taxonomy_disagreement_company_code_division_code_item_fkey,plm,item_taxonomy_disagreement,plm,item_import,a,c,"FOREIGN KEY (company_code, division_code, item_no) REFERENCES plm.item_import(company_code, division_code, item_no) ON DELETE CASCADE",24576,0,0,0,0,0,True
item_taxonomy_disagreement_slot_licensor_id_fkey,plm,item_taxonomy_disagreement,core,licensor,a,n,FOREIGN KEY (slot_licensor_id) REFERENCES core.licensor(id) ON DELETE SET NULL,24576,0,0,0,0,0,False
item_taxonomy_disagreement_property_licensor_id_fkey,plm,item_taxonomy_disagreement,core,licensor,a,n,FOREIGN KEY (property_licensor_id) REFERENCES core.licensor(id) ON DELETE SET NULL,24576,0,0,0,0,0,False
item_taxonomy_disagreement_sync_run_id_fkey,plm,item_taxonomy_disagreement,ingest,sync_run,a,n,FOREIGN KEY (sync_run_id) REFERENCES ingest.sync_run(id) ON DELETE SET NULL,24576,0,0,0,0,0,False
item_taxonomy_disagreement_property_id_fkey,plm,item_taxonomy_disagreement,core,property,a,c,FOREIGN KEY (property_id) REFERENCES core.property(id) ON DELETE CASCADE,24576,0,0,0,0,0,False
item_character_associations_character_id_fkey,dflow_prod,item_character_associations,dflow_prod,properties_and_characters,c,r,FOREIGN KEY (character_id) REFERENCES dflow_prod.properties_and_characters(id) ON UPDATE CASCADE ON DELETE RESTRICT,24576,0,0,0,0,0,True
item_character_associations_item_header_id_fkey,dflow_prod,item_character_associations,dflow_prod,itemHeader,c,c,"FOREIGN KEY (item_header_id) REFERENCES dflow_prod.""itemHeader""(item_id_pk) ON UPDATE CASCADE ON DELETE CASCADE",24576,0,0,0,0,0,True
product_category_parent_id_fkey,core,product_category,core,product_category,a,n,FOREIGN KEY (parent_id) REFERENCES core.product_category(id) ON DELETE SET NULL,24576,0,0,0,0,0,False
erp_item_snapshot_sync_run_id_fkey,dam,erp_item_snapshot,ingest,sync_run,a,n,FOREIGN KEY (sync_run_id) REFERENCES ingest.sync_run(id) ON DELETE SET NULL,24576,0,0,0,0,0,False
asset_tag_asset_id_fkey,dam,asset_tag,dam,asset,a,c,FOREIGN KEY (asset_id) REFERENCES dam.asset(id) ON DELETE CASCADE,24576,0,0,0,0,0,True
erp_item_snapshot_item_id_fkey,dam,erp_item_snapshot,plm,item,a,n,FOREIGN KEY (item_id) REFERENCES plm.item(id) ON DELETE SET NULL,24576,0,0,0,0,0,False
rfq_vendor_factory_id_fkey,plm,rfq_vendor,core,factory,a,n,FOREIGN KEY (factory_id) REFERENCES core.factory(id) ON DELETE SET NULL,24576,0,0,0,0,0,False
rfq_vendor_rfq_group_id_fkey,plm,rfq_vendor,plm,rfq_group,a,c,FOREIGN KEY (rfq_group_id) REFERENCES plm.rfq_group(id) ON DELETE CASCADE,24576,0,0,0,0,0,False
sku_style_guide_source_sku_ref_id_fkey,dam,sku_style_guide_source,core,sku_ref,a,c,FOREIGN KEY (sku_ref_id) REFERENCES core.sku_ref(id) ON DELETE CASCADE,24576,0,0,0,0,0,True
sku_style_guide_source_style_guide_file_id_fkey,dam,sku_style_guide_source,dam,style_guide_file,a,c,FOREIGN KEY (style_guide_file_id) REFERENCES dam.style_guide_file(id) ON DELETE CASCADE,24576,0,0,0,0,0,False
product_types_category_id_fkey,public,product_types,public,product_categories,a,c,FOREIGN KEY (category_id) REFERENCES product_categories(id) ON DELETE CASCADE,24576,0,0,0,0,0,False
opportunity_product_product_id_fkey,crm,opportunity_product,pim,product,a,c,FOREIGN KEY (product_id) REFERENCES pim.product(id) ON DELETE CASCADE,24576,0,0,0,0,0,False
opportunity_product_opportunity_id_fkey,crm,opportunity_product,crm,opportunity,a,c,FOREIGN KEY (opportunity_id) REFERENCES crm.opportunity(id) ON DELETE CASCADE,24576,0,0,0,0,0,True
style_guide_character_style_guide_id_fkey,core,style_guide_character,core,style_guide,a,c,FOREIGN KEY (style_guide_id) REFERENCES core.style_guide(id) ON DELETE CASCADE,24576,0,0,0,0,0,True
sample_box_id_fk_fkey,plm,sample,plm,sample_box,c,n,FOREIGN KEY (box_id_fk) REFERENCES plm.sample_box(box_id_pk) ON UPDATE CASCADE ON DELETE SET NULL,24576,0,0,0,0,0,True
sample_factory_group_id_fk_fkey,plm,sample,plm,sample_factory_group,c,n,FOREIGN KEY (factory_group_id_fk) REFERENCES plm.sample_factory_group(factory_group_id_pk) ON UPDATE CASCADE ON DELETE SET NULL,24576,0,0,0,0,0,False
age_group_created_by_fkey,dflow_prod,age_group,dflow_prod,users,a,a,FOREIGN KEY (created_by) REFERENCES dflow_prod.users(id),24576,0,0,0,0,0,True
age_group_updated_by_fkey,dflow_prod,age_group,dflow_prod,users,a,a,FOREIGN KEY (updated_by) REFERENCES dflow_prod.users(id),24576,0,0,0,0,0,True
item_detail_item_id_fkey,plm,item_detail,plm,item,a,c,FOREIGN KEY (item_id) REFERENCES plm.item(id) ON DELETE CASCADE,24576,0,0,0,0,0,False
comment_created_by_profile_id_fkey,app,comment,app,profile,a,n,FOREIGN KEY (created_by_profile_id) REFERENCES app.profile(id) ON DELETE SET NULL,24576,0,0,0,0,0,False
vector_indexes_bucket_id_fkey,storage,vector_indexes,storage,buckets_vectors,a,a,FOREIGN KEY (bucket_id) REFERENCES storage.buckets_vectors(id),24576,0,0,0,0,0,False
sample_event_sample_id_fk_fkey,plm,sample_event,plm,sample,c,n,FOREIGN KEY (sample_id_fk) REFERENCES plm.sample(sample_id_pk) ON UPDATE CASCADE ON DELETE SET NULL,24576,0,0,0,0,0,True
file_object_created_by_profile_id_fkey,app,file_object,app,profile,a,n,FOREIGN KEY (created_by_profile_id) REFERENCES app.profile(id) ON DELETE SET NULL,24576,0,0,0,0,0,False
mfa_challenges_auth_factor_id_fkey,auth,mfa_challenges,auth,mfa_factors,a,c,FOREIGN KEY (factor_id) REFERENCES auth.mfa_factors(id) ON DELETE CASCADE,24576,0,0,0,0,0,False
item_character_associations_item_header_id_fkey,plm,item_character_associations,plm,itemHeader,c,c,"FOREIGN KEY (item_header_id) REFERENCES plm.""itemHeader""(item_id_pk) ON UPDATE CASCADE ON DELETE CASCADE",24576,0,0,0,0,0,True
item_character_associations_character_id_fkey,plm,item_character_associations,core,character,c,r,"FOREIGN KEY (character_id) REFERENCES core.""character""(id) ON UPDATE CASCADE ON DELETE RESTRICT",24576,0,0,0,0,0,True
sample_event_sample_id_fk_fkey,dflow_prod,sample_event,dflow_prod,sample,c,n,FOREIGN KEY (sample_id_fk) REFERENCES dflow_prod.sample(sample_id_pk) ON UPDATE CASCADE ON DELETE SET NULL,24576,0,0,0,0,0,True
ai_model_config_updated_by_profile_id_fkey,crm,ai_model_config,app,profile,a,n,FOREIGN KEY (updated_by_profile_id) REFERENCES app.profile(id) ON DELETE SET NULL,24576,0,0,0,0,0,False
vendor_contact_factory_id_fkey,core,vendor_contact,core,factory,a,c,FOREIGN KEY (factory_id) REFERENCES core.factory(id) ON DELETE CASCADE,24576,0,0,0,0,0,True
vendor_contact_contact_id_fkey,core,vendor_contact,core,contact,a,c,FOREIGN KEY (contact_id) REFERENCES core.contact(id) ON DELETE CASCADE,24576,0,0,0,0,0,False
sesame_theme_capture_fkey,plm,sesame_theme,plm,sesame_capture,a,r,FOREIGN KEY (capture_id) REFERENCES plm.sesame_capture(id) ON DELETE RESTRICT,24576,0,0,0,0,0,True
licensor_approval_thread_opportunity_id_fkey,crm,licensor_approval_thread,crm,opportunity,a,n,FOREIGN KEY (opportunity_id) REFERENCES crm.opportunity(id) ON DELETE SET NULL,24576,0,0,0,0,0,False
licensor_approval_thread_revision_request_id_fkey,crm,licensor_approval_thread,pim,revision_request,a,n,FOREIGN KEY (revision_request_id) REFERENCES pim.revision_request(id) ON DELETE SET NULL,24576,0,0,0,0,0,False
licensor_approval_thread_company_id_fkey,crm,licensor_approval_thread,core,customer,a,n,FOREIGN KEY (company_id) REFERENCES core.customer(id) ON DELETE SET NULL,24576,0,0,0,0,0,False
licensor_approval_thread_licensor_id_fkey,crm,licensor_approval_thread,core,licensor,a,n,FOREIGN KEY (licensor_id) REFERENCES core.licensor(id) ON DELETE SET NULL,24576,0,0,0,0,0,False
licensor_approval_thread_product_submission_id_fkey,crm,licensor_approval_thread,pim,product_submission,a,n,FOREIGN KEY (product_submission_id) REFERENCES pim.product_submission(id) ON DELETE SET NULL,24576,0,0,0,0,0,False
licensor_approval_thread_property_id_fkey,crm,licensor_approval_thread,core,property,a,n,FOREIGN KEY (property_id) REFERENCES core.property(id) ON DELETE SET NULL,24576,0,0,0,0,0,False
licensing_feedback_reply_to_id_fkey,plm,licensing_feedback,plm,licensing_feedback,a,n,FOREIGN KEY (reply_to_id) REFERENCES plm.licensing_feedback(id) ON DELETE SET NULL,24576,0,0,0,0,0,False
licensing_feedback_licensing_status_id_fkey,plm,licensing_feedback,plm,licensing_status,a,c,FOREIGN KEY (licensing_status_id) REFERENCES plm.licensing_status(id) ON DELETE CASCADE,24576,0,0,0,0,0,False
rfq_group_company_id_fkey,plm,rfq_group,core,customer,a,n,FOREIGN KEY (company_id) REFERENCES core.customer(id) ON DELETE SET NULL,24576,0,0,0,0,0,False
sesame_asset_character_asset_fkey,plm,sesame_asset_character,plm,sesame_asset,a,r,"FOREIGN KEY (capture_id, asset_source_id) REFERENCES plm.sesame_asset(capture_id, asset_source_id) ON DELETE RESTRICT",24576,0,0,0,0,0,True
sesame_asset_character_value_fkey,plm,sesame_asset_character,plm,sesame_character,a,r,"FOREIGN KEY (capture_id, field_generation, value_key) REFERENCES plm.sesame_character(capture_id, field_generation, value_key) ON DELETE RESTRICT",24576,0,0,0,0,0,True
productUserAssignment_user_id_fk_fkey,plm,productUserAssignment,app,users,c,a,FOREIGN KEY (user_id_fk) REFERENCES app.users(id) ON UPDATE CASCADE,24576,0,0,0,0,0,True
sesame_asset_theme_value_fkey,plm,sesame_asset_theme,plm,sesame_theme,a,r,"FOREIGN KEY (capture_id, field_generation, value_key) REFERENCES plm.sesame_theme(capture_id, field_generation, value_key) ON DELETE RESTRICT",24576,0,0,0,0,0,True
sesame_style_guide_character_character_fkey,plm,sesame_style_guide_character,plm,sesame_character,a,r,"FOREIGN KEY (capture_id, character_field_generation, character_value_key) REFERENCES plm.sesame_character(capture_id, field_generation, value_key) ON DELETE RESTRICT",24576,0,0,0,0,0,False
sesame_style_guide_character_guide_fkey,plm,sesame_style_guide_character,plm,sesame_style_guide,a,r,"FOREIGN KEY (capture_id, guide_field_generation, guide_value_key) REFERENCES plm.sesame_style_guide(capture_id, field_generation, value_key) ON DELETE RESTRICT",24576,0,0,0,0,0,False
sesame_sub_brand_capture_fkey,plm,sesame_sub_brand,plm,sesame_capture,a,r,FOREIGN KEY (capture_id) REFERENCES plm.sesame_capture(id) ON DELETE RESTRICT,24576,0,0,0,0,0,True
sesame_asset_theme_asset_fkey,plm,sesame_asset_theme,plm,sesame_asset,a,r,"FOREIGN KEY (capture_id, asset_source_id) REFERENCES plm.sesame_asset(capture_id, asset_source_id) ON DELETE RESTRICT",24576,0,0,0,0,0,True
production_order_snapshot_sync_run_id_fkey,dam,production_order_snapshot,ingest,sync_run,a,n,FOREIGN KEY (sync_run_id) REFERENCES ingest.sync_run(id) ON DELETE SET NULL,24576,0,0,0,0,0,False
production_order_snapshot_production_order_line_id_fkey,dam,production_order_snapshot,plm,production_order_line,a,n,FOREIGN KEY (production_order_line_id) REFERENCES plm.production_order_line(id) ON DELETE SET NULL,24576,0,0,0,0,0,False
productUserAssignment_item_id_fk_fkey,dflow_prod,productUserAssignment,dflow_prod,itemHeader,c,c,"FOREIGN KEY (item_id_fk) REFERENCES dflow_prod.""itemHeader""(item_id_pk) ON UPDATE CASCADE ON DELETE CASCADE",24576,0,0,0,0,0,True
productUserAssignment_user_id_fk_fkey,dflow_prod,productUserAssignment,dflow_prod,users,c,a,FOREIGN KEY (user_id_fk) REFERENCES dflow_prod.users(id) ON UPDATE CASCADE,24576,0,0,0,0,0,True
marvel_asgard_character_opa_resolution_opa_character_id_fkey,plm,marvel_asgard_character_opa_resolution,plm,opa_character,a,a,FOREIGN KEY (opa_character_id) REFERENCES plm.opa_character(character_id),24576,0,0,0,0,0,False
marvel_asgard_character_opa_resol_supersedes_resolution_id_fkey,plm,marvel_asgard_character_opa_resolution,plm,marvel_asgard_character_opa_resolution,a,a,FOREIGN KEY (supersedes_resolution_id) REFERENCES plm.marvel_asgard_character_opa_resolution(id),24576,0,0,0,0,0,False
marvel_asgard_character_opa_resolution_asgard_character_id_fkey,plm,marvel_asgard_character_opa_resolution,plm,marvel_asgard_character,a,a,FOREIGN KEY (asgard_character_id) REFERENCES plm.marvel_asgard_character(id),24576,0,0,0,0,0,True
licensing_status_item_id_fkey,plm,licensing_status,plm,item,a,c,FOREIGN KEY (item_id) REFERENCES plm.item(id) ON DELETE CASCADE,24576,0,0,0,0,0,False
licensing_status_licensor_id_fkey,plm,licensing_status,core,licensor,a,n,FOREIGN KEY (licensor_id) REFERENCES core.licensor(id) ON DELETE SET NULL,24576,0,0,0,0,0,False
licensing_status_property_id_fkey,plm,licensing_status,core,property,a,n,FOREIGN KEY (property_id) REFERENCES core.property(id) ON DELETE SET NULL,24576,0,0,0,0,0,False
sesame_asset_category_asset_fkey,plm,sesame_asset_category,plm,sesame_asset,a,r,"FOREIGN KEY (capture_id, asset_source_id) REFERENCES plm.sesame_asset(capture_id, asset_source_id) ON DELETE RESTRICT",24576,0,0,0,0,0,True
sesame_asset_category_category_fkey,plm,sesame_asset_category,plm,sesame_category,a,r,"FOREIGN KEY (capture_id, category_source_id) REFERENCES plm.sesame_category(capture_id, category_source_id) ON DELETE RESTRICT",24576,0,0,0,0,0,True
licensingFeedbackReply_licensing_status_id_fk_fkey,dflow_prod,licensingFeedbackReply,dflow_prod,licensingStatus,a,c,"FOREIGN KEY (licensing_status_id_fk) REFERENCES dflow_prod.""licensingStatus""(id) ON DELETE CASCADE",24576,0,0,0,0,0,True
rfq_item_rfq_group_id_fkey,plm,rfq_item,plm,rfq_group,a,c,FOREIGN KEY (rfq_group_id) REFERENCES plm.rfq_group(id) ON DELETE CASCADE,24576,0,0,0,0,0,False
design_primary_asset_id_fkey,pim,design,dam,asset,a,n,FOREIGN KEY (primary_asset_id) REFERENCES dam.asset(id) ON DELETE SET NULL,24576,0,0,0,0,0,False
design_design_collection_id_fkey,pim,design,pim,design_collection,a,n,FOREIGN KEY (design_collection_id) REFERENCES pim.design_collection(id) ON DELETE SET NULL,24576,0,0,0,0,0,False
twentieth_century_dcp_portal_tile_first_seen_crawl_id_fkey,plm,twentieth_century_dcp_portal_tile,plm,twentieth_century_dcp_crawl,a,n,FOREIGN KEY (first_seen_crawl_id) REFERENCES plm.twentieth_century_dcp_crawl(crawl_id) ON DELETE SET NULL,24576,0,0,0,0,0,False
twentieth_century_dcp_portal_tile_last_seen_crawl_id_fkey,plm,twentieth_century_dcp_portal_tile,plm,twentieth_century_dcp_crawl,a,n,FOREIGN KEY (last_seen_crawl_id) REFERENCES plm.twentieth_century_dcp_crawl(crawl_id) ON DELETE SET NULL,24576,0,0,0,0,0,False
twentieth_century_dcp_portal_tile_core_property_id_fkey,plm,twentieth_century_dcp_portal_tile,core,property,a,r,FOREIGN KEY (core_property_id) REFERENCES core.property(id) ON DELETE RESTRICT,24576,0,0,0,0,0,False
sesame_asset_sub_brand_value_fkey,plm,sesame_asset_sub_brand,plm,sesame_sub_brand,a,r,"FOREIGN KEY (capture_id, field_generation, value_key) REFERENCES plm.sesame_sub_brand(capture_id, field_generation, value_key) ON DELETE RESTRICT",24576,0,0,0,0,0,True
sample_attachment_sample_id_fk_fkey,dflow_prod,sample_attachment,dflow_prod,sample,c,c,FOREIGN KEY (sample_id_fk) REFERENCES dflow_prod.sample(sample_id_pk) ON UPDATE CASCADE ON DELETE CASCADE,24576,0,0,0,0,0,True
productUserAssignment_item_id_fk_fkey,plm,productUserAssignment,plm,itemHeader,c,c,"FOREIGN KEY (item_id_fk) REFERENCES plm.""itemHeader""(item_id_pk) ON UPDATE CASCADE ON DELETE CASCADE",24576,0,0,0,0,0,True
sesame_asset_type_capture_fkey,plm,sesame_asset_type,plm,sesame_capture,a,r,FOREIGN KEY (capture_id) REFERENCES plm.sesame_capture(id) ON DELETE RESTRICT,24576,0,0,0,0,0,True
sesame_asset_sub_brand_asset_fkey,plm,sesame_asset_sub_brand,plm,sesame_asset,a,r,"FOREIGN KEY (capture_id, asset_source_id) REFERENCES plm.sesame_asset(capture_id, asset_source_id) ON DELETE RESTRICT",24576,0,0,0,0,0,True
sesame_character_capture_fkey,plm,sesame_character,plm,sesame_capture,a,r,FOREIGN KEY (capture_id) REFERENCES plm.sesame_capture(id) ON DELETE RESTRICT,24576,0,0,0,0,0,True
sample_box_id_fk_fkey,dflow_prod,sample,dflow_prod,sample_box,c,n,FOREIGN KEY (box_id_fk) REFERENCES dflow_prod.sample_box(box_id_pk) ON UPDATE CASCADE ON DELETE SET NULL,24576,0,0,0,0,0,True
sample_factory_group_id_fk_fkey,dflow_prod,sample,dflow_prod,sample_factory_group,c,n,FOREIGN KEY (factory_group_id_fk) REFERENCES dflow_prod.sample_factory_group(factory_group_id_pk) ON UPDATE CASCADE ON DELETE SET NULL,24576,0,0,0,0,0,False
sesame_brand_capture_fkey,plm,sesame_brand,plm,sesame_capture,a,r,FOREIGN KEY (capture_id) REFERENCES plm.sesame_capture(id) ON DELETE RESTRICT,24576,0,0,0,0,0,True
merch_group_parent_id_fkey,core,merch_group,core,merch_group,a,n,FOREIGN KEY (parent_id) REFERENCES core.merch_group(id) ON DELETE SET NULL,24576,0,0,0,0,0,True
sesame_asset_style_guide_asset_fkey,plm,sesame_asset_style_guide,plm,sesame_asset,a,r,"FOREIGN KEY (capture_id, asset_source_id) REFERENCES plm.sesame_asset(capture_id, asset_source_id) ON DELETE RESTRICT",24576,0,0,0,0,0,True
processing_queue_asset_id_fkey,public,processing_queue,public,assets,a,c,FOREIGN KEY (asset_id) REFERENCES assets(id) ON DELETE CASCADE,24576,0,0,0,1478880,0,False
sesame_art_style_capture_fkey,plm,sesame_art_style,plm,sesame_capture,a,r,FOREIGN KEY (capture_id) REFERENCES plm.sesame_capture(id) ON DELETE RESTRICT,24576,0,0,0,0,0,True
twentieth_century_dcp_term_first_seen_metadata_run_id_fkey,plm,twentieth_century_dcp_term,plm,twentieth_century_dcp_metadata_run,a,n,FOREIGN KEY (first_seen_metadata_run_id) REFERENCES plm.twentieth_century_dcp_metadata_run(metadata_run_id) ON DELETE SET NULL,24576,0,0,0,0,0,False
twentieth_century_dcp_term_last_seen_metadata_run_id_fkey,plm,twentieth_century_dcp_term,plm,twentieth_century_dcp_metadata_run,a,n,FOREIGN KEY (last_seen_metadata_run_id) REFERENCES plm.twentieth_century_dcp_metadata_run(metadata_run_id) ON DELETE SET NULL,24576,0,0,0,0,0,False
nbcu_asset_character_character_fkey,plm,nbcu_asset_character,plm,nbcu_character,a,r,"FOREIGN KEY (capture_id, character_key) REFERENCES plm.nbcu_character(capture_id, character_key) ON DELETE RESTRICT",24576,0,0,0,0,0,True
nbcu_asset_character_asset_fkey,plm,nbcu_asset_character,plm,nbcu_asset,a,r,"FOREIGN KEY (capture_id, asset_source_key) REFERENCES plm.nbcu_asset(capture_id, asset_source_key) ON DELETE RESTRICT",24576,0,0,0,0,0,True
sesame_asset_style_guide_value_fkey,plm,sesame_asset_style_guide,plm,sesame_style_guide,a,r,"FOREIGN KEY (capture_id, field_generation, value_key) REFERENCES plm.sesame_style_guide(capture_id, field_generation, value_key) ON DELETE RESTRICT",24576,0,0,0,0,0,True
marvel_asgard_guide_opa_property_res_asgard_style_guide_id_fkey,plm,marvel_asgard_guide_opa_property_resolution,plm,marvel_asgard_style_guide,a,a,FOREIGN KEY (asgard_style_guide_id) REFERENCES plm.marvel_asgard_style_guide(id),24576,0,0,0,0,0,True
marvel_asgard_guide_opa_property_resolutio_opa_property_id_fkey,plm,marvel_asgard_guide_opa_property_resolution,plm,opa_property,a,a,FOREIGN KEY (opa_property_id) REFERENCES plm.opa_property(licensed_property_id),24576,0,0,0,0,0,False
sesame_asset_art_style_asset_fkey,plm,sesame_asset_art_style,plm,sesame_asset,a,r,"FOREIGN KEY (capture_id, asset_source_id) REFERENCES plm.sesame_asset(capture_id, asset_source_id) ON DELETE RESTRICT",24576,0,0,0,0,0,True
sesame_asset_brand_value_fkey,plm,sesame_asset_brand,plm,sesame_brand,a,r,"FOREIGN KEY (capture_id, field_generation, value_key) REFERENCES plm.sesame_brand(capture_id, field_generation, value_key) ON DELETE RESTRICT",24576,0,0,0,0,0,True
sesame_asset_brand_asset_fkey,plm,sesame_asset_brand,plm,sesame_asset,a,r,"FOREIGN KEY (capture_id, asset_source_id) REFERENCES plm.sesame_asset(capture_id, asset_source_id) ON DELETE RESTRICT",24576,0,0,0,0,0,True
sesame_asset_art_style_value_fkey,plm,sesame_asset_art_style,plm,sesame_art_style,a,r,"FOREIGN KEY (capture_id, field_generation, value_key) REFERENCES plm.sesame_art_style(capture_id, field_generation, value_key) ON DELETE RESTRICT",24576,0,0,0,0,0,True
marvel_asgard_guide_opa_property__supersedes_resolution_id_fkey,plm,marvel_asgard_guide_opa_property_resolution,plm,marvel_asgard_guide_opa_property_resolution,a,a,FOREIGN KEY (supersedes_resolution_id) REFERENCES plm.marvel_asgard_guide_opa_property_resolution(id),24576,0,0,0,0,0,False
sample_attachment_sample_id_fk_fkey,plm,sample_attachment,plm,sample,c,c,FOREIGN KEY (sample_id_fk) REFERENCES plm.sample(sample_id_pk) ON UPDATE CASCADE ON DELETE CASCADE,24576,0,0,0,0,0,True
design_asset_asset_id_fkey,pim,design_asset,dam,asset,a,c,FOREIGN KEY (asset_id) REFERENCES dam.asset(id) ON DELETE CASCADE,24576,0,0,0,0,0,False
twentieth_century_dcp_asset_c_twentieth_century_dcp_asset__fkey,plm,twentieth_century_dcp_asset_crawl,plm,twentieth_century_dcp_asset,a,r,FOREIGN KEY (twentieth_century_dcp_asset_id) REFERENCES plm.twentieth_century_dcp_asset(id) ON DELETE RESTRICT,24576,0,0,0,0,0,True
twentieth_century_dcp_asset_crawl_crawl_id_fkey,plm,twentieth_century_dcp_asset_crawl,plm,twentieth_century_dcp_crawl,a,c,FOREIGN KEY (crawl_id) REFERENCES plm.twentieth_century_dcp_crawl(crawl_id) ON DELETE CASCADE,24576,0,0,0,0,0,True
design_collection_company_id_fkey,pim,design_collection,core,customer,a,n,FOREIGN KEY (company_id) REFERENCES core.customer(id) ON DELETE SET NULL,24576,0,0,0,0,0,False
design_asset_design_id_fkey,pim,design_asset,pim,design,a,c,FOREIGN KEY (design_id) REFERENCES pim.design(id) ON DELETE CASCADE,24576,0,0,0,0,0,True
product_subtypes_type_id_fkey,public,product_subtypes,public,product_types,a,c,FOREIGN KEY (type_id) REFERENCES product_types(id) ON DELETE CASCADE,24576,0,0,0,0,0,False
processing_queue_asset_id_fkey,dam,processing_queue,dam,asset,a,c,FOREIGN KEY (asset_id) REFERENCES dam.asset(id) ON DELETE CASCADE,16384,0,0,0,0,0,False
item_header_run_id_fkey,coldlion,item_header,coldlion,sync_run,a,a,FOREIGN KEY (run_id) REFERENCES coldlion.sync_run(id),16384,0,0,0,0,0,False
sample_comments_sample_id_fk_fkey,dflow_prod,sample_comments,dflow_prod,sample,c,c,FOREIGN KEY (sample_id_fk) REFERENCES dflow_prod.sample(sample_id_pk) ON UPDATE CASCADE ON DELETE CASCADE,16384,0,0,0,0,0,False
sample_comments_user_id_fkey,plm,sample_comments,app,users,c,a,FOREIGN KEY (user_id) REFERENCES app.users(id) ON UPDATE CASCADE,16384,0,0,0,0,0,False
sample_comments_sample_id_fk_fkey,plm,sample_comments,plm,sample,c,c,FOREIGN KEY (sample_id_fk) REFERENCES plm.sample(sample_id_pk) ON UPDATE CASCADE ON DELETE CASCADE,16384,0,0,0,0,0,False
coke_approval_comment_capture_id_approval_route_id_fkey,plm,coke_approval_comment,plm,coke_approval_item,a,a,"FOREIGN KEY (capture_id, approval_route_id) REFERENCES plm.coke_approval_item(capture_id, approval_route_id)",16384,0,0,0,0,0,True
dedupe_candidate_resolved_by_profile_id_fkey,ingest,dedupe_candidate,app,profile,a,n,FOREIGN KEY (resolved_by_profile_id) REFERENCES app.profile(id) ON DELETE SET NULL,16384,0,0,0,0,0,False
sesame_asset_capture_fkey,plm,sesame_asset,plm,sesame_capture,a,r,FOREIGN KEY (capture_id) REFERENCES plm.sesame_capture(id) ON DELETE RESTRICT,16384,0,0,0,0,0,True
wb_franchise_property_evidence_franchise_id_fkey,plm,wb_franchise_property_evidence,plm,wb_franchise,a,r,FOREIGN KEY (franchise_id) REFERENCES plm.wb_franchise(id) ON DELETE RESTRICT,16384,0,0,0,0,0,True
sample_comments_user_id_fkey,dflow_prod,sample_comments,dflow_prod,users,c,a,FOREIGN KEY (user_id) REFERENCES dflow_prod.users(id) ON UPDATE CASCADE,16384,0,0,0,0,0,False
licensingStatus_tagged_group_id_fkey,dflow_prod,licensingStatus,dflow_prod,groups,a,a,FOREIGN KEY (tagged_group_id) REFERENCES dflow_prod.groups(id),16384,0,0,0,0,0,False
order_history_component_run_id_fkey,coldlion,order_history_component,coldlion,sync_run,a,a,FOREIGN KEY (run_id) REFERENCES coldlion.sync_run(id),16384,0,0,0,0,0,False
prod_history_line_run_id_fkey,coldlion,prod_history_line,coldlion,sync_run,a,a,FOREIGN KEY (run_id) REFERENCES coldlion.sync_run(id),16384,0,0,0,0,0,False
vendor_run_id_fkey,coldlion,vendor,coldlion,sync_run,a,a,FOREIGN KEY (run_id) REFERENCES coldlion.sync_run(id),16384,0,0,0,0,0,False
merch_group_header_run_id_fkey,coldlion,merch_group_header,coldlion,sync_run,a,a,FOREIGN KEY (run_id) REFERENCES coldlion.sync_run(id),16384,0,0,0,0,0,False
wb_franchise_property_evidence_property_id_fkey,plm,wb_franchise_property_evidence,plm,wb_property,a,r,FOREIGN KEY (property_id) REFERENCES plm.wb_property(id) ON DELETE RESTRICT,16384,0,0,0,0,0,False
merch_group_detail_run_id_fkey,coldlion,merch_group_detail,coldlion,sync_run,a,a,FOREIGN KEY (run_id) REFERENCES coldlion.sync_run(id),16384,0,0,0,0,0,False
merch_group_detail_company_code_division_code_mg_type_code_fkey,coldlion,merch_group_detail,coldlion,merch_group_header,a,a,"FOREIGN KEY (company_code, division_code, mg_type_code) REFERENCES coldlion.merch_group_header(company_code, division_code, mg_type_code)",16384,0,0,0,0,0,True
item_detail_run_id_fkey,coldlion,item_detail,coldlion,sync_run,a,a,FOREIGN KEY (run_id) REFERENCES coldlion.sync_run(id),16384,0,0,0,0,0,False
wb_franchise_property_evidence_capture_id_capture_chunk_fkey,plm,wb_franchise_property_evidence,plm,wb_capture,a,r,"FOREIGN KEY (capture_id, capture_chunk) REFERENCES plm.wb_capture(capture_id, chunk_number) ON DELETE RESTRICT",16384,0,0,0,0,0,False
item_detail_company_code_division_code_item_no_fkey,coldlion,item_detail,coldlion,item_header,a,c,"FOREIGN KEY (company_code, division_code, item_no) REFERENCES coldlion.item_header(company_code, division_code, item_no) ON DELETE CASCADE",16384,0,0,0,0,0,True
item_merch_group_run_id_fkey,coldlion,item_merch_group,coldlion,sync_run,a,a,FOREIGN KEY (run_id) REFERENCES coldlion.sync_run(id),16384,0,0,0,0,0,False
item_merch_group_company_code_division_code_item_no_fkey,coldlion,item_merch_group,coldlion,item_header,a,c,"FOREIGN KEY (company_code, division_code, item_no) REFERENCES coldlion.item_header(company_code, division_code, item_no) ON DELETE CASCADE",16384,0,0,0,0,0,True
wb_character_canonical_property_edge_source_entity_id_fkey,plm,wb_character_canonical_property_edge,plm,wb_character_normalized,a,r,FOREIGN KEY (source_entity_id) REFERENCES plm.wb_character_normalized(id) ON DELETE RESTRICT,16384,0,0,0,0,0,True
wb_asset_canonical_property_edge_canonical_property_id_fkey,plm,wb_asset_canonical_property_edge,core,property,a,r,FOREIGN KEY (canonical_property_id) REFERENCES core.property(id) ON DELETE RESTRICT,16384,0,0,0,0,0,False
customer_run_id_fkey,coldlion,customer,coldlion,sync_run,a,a,FOREIGN KEY (run_id) REFERENCES coldlion.sync_run(id),16384,0,0,0,0,0,False
UIElements_ParentId_fkey,dflow_prod,UIElements,dflow_prod,UIElements,a,a,"FOREIGN KEY (""ParentId"") REFERENCES dflow_prod.""UIElements""(""Id"")",16384,0,0,0,0,0,True
property_character_associations_character_id_fkey,core,property_character_associations,core,character,c,r,"FOREIGN KEY (character_id) REFERENCES core.""character""(id) ON UPDATE CASCADE ON DELETE RESTRICT",16384,0,0,0,0,0,True
salesperson_run_id_fkey,coldlion,salesperson,coldlion,sync_run,a,a,FOREIGN KEY (run_id) REFERENCES coldlion.sync_run(id),16384,0,0,0,0,0,False
wb_asset_canonical_property_edge_source_entity_id_fkey,plm,wb_asset_canonical_property_edge,plm,wb_asset_normalized,a,r,FOREIGN KEY (source_entity_id) REFERENCES plm.wb_asset_normalized(id) ON DELETE RESTRICT,16384,0,0,0,0,0,True
wb_style_guide_canonical_property_ed_canonical_property_id_fkey,plm,wb_style_guide_canonical_property_edge,core,property,a,r,FOREIGN KEY (canonical_property_id) REFERENCES core.property(id) ON DELETE RESTRICT,16384,0,0,0,0,0,False
db_data_admin_grid_state_profile_id_fkey,app,db_data_admin_grid_state,app,profile,a,c,FOREIGN KEY (profile_id) REFERENCES app.profile(id) ON DELETE CASCADE,16384,0,0,0,0,0,True
helper_device_paired_profile_id_fkey,dam,helper_device,app,profile,a,n,FOREIGN KEY (paired_profile_id) REFERENCES app.profile(id) ON DELETE SET NULL,16384,0,0,0,0,0,False
asset_path_history_asset_id_fkey,dam,asset_path_history,dam,asset,a,c,FOREIGN KEY (asset_id) REFERENCES dam.asset(id) ON DELETE CASCADE,16384,0,0,0,0,0,False
s3_multipart_uploads_parts_bucket_id_fkey,storage,s3_multipart_uploads_parts,storage,buckets,a,a,FOREIGN KEY (bucket_id) REFERENCES storage.buckets(id),16384,0,0,0,0,0,False
s3_multipart_uploads_parts_upload_id_fkey,storage,s3_multipart_uploads_parts,storage,s3_multipart_uploads,a,c,FOREIGN KEY (upload_id) REFERENCES storage.s3_multipart_uploads(id) ON DELETE CASCADE,16384,0,0,0,0,0,False
asset_character_asset_id_fkey,dam,asset_character,dam,asset,a,c,FOREIGN KEY (asset_id) REFERENCES dam.asset(id) ON DELETE CASCADE,16384,0,0,0,0,0,True
twentieth_century_dcp_chunk_ledger_crawl_id_fkey,plm,twentieth_century_dcp_chunk_ledger,plm,twentieth_century_dcp_crawl,a,c,FOREIGN KEY (crawl_id) REFERENCES plm.twentieth_century_dcp_crawl(crawl_id) ON DELETE CASCADE,16384,0,0,0,0,0,True
product_style_group_product_id_fkey,pim,product_style_group,pim,product,a,c,FOREIGN KEY (product_id) REFERENCES pim.product(id) ON DELETE CASCADE,16384,0,0,0,0,0,True
asset_checkout_asset_id_fkey,dam,asset_checkout,dam,asset,a,c,FOREIGN KEY (asset_id) REFERENCES dam.asset(id) ON DELETE CASCADE,16384,0,0,0,0,0,False
asset_checkout_checked_out_by_profile_id_fkey,dam,asset_checkout,app,profile,a,n,FOREIGN KEY (checked_out_by_profile_id) REFERENCES app.profile(id) ON DELETE SET NULL,16384,0,0,0,0,0,False
wb_style_guide_canonical_property_edge_source_entity_id_fkey,plm,wb_style_guide_canonical_property_edge,plm,wb_style_guide_normalized,a,r,FOREIGN KEY (source_entity_id) REFERENCES plm.wb_style_guide_normalized(id) ON DELETE RESTRICT,16384,0,0,0,0,0,True
product_style_group_style_group_id_fkey,pim,product_style_group,dam,style_group,a,c,FOREIGN KEY (style_group_id) REFERENCES dam.style_group(id) ON DELETE CASCADE,16384,0,0,0,0,0,False
property_character_associations_property_id_fkey,core,property_character_associations,core,property,c,r,FOREIGN KEY (property_id) REFERENCES core.property(id) ON UPDATE CASCADE ON DELETE RESTRICT,16384,0,0,0,0,0,True
twentieth_century_dcp_metadata_chunk_ledge_metadata_run_id_fkey,plm,twentieth_century_dcp_metadata_chunk_ledger,plm,twentieth_century_dcp_metadata_run,a,c,FOREIGN KEY (metadata_run_id) REFERENCES plm.twentieth_century_dcp_metadata_run(metadata_run_id) ON DELETE CASCADE,16384,0,0,0,0,0,True
season_run_id_fkey,coldlion,season,coldlion,sync_run,a,a,FOREIGN KEY (run_id) REFERENCES coldlion.sync_run(id),16384,0,0,0,0,0,False
dam_asset_checkout_helper_device_fk,dam,asset_checkout,dam,helper_device,a,n,FOREIGN KEY (helper_device_id) REFERENCES dam.helper_device(id) ON DELETE SET NULL,16384,0,0,0,0,0,False
prod_history_last_lookup_run_id_fkey,coldlion,prod_history_last_lookup,coldlion,sync_run,a,a,FOREIGN KEY (run_id) REFERENCES coldlion.sync_run(id),16384,0,0,0,0,0,False
note_opportunity_id_fkey,crm,note,crm,opportunity,a,c,FOREIGN KEY (opportunity_id) REFERENCES crm.opportunity(id) ON DELETE CASCADE,16384,0,0,0,0,0,False
note_company_id_fkey,crm,note,core,customer,a,n,FOREIGN KEY (company_id) REFERENCES core.customer(id) ON DELETE SET NULL,16384,0,0,0,0,0,False
note_created_by_profile_id_fkey,crm,note,app,profile,a,n,FOREIGN KEY (created_by_profile_id) REFERENCES app.profile(id) ON DELETE SET NULL,16384,0,0,0,0,0,False
note_department_id_fkey,crm,note,crm,department,a,n,FOREIGN KEY (department_id) REFERENCES crm.department(id) ON DELETE SET NULL,16384,0,0,0,0,0,False
note_contact_id_fkey,crm,note,core,contact,a,n,FOREIGN KEY (contact_id) REFERENCES core.contact(id) ON DELETE SET NULL,16384,0,0,0,0,0,False
order_history_line_run_id_fkey,coldlion,order_history_line,coldlion,sync_run,a,a,FOREIGN KEY (run_id) REFERENCES coldlion.sync_run(id),16384,0,0,0,0,0,False
prod_history_component_run_id_fkey,coldlion,prod_history_component,coldlion,sync_run,a,a,FOREIGN KEY (run_id) REFERENCES coldlion.sync_run(id),16384,0,0,0,0,0,False
sample_comments_sample_id_fk_fkey,dflow,sample_comments,dflow,sample,c,c,FOREIGN KEY (sample_id_fk) REFERENCES dflow.sample(sample_id_pk) ON UPDATE CASCADE ON DELETE CASCADE,16384,0,0,0,0,0,False
wb_character_canonical_property_edge_canonical_property_id_fkey,plm,wb_character_canonical_property_edge,core,property,a,r,FOREIGN KEY (canonical_property_id) REFERENCES core.property(id) ON DELETE RESTRICT,16384,0,0,0,0,0,False
sample_shipment_item_box_id_fk_fkey,dflow_prod,sample_shipment_item,dflow_prod,sample_box,c,n,FOREIGN KEY (box_id_fk) REFERENCES dflow_prod.sample_box(box_id_pk) ON UPDATE CASCADE ON DELETE SET NULL,8192,0,0,0,0,0,False
sample_shipment_item_sample_id_fk_fkey,plm,sample_shipment_item,plm,sample,c,c,FOREIGN KEY (sample_id_fk) REFERENCES plm.sample(sample_id_pk) ON UPDATE CASCADE ON DELETE CASCADE,8192,0,0,0,0,0,False
sample_shipment_item_box_id_fk_fkey,plm,sample_shipment_item,plm,sample_box,c,n,FOREIGN KEY (box_id_fk) REFERENCES plm.sample_box(box_id_pk) ON UPDATE CASCADE ON DELETE SET NULL,8192,0,0,0,0,0,False
sample_shipment_item_sample_id_fk_fkey,dflow_prod,sample_shipment_item,dflow_prod,sample,c,c,FOREIGN KEY (sample_id_fk) REFERENCES dflow_prod.sample(sample_id_pk) ON UPDATE CASCADE ON DELETE CASCADE,8192,0,0,0,0,0,False
