schema,table_name,index_name,indexdef,is_unique,is_primary,is_valid,is_ready,is_partial,has_expressions,key_atts,total_atts,constraint_owned,constraint_type,index_bytes,idx_scan,idx_tup_read,idx_tup_fetch,last_idx_scan
plm,nbcu_asset_metadata_value,nbcu_asset_metadata_value_pkey,"CREATE UNIQUE INDEX nbcu_asset_metadata_value_pkey ON plm.nbcu_asset_metadata_value USING btree (capture_id, asset_source_key, field_name, value_ordinal)",True,True,True,True,False,False,4,4,True,p,580493312,0,0,0,
public,assets,idx_assets_relative_path_trgm,CREATE INDEX idx_assets_relative_path_trgm ON public.assets USING gin (relative_path extensions.gin_trgm_ops),False,False,True,True,False,False,1,1,False,,292536320,0,0,0,
public,asset_effective_tags,asset_effective_tags_asset_tag_scope_uidx,"CREATE UNIQUE INDEX asset_effective_tags_asset_tag_scope_uidx ON public.asset_effective_tags USING btree (asset_id, tag, scope)",True,False,True,True,False,False,3,3,False,,221233152,9198867,13598561,6762627,2026-09-03 15:37:53.620434-04
public,asset_tags,asset_tags_forward_asset_id_idx,"CREATE INDEX asset_tags_forward_asset_id_idx ON public.asset_tags USING btree (asset_id, id)",False,False,True,True,False,False,2,2,False,,216154112,2,2,0,2026-08-30 13:12:22.56378-04
plm,dcp_asset_term_observation,dcp_asset_term_obs_pkey,"CREATE UNIQUE INDEX dcp_asset_term_obs_pkey ON plm.dcp_asset_term_observation USING btree (metadata_run_id, dcp_asset_id, dcp_term_id)",True,True,True,True,False,False,3,3,True,p,208109568,0,0,0,
public,asset_tags,asset_tags_asset_id_tag_key,"CREATE UNIQUE INDEX asset_tags_asset_id_tag_key ON public.asset_tags USING btree (asset_id, tag)",True,False,True,True,False,False,2,2,True,u,184328192,0,0,0,
public,assets,idx_assets_facet_counts,"CREATE INDEX idx_assets_facet_counts ON public.assets USING btree (is_deleted) INCLUDE (file_type, status, workflow_status, stage, is_licensed, modified_at, file_created_at, thumbnail_url, style_group_id) WHERE (is_deleted = false)",False,False,True,True,True,False,1,10,False,,172572672,103,11794703,5089406,2026-09-04 17:03:00.811302-04
public,asset_effective_tags,asset_effective_tags_tag_asset_idx,"CREATE INDEX asset_effective_tags_tag_asset_idx ON public.asset_effective_tags USING btree (tag, asset_id)",False,False,True,True,False,False,2,2,False,,163651584,623017,5145303,967129,2026-09-04 09:28:02.449696-04
public,asset_tags,asset_tags_pkey,CREATE UNIQUE INDEX asset_tags_pkey ON public.asset_tags USING btree (id),True,True,True,True,False,False,1,1,True,p,141434880,0,0,0,
public,style_guide_files,idx_sgf_relative_path_trgm,CREATE INDEX idx_sgf_relative_path_trgm ON public.style_guide_files USING gin (relative_path extensions.gin_trgm_ops),False,False,True,True,False,False,1,1,False,,134053888,0,0,0,
public,asset_tags,asset_tags_active_asset_idx,"CREATE INDEX asset_tags_active_asset_idx ON public.asset_tags USING btree (asset_id, tag) WHERE (status = 'active'::text)",False,False,True,True,True,False,2,2,False,,133660672,1874211,34807080,636297,2026-09-04 17:28:49.238317-04
public,style_guide_file_tags,idx_style_guide_file_tags_tag_status,"CREATE INDEX idx_style_guide_file_tags_tag_status ON public.style_guide_file_tags USING btree (tag_id, status, style_guide_file_id)",False,False,True,True,False,False,3,3,False,,124502016,264,264,132,2026-09-03 22:09:18.61458-04
public,assets,idx_assets_ai_tag_all_candidates,"CREATE INDEX idx_assets_ai_tag_all_candidates ON public.assets USING btree (primary_sort_tier, id) INCLUDE (thumbnail_url, filename, relative_path, style_group_id) WHERE ((is_deleted = false) AND (thumbnail_url IS NOT NULL) AND (primary_sort_tier <> ALL (ARRAY[4, 8])))",False,False,True,True,True,False,2,6,False,,113786880,10,10094,3618,2026-09-03 08:56:51.568695-04
public,style_guide_files,idx_sgf_directory_path_trgm,CREATE INDEX idx_sgf_directory_path_trgm ON public.style_guide_files USING gin (directory_path extensions.gin_trgm_ops),False,False,True,True,False,False,1,1,False,,111771648,0,0,0,
public,style_guide_file_tags,style_guide_file_tags_unique_source,"CREATE UNIQUE INDEX style_guide_file_tags_unique_source ON public.style_guide_file_tags USING btree (style_guide_file_id, tag_id, source, rule_version)",True,False,True,True,False,False,4,4,True,u,107692032,22677,29553,29532,2026-09-03 22:12:38.340659-04
public,dam_search_documents,idx_dam_search_documents_path_trgm,CREATE INDEX idx_dam_search_documents_path_trgm ON public.dam_search_documents USING gin (path extensions.gin_trgm_ops),False,False,True,True,False,False,1,1,False,,103309312,63,896681,0,2026-08-31 19:44:46.985805-04
plm,nbcu_asset_property,nbcu_asset_property_pkey,"CREATE UNIQUE INDEX nbcu_asset_property_pkey ON plm.nbcu_asset_property USING btree (capture_id, asset_source_key, property_key)",True,True,True,True,False,False,3,3,True,p,90890240,0,0,0,
plm,pmt_asset_metadata_value,pmt_asset_metadata_value_pkey,"CREATE UNIQUE INDEX pmt_asset_metadata_value_pkey ON plm.pmt_asset_metadata_value USING btree (capture_id, asset_id, metadata_element_id, value_ordinal)",True,True,True,True,False,False,4,4,True,p,85090304,0,0,0,
public,assets,idx_assets_tags,CREATE INDEX idx_assets_tags ON public.assets USING gin (tags),False,False,True,True,False,False,1,1,False,,84500480,0,0,0,
plm,nbcu_asset_scope,nbcu_asset_scope_pkey,"CREATE UNIQUE INDEX nbcu_asset_scope_pkey ON plm.nbcu_asset_scope USING btree (capture_id, asset_source_key, scope_key)",True,True,True,True,False,False,3,3,True,p,79233024,0,0,0,
public,style_guide_files,style_guide_files_root_path_unique,"CREATE UNIQUE INDEX style_guide_files_root_path_unique ON public.style_guide_files USING btree (root_label, relative_path)",True,False,True,True,False,False,2,2,True,u,77512704,1523415,1521182,1521182,2026-09-03 22:11:08.883348-04
plm,dcp_asset_property_observation,dcp_asset_property_obs_pkey,"CREATE UNIQUE INDEX dcp_asset_property_obs_pkey ON plm.dcp_asset_property_observation USING btree (metadata_run_id, dcp_asset_id, dcp_property_id)",True,True,True,True,False,False,3,3,True,p,77053952,0,0,0,
public,assets,idx_assets_filename_trgm,CREATE INDEX idx_assets_filename_trgm ON public.assets USING gin (filename extensions.gin_trgm_ops),False,False,True,True,False,False,1,1,False,,75390976,35,376493,0,2026-09-03 12:50:40.587297-04
public,style_guide_files,idx_style_guide_files_tag_search_trgm,CREATE INDEX idx_style_guide_files_tag_search_trgm ON public.style_guide_files USING gin (tag_search_text extensions.gin_trgm_ops),False,False,True,True,False,False,1,1,False,,74211328,0,0,0,
public,dam_search_documents,idx_dam_search_documents_tsv,CREATE INDEX idx_dam_search_documents_tsv ON public.dam_search_documents USING gin (search_tsv),False,False,True,True,False,False,1,1,False,,71090176,150,2457667,0,2026-08-31 19:44:47.946074-04
plm,nbcu_asset_ip_family,nbcu_asset_ip_family_pkey,"CREATE UNIQUE INDEX nbcu_asset_ip_family_pkey ON plm.nbcu_asset_ip_family USING btree (capture_id, asset_source_key, ip_family_key)",True,True,True,True,False,False,3,3,True,p,68501504,0,0,0,
public,assets,assets_relative_path_unique,CREATE UNIQUE INDEX assets_relative_path_unique ON public.assets USING btree (relative_path),True,False,True,True,False,False,1,1,True,u,62840832,897651,881455,876397,2026-09-04 16:46:34.176568-04
public,assets,idx_assets_full_text_search,"CREATE INDEX idx_assets_full_text_search ON public.assets USING gin (to_tsvector('simple'::regconfig, ((((((((((((((((((COALESCE(filename, ''::text) || ' '::text) || COALESCE(relative_path, ''::text)) || ' '::text) || COALESCE(cover_description, ''::text)) || ' '::text) || COALESCE(ai_description, ''::text)) || ' '::text) || COALESCE(scene_description, ''::text)) || ' '::text) || COALESCE(customer, ''::text)) || ' '::text) || COALESCE(program, ''::text)) || ' '::text) || COALESCE(licensor_name, ''::text)) || ' '::text) || COALESCE(property_name, ''::text)) || ' '::text) || COALESCE(product_category, ''::text)))) WHERE (is_deleted = false)",False,False,True,True,True,True,1,1,False,,62423040,0,0,0,
plm,dcp_asset,dcp_asset_unique,"CREATE UNIQUE INDEX dcp_asset_unique ON plm.dcp_asset USING btree (source_system, source_path)",True,False,True,True,False,False,2,2,True,u,57966592,0,0,0,
plm,nbcu_asset,nbcu_asset_pkey,"CREATE UNIQUE INDEX nbcu_asset_pkey ON plm.nbcu_asset USING btree (capture_id, asset_source_key)",True,True,True,True,False,False,2,2,True,f,49987584,0,0,0,
plm,nbcu_asset,nbcu_asset_pkey,"CREATE UNIQUE INDEX nbcu_asset_pkey ON plm.nbcu_asset USING btree (capture_id, asset_source_key)",True,True,True,True,False,False,2,2,True,f,49987584,0,0,0,
plm,nbcu_asset,nbcu_asset_pkey,"CREATE UNIQUE INDEX nbcu_asset_pkey ON plm.nbcu_asset USING btree (capture_id, asset_source_key)",True,True,True,True,False,False,2,2,True,f,49987584,0,0,0,
plm,nbcu_asset,nbcu_asset_pkey,"CREATE UNIQUE INDEX nbcu_asset_pkey ON plm.nbcu_asset USING btree (capture_id, asset_source_key)",True,True,True,True,False,False,2,2,True,f,49987584,0,0,0,
plm,nbcu_asset,nbcu_asset_path_uk,"CREATE UNIQUE INDEX nbcu_asset_path_uk ON plm.nbcu_asset USING btree (capture_id, asset_path)",True,False,True,True,False,False,2,2,True,u,49987584,0,0,0,
plm,nbcu_asset,nbcu_asset_pkey,"CREATE UNIQUE INDEX nbcu_asset_pkey ON plm.nbcu_asset USING btree (capture_id, asset_source_key)",True,True,True,True,False,False,2,2,True,p,49987584,0,0,0,
plm,nbcu_asset,nbcu_asset_pkey,"CREATE UNIQUE INDEX nbcu_asset_pkey ON plm.nbcu_asset USING btree (capture_id, asset_source_key)",True,True,True,True,False,False,2,2,True,f,49987584,0,0,0,
plm,nbcu_asset,nbcu_asset_pkey,"CREATE UNIQUE INDEX nbcu_asset_pkey ON plm.nbcu_asset USING btree (capture_id, asset_source_key)",True,True,True,True,False,False,2,2,True,f,49987584,0,0,0,
public,style_guide_file_tags,style_guide_file_tags_pkey,CREATE UNIQUE INDEX style_guide_file_tags_pkey ON public.style_guide_file_tags USING btree (id),True,True,True,True,False,False,1,1,True,p,46170112,0,0,0,
plm,dcp_asset_tile_observation,dcp_asset_tile_observation_pkey,"CREATE UNIQUE INDEX dcp_asset_tile_observation_pkey ON plm.dcp_asset_tile_observation USING btree (crawl_id, dcp_asset_id, portal_tile_id, listing_kind)",True,True,True,True,False,False,4,4,True,p,45080576,0,0,0,
public,asset_tags,idx_asset_tags_asset_id,CREATE INDEX idx_asset_tags_asset_id ON public.asset_tags USING btree (asset_id),False,False,True,True,False,False,1,1,False,,44449792,4,52,52,2026-09-02 08:50:28.441875-04
public,style_guide_files,idx_style_guide_files_filename_trgm,CREATE INDEX idx_style_guide_files_filename_trgm ON public.style_guide_files USING gin (lower(filename) extensions.gin_trgm_ops),False,False,True,True,False,True,1,1,False,,43712512,609,4146845,0,2026-09-04 00:00:20.491838-04
plm,dcp_metadata_asset,dcp_metadata_asset_success_key,"CREATE UNIQUE INDEX dcp_metadata_asset_success_key ON plm.dcp_metadata_asset USING btree (metadata_run_id, dcp_asset_id, fetch_status)",True,False,True,True,False,False,3,3,True,f,40992768,0,0,0,
plm,dcp_metadata_asset,dcp_metadata_asset_success_key,"CREATE UNIQUE INDEX dcp_metadata_asset_success_key ON plm.dcp_metadata_asset USING btree (metadata_run_id, dcp_asset_id, fetch_status)",True,False,True,True,False,False,3,3,True,u,40992768,0,0,0,
plm,dcp_metadata_asset,dcp_metadata_asset_success_key,"CREATE UNIQUE INDEX dcp_metadata_asset_success_key ON plm.dcp_metadata_asset USING btree (metadata_run_id, dcp_asset_id, fetch_status)",True,False,True,True,False,False,3,3,True,f,40992768,0,0,0,
plm,dcp_metadata_asset,dcp_metadata_asset_success_key,"CREATE UNIQUE INDEX dcp_metadata_asset_success_key ON plm.dcp_metadata_asset USING btree (metadata_run_id, dcp_asset_id, fetch_status)",True,False,True,True,False,False,3,3,True,f,40992768,0,0,0,
public,assets,idx_assets_ai_tag_untagged_candidates,"CREATE INDEX idx_assets_ai_tag_untagged_candidates ON public.assets USING btree (primary_sort_tier, id) INCLUDE (thumbnail_url, filename, relative_path, style_group_id) WHERE ((is_deleted = false) AND (thumbnail_url IS NOT NULL) AND (primary_sort_tier <> ALL (ARRAY[4, 8])) AND (status <> 'tagged'::asset_status))",False,False,True,True,True,False,2,6,False,,40960000,20,398771,266831,2026-09-03 08:56:58.860258-04
public,asset_tags,idx_asset_tags_source,CREATE INDEX idx_asset_tags_source ON public.asset_tags USING btree (source),False,False,True,True,False,False,1,1,False,,39174144,3,4350092,79675,2026-09-04 17:28:49.238317-04
plm,wwe_asset_tag,wwe_asset_tag_pkey,"CREATE UNIQUE INDEX wwe_asset_tag_pkey ON plm.wwe_asset_tag USING btree (capture_id, asset_source_id, tag_source_key)",True,True,True,True,False,False,3,3,True,p,36249600,200271,0,0,2026-08-30 12:21:03.645318-04
plm,nbcu_asset_style_guide,nbcu_asset_style_guide_pkey,"CREATE UNIQUE INDEX nbcu_asset_style_guide_pkey ON plm.nbcu_asset_style_guide USING btree (capture_id, asset_source_key, style_guide_key)",True,True,True,True,False,False,3,3,True,p,33390592,0,0,0,
plm,dcp_metadata_asset,idx_dcp_metadata_asset_normalized_hash,"CREATE INDEX idx_dcp_metadata_asset_normalized_hash ON plm.dcp_metadata_asset USING btree (dcp_asset_id, normalized_hash) WHERE (normalized_hash IS NOT NULL)",False,False,True,True,True,False,2,2,False,,32227328,0,0,0,
public,style_guide_tagging_state,idx_style_guide_tagging_state_work,"CREATE INDEX idx_style_guide_tagging_state_work ON public.style_guide_tagging_state USING btree (pipeline, status, style_guide_file_id)",False,False,True,True,False,False,3,3,False,,31047680,36962,57106355,0,2026-09-04 17:30:11.246708-04
plm,dcp_asset_character_observation,dcp_asset_character_obs_pkey,"CREATE UNIQUE INDEX dcp_asset_character_obs_pkey ON plm.dcp_asset_character_observation USING btree (metadata_run_id, dcp_asset_id, dcp_character_id)",True,True,True,True,False,False,3,3,True,p,29941760,0,0,0,
plm,dcp_asset_property_observation,idx_dcp_asset_property_obs_property_asset,"CREATE INDEX idx_dcp_asset_property_obs_property_asset ON plm.dcp_asset_property_observation USING btree (dcp_property_id, dcp_asset_id)",False,False,True,True,False,False,2,2,False,,29622272,3004,11163758,617091,2026-09-02 22:13:21.949045-04
public,dam_search_documents,idx_dam_search_documents_title_trgm,CREATE INDEX idx_dam_search_documents_title_trgm ON public.dam_search_documents USING gin (title extensions.gin_trgm_ops),False,False,True,True,False,False,1,1,False,,28024832,63,49856,0,2026-08-31 19:44:46.985805-04
plm,nbcu_asset,idx_nbcu_asset_raw_gin,CREATE INDEX idx_nbcu_asset_raw_gin ON plm.nbcu_asset USING gin (raw),False,False,True,True,False,False,1,1,False,,27598848,0,0,0,
public,dam_search_documents,dam_search_embedding_claim_idx,"CREATE INDEX dam_search_embedding_claim_idx ON public.dam_search_documents USING btree (indexed_at, document_type, entity_id) WHERE (embedding IS NULL)",False,False,True,True,True,False,3,3,False,,27017216,4336,133920,15243,2026-09-01 18:29:40.095039-04
public,dam_search_documents,idx_dam_search_documents_embedding_hnsw,CREATE INDEX idx_dam_search_documents_embedding_hnsw ON public.dam_search_documents USING hnsw (embedding extensions.vector_cosine_ops) WHERE (embedding IS NOT NULL),False,False,True,True,True,False,1,1,False,,26640384,0,0,0,
plm,dcp_metadata_asset,dcp_metadata_asset_pkey,"CREATE UNIQUE INDEX dcp_metadata_asset_pkey ON plm.dcp_metadata_asset USING btree (metadata_run_id, dcp_asset_id)",True,True,True,True,False,False,2,2,True,p,26222592,0,0,0,
plm,lucasfilm_dcp_asset_term_observation,lucasfilm_dcp_asset_term_obs_pkey,"CREATE UNIQUE INDEX lucasfilm_dcp_asset_term_obs_pkey ON plm.lucasfilm_dcp_asset_term_observation USING btree (metadata_run_id, lucasfilm_dcp_asset_id, lucasfilm_dcp_term_id)",True,True,True,True,False,False,3,3,True,p,25804800,0,0,0,
public,assets,idx_assets_program_trgm,CREATE INDEX idx_assets_program_trgm ON public.assets USING gin (program extensions.gin_trgm_ops),False,False,True,True,False,False,1,1,False,,25264128,0,0,0,
public,style_guide_tagging_state,style_guide_tagging_state_pkey,"CREATE UNIQUE INDEX style_guide_tagging_state_pkey ON public.style_guide_tagging_state USING btree (style_guide_file_id, pipeline)",True,True,True,True,False,False,2,2,True,p,22978560,1567924,3572203,3559438,2026-09-04 17:30:11.246708-04
public,style_guide_file_tags,idx_style_guide_file_tags_file_status,"CREATE INDEX idx_style_guide_file_tags_file_status ON public.style_guide_file_tags USING btree (style_guide_file_id, status)",False,False,True,True,False,False,2,2,False,,22609920,0,0,0,
plm,dcp_asset_crawl,dcp_asset_crawl_pkey,"CREATE UNIQUE INDEX dcp_asset_crawl_pkey ON plm.dcp_asset_crawl USING btree (crawl_id, dcp_asset_id)",True,True,True,True,False,False,2,2,True,p,21872640,0,0,0,
plm,dcp_asset_crawl,dcp_asset_crawl_pkey,"CREATE UNIQUE INDEX dcp_asset_crawl_pkey ON plm.dcp_asset_crawl USING btree (crawl_id, dcp_asset_id)",True,True,True,True,False,False,2,2,True,f,21872640,0,0,0,
public,assets,idx_assets_quick_hash,CREATE INDEX idx_assets_quick_hash ON public.assets USING btree (quick_hash),False,False,True,True,False,False,1,1,False,,20881408,18789,20506,20131,2026-09-04 16:46:25.63634-04
public,style_guide_files,idx_sgf_crawl_run_id,CREATE INDEX idx_sgf_crawl_run_id ON public.style_guide_files USING btree (crawl_run_id),False,False,True,True,False,False,1,1,False,,20586496,6,653916,435999,2026-09-03 12:38:25.845397-04
plm,nbcu_asset_metadata_value,idx_nbcu_asset_metadata_value_field,"CREATE INDEX idx_nbcu_asset_metadata_value_field ON plm.nbcu_asset_metadata_value USING btree (field_name, value_text)",False,False,True,True,False,False,2,2,False,,20365312,2,2414066,207760,2026-08-30 20:41:28.391866-04
public,style_guide_files,style_guide_files_pkey,CREATE UNIQUE INDEX style_guide_files_pkey ON public.style_guide_files USING btree (id),True,True,True,True,False,False,1,1,True,f,20037632,1598634,3167587,1588157,2026-09-04 17:30:11.246708-04
public,style_guide_files,style_guide_files_pkey,CREATE UNIQUE INDEX style_guide_files_pkey ON public.style_guide_files USING btree (id),True,True,True,True,False,False,1,1,True,f,20037632,1598634,3167587,1588157,2026-09-04 17:30:11.246708-04
public,style_guide_files,style_guide_files_pkey,CREATE UNIQUE INDEX style_guide_files_pkey ON public.style_guide_files USING btree (id),True,True,True,True,False,False,1,1,True,f,20037632,1598634,3167587,1588157,2026-09-04 17:30:11.246708-04
public,style_guide_files,style_guide_files_pkey,CREATE UNIQUE INDEX style_guide_files_pkey ON public.style_guide_files USING btree (id),True,True,True,True,False,False,1,1,True,p,20037632,1598634,3167587,1588157,2026-09-04 17:30:11.246708-04
public,style_guide_files,style_guide_files_pkey,CREATE UNIQUE INDEX style_guide_files_pkey ON public.style_guide_files USING btree (id),True,True,True,True,False,False,1,1,True,f,20037632,1598634,3167587,1588157,2026-09-04 17:30:11.246708-04
public,style_guide_files,style_guide_files_pkey,CREATE UNIQUE INDEX style_guide_files_pkey ON public.style_guide_files USING btree (id),True,True,True,True,False,False,1,1,True,f,20037632,1598634,3167587,1588157,2026-09-04 17:30:11.246708-04
public,style_guide_files,idx_style_guide_files_active_modified,"CREATE INDEX idx_style_guide_files_active_modified ON public.style_guide_files USING btree (modified_at DESC NULLS LAST, filename) WHERE is_active",False,False,True,True,True,False,2,2,False,,18948096,0,0,0,
plm,dcp_asset_term_observation,idx_dcp_asset_term_obs_term,CREATE INDEX idx_dcp_asset_term_obs_term ON plm.dcp_asset_term_observation USING btree (dcp_term_id),False,False,True,True,False,False,1,1,False,,18399232,0,0,0,
public,assets,idx_assets_primary_sort_tier,"CREATE INDEX idx_assets_primary_sort_tier ON public.assets USING btree (style_group_id, primary_sort_tier, created_at) WHERE (is_deleted = false)",False,False,True,True,True,False,3,3,False,,17743872,1076665,15969745,13954322,2026-09-04 17:02:59.820394-04
ingest,raw_record,raw_record_source_system_source_table_source_id_key,"CREATE UNIQUE INDEX raw_record_source_system_source_table_source_id_key ON ingest.raw_record USING btree (source_system, source_table, source_id)",True,False,True,True,False,False,3,3,True,u,17653760,0,0,0,
public,style_guide_files,idx_sgf_property_folder,CREATE INDEX idx_sgf_property_folder ON public.style_guide_files USING btree (property_folder),False,False,True,True,False,False,1,1,False,,17588224,1,232,232,2026-09-04 17:21:16.970857-04
plm,pmt_asset_collection,pmt_asset_collection_pkey,"CREATE UNIQUE INDEX pmt_asset_collection_pkey ON plm.pmt_asset_collection USING btree (capture_id, asset_id, collection_source_id)",True,True,True,True,False,False,3,3,True,p,17080320,0,0,0,
public,style_guide_files,idx_sgf_normalized_name,CREATE INDEX idx_sgf_normalized_name ON public.style_guide_files USING btree (normalized_name),False,False,True,True,False,False,1,1,False,,16883712,0,0,0,
plm,pmt_asset_metadata_value,idx_pmt_amv_asset,"CREATE INDEX idx_pmt_amv_asset ON plm.pmt_asset_metadata_value USING btree (capture_id, asset_id)",False,False,True,True,False,False,2,2,False,,15982592,0,0,0,
public,dam_search_documents,idx_dam_search_documents_program_trgm,CREATE INDEX idx_dam_search_documents_program_trgm ON public.dam_search_documents USING gin (program extensions.gin_trgm_ops),False,False,True,True,False,False,1,1,False,,15810560,63,4976,0,2026-08-31 19:44:46.985805-04
plm,marvel_asgard_asset_term_observation,marvel_asgard_asset_term_observation_pkey,"CREATE UNIQUE INDEX marvel_asgard_asset_term_observation_pkey ON plm.marvel_asgard_asset_term_observation USING btree (capture_key, asset_id, term_id)",True,True,True,True,False,False,3,3,True,p,15794176,0,0,0,
plm,pmt_authorized_property_asset,pmt_authorized_property_asset_pkey,"CREATE UNIQUE INDEX pmt_authorized_property_asset_pkey ON plm.pmt_authorized_property_asset USING btree (capture_id, licensed_property_source_id, asset_id)",True,True,True,True,False,False,3,3,True,p,15613952,0,0,0,
plm,dcp_asset_term_observation,idx_dcp_asset_term_obs_run,CREATE INDEX idx_dcp_asset_term_obs_run ON plm.dcp_asset_term_observation USING btree (metadata_run_id),False,False,True,True,False,False,1,1,False,,15138816,2,4655980,717452,2026-08-30 20:41:28.391866-04
plm,pmt_asset_property,pmt_asset_property_pkey,"CREATE UNIQUE INDEX pmt_asset_property_pkey ON plm.pmt_asset_property USING btree (capture_id, asset_id, property_source_id)",True,True,True,True,False,False,3,3,True,p,14761984,0,0,0,
plm,pmt_asset_brand,pmt_asset_brand_pkey,"CREATE UNIQUE INDEX pmt_asset_brand_pkey ON plm.pmt_asset_brand USING btree (capture_id, asset_id, brand_source_id)",True,True,True,True,False,False,3,3,True,p,14327808,0,0,0,
public,style_tracker_rows,idx_style_tracker_rows_row_data_gin,CREATE INDEX idx_style_tracker_rows_row_data_gin ON public.style_tracker_rows USING gin (row_data),False,False,True,True,False,False,1,1,False,,14221312,0,0,0,
plm,pmt_authorized_property_asset,idx_pmt_apa_asset,"CREATE INDEX idx_pmt_apa_asset ON plm.pmt_authorized_property_asset USING btree (capture_id, asset_id)",False,False,True,True,False,False,2,2,False,,14213120,1,67876,0,2026-08-29 21:39:34.004924-04
plm,pmt_asset_franchise,pmt_asset_franchise_pkey,"CREATE UNIQUE INDEX pmt_asset_franchise_pkey ON plm.pmt_asset_franchise USING btree (capture_id, asset_id, franchise_source_id)",True,True,True,True,False,False,3,3,True,p,13885440,0,0,0,
public,style_guide_file_tags,idx_style_guide_file_tags_source,"CREATE INDEX idx_style_guide_file_tags_source ON public.style_guide_file_tags USING btree (source, status)",False,False,True,True,False,False,2,2,False,,13639680,1,1157220,161957,2026-08-30 20:41:28.391866-04
app,AuditLog,AuditLog_pkey,"CREATE UNIQUE INDEX ""AuditLog_pkey"" ON app.""AuditLog"" USING btree (id)",True,True,True,True,False,False,1,1,True,p,13180928,0,0,0,
dflow,AuditLog,AuditLog_pkey,"CREATE UNIQUE INDEX ""AuditLog_pkey"" ON dflow.""AuditLog"" USING btree (id)",True,True,True,True,False,False,1,1,True,p,13066240,1,580758,320,2026-09-02 15:56:11.935714-04
plm,pmt_asset,pmt_asset_pkey,"CREATE UNIQUE INDEX pmt_asset_pkey ON plm.pmt_asset USING btree (capture_id, asset_id)",True,True,True,True,False,False,2,2,True,f,12738560,0,0,0,
plm,pmt_asset,pmt_asset_pkey,"CREATE UNIQUE INDEX pmt_asset_pkey ON plm.pmt_asset USING btree (capture_id, asset_id)",True,True,True,True,False,False,2,2,True,f,12738560,0,0,0,
plm,pmt_asset,pmt_asset_pkey,"CREATE UNIQUE INDEX pmt_asset_pkey ON plm.pmt_asset USING btree (capture_id, asset_id)",True,True,True,True,False,False,2,2,True,f,12738560,0,0,0,
plm,pmt_asset,pmt_asset_pkey,"CREATE UNIQUE INDEX pmt_asset_pkey ON plm.pmt_asset USING btree (capture_id, asset_id)",True,True,True,True,False,False,2,2,True,f,12738560,0,0,0,
plm,pmt_asset,pmt_asset_pkey,"CREATE UNIQUE INDEX pmt_asset_pkey ON plm.pmt_asset USING btree (capture_id, asset_id)",True,True,True,True,False,False,2,2,True,f,12738560,0,0,0,
plm,pmt_asset,pmt_asset_pkey,"CREATE UNIQUE INDEX pmt_asset_pkey ON plm.pmt_asset USING btree (capture_id, asset_id)",True,True,True,True,False,False,2,2,True,f,12738560,0,0,0,
plm,pmt_asset,pmt_asset_pkey,"CREATE UNIQUE INDEX pmt_asset_pkey ON plm.pmt_asset USING btree (capture_id, asset_id)",True,True,True,True,False,False,2,2,True,p,12738560,0,0,0,
plm,pmt_asset,pmt_asset_pkey,"CREATE UNIQUE INDEX pmt_asset_pkey ON plm.pmt_asset USING btree (capture_id, asset_id)",True,True,True,True,False,False,2,2,True,f,12738560,0,0,0,
plm,pmt_asset,pmt_asset_pkey,"CREATE UNIQUE INDEX pmt_asset_pkey ON plm.pmt_asset USING btree (capture_id, asset_id)",True,True,True,True,False,False,2,2,True,f,12738560,0,0,0,
public,style_guide_files,idx_sgf_licensor_name,CREATE INDEX idx_sgf_licensor_name ON public.style_guide_files USING btree (licensor_name),False,False,True,True,False,False,1,1,False,,12640256,1,295340,295329,2026-09-03 10:21:39.32052-04
public,style_guide_files,idx_style_guide_files_tag_names,CREATE INDEX idx_style_guide_files_tag_names ON public.style_guide_files USING gin (tag_names),False,False,True,True,False,False,1,1,False,,12640256,0,0,0,
public,assets,idx_assets_pdf_not_deleted,"CREATE INDEX idx_assets_pdf_not_deleted ON public.assets USING btree (file_type, id) WHERE (is_deleted = false)",False,False,True,True,True,False,2,2,False,,12525568,599,77316505,36664875,2026-09-04 17:02:59.820394-04
plm,wb_asset_property,wb_asset_property_pkey,"CREATE UNIQUE INDEX wb_asset_property_pkey ON plm.wb_asset_property USING btree (asset_id, property_id)",True,True,True,True,False,False,2,2,True,p,12066816,1,188410,0,2026-08-29 21:39:34.004924-04
public,erp_items_raw,erp_items_raw_pkey,CREATE UNIQUE INDEX erp_items_raw_pkey ON public.erp_items_raw USING btree (id),True,True,True,True,False,False,1,1,True,p,11984896,0,0,0,
public,style_guide_files,idx_sgf_directory_path,CREATE INDEX idx_sgf_directory_path ON public.style_guide_files USING btree (directory_path),False,False,True,True,False,False,1,1,False,,11952128,665,211848647,195769821,2026-09-04 17:30:04.283561-04
plm,dcp_metadata_asset,idx_dcp_metadata_asset_asset,CREATE INDEX idx_dcp_metadata_asset_asset ON plm.dcp_metadata_asset USING btree (dcp_asset_id),False,False,True,True,False,False,1,1,False,,11845632,0,0,0,
public,assets,assets_pkey,CREATE UNIQUE INDEX assets_pkey ON public.assets USING btree (id),True,True,True,True,False,False,1,1,True,f,11812864,19181047,25434185,19775954,2026-09-04 17:29:04.696584-04
public,assets,assets_pkey,CREATE UNIQUE INDEX assets_pkey ON public.assets USING btree (id),True,True,True,True,False,False,1,1,True,p,11812864,19181047,25434185,19775954,2026-09-04 17:29:04.696584-04
public,assets,assets_pkey,CREATE UNIQUE INDEX assets_pkey ON public.assets USING btree (id),True,True,True,True,False,False,1,1,True,f,11812864,19181047,25434185,19775954,2026-09-04 17:29:04.696584-04
public,assets,assets_pkey,CREATE UNIQUE INDEX assets_pkey ON public.assets USING btree (id),True,True,True,True,False,False,1,1,True,f,11812864,19181047,25434185,19775954,2026-09-04 17:29:04.696584-04
public,assets,assets_pkey,CREATE UNIQUE INDEX assets_pkey ON public.assets USING btree (id),True,True,True,True,False,False,1,1,True,f,11812864,19181047,25434185,19775954,2026-09-04 17:29:04.696584-04
public,assets,assets_pkey,CREATE UNIQUE INDEX assets_pkey ON public.assets USING btree (id),True,True,True,True,False,False,1,1,True,f,11812864,19181047,25434185,19775954,2026-09-04 17:29:04.696584-04
public,assets,assets_pkey,CREATE UNIQUE INDEX assets_pkey ON public.assets USING btree (id),True,True,True,True,False,False,1,1,True,f,11812864,19181047,25434185,19775954,2026-09-04 17:29:04.696584-04
public,assets,assets_pkey,CREATE UNIQUE INDEX assets_pkey ON public.assets USING btree (id),True,True,True,True,False,False,1,1,True,f,11812864,19181047,25434185,19775954,2026-09-04 17:29:04.696584-04
public,assets,assets_pkey,CREATE UNIQUE INDEX assets_pkey ON public.assets USING btree (id),True,True,True,True,False,False,1,1,True,f,11812864,19181047,25434185,19775954,2026-09-04 17:29:04.696584-04
public,assets,assets_pkey,CREATE UNIQUE INDEX assets_pkey ON public.assets USING btree (id),True,True,True,True,False,False,1,1,True,f,11812864,19181047,25434185,19775954,2026-09-04 17:29:04.696584-04
public,assets,assets_pkey,CREATE UNIQUE INDEX assets_pkey ON public.assets USING btree (id),True,True,True,True,False,False,1,1,True,f,11812864,19181047,25434185,19775954,2026-09-04 17:29:04.696584-04
public,assets,assets_pkey,CREATE UNIQUE INDEX assets_pkey ON public.assets USING btree (id),True,True,True,True,False,False,1,1,True,f,11812864,19181047,25434185,19775954,2026-09-04 17:29:04.696584-04
public,assets,assets_pkey,CREATE UNIQUE INDEX assets_pkey ON public.assets USING btree (id),True,True,True,True,False,False,1,1,True,f,11812864,19181047,25434185,19775954,2026-09-04 17:29:04.696584-04
public,assets,assets_pkey,CREATE UNIQUE INDEX assets_pkey ON public.assets USING btree (id),True,True,True,True,False,False,1,1,True,f,11812864,19181047,25434185,19775954,2026-09-04 17:29:04.696584-04
public,assets,assets_pkey,CREATE UNIQUE INDEX assets_pkey ON public.assets USING btree (id),True,True,True,True,False,False,1,1,True,f,11812864,19181047,25434185,19775954,2026-09-04 17:29:04.696584-04
plm,dcp_asset_tile_observation,idx_dcp_asset_tile_obs_asset,CREATE INDEX idx_dcp_asset_tile_obs_asset ON plm.dcp_asset_tile_observation USING btree (dcp_asset_id),False,False,True,True,False,False,1,1,False,,11517952,0,0,0,
public,asset_characters,asset_characters_pkey,"CREATE UNIQUE INDEX asset_characters_pkey ON public.asset_characters USING btree (asset_id, character_id)",True,True,True,True,False,False,2,2,True,p,11468800,16587747,25967348,4850871,2026-09-04 16:46:34.853393-04
plm,wb_asset_normalized,wb_asset_normalized_source_namespace_source_id_key,"CREATE UNIQUE INDEX wb_asset_normalized_source_namespace_source_id_key ON plm.wb_asset_normalized USING btree (source_namespace, source_id)",True,False,True,True,False,False,2,2,True,u,11452416,2108,2108,2108,2026-08-30 23:07:56.5887-04
public,style_guide_files,idx_sgf_style_guide_folder,CREATE INDEX idx_sgf_style_guide_folder ON public.style_guide_files USING btree (style_guide_folder),False,False,True,True,False,False,1,1,False,,11411456,0,0,0,
public,assets,idx_assets_customer_trgm,CREATE INDEX idx_assets_customer_trgm ON public.assets USING gin (customer extensions.gin_trgm_ops),False,False,True,True,False,False,1,1,False,,11288576,0,0,0,
public,style_groups,idx_style_groups_folder_path_trgm,CREATE INDEX idx_style_groups_folder_path_trgm ON public.style_groups USING gin (folder_path extensions.gin_trgm_ops),False,False,True,True,False,False,1,1,False,,11214848,0,0,0,
public,dam_search_documents,dam_search_documents_pkey,"CREATE UNIQUE INDEX dam_search_documents_pkey ON public.dam_search_documents USING btree (document_type, entity_id)",True,True,True,True,False,False,2,2,True,p,11190272,4995148,7225333,4991075,2026-09-04 16:46:34.853393-04
plm,lucasfilm_dcp_asset_property_observation,lucasfilm_dcp_asset_property_obs_pkey,"CREATE UNIQUE INDEX lucasfilm_dcp_asset_property_obs_pkey ON plm.lucasfilm_dcp_asset_property_observation USING btree (metadata_run_id, lucasfilm_dcp_asset_id, lucasfilm_dcp_property_id)",True,True,True,True,False,False,3,3,True,p,11173888,0,0,0,
plm,dcp_asset,idx_dcp_asset_file_name_lower,CREATE INDEX idx_dcp_asset_file_name_lower ON plm.dcp_asset USING btree (lower(file_name)),False,False,True,True,False,True,1,1,False,,11149312,0,0,0,
public,assets,idx_assets_file_created_at,CREATE INDEX idx_assets_file_created_at ON public.assets USING btree (file_created_at),False,False,True,True,False,False,1,1,False,,10772480,331,331,264,2026-09-04 09:28:02.449696-04
plm,dcp_asset_crawl,idx_dcp_asset_crawl_asset,CREATE INDEX idx_dcp_asset_crawl_asset ON plm.dcp_asset_crawl USING btree (dcp_asset_id),False,False,True,True,False,False,1,1,False,,10215424,1,344131,40501,2026-08-29 21:39:34.004924-04
plm,marvel_asgard_node_asset_observation,marvel_asgard_node_asset_observation_pkey,"CREATE UNIQUE INDEX marvel_asgard_node_asset_observation_pkey ON plm.marvel_asgard_node_asset_observation USING btree (capture_key, guide_node_id, file_observation_key)",True,True,True,True,False,False,3,3,True,p,9904128,0,0,0,
public,assets,idx_assets_modified_at,CREATE INDEX idx_assets_modified_at ON public.assets USING btree (modified_at),False,False,True,True,False,False,1,1,False,,9887744,336,1369,1306,2026-09-04 09:28:02.449696-04
public,dam_search_documents,idx_dam_search_documents_customer_trgm,CREATE INDEX idx_dam_search_documents_customer_trgm ON public.dam_search_documents USING gin (customer extensions.gin_trgm_ops),False,False,True,True,False,False,1,1,False,,9535488,63,873,0,2026-08-31 19:44:46.985805-04
plm,wb_asset_franchise,wb_asset_franchise_pkey,"CREATE UNIQUE INDEX wb_asset_franchise_pkey ON plm.wb_asset_franchise USING btree (asset_id, franchise_id)",True,True,True,True,False,False,2,2,True,p,9445376,1,147536,0,2026-08-29 21:39:34.004924-04
public,assets,idx_assets_ai_tagged_at,CREATE INDEX idx_assets_ai_tagged_at ON public.assets USING btree (ai_tagged_at) WHERE (ai_tagged_at IS NOT NULL),False,False,True,True,True,False,1,1,False,,9445376,0,0,0,
plm,wb_asset_style_guide_normalized,wb_asset_style_guide_normalized_pkey,"CREATE UNIQUE INDEX wb_asset_style_guide_normalized_pkey ON plm.wb_asset_style_guide_normalized USING btree (asset_id, style_guide_id)",True,True,True,True,False,False,2,2,True,p,9437184,1,147484,0,2026-08-29 21:39:34.004924-04
public,assets,idx_assets_licensor_id,CREATE INDEX idx_assets_licensor_id ON public.assets USING btree (licensor_id),False,False,True,True,False,False,1,1,False,,9109504,1654,1725285,57627,2026-09-04 17:02:56.044504-04
public,assets,idx_assets_stage,CREATE INDEX idx_assets_stage ON public.assets USING btree (stage),False,False,True,True,False,False,1,1,False,,8945664,0,0,0,
plm,dcp_asset,dcp_asset_pkey,CREATE UNIQUE INDEX dcp_asset_pkey ON plm.dcp_asset USING btree (id),True,True,True,True,False,False,1,1,True,p,8847360,13253566,13253571,13253566,2026-08-30 22:18:20.259827-04
plm,dcp_asset,dcp_asset_pkey,CREATE UNIQUE INDEX dcp_asset_pkey ON plm.dcp_asset USING btree (id),True,True,True,True,False,False,1,1,True,f,8847360,13253566,13253571,13253566,2026-08-30 22:18:20.259827-04
plm,dcp_asset,dcp_asset_pkey,CREATE UNIQUE INDEX dcp_asset_pkey ON plm.dcp_asset USING btree (id),True,True,True,True,False,False,1,1,True,f,8847360,13253566,13253571,13253566,2026-08-30 22:18:20.259827-04
plm,dcp_asset,dcp_asset_pkey,CREATE UNIQUE INDEX dcp_asset_pkey ON plm.dcp_asset USING btree (id),True,True,True,True,False,False,1,1,True,f,8847360,13253566,13253571,13253566,2026-08-30 22:18:20.259827-04
plm,nbcu_asset,idx_nbcu_asset_file_name,CREATE INDEX idx_nbcu_asset_file_name ON plm.nbcu_asset USING btree (file_name),False,False,True,True,False,False,1,1,False,,8757248,0,0,0,
public,assets,idx_assets_file_type,CREATE INDEX idx_assets_file_type ON public.assets USING btree (file_type),False,False,True,True,False,False,1,1,False,,8650752,0,0,0,
public,assets,idx_assets_is_deleted,CREATE INDEX idx_assets_is_deleted ON public.assets USING btree (is_deleted),False,False,True,True,False,False,1,1,False,,8593408,50,6906356,32660,2026-09-04 09:28:02.449696-04
public,assets,idx_assets_clear_style_cursor,CREATE INDEX idx_assets_clear_style_cursor ON public.assets USING btree (id) WHERE ((is_deleted = false) AND (style_group_id IS NOT NULL)),False,False,True,True,True,False,1,1,False,,8192000,296,291492,93121,2026-09-03 03:03:15.735531-04
public,assets,assets_style_group_id_active_idx,"CREATE INDEX assets_style_group_id_active_idx ON public.assets USING btree (style_group_id, id) WHERE ((is_deleted = false) AND (style_group_id IS NOT NULL))",False,False,True,True,True,False,2,2,False,,7782400,2194335,16534772,10637175,2026-09-04 16:46:23.368679-04
public,dam_search_documents,idx_dam_search_documents_asset_id,CREATE INDEX idx_dam_search_documents_asset_id ON public.dam_search_documents USING btree (asset_id) WHERE (asset_id IS NOT NULL),False,False,True,True,True,False,1,1,False,,7774208,0,0,0,
public,style_groups,idx_style_groups_full_text_search,"CREATE INDEX idx_style_groups_full_text_search ON public.style_groups USING gin (to_tsvector('simple'::regconfig, ((((((((((((((COALESCE(sku, ''::text) || ' '::text) || COALESCE(folder_path, ''::text)) || ' '::text) || COALESCE(cover_description, ''::text)) || ' '::text) || COALESCE(customer, ''::text)) || ' '::text) || COALESCE(program, ''::text)) || ' '::text) || COALESCE(licensor_name, ''::text)) || ' '::text) || COALESCE(property_name, ''::text)) || ' '::text) || COALESCE(product_category, ''::text))))",False,False,True,True,False,True,1,1,False,,7634944,0,0,0,
public,assets,idx_assets_property_id,CREATE INDEX idx_assets_property_id ON public.assets USING btree (property_id),False,False,True,True,False,False,1,1,False,,7413760,2081,98854,90429,2026-09-04 17:03:22.133478-04
public,assets,idx_assets_style_group_id,CREATE INDEX idx_assets_style_group_id ON public.assets USING btree (style_group_id),False,False,True,True,False,False,1,1,False,,6815744,125856,71562206,194227,2026-09-04 17:29:12.898155-04
pim,checklist_item,checklist_item_external_source_external_id_key,"CREATE UNIQUE INDEX checklist_item_external_source_external_id_key ON pim.checklist_item USING btree (external_source, external_id) NULLS NOT DISTINCT",True,False,True,True,False,False,2,2,True,u,6742016,0,0,0,
public,assets,idx_assets_program,CREATE INDEX idx_assets_program ON public.assets USING btree (program),False,False,True,True,False,False,1,1,False,,6709248,0,0,0,
plm,marvel_asgard_asset_character_observation,marvel_asgard_asset_character_observation_pkey,"CREATE UNIQUE INDEX marvel_asgard_asset_character_observation_pkey ON plm.marvel_asgard_asset_character_observation USING btree (capture_key, asset_id, character_id)",True,True,True,True,False,False,3,3,True,p,6660096,0,0,0,
public,assets,idx_assets_workflow_status,CREATE INDEX idx_assets_workflow_status ON public.assets USING btree (workflow_status),False,False,True,True,False,False,1,1,False,,6578176,0,0,0,
public,assets,idx_assets_status,CREATE INDEX idx_assets_status ON public.assets USING btree (status),False,False,True,True,False,False,1,1,False,,6529024,0,0,0,
plm,dcp_asset_property_observation,idx_dcp_asset_property_obs_property,CREATE INDEX idx_dcp_asset_property_obs_property ON plm.dcp_asset_property_observation USING btree (dcp_property_id),False,False,True,True,False,False,1,1,False,,6422528,4952,18429631,4801123,2026-08-30 21:38:07.567739-04
plm,lucasfilm_dcp_asset,lucasfilm_dcp_asset_unique,"CREATE UNIQUE INDEX lucasfilm_dcp_asset_unique ON plm.lucasfilm_dcp_asset USING btree (source_system, source_path)",True,False,True,True,False,False,2,2,True,u,6397952,0,0,0,
public,assets,idx_assets_customer,CREATE INDEX idx_assets_customer ON public.assets USING btree (customer),False,False,True,True,False,False,1,1,False,,6356992,0,0,0,
plm,dcp_metadata_asset,idx_dcp_metadata_asset_status,"CREATE INDEX idx_dcp_metadata_asset_status ON plm.dcp_metadata_asset USING btree (metadata_run_id, fetch_status)",False,False,True,True,False,False,2,2,False,,6348800,0,0,0,
public,assets,idx_assets_is_licensed,CREATE INDEX idx_assets_is_licensed ON public.assets USING btree (is_licensed),False,False,True,True,False,False,1,1,False,,6209536,0,0,0,
plm,dcp_metadata_asset,idx_dcp_metadata_asset_crawl,CREATE INDEX idx_dcp_metadata_asset_crawl ON plm.dcp_metadata_asset USING btree (source_crawl_id),False,False,True,True,False,False,1,1,False,,6168576,2,821098,343602,2026-08-30 20:41:28.391866-04
public,assets,idx_assets_product_subtype_id,CREATE INDEX idx_assets_product_subtype_id ON public.assets USING btree (product_subtype_id),False,False,True,True,False,False,1,1,False,,5980160,5,775193,255227,2026-09-03 15:33:21.73297-04
plm,dcp_asset_property_observation,idx_dcp_asset_property_obs_run,CREATE INDEX idx_dcp_asset_property_obs_run ON plm.dcp_asset_property_observation USING btree (metadata_run_id),False,False,True,True,False,False,1,1,False,,5709824,1,874856,47832,2026-08-29 21:39:34.004924-04
public,style_guide_files,idx_sgf_is_active,CREATE INDEX idx_sgf_is_active ON public.style_guide_files USING btree (is_active),False,False,True,True,False,False,1,1,False,,5464064,1597,267536651,257337531,2026-09-04 17:30:04.283561-04
ingest,raw_record,raw_record_pkey,CREATE UNIQUE INDEX raw_record_pkey ON ingest.raw_record USING btree (id),True,True,True,True,False,False,1,1,True,p,5431296,0,0,0,
plm,marvel_asgard_asset,marvel_asgard_asset_source_identity_key_key,CREATE UNIQUE INDEX marvel_asgard_asset_source_identity_key_key ON plm.marvel_asgard_asset USING btree (source_identity_key),True,False,True,True,False,False,1,1,True,u,5349376,0,0,0,
public,style_guide_files,idx_sgf_root_label,CREATE INDEX idx_sgf_root_label ON public.style_guide_files USING btree (root_label),False,False,True,True,False,False,1,1,False,,5316608,2,603559,68040,2026-09-04 17:21:16.970857-04
plm,lucasfilm_dcp_metadata_asset,lucasfilm_dcp_metadata_asset_success_key,"CREATE UNIQUE INDEX lucasfilm_dcp_metadata_asset_success_key ON plm.lucasfilm_dcp_metadata_asset USING btree (metadata_run_id, lucasfilm_dcp_asset_id, fetch_status)",True,False,True,True,False,False,3,3,True,u,4915200,0,0,0,
plm,lucasfilm_dcp_metadata_asset,lucasfilm_dcp_metadata_asset_success_key,"CREATE UNIQUE INDEX lucasfilm_dcp_metadata_asset_success_key ON plm.lucasfilm_dcp_metadata_asset USING btree (metadata_run_id, lucasfilm_dcp_asset_id, fetch_status)",True,False,True,True,False,False,3,3,True,f,4915200,0,0,0,
plm,lucasfilm_dcp_metadata_asset,lucasfilm_dcp_metadata_asset_success_key,"CREATE UNIQUE INDEX lucasfilm_dcp_metadata_asset_success_key ON plm.lucasfilm_dcp_metadata_asset USING btree (metadata_run_id, lucasfilm_dcp_asset_id, fetch_status)",True,False,True,True,False,False,3,3,True,f,4915200,0,0,0,
plm,lucasfilm_dcp_metadata_asset,lucasfilm_dcp_metadata_asset_success_key,"CREATE UNIQUE INDEX lucasfilm_dcp_metadata_asset_success_key ON plm.lucasfilm_dcp_metadata_asset USING btree (metadata_run_id, lucasfilm_dcp_asset_id, fetch_status)",True,False,True,True,False,False,3,3,True,f,4915200,0,0,0,
dflow,itemAttachment,itemPackage_pkey,"CREATE UNIQUE INDEX ""itemPackage_pkey"" ON dflow.""itemAttachment"" USING btree (item_attachment_id)",True,True,True,True,False,False,1,1,True,p,4825088,1,214060,19867,2026-09-02 15:56:11.935714-04
plm,pmt_asset_metadata_value,idx_pmt_amv_element_display,"CREATE INDEX idx_pmt_amv_element_display ON plm.pmt_asset_metadata_value USING btree (capture_id, metadata_element_id, display_value)",False,False,True,True,False,False,3,3,False,,4792320,0,0,0,
plm,wb_asset_normalized,wb_asset_normalized_pkey,CREATE UNIQUE INDEX wb_asset_normalized_pkey ON plm.wb_asset_normalized USING btree (id),True,True,True,True,False,False,1,1,True,f,4677632,1,147537,0,2026-08-29 21:39:34.004924-04
plm,wb_asset_normalized,wb_asset_normalized_pkey,CREATE UNIQUE INDEX wb_asset_normalized_pkey ON plm.wb_asset_normalized USING btree (id),True,True,True,True,False,False,1,1,True,p,4677632,1,147537,0,2026-08-29 21:39:34.004924-04
plm,wb_asset_normalized,wb_asset_normalized_pkey,CREATE UNIQUE INDEX wb_asset_normalized_pkey ON plm.wb_asset_normalized USING btree (id),True,True,True,True,False,False,1,1,True,f,4677632,1,147537,0,2026-08-29 21:39:34.004924-04
plm,wb_asset_normalized,wb_asset_normalized_pkey,CREATE UNIQUE INDEX wb_asset_normalized_pkey ON plm.wb_asset_normalized USING btree (id),True,True,True,True,False,False,1,1,True,f,4677632,1,147537,0,2026-08-29 21:39:34.004924-04
plm,wb_asset_normalized,wb_asset_normalized_pkey,CREATE UNIQUE INDEX wb_asset_normalized_pkey ON plm.wb_asset_normalized USING btree (id),True,True,True,True,False,False,1,1,True,f,4677632,1,147537,0,2026-08-29 21:39:34.004924-04
plm,wb_asset_normalized,wb_asset_normalized_pkey,CREATE UNIQUE INDEX wb_asset_normalized_pkey ON plm.wb_asset_normalized USING btree (id),True,True,True,True,False,False,1,1,True,f,4677632,1,147537,0,2026-08-29 21:39:34.004924-04
plm,marvel_asgard_asset,marvel_asgard_asset_original_file_uidx,CREATE UNIQUE INDEX marvel_asgard_asset_original_file_uidx ON plm.marvel_asgard_asset USING btree (original_file_id) WHERE (original_file_id IS NOT NULL),True,False,True,True,True,False,1,1,False,,4554752,0,0,0,
public,asset_path_history,idx_asset_path_history_asset_id_detected_at,"CREATE INDEX idx_asset_path_history_asset_id_detected_at ON public.asset_path_history USING btree (asset_id, detected_at DESC)",False,False,True,True,False,False,2,2,False,,4464640,7,2892,421,2026-09-03 23:30:00.361242-04
plm,peanuts_asset_character,peanuts_asset_character_pkey,"CREATE UNIQUE INDEX peanuts_asset_character_pkey ON plm.peanuts_asset_character USING btree (capture_id, source_object_id, character_key)",True,True,True,True,False,False,3,3,True,p,4423680,0,0,0,
plm,lucasfilm_dcp_asset_property_observation,idx_lucasfilm_dcp_asset_property_obs_property_asset,"CREATE INDEX idx_lucasfilm_dcp_asset_property_obs_property_asset ON plm.lucasfilm_dcp_asset_property_observation USING btree (lucasfilm_dcp_property_id, lucasfilm_dcp_asset_id)",False,False,True,True,False,False,2,2,False,,4317184,840,1519896,183000,2026-09-02 22:13:21.949045-04
public,pdf_text_samples,idx_pdf_text_samples_extracted_text_search,"CREATE INDEX idx_pdf_text_samples_extracted_text_search ON public.pdf_text_samples USING gin (to_tsvector('simple'::regconfig, COALESCE(extracted_text, ''::text))) WHERE (extracted_text IS NOT NULL)",False,False,True,True,True,True,1,1,False,,4317184,0,0,0,
public,assets,idx_assets_compat_audit,CREATE INDEX idx_assets_compat_audit ON public.assets USING btree (id) WHERE ((file_type = 'ai'::file_type) AND (is_deleted = false) AND (thumbnail_url IS NOT NULL)),False,False,True,True,True,False,1,1,False,,4268032,0,0,0,
plm,pmt_asset_character,pmt_asset_character_pkey,"CREATE UNIQUE INDEX pmt_asset_character_pkey ON plm.pmt_asset_character USING btree (capture_id, asset_id, character_source_id)",True,True,True,True,False,False,3,3,True,p,4251648,0,0,0,
plm,lucasfilm_dcp_asset_character_observation,lucasfilm_dcp_asset_character_obs_pkey,"CREATE UNIQUE INDEX lucasfilm_dcp_asset_character_obs_pkey ON plm.lucasfilm_dcp_asset_character_observation USING btree (metadata_run_id, lucasfilm_dcp_asset_id, lucasfilm_dcp_character_id)",True,True,True,True,False,False,3,3,True,p,4136960,0,0,0,
pim,product_file,product_file_external_source_external_id_key,"CREATE UNIQUE INDEX product_file_external_source_external_id_key ON pim.product_file USING btree (external_source, external_id) NULLS NOT DISTINCT",True,False,True,True,False,False,2,2,True,u,4030464,0,0,0,
plm,pmt_asset_metadata_value,idx_pmt_amv_element,"CREATE INDEX idx_pmt_amv_element ON plm.pmt_asset_metadata_value USING btree (capture_id, metadata_element_id)",False,False,True,True,False,False,2,2,False,,3915776,0,0,0,
plm,lucasfilm_dcp_metadata_asset,idx_lucasfilm_dcp_metadata_asset_normalized_hash,"CREATE INDEX idx_lucasfilm_dcp_metadata_asset_normalized_hash ON plm.lucasfilm_dcp_metadata_asset USING btree (lucasfilm_dcp_asset_id, normalized_hash) WHERE (normalized_hash IS NOT NULL)",False,False,True,True,True,False,2,2,False,,3792896,0,0,0,
plm,pmt_asset_metadata_value,idx_pmt_amv_capture,CREATE INDEX idx_pmt_amv_capture ON plm.pmt_asset_metadata_value USING btree (capture_id),False,False,True,True,False,False,1,1,False,,3710976,2,830088,0,2026-08-30 20:41:28.391866-04
public,style_groups,idx_style_groups_sku_trgm,CREATE INDEX idx_style_groups_sku_trgm ON public.style_groups USING gin (sku extensions.gin_trgm_ops),False,False,True,True,False,False,1,1,False,,3661824,0,0,0,
public,asset_path_history,asset_path_history_pkey,CREATE UNIQUE INDEX asset_path_history_pkey ON public.asset_path_history USING btree (id),True,True,True,True,False,False,1,1,True,p,3497984,0,0,0,
crm,email_message,email_message_external_source_external_id_key,"CREATE UNIQUE INDEX email_message_external_source_external_id_key ON crm.email_message USING btree (external_source, external_id) NULLS NOT DISTINCT",True,False,True,True,False,False,2,2,True,u,3424256,0,0,0,
public,erp_items_raw,idx_erp_items_raw_external_id,CREATE INDEX idx_erp_items_raw_external_id ON public.erp_items_raw USING btree (external_id),False,False,True,True,False,False,1,1,False,,3342336,0,0,0,
plm,wb_asset_character_normalized,wb_asset_character_normalized_pkey,"CREATE UNIQUE INDEX wb_asset_character_normalized_pkey ON plm.wb_asset_character_normalized USING btree (asset_id, character_id)",True,True,True,True,False,False,2,2,True,p,3293184,1,51036,0,2026-08-29 21:39:34.004924-04
plm,dcp_asset_character_observation,idx_dcp_asset_character_obs_character,CREATE INDEX idx_dcp_asset_character_obs_character ON plm.dcp_asset_character_observation USING btree (dcp_character_id),False,False,True,True,False,False,1,1,False,,3088384,0,0,0,
plm,lucasfilm_dcp_metadata_asset,lucasfilm_dcp_metadata_asset_pkey,"CREATE UNIQUE INDEX lucasfilm_dcp_metadata_asset_pkey ON plm.lucasfilm_dcp_metadata_asset USING btree (metadata_run_id, lucasfilm_dcp_asset_id)",True,True,True,True,False,False,2,2,True,p,3080192,0,0,0,
plm,dcp_metadata_asset,idx_dcp_metadata_asset_pending,CREATE INDEX idx_dcp_metadata_asset_pending ON plm.dcp_metadata_asset USING btree (metadata_run_id) WHERE (fetch_status = 'pending'::text),False,False,True,True,True,False,1,1,False,,3072000,0,0,0,
plm,dcp_asset_tile_observation,idx_dcp_asset_tile_obs_tile,"CREATE INDEX idx_dcp_asset_tile_obs_tile ON plm.dcp_asset_tile_observation USING btree (portal_tile_id, listing_kind)",False,False,True,True,False,False,2,2,False,,3047424,1,447250,65093,2026-08-29 21:39:34.004924-04
public,assets,idx_assets_product_material_gin,CREATE INDEX idx_assets_product_material_gin ON public.assets USING gin (product_material),False,False,True,True,False,False,1,1,False,,3022848,0,0,0,
plm,pmt_asset,idx_pmt_asset_name,CREATE INDEX idx_pmt_asset_name ON plm.pmt_asset USING btree (asset_name),False,False,True,True,False,False,1,1,False,,2981888,0,0,0,
public,style_tracker_rows,style_tracker_rows_source_row_unique,"CREATE UNIQUE INDEX style_tracker_rows_source_row_unique ON public.style_tracker_rows USING btree (source_workbook_id, source_sheet, source_row_number)",True,False,True,True,False,False,3,3,True,u,2777088,0,0,0,
plm,style_tracker_item_bridge,style_tracker_item_bridge_plm_item_cover_idx,"CREATE INDEX style_tracker_item_bridge_plm_item_cover_idx ON plm.style_tracker_item_bridge USING btree (plm_item_id) INCLUDE (id, style_tracker_row_id, tracker_type)",False,False,True,True,False,False,1,4,False,,2703360,6730,273432,15734,2026-09-04 17:08:27.217454-04
plm,production_order_line_source_ref,production_order_line_source_ref_unique,"CREATE UNIQUE INDEX production_order_line_source_ref_unique ON plm.production_order_line_source_ref USING btree (source_system, source_id)",True,False,True,True,False,False,2,2,True,u,2670592,40,0,0,2026-08-31 10:38:13.44203-04
plm,lucasfilm_dcp_asset_term_observation,idx_lucasfilm_dcp_asset_term_obs_term,CREATE INDEX idx_lucasfilm_dcp_asset_term_obs_term ON plm.lucasfilm_dcp_asset_term_observation USING btree (lucasfilm_dcp_term_id),False,False,True,True,False,False,1,1,False,,2654208,0,0,0,
plm,marvel_asgard_asset_likeness_observation,marvel_asgard_asset_likeness_observation_pkey,"CREATE UNIQUE INDEX marvel_asgard_asset_likeness_observation_pkey ON plm.marvel_asgard_asset_likeness_observation USING btree (capture_key, asset_id)",True,True,True,True,False,False,2,2,True,p,2580480,0,0,0,
plm,dcp_asset,idx_dcp_asset_style_guide,CREATE INDEX idx_dcp_asset_style_guide ON plm.dcp_asset USING btree (style_guide_id),False,False,True,True,False,False,1,1,False,,2498560,112,112,56,2026-09-02 22:13:22.799009-04
plm,marvel_asgard_asset,marvel_asgard_asset_pkey,CREATE UNIQUE INDEX marvel_asgard_asset_pkey ON plm.marvel_asgard_asset USING btree (id),True,True,True,True,False,False,1,1,True,f,2465792,0,0,0,
pim,checklist_item,checklist_item_pkey,CREATE UNIQUE INDEX checklist_item_pkey ON pim.checklist_item USING btree (id),True,True,True,True,False,False,1,1,True,p,2465792,0,0,0,
plm,marvel_asgard_asset,marvel_asgard_asset_pkey,CREATE UNIQUE INDEX marvel_asgard_asset_pkey ON plm.marvel_asgard_asset USING btree (id),True,True,True,True,False,False,1,1,True,f,2465792,0,0,0,
plm,marvel_asgard_asset,marvel_asgard_asset_pkey,CREATE UNIQUE INDEX marvel_asgard_asset_pkey ON plm.marvel_asgard_asset USING btree (id),True,True,True,True,False,False,1,1,True,f,2465792,0,0,0,
plm,marvel_asgard_asset,marvel_asgard_asset_pkey,CREATE UNIQUE INDEX marvel_asgard_asset_pkey ON plm.marvel_asgard_asset USING btree (id),True,True,True,True,False,False,1,1,True,f,2465792,0,0,0,
plm,marvel_asgard_asset,marvel_asgard_asset_pkey,CREATE UNIQUE INDEX marvel_asgard_asset_pkey ON plm.marvel_asgard_asset USING btree (id),True,True,True,True,False,False,1,1,True,p,2465792,0,0,0,
plm,peanuts_asset_art_program,peanuts_asset_art_program_pkey,"CREATE UNIQUE INDEX peanuts_asset_art_program_pkey ON plm.peanuts_asset_art_program USING btree (capture_id, source_object_id, art_program_key)",True,True,True,True,False,False,3,3,True,p,2465792,0,0,0,
app,user_notification,user_notification_pkey,CREATE UNIQUE INDEX user_notification_pkey ON app.user_notification USING btree (id),True,True,True,True,False,False,1,1,True,p,2392064,0,0,0,
public,dam_search_documents,idx_dam_search_documents_style_group_id,CREATE INDEX idx_dam_search_documents_style_group_id ON public.dam_search_documents USING btree (style_group_id) WHERE (style_group_id IS NOT NULL),False,False,True,True,True,False,1,1,False,,2392064,0,0,0,
dflow,user_notification,user_notification_pkey,CREATE UNIQUE INDEX user_notification_pkey ON dflow.user_notification USING btree (id),True,True,True,True,False,False,1,1,True,p,2375680,1,104345,0,2026-09-02 15:56:11.935714-04
plm,wwe_asset_tag,idx_wwe_asset_tag_tag,"CREATE INDEX idx_wwe_asset_tag_tag ON plm.wwe_asset_tag USING btree (capture_id, tag_source_key)",False,False,True,True,False,False,2,2,False,,2342912,1,200271,0,2026-08-30 12:21:15.563337-04
plm,peanuts_asset,peanuts_asset_pkey,"CREATE UNIQUE INDEX peanuts_asset_pkey ON plm.peanuts_asset USING btree (capture_id, source_object_id)",True,True,True,True,False,False,2,2,True,f,2277376,0,0,0,
plm,peanuts_asset,peanuts_asset_pkey,"CREATE UNIQUE INDEX peanuts_asset_pkey ON plm.peanuts_asset USING btree (capture_id, source_object_id)",True,True,True,True,False,False,2,2,True,f,2277376,0,0,0,
plm,peanuts_asset,peanuts_asset_pkey,"CREATE UNIQUE INDEX peanuts_asset_pkey ON plm.peanuts_asset USING btree (capture_id, source_object_id)",True,True,True,True,False,False,2,2,True,f,2277376,0,0,0,
plm,peanuts_asset,peanuts_asset_pkey,"CREATE UNIQUE INDEX peanuts_asset_pkey ON plm.peanuts_asset USING btree (capture_id, source_object_id)",True,True,True,True,False,False,2,2,True,f,2277376,0,0,0,
plm,peanuts_asset,peanuts_asset_pkey,"CREATE UNIQUE INDEX peanuts_asset_pkey ON plm.peanuts_asset USING btree (capture_id, source_object_id)",True,True,True,True,False,False,2,2,True,f,2277376,0,0,0,
plm,peanuts_asset,peanuts_asset_pkey,"CREATE UNIQUE INDEX peanuts_asset_pkey ON plm.peanuts_asset USING btree (capture_id, source_object_id)",True,True,True,True,False,False,2,2,True,f,2277376,0,0,0,
plm,peanuts_asset,peanuts_asset_pkey,"CREATE UNIQUE INDEX peanuts_asset_pkey ON plm.peanuts_asset USING btree (capture_id, source_object_id)",True,True,True,True,False,False,2,2,True,p,2277376,0,0,0,
plm,peanuts_asset,peanuts_asset_pkey,"CREATE UNIQUE INDEX peanuts_asset_pkey ON plm.peanuts_asset USING btree (capture_id, source_object_id)",True,True,True,True,False,False,2,2,True,f,2277376,0,0,0,
plm,lucasfilm_dcp_asset_tile_observation,lucasfilm_dcp_asset_tile_observation_pkey,"CREATE UNIQUE INDEX lucasfilm_dcp_asset_tile_observation_pkey ON plm.lucasfilm_dcp_asset_tile_observation USING btree (crawl_id, lucasfilm_dcp_asset_id, portal_tile_id, listing_kind)",True,True,True,True,False,False,4,4,True,p,2260992,0,0,0,
pim,product,product_external_source_external_id_key,"CREATE UNIQUE INDEX product_external_source_external_id_key ON pim.product USING btree (external_source, external_id) NULLS NOT DISTINCT",True,False,True,True,False,False,2,2,True,u,2260992,0,0,0,
plm,dcp_asset,idx_dcp_asset_file_extension,CREATE INDEX idx_dcp_asset_file_extension ON plm.dcp_asset USING btree (file_extension),False,False,True,True,False,False,1,1,False,,2252800,1,190365,40910,2026-08-29 21:39:34.004924-04
plm,dcp_asset_character_observation,idx_dcp_asset_character_obs_run,CREATE INDEX idx_dcp_asset_character_obs_run ON plm.dcp_asset_character_observation USING btree (metadata_run_id),False,False,True,True,False,False,1,1,False,,2228224,1,338214,17014,2026-08-29 21:39:34.004924-04
plm,item_import_staging,item_import_staging_pkey,"CREATE UNIQUE INDEX item_import_staging_pkey ON plm.item_import_staging USING btree (sweep_id, company_code, division_code, item_no)",True,True,True,True,False,False,4,4,True,p,2187264,0,0,0,
plm,item_import_unresolved,item_import_unresolved_pkey,"CREATE UNIQUE INDEX item_import_unresolved_pkey ON plm.item_import_unresolved USING btree (company_code, division_code, item_no, slot_code)",True,True,True,True,False,False,4,4,True,p,2170880,0,0,0,
plm,sega_asset_property_inferred,sega_asset_property_inferred_pkey,"CREATE UNIQUE INDEX sega_asset_property_inferred_pkey ON plm.sega_asset_property_inferred USING btree (capture_id, evidence_key)",True,True,True,True,False,False,2,2,True,p,2154496,0,0,0,
plm,peanuts_asset_relationship,peanuts_asset_relationship_pkey,"CREATE UNIQUE INDEX peanuts_asset_relationship_pkey ON plm.peanuts_asset_relationship USING btree (capture_id, source_relationship_id)",True,True,True,True,False,False,2,2,True,p,2146304,0,0,0,
public,assets,idx_assets_ai_tag_tagged_groups,CREATE INDEX idx_assets_ai_tag_tagged_groups ON public.assets USING btree (style_group_id) WHERE ((is_deleted = false) AND (status = 'tagged'::asset_status) AND (ai_tagged_at IS NOT NULL) AND (style_group_id IS NOT NULL)),False,False,True,True,True,False,1,1,False,,2113536,10,10352,4210,2026-09-03 08:56:50.264338-04
public,erp_items_raw,idx_erp_items_raw_sync_run_id,CREATE INDEX idx_erp_items_raw_sync_run_id ON public.erp_items_raw USING btree (sync_run_id),False,False,True,True,False,False,1,1,False,,2072576,1,300213,0,2026-08-30 20:41:28.391866-04
public,style_guide_file_groups,sgfg_group_key_uidx,CREATE UNIQUE INDEX sgfg_group_key_uidx ON public.style_guide_file_groups USING btree (group_key),True,False,True,True,False,False,1,1,False,,1982464,0,0,0,
pim,product_tag,product_tag_product_id_tag_key,"CREATE UNIQUE INDEX product_tag_product_id_tag_key ON pim.product_tag USING btree (product_id, tag)",True,False,True,True,False,False,2,2,True,u,1941504,1,1,1,2026-09-03 16:02:41.599802-04
plm,production_order_line_source_ref,production_order_line_source_ref_primary_uidx,"CREATE UNIQUE INDEX production_order_line_source_ref_primary_uidx ON plm.production_order_line_source_ref USING btree (production_order_line_id, source_system) WHERE is_primary",True,False,True,True,True,False,2,2,False,,1933312,0,0,0,
public,style_groups,idx_style_groups_program_trgm,CREATE INDEX idx_style_groups_program_trgm ON public.style_groups USING gin (program extensions.gin_trgm_ops),False,False,True,True,False,False,1,1,False,,1933312,0,0,0,
plm,sega_asset_catalog,sega_asset_catalog_pkey,"CREATE UNIQUE INDEX sega_asset_catalog_pkey ON plm.sega_asset_catalog USING btree (capture_id, asset_source_id, catalog_source_id)",True,True,True,True,False,False,3,3,True,p,1908736,0,0,0,
plm,lucasfilm_dcp_asset_term_observation,idx_lucasfilm_dcp_asset_term_obs_run,CREATE INDEX idx_lucasfilm_dcp_asset_term_obs_run ON plm.lucasfilm_dcp_asset_term_observation USING btree (metadata_run_id),False,False,True,True,False,False,1,1,False,,1900544,0,0,0,
plm,peanuts_asset,peanuts_asset_file_name_idx,"CREATE INDEX peanuts_asset_file_name_idx ON plm.peanuts_asset USING btree (capture_id, lower(file_name))",False,False,True,True,False,True,2,2,False,,1892352,0,0,0,
pim,product_update,product_update_external_source_external_id_key,"CREATE UNIQUE INDEX product_update_external_source_external_id_key ON pim.product_update USING btree (external_source, external_id) NULLS NOT DISTINCT",True,False,True,True,False,False,2,2,True,u,1867776,0,0,0,
plm,peanuts_asset_keyword,peanuts_asset_keyword_pkey,"CREATE UNIQUE INDEX peanuts_asset_keyword_pkey ON plm.peanuts_asset_keyword USING btree (capture_id, source_object_id, keyword_key)",True,True,True,True,False,False,3,3,True,p,1867776,0,0,0,
plm,nbcu_asset,idx_nbcu_asset_restriction_labels_gin,CREATE INDEX idx_nbcu_asset_restriction_labels_gin ON plm.nbcu_asset USING gin (restriction_labels),False,False,True,True,False,False,1,1,False,,1859584,0,0,0,
plm,nbcu_asset_property,idx_nbcu_asset_property_property,"CREATE INDEX idx_nbcu_asset_property_property ON plm.nbcu_asset_property USING btree (capture_id, property_key)",False,False,True,True,False,False,2,2,False,,1859584,2,288206,24786,2026-08-30 20:41:28.391866-04
plm,sega_catalog,sega_catalog_path_uk,"CREATE UNIQUE INDEX sega_catalog_path_uk ON plm.sega_catalog USING btree (capture_id, hierarchy_path)",True,False,True,True,False,False,2,2,True,u,1777664,0,0,0,
plm,sega_catalog,idx_sega_catalog_path,"CREATE INDEX idx_sega_catalog_path ON plm.sega_catalog USING btree (capture_id, hierarchy_path)",False,False,True,True,False,False,2,2,False,,1777664,0,0,0,
pim,product_file,product_file_pkey,CREATE UNIQUE INDEX product_file_pkey ON pim.product_file USING btree (id),True,True,True,True,False,False,1,1,True,p,1728512,0,0,0,
plm,item_import,item_import_pkey,"CREATE UNIQUE INDEX item_import_pkey ON plm.item_import USING btree (company_code, division_code, item_no)",True,True,True,True,False,False,3,3,True,f,1703936,0,0,0,
plm,item_import,item_import_pkey,"CREATE UNIQUE INDEX item_import_pkey ON plm.item_import USING btree (company_code, division_code, item_no)",True,True,True,True,False,False,3,3,True,p,1703936,0,0,0,
plm,item_import,item_import_pkey,"CREATE UNIQUE INDEX item_import_pkey ON plm.item_import USING btree (company_code, division_code, item_no)",True,True,True,True,False,False,3,3,True,f,1703936,0,0,0,
plm,style_tracker_item_bridge,idx_style_tracker_item_bridge_style_group,CREATE INDEX idx_style_tracker_item_bridge_style_group ON plm.style_tracker_item_bridge USING btree (style_group_id) WHERE (style_group_id IS NOT NULL),False,False,True,True,True,False,1,1,False,,1646592,32520,10742,10742,2026-09-03 03:03:53.553889-04
plm,production_order_line,production_order_line_count_cover_idx,"CREATE INDEX production_order_line_count_cover_idx ON plm.production_order_line USING btree (production_order_id, item_id, id)",False,False,True,True,False,False,3,3,False,,1646592,126,395903,1052,2026-08-31 10:38:13.44203-04
plm,sega_asset,sega_asset_pkey,"CREATE UNIQUE INDEX sega_asset_pkey ON plm.sega_asset USING btree (capture_id, asset_source_id)",True,True,True,True,False,False,2,2,True,f,1507328,0,0,0,
plm,sega_asset,sega_asset_pkey,"CREATE UNIQUE INDEX sega_asset_pkey ON plm.sega_asset USING btree (capture_id, asset_source_id)",True,True,True,True,False,False,2,2,True,f,1507328,0,0,0,
plm,sega_asset,sega_asset_pkey,"CREATE UNIQUE INDEX sega_asset_pkey ON plm.sega_asset USING btree (capture_id, asset_source_id)",True,True,True,True,False,False,2,2,True,p,1507328,0,0,0,
plm,sega_asset,sega_asset_pkey,"CREATE UNIQUE INDEX sega_asset_pkey ON plm.sega_asset USING btree (capture_id, asset_source_id)",True,True,True,True,False,False,2,2,True,f,1507328,0,0,0,
plm,sega_asset,sega_asset_pkey,"CREATE UNIQUE INDEX sega_asset_pkey ON plm.sega_asset USING btree (capture_id, asset_source_id)",True,True,True,True,False,False,2,2,True,f,1507328,0,0,0,
plm,sega_asset,sega_asset_pkey,"CREATE UNIQUE INDEX sega_asset_pkey ON plm.sega_asset USING btree (capture_id, asset_source_id)",True,True,True,True,False,False,2,2,True,f,1507328,0,0,0,
plm,style_tracker_item_bridge,idx_style_tracker_item_bridge_sku,CREATE INDEX idx_style_tracker_item_bridge_sku ON plm.style_tracker_item_bridge USING btree (upper(sku)) WHERE (sku IS NOT NULL),False,False,True,True,True,True,1,1,False,,1466368,0,0,0,
plm,nbcu_asset,idx_nbcu_asset_scope_paths_gin,CREATE INDEX idx_nbcu_asset_scope_paths_gin ON plm.nbcu_asset USING gin (scope_paths),False,False,True,True,False,False,1,1,False,,1449984,0,0,0,
plm,nbcu_asset_scope,idx_nbcu_asset_scope_scope,"CREATE INDEX idx_nbcu_asset_scope_scope ON plm.nbcu_asset_scope USING btree (capture_id, scope_key)",False,False,True,True,False,False,2,2,False,,1441792,1,133316,1671,2026-08-29 21:39:34.004924-04
plm,pmt_asset_collection,idx_pmt_asset_collection_reverse,"CREATE INDEX idx_pmt_asset_collection_reverse ON plm.pmt_asset_collection USING btree (capture_id, collection_source_id)",False,False,True,True,False,False,2,2,False,,1433600,1,86260,0,2026-08-29 21:39:34.004924-04
plm,production_order_line,production_order_line_open_idx,CREATE INDEX production_order_line_open_idx ON plm.production_order_line USING btree (id) WHERE (voided_at IS NULL),False,False,True,True,True,False,1,1,False,,1417216,0,0,0,
plm,production_order_line,production_order_line_pkey,CREATE UNIQUE INDEX production_order_line_pkey ON plm.production_order_line USING btree (id),True,True,True,True,False,False,1,1,True,p,1417216,193,192,0,2026-08-31 10:38:13.44203-04
plm,production_order_line,production_order_line_pkey,CREATE UNIQUE INDEX production_order_line_pkey ON plm.production_order_line USING btree (id),True,True,True,True,False,False,1,1,True,f,1417216,193,192,0,2026-08-31 10:38:13.44203-04
plm,production_order_line,production_order_line_pkey,CREATE UNIQUE INDEX production_order_line_pkey ON plm.production_order_line USING btree (id),True,True,True,True,False,False,1,1,True,f,1417216,193,192,0,2026-08-31 10:38:13.44203-04
crm,email_message,crm_email_message_received_id_idx,"CREATE INDEX crm_email_message_received_id_idx ON crm.email_message USING btree (received_at DESC, id)",False,False,True,True,False,False,2,2,False,,1409024,0,0,0,
plm,lucasfilm_dcp_metadata_asset,idx_lucasfilm_dcp_metadata_asset_asset,CREATE INDEX idx_lucasfilm_dcp_metadata_asset_asset ON plm.lucasfilm_dcp_metadata_asset USING btree (lucasfilm_dcp_asset_id),False,False,True,True,False,False,1,1,False,,1384448,0,0,0,
plm,style_tracker_item_bridge,idx_style_tracker_item_bridge_row,CREATE INDEX idx_style_tracker_item_bridge_row ON plm.style_tracker_item_bridge USING btree (style_tracker_row_id),False,False,True,True,False,False,1,1,False,,1376256,500,502,20,2026-09-04 17:16:01.168495-04
plm,dcp_asset,idx_dcp_asset_lifecycle_status,"CREATE INDEX idx_dcp_asset_lifecycle_status ON plm.dcp_asset USING btree (lifecycle_status, last_seen_crawl_id)",False,False,True,True,False,False,2,2,False,,1359872,0,0,0,
plm,wwe_asset,idx_wwe_asset_source_hash,CREATE INDEX idx_wwe_asset_source_hash ON plm.wwe_asset USING btree (source_hash),False,False,True,True,False,False,1,1,False,,1351680,0,0,0,
plm,style_tracker_item_bridge,style_tracker_item_bridge_row_unique,CREATE UNIQUE INDEX style_tracker_item_bridge_row_unique ON plm.style_tracker_item_bridge USING btree (style_tracker_row_id),True,False,True,True,False,False,1,1,True,u,1335296,1795481,1805898,1795481,2026-09-04 17:16:04.206478-04
plm,style_tracker_item_bridge,style_tracker_item_bridge_pkey,CREATE UNIQUE INDEX style_tracker_item_bridge_pkey ON plm.style_tracker_item_bridge USING btree (id),True,True,True,True,False,False,1,1,True,p,1318912,2,2,2,2026-09-04 17:08:27.217454-04
plm,lucasfilm_dcp_asset_crawl,lucasfilm_dcp_asset_crawl_pkey,"CREATE UNIQUE INDEX lucasfilm_dcp_asset_crawl_pkey ON plm.lucasfilm_dcp_asset_crawl USING btree (crawl_id, lucasfilm_dcp_asset_id)",True,True,True,True,False,False,2,2,True,p,1310720,0,0,0,
public,style_tracker_rows,idx_style_tracker_rows_source_sheet,"CREATE INDEX idx_style_tracker_rows_source_sheet ON public.style_tracker_rows USING btree (source_sheet, source_row_number)",False,False,True,True,False,False,2,2,False,,1310720,259,1764015,1764013,2026-09-04 17:16:04.206478-04
plm,lucasfilm_dcp_asset_crawl,lucasfilm_dcp_asset_crawl_pkey,"CREATE UNIQUE INDEX lucasfilm_dcp_asset_crawl_pkey ON plm.lucasfilm_dcp_asset_crawl USING btree (crawl_id, lucasfilm_dcp_asset_id)",True,True,True,True,False,False,2,2,True,f,1310720,0,0,0,
plm,nbcu_asset_ip_family,idx_nbcu_asset_ip_family_family,"CREATE INDEX idx_nbcu_asset_ip_family_family ON plm.nbcu_asset_ip_family USING btree (capture_id, ip_family_key)",False,False,True,True,False,False,2,2,False,,1277952,1,112497,12239,2026-08-29 21:39:34.004924-04
public,style_tracker_rows,style_tracker_rows_pkey,CREATE UNIQUE INDEX style_tracker_rows_pkey ON public.style_tracker_rows USING btree (id),True,True,True,True,False,False,1,1,True,f,1261568,508,511,4,2026-09-04 17:16:01.168495-04
public,style_tracker_rows,style_tracker_rows_pkey,CREATE UNIQUE INDEX style_tracker_rows_pkey ON public.style_tracker_rows USING btree (id),True,True,True,True,False,False,1,1,True,f,1261568,508,511,4,2026-09-04 17:16:01.168495-04
public,style_tracker_rows,style_tracker_rows_pkey,CREATE UNIQUE INDEX style_tracker_rows_pkey ON public.style_tracker_rows USING btree (id),True,True,True,True,False,False,1,1,True,p,1261568,508,511,4,2026-09-04 17:16:01.168495-04
plm,pmt_asset,idx_pmt_asset_date_imported,CREATE INDEX idx_pmt_asset_date_imported ON plm.pmt_asset USING btree (date_imported DESC),False,False,True,True,False,False,1,1,False,,1253376,0,0,0,
plm,sega_asset_property_inferred,sega_asset_property_inferred_pair_catalog_uk,"CREATE UNIQUE INDEX sega_asset_property_inferred_pair_catalog_uk ON plm.sega_asset_property_inferred USING btree (capture_id, asset_source_id, property_source_id, catalog_source_id)",True,False,True,True,False,False,4,4,True,u,1253376,0,0,0,
plm,peanuts_asset_relationship,peanuts_asset_relationship_child_idx,"CREATE INDEX peanuts_asset_relationship_child_idx ON plm.peanuts_asset_relationship USING btree (capture_id, child_object_id)",False,False,True,True,False,False,2,2,False,,1228800,0,0,0,
plm,style_tracker_item_bridge,idx_style_tracker_item_bridge_erp_item,CREATE INDEX idx_style_tracker_item_bridge_erp_item ON plm.style_tracker_item_bridge USING btree (erp_item_id) WHERE (erp_item_id IS NOT NULL),False,False,True,True,True,False,1,1,False,,1220608,0,0,0,
pim,product,product_pkey,CREATE UNIQUE INDEX product_pkey ON pim.product USING btree (id),True,True,True,True,False,False,1,1,True,f,1204224,6,6,0,2026-09-03 16:01:25.434665-04
pim,product,product_pkey,CREATE UNIQUE INDEX product_pkey ON pim.product USING btree (id),True,True,True,True,False,False,1,1,True,p,1204224,6,6,0,2026-09-03 16:01:25.434665-04
pim,product,product_pkey,CREATE UNIQUE INDEX product_pkey ON pim.product USING btree (id),True,True,True,True,False,False,1,1,True,f,1204224,6,6,0,2026-09-03 16:01:25.434665-04
pim,product,product_pkey,CREATE UNIQUE INDEX product_pkey ON pim.product USING btree (id),True,True,True,True,False,False,1,1,True,f,1204224,6,6,0,2026-09-03 16:01:25.434665-04
pim,product,product_pkey,CREATE UNIQUE INDEX product_pkey ON pim.product USING btree (id),True,True,True,True,False,False,1,1,True,f,1204224,6,6,0,2026-09-03 16:01:25.434665-04
pim,product,product_pkey,CREATE UNIQUE INDEX product_pkey ON pim.product USING btree (id),True,True,True,True,False,False,1,1,True,f,1204224,6,6,0,2026-09-03 16:01:25.434665-04
pim,product,product_pkey,CREATE UNIQUE INDEX product_pkey ON pim.product USING btree (id),True,True,True,True,False,False,1,1,True,f,1204224,6,6,0,2026-09-03 16:01:25.434665-04
pim,product,product_pkey,CREATE UNIQUE INDEX product_pkey ON pim.product USING btree (id),True,True,True,True,False,False,1,1,True,f,1204224,6,6,0,2026-09-03 16:01:25.434665-04
pim,product,product_pkey,CREATE UNIQUE INDEX product_pkey ON pim.product USING btree (id),True,True,True,True,False,False,1,1,True,f,1204224,6,6,0,2026-09-03 16:01:25.434665-04
pim,product,product_pkey,CREATE UNIQUE INDEX product_pkey ON pim.product USING btree (id),True,True,True,True,False,False,1,1,True,f,1204224,6,6,0,2026-09-03 16:01:25.434665-04
pim,product,product_pkey,CREATE UNIQUE INDEX product_pkey ON pim.product USING btree (id),True,True,True,True,False,False,1,1,True,f,1204224,6,6,0,2026-09-03 16:01:25.434665-04
pim,product,product_pkey,CREATE UNIQUE INDEX product_pkey ON pim.product USING btree (id),True,True,True,True,False,False,1,1,True,f,1204224,6,6,0,2026-09-03 16:01:25.434665-04
pim,product,product_pkey,CREATE UNIQUE INDEX product_pkey ON pim.product USING btree (id),True,True,True,True,False,False,1,1,True,f,1204224,6,6,0,2026-09-03 16:01:25.434665-04
pim,product,product_pkey,CREATE UNIQUE INDEX product_pkey ON pim.product USING btree (id),True,True,True,True,False,False,1,1,True,f,1204224,6,6,0,2026-09-03 16:01:25.434665-04
pim,product,product_pkey,CREATE UNIQUE INDEX product_pkey ON pim.product USING btree (id),True,True,True,True,False,False,1,1,True,f,1204224,6,6,0,2026-09-03 16:01:25.434665-04
pim,product,product_pkey,CREATE UNIQUE INDEX product_pkey ON pim.product USING btree (id),True,True,True,True,False,False,1,1,True,f,1204224,6,6,0,2026-09-03 16:01:25.434665-04
pim,product,product_pkey,CREATE UNIQUE INDEX product_pkey ON pim.product USING btree (id),True,True,True,True,False,False,1,1,True,f,1204224,6,6,0,2026-09-03 16:01:25.434665-04
pim,product,product_pkey,CREATE UNIQUE INDEX product_pkey ON pim.product USING btree (id),True,True,True,True,False,False,1,1,True,f,1204224,6,6,0,2026-09-03 16:01:25.434665-04
pim,product_tag,product_tag_pkey,CREATE UNIQUE INDEX product_tag_pkey ON pim.product_tag USING btree (id),True,True,True,True,False,False,1,1,True,p,1187840,0,0,0,
plm,style_tracker_item_bridge,idx_style_tracker_item_bridge_match_status,CREATE INDEX idx_style_tracker_item_bridge_match_status ON plm.style_tracker_item_bridge USING btree (match_status),False,False,True,True,False,False,1,1,False,,1138688,3,62077,15734,2026-09-04 17:08:27.217454-04
plm,item,item_source_system_source_id_key,"CREATE UNIQUE INDEX item_source_system_source_id_key ON plm.item USING btree (source_system, source_id)",True,False,True,True,False,False,2,2,True,u,1138688,0,0,0,
plm,nbcu_asset,idx_nbcu_asset_property_labels_gin,CREATE INDEX idx_nbcu_asset_property_labels_gin ON plm.nbcu_asset USING gin (property_labels),False,False,True,True,False,False,1,1,False,,1130496,0,0,0,
plm,production_order_line_source_ref,production_order_line_source_ref_line_idx,CREATE INDEX production_order_line_source_ref_line_idx ON plm.production_order_line_source_ref USING btree (production_order_line_id),False,False,True,True,False,False,1,1,False,,1122304,12008,12008,11816,2026-08-31 10:38:13.44203-04
plm,sega_asset,idx_sega_asset_source_hash,CREATE INDEX idx_sega_asset_source_hash ON plm.sega_asset USING btree (source_hash),False,False,True,True,False,False,1,1,False,,1114112,0,0,0,
pim,product,pim_product_code_idx,CREATE INDEX pim_product_code_idx ON pim.product USING btree (code),False,False,True,True,False,False,1,1,False,,1105920,0,0,0,
pim,stage_history,pim_stage_history_product_changed_idx,"CREATE INDEX pim_stage_history_product_changed_idx ON pim.stage_history USING btree (product_id, changed_at DESC, id DESC)",False,False,True,True,False,False,3,3,False,,1105920,9,6,0,2026-09-03 16:01:25.434665-04
plm,lucasfilm_dcp_asset,idx_lucasfilm_dcp_asset_file_name_lower,CREATE INDEX idx_lucasfilm_dcp_asset_file_name_lower ON plm.lucasfilm_dcp_asset USING btree (lower(file_name)),False,False,True,True,False,True,1,1,False,,1056768,0,0,0,
plm,production_order_line_source_ref,production_order_line_source_ref_pkey,CREATE UNIQUE INDEX production_order_line_source_ref_pkey ON plm.production_order_line_source_ref USING btree (id),True,True,True,True,False,False,1,1,True,p,1056768,0,0,0,
plm,wb_asset_normalized,idx_wb_asset_normalized_lifecycle_status,"CREATE INDEX idx_wb_asset_normalized_lifecycle_status ON plm.wb_asset_normalized USING btree (status, last_seen_at)",False,False,True,True,False,False,2,2,False,,1048576,0,0,0,
pim,product_update,product_update_pkey,CREATE UNIQUE INDEX product_update_pkey ON pim.product_update USING btree (id),True,True,True,True,False,False,1,1,True,p,1040384,0,0,0,
plm,marvel_dcp_asset_property_observation,marvel_dcp_asset_property_obs_pkey,"CREATE UNIQUE INDEX marvel_dcp_asset_property_obs_pkey ON plm.marvel_dcp_asset_property_observation USING btree (metadata_run_id, marvel_dcp_asset_id, marvel_dcp_property_id)",True,True,True,True,False,False,3,3,True,p,1024000,0,0,0,
public,style_guide_render_queue,idx_sgrq_file_status,"CREATE INDEX idx_sgrq_file_status ON public.style_guide_render_queue USING btree (style_guide_file_id, status)",False,False,True,True,False,False,2,2,False,,1024000,0,0,0,
plm,sega_asset_property_inferred,idx_sega_asset_property_inferred_asset,"CREATE INDEX idx_sega_asset_property_inferred_asset ON plm.sega_asset_property_inferred USING btree (capture_id, asset_source_id)",False,False,True,True,False,False,2,2,False,,1024000,0,0,0,
public,style_tracker_rows,idx_style_tracker_rows_sku,CREATE INDEX idx_style_tracker_rows_sku ON public.style_tracker_rows USING btree (upper(sku)) WHERE (sku IS NOT NULL),False,False,True,True,True,True,1,1,False,,1007616,0,0,0,
plm,itemDetail,itemDetail_pkey,"CREATE UNIQUE INDEX ""itemDetail_pkey"" ON plm.""itemDetail"" USING btree (item_pk)",True,True,True,True,False,False,1,1,True,p,999424,0,0,0,
plm,pmt_asset_property,idx_pmt_asset_property_reverse,"CREATE INDEX idx_pmt_asset_property_reverse ON plm.pmt_asset_property USING btree (capture_id, property_source_id)",False,False,True,True,False,False,2,2,False,,983040,1,69076,0,2026-08-29 21:39:34.004924-04
public,style_groups,idx_style_groups_customer_trgm,CREATE INDEX idx_style_groups_customer_trgm ON public.style_groups USING gin (customer extensions.gin_trgm_ops),False,False,True,True,False,False,1,1,False,,983040,0,0,0,
public,style_guide_tags,idx_style_guide_tags_display_trgm,CREATE INDEX idx_style_guide_tags_display_trgm ON public.style_guide_tags USING gin (display_name extensions.gin_trgm_ops),False,False,True,True,False,False,1,1,False,,974848,0,0,0,
plm,lucasfilm_dcp_asset_property_observation,idx_lucasfilm_dcp_asset_property_obs_property,CREATE INDEX idx_lucasfilm_dcp_asset_property_obs_property ON plm.lucasfilm_dcp_asset_property_observation USING btree (lucasfilm_dcp_property_id),False,False,True,True,False,False,1,1,False,,974848,700,1266580,506632,2026-08-30 21:38:07.567739-04
plm,item_import,item_import_item_id_idx,CREATE INDEX item_import_item_id_idx ON plm.item_import USING btree (item_id),False,False,True,True,False,False,1,1,False,,974848,0,0,0,
plm,lucasfilm_dcp_asset,lucasfilm_dcp_asset_pkey,CREATE UNIQUE INDEX lucasfilm_dcp_asset_pkey ON plm.lucasfilm_dcp_asset USING btree (id),True,True,True,True,False,False,1,1,True,p,966656,633374,633374,633290,2026-08-30 21:38:01.050264-04
plm,opa_property_character,idx_opa_property_character_character_name,CREATE INDEX idx_opa_property_character_character_name ON plm.opa_property_character USING btree (character_name),False,False,True,True,False,False,1,1,False,,966656,146,1398530,0,2026-09-03 15:32:38.556082-04
plm,lucasfilm_dcp_asset,lucasfilm_dcp_asset_pkey,CREATE UNIQUE INDEX lucasfilm_dcp_asset_pkey ON plm.lucasfilm_dcp_asset USING btree (id),True,True,True,True,False,False,1,1,True,f,966656,633374,633374,633290,2026-08-30 21:38:01.050264-04
plm,lucasfilm_dcp_asset_tile_observation,idx_lucasfilm_dcp_asset_tile_obs_asset,CREATE INDEX idx_lucasfilm_dcp_asset_tile_obs_asset ON plm.lucasfilm_dcp_asset_tile_observation USING btree (lucasfilm_dcp_asset_id),False,False,True,True,False,False,1,1,False,,966656,0,0,0,
plm,lucasfilm_dcp_asset,lucasfilm_dcp_asset_pkey,CREATE UNIQUE INDEX lucasfilm_dcp_asset_pkey ON plm.lucasfilm_dcp_asset USING btree (id),True,True,True,True,False,False,1,1,True,f,966656,633374,633374,633290,2026-08-30 21:38:01.050264-04
plm,lucasfilm_dcp_asset,lucasfilm_dcp_asset_pkey,CREATE UNIQUE INDEX lucasfilm_dcp_asset_pkey ON plm.lucasfilm_dcp_asset USING btree (id),True,True,True,True,False,False,1,1,True,f,966656,633374,633374,633290,2026-08-30 21:38:01.050264-04
plm,lucasfilm_dcp_asset_crawl,idx_lucasfilm_dcp_asset_crawl_asset,CREATE INDEX idx_lucasfilm_dcp_asset_crawl_asset ON plm.lucasfilm_dcp_asset_crawl USING btree (lucasfilm_dcp_asset_id),False,False,True,True,False,False,1,1,False,,966656,0,0,0,
plm,pmt_asset_franchise,idx_pmt_asset_franchise_reverse,"CREATE INDEX idx_pmt_asset_franchise_reverse ON plm.pmt_asset_franchise USING btree (capture_id, franchise_source_id)",False,False,True,True,False,False,2,2,False,,958464,1,66402,0,2026-08-29 21:39:34.004924-04
plm,pmt_asset,idx_pmt_asset_mime_type,CREATE INDEX idx_pmt_asset_mime_type ON plm.pmt_asset USING btree (mime_type),False,False,True,True,False,False,1,1,False,,950272,0,0,0,
app,quote_auth_token,quote_auth_token_pkey,CREATE UNIQUE INDEX quote_auth_token_pkey ON app.quote_auth_token USING btree (id),True,False,True,True,False,False,1,1,False,,933888,0,0,0,
app,quote_auth_token,auth_token_pkey,CREATE UNIQUE INDEX auth_token_pkey ON app.quote_auth_token USING btree (id),True,True,True,True,False,False,1,1,True,p,933888,0,0,0,
dflow,quote_auth_token,quote_auth_token_pkey,CREATE UNIQUE INDEX quote_auth_token_pkey ON dflow.quote_auth_token USING btree (id),True,False,True,True,False,False,1,1,False,,925696,1,40560,23,2026-09-02 15:56:11.935714-04
dflow,quote_auth_token,auth_token_pkey,CREATE UNIQUE INDEX auth_token_pkey ON dflow.quote_auth_token USING btree (id),True,True,True,True,False,False,1,1,True,p,925696,0,0,0,
dflow,user_notification,user_notification_unread_user_created_idx,"CREATE INDEX user_notification_unread_user_created_idx ON dflow.user_notification USING btree (user_id_fk, created_date DESC) WHERE (unread = true)",False,False,True,True,True,False,2,2,False,,909312,296,608459,150,2026-09-02 15:22:46.812928-04
plm,wwe_asset_property_inferred,wwe_asset_property_inferred_pkey,"CREATE UNIQUE INDEX wwe_asset_property_inferred_pkey ON plm.wwe_asset_property_inferred USING btree (capture_id, asset_source_id, property_source_id)",True,True,True,True,False,False,3,3,True,p,909312,11277,0,0,2026-08-30 12:21:03.645318-04
plm,nbcu_asset_style_guide,idx_nbcu_asset_style_guide_guide,"CREATE INDEX idx_nbcu_asset_style_guide_guide ON plm.nbcu_asset_style_guide USING btree (capture_id, style_guide_key)",False,False,True,True,False,False,2,2,False,,909312,2,126968,18244,2026-08-30 20:41:28.391866-04
public,style_groups,style_groups_pkey,CREATE UNIQUE INDEX style_groups_pkey ON public.style_groups USING btree (id),True,True,True,True,False,False,1,1,True,f,901120,12312471,16280671,12697162,2026-09-04 17:29:12.898155-04
public,style_groups,style_groups_pkey,CREATE UNIQUE INDEX style_groups_pkey ON public.style_groups USING btree (id),True,True,True,True,False,False,1,1,True,p,901120,12312471,16280671,12697162,2026-09-04 17:29:12.898155-04
public,style_groups,style_groups_pkey,CREATE UNIQUE INDEX style_groups_pkey ON public.style_groups USING btree (id),True,True,True,True,False,False,1,1,True,f,901120,12312471,16280671,12697162,2026-09-04 17:29:12.898155-04
public,style_groups,style_groups_pkey,CREATE UNIQUE INDEX style_groups_pkey ON public.style_groups USING btree (id),True,True,True,True,False,False,1,1,True,f,901120,12312471,16280671,12697162,2026-09-04 17:29:12.898155-04
public,style_tracker_audit_log,idx_style_tracker_audit_log_row,"CREATE INDEX idx_style_tracker_audit_log_row ON public.style_tracker_audit_log USING btree (style_tracker_row_id, changed_at DESC) WHERE (style_tracker_row_id IS NOT NULL)",False,False,True,True,True,False,2,2,False,,901120,0,0,0,
plm,pmt_asset,idx_pmt_asset_content_type,CREATE INDEX idx_pmt_asset_content_type ON plm.pmt_asset USING btree (content_type),False,False,True,True,False,False,1,1,False,,892928,1,67724,0,2026-08-29 21:39:34.004924-04
plm,pmt_asset_brand,idx_pmt_asset_brand_reverse,"CREATE INDEX idx_pmt_asset_brand_reverse ON plm.pmt_asset_brand USING btree (capture_id, brand_source_id)",False,False,True,True,False,False,2,2,False,,892928,1,68102,0,2026-08-29 21:39:34.004924-04
plm,nbcu_asset,idx_nbcu_asset_media_type,CREATE INDEX idx_nbcu_asset_media_type ON plm.nbcu_asset USING btree (media_type),False,False,True,True,False,False,1,1,False,,892928,0,0,0,
core,contact_company,contact_company_contact_id_company_id_relationship_type_key,"CREATE UNIQUE INDEX contact_company_contact_id_company_id_relationship_type_key ON core.contact_company USING btree (contact_id, company_id, relationship_type)",True,False,True,True,False,False,3,3,True,u,876544,73462,9466,9466,2026-09-04 16:00:05.828337-04
pim,product_file,pim_product_file_product_id_created_idx,"CREATE INDEX pim_product_file_product_id_created_idx ON pim.product_file USING btree (product_id, created_at)",False,False,True,True,False,False,2,2,False,,835584,9,236,236,2026-09-03 16:02:40.06974-04
plm,lucasfilm_dcp_asset_property_observation,idx_lucasfilm_dcp_asset_property_obs_run,CREATE INDEX idx_lucasfilm_dcp_asset_property_obs_run ON plm.lucasfilm_dcp_asset_property_observation USING btree (metadata_run_id),False,False,True,True,False,False,1,1,False,,835584,0,0,0,
core,contact_source_ref,contact_source_ref_source_system_source_table_source_id_key,"CREATE UNIQUE INDEX contact_source_ref_source_system_source_table_source_id_key ON core.contact_source_ref USING btree (source_system, source_table, source_id)",True,False,True,True,False,False,3,3,True,u,819200,0,0,0,
plm,nbcu_asset,idx_nbcu_asset_capture,CREATE INDEX idx_nbcu_asset_capture ON plm.nbcu_asset USING btree (capture_id),False,False,True,True,False,False,1,1,False,,786432,2,226662,27492,2026-08-30 20:41:28.391866-04
plm,nbcu_asset,idx_nbcu_asset_unmatched,CREATE INDEX idx_nbcu_asset_unmatched ON plm.nbcu_asset USING btree (resolution_status) WHERE (resolution_status <> 'matched'::text),False,False,True,True,True,False,1,1,False,,786432,0,0,0,
public,style_groups,idx_style_groups_latest_file_date,CREATE INDEX idx_style_groups_latest_file_date ON public.style_groups USING btree (latest_file_date),False,False,True,True,False,False,1,1,False,,778240,413,29509,28772,2026-09-04 17:02:47.549299-04
public,render_queue,render_queue_pkey,CREATE UNIQUE INDEX render_queue_pkey ON public.render_queue USING btree (id),True,True,True,True,False,False,1,1,True,p,778240,81986,81448,36384,2026-09-04 17:30:02.027647-04
public,style_groups,idx_style_groups_sku,CREATE INDEX idx_style_groups_sku ON public.style_groups USING btree (sku),False,False,True,True,False,False,1,1,False,,778240,647120,679670,646310,2026-09-04 16:46:23.419922-04
plm,item,item_pkey,CREATE UNIQUE INDEX item_pkey ON plm.item USING btree (id),True,True,True,True,False,False,1,1,True,f,770048,24266,24266,24258,2026-09-04 17:08:27.217454-04
plm,item,item_pkey,CREATE UNIQUE INDEX item_pkey ON plm.item USING btree (id),True,True,True,True,False,False,1,1,True,f,770048,24266,24266,24258,2026-09-04 17:08:27.217454-04
public,assets,assets_customer_id_idx,CREATE INDEX assets_customer_id_idx ON public.assets USING btree (customer_id) WHERE (customer_id IS NOT NULL),False,False,True,True,True,False,1,1,False,,770048,52,2191665,667065,2026-09-04 17:02:56.623031-04
plm,item,item_pkey,CREATE UNIQUE INDEX item_pkey ON plm.item USING btree (id),True,True,True,True,False,False,1,1,True,f,770048,24266,24266,24258,2026-09-04 17:08:27.217454-04
plm,item,item_pkey,CREATE UNIQUE INDEX item_pkey ON plm.item USING btree (id),True,True,True,True,False,False,1,1,True,f,770048,24266,24266,24258,2026-09-04 17:08:27.217454-04
plm,item,item_pkey,CREATE UNIQUE INDEX item_pkey ON plm.item USING btree (id),True,True,True,True,False,False,1,1,True,f,770048,24266,24266,24258,2026-09-04 17:08:27.217454-04
plm,dcp_term,dcp_term_unique,"CREATE UNIQUE INDEX dcp_term_unique ON plm.dcp_term USING btree (source_system, term_kind, source_value)",True,False,True,True,False,False,3,3,True,u,770048,0,0,0,
plm,item,item_pkey,CREATE UNIQUE INDEX item_pkey ON plm.item USING btree (id),True,True,True,True,False,False,1,1,True,f,770048,24266,24266,24258,2026-09-04 17:08:27.217454-04
plm,item,item_pkey,CREATE UNIQUE INDEX item_pkey ON plm.item USING btree (id),True,True,True,True,False,False,1,1,True,f,770048,24266,24266,24258,2026-09-04 17:08:27.217454-04
plm,item,item_pkey,CREATE UNIQUE INDEX item_pkey ON plm.item USING btree (id),True,True,True,True,False,False,1,1,True,f,770048,24266,24266,24258,2026-09-04 17:08:27.217454-04
plm,item,item_pkey,CREATE UNIQUE INDEX item_pkey ON plm.item USING btree (id),True,True,True,True,False,False,1,1,True,f,770048,24266,24266,24258,2026-09-04 17:08:27.217454-04
plm,item,item_pkey,CREATE UNIQUE INDEX item_pkey ON plm.item USING btree (id),True,True,True,True,False,False,1,1,True,f,770048,24266,24266,24258,2026-09-04 17:08:27.217454-04
plm,item,item_pkey,CREATE UNIQUE INDEX item_pkey ON plm.item USING btree (id),True,True,True,True,False,False,1,1,True,f,770048,24266,24266,24258,2026-09-04 17:08:27.217454-04
plm,item,item_pkey,CREATE UNIQUE INDEX item_pkey ON plm.item USING btree (id),True,True,True,True,False,False,1,1,True,p,770048,24266,24266,24258,2026-09-04 17:08:27.217454-04
plm,wwe_asset_folder_member,wwe_asset_folder_member_pkey,"CREATE UNIQUE INDEX wwe_asset_folder_member_pkey ON plm.wwe_asset_folder_member USING btree (capture_id, asset_source_id, folder_source_id)",True,True,True,True,False,False,3,3,True,p,770048,11277,0,0,2026-08-30 12:21:03.645318-04
plm,dcp_style_guide,dcp_style_guide_unique,"CREATE UNIQUE INDEX dcp_style_guide_unique ON plm.dcp_style_guide USING btree (source_system, source_path)",True,False,True,True,False,False,2,2,True,u,753664,0,0,0,
dflow,RFQVendor,RFQVendor_pkey,"CREATE UNIQUE INDEX ""RFQVendor_pkey"" ON dflow.""RFQVendor"" USING btree (""RFQVendor_id"")",True,True,True,True,False,False,1,1,True,p,745472,0,0,0,
public,erp_items_current,erp_items_current_external_id_key,CREATE UNIQUE INDEX erp_items_current_external_id_key ON public.erp_items_current USING btree (external_id),True,False,True,True,False,False,1,1,True,u,745472,0,0,0,
plm,RFQVendor,RFQVendor_pkey,"CREATE UNIQUE INDEX ""RFQVendor_pkey"" ON plm.""RFQVendor"" USING btree (""RFQVendor_id"")",True,True,True,True,False,False,1,1,True,p,745472,0,0,0,
plm,production_order_line,production_order_line_sku_normalized_idx,CREATE INDEX production_order_line_sku_normalized_idx ON plm.production_order_line USING btree (sku_normalized),False,False,True,True,False,False,1,1,False,,737280,0,0,0,
plm,production_order_line,plm_production_order_line_sku_idx,CREATE INDEX plm_production_order_line_sku_idx ON plm.production_order_line USING btree (sku),False,False,True,True,False,False,1,1,False,,737280,0,0,0,
public,style_groups,style_groups_sku_key,CREATE UNIQUE INDEX style_groups_sku_key ON public.style_groups USING btree (sku),True,False,True,True,False,False,1,1,True,u,729088,288455,283710,255892,2026-09-04 16:07:15.84738-04
dflow,RFQVendor,RFQVendor_item_vendor_summary_idx,"CREATE INDEX ""RFQVendor_item_vendor_summary_idx"" ON dflow.""RFQVendor"" USING btree (""RFQitem_id_fk"", vendor_id_fk)",False,False,True,True,False,False,2,2,False,,729088,192,61864,61844,2026-09-02 13:56:33.661829-04
crm,email_message,email_message_pkey,CREATE UNIQUE INDEX email_message_pkey ON crm.email_message USING btree (id),True,True,True,True,False,False,1,1,True,p,729088,1338,1079081,1009587,2026-09-04 12:47:55.086865-04
plm,lucasfilm_dcp_metadata_asset,idx_lucasfilm_dcp_metadata_asset_crawl,CREATE INDEX idx_lucasfilm_dcp_metadata_asset_crawl ON plm.lucasfilm_dcp_metadata_asset USING btree (source_crawl_id),False,False,True,True,False,False,1,1,False,,729088,0,0,0,
plm,opa_property_character,opa_property_character_pkey,"CREATE UNIQUE INDEX opa_property_character_pkey ON plm.opa_property_character USING btree (licensed_property_id, character_id)",True,True,True,True,False,False,2,2,True,p,720896,0,0,0,
plm,lucasfilm_dcp_metadata_asset,idx_lucasfilm_dcp_metadata_asset_status,"CREATE INDEX idx_lucasfilm_dcp_metadata_asset_status ON plm.lucasfilm_dcp_metadata_asset USING btree (metadata_run_id, fetch_status)",False,False,True,True,False,False,2,2,False,,696320,0,0,0,
plm,production_order_line,production_order_line_item_idx,CREATE INDEX production_order_line_item_idx ON plm.production_order_line USING btree (item_id),False,False,True,True,False,False,1,1,False,,696320,112,289,184,2026-08-31 10:38:13.44203-04
public,erp_items_current,idx_erp_items_current_style_number,CREATE INDEX idx_erp_items_current_style_number ON public.erp_items_current USING btree (style_number),False,False,True,True,False,False,1,1,False,,688128,510467,494267,494267,2026-09-04 15:14:20.444423-04
dflow,dflow.properties_and_characters,unique_character_entity,"CREATE UNIQUE INDEX unique_character_entity ON dflow.properties_and_characters USING btree (licensor_id, source_licensed_property_id, source_character_id) WHERE ((type)::text = 'CHARACTER'::text)",True,False,True,True,True,False,3,3,False,,688128,0,0,0,
pim,stage_history,stage_history_pkey,CREATE UNIQUE INDEX stage_history_pkey ON pim.stage_history USING btree (id),True,True,True,True,False,False,1,1,True,p,679936,0,0,0,
plm,item,item_upper_trim_item_number_idx,CREATE INDEX item_upper_trim_item_number_idx ON plm.item USING btree (upper(TRIM(BOTH FROM item_number))),False,False,True,True,False,True,1,1,False,,671744,27400,27256,27256,2026-09-04 17:08:27.217454-04
dflow,item_prod_order_detail_associations,item_prod_order_detail_associ_item_header_id_prod_order_det_key,"CREATE UNIQUE INDEX item_prod_order_detail_associ_item_header_id_prod_order_det_key ON dflow.item_prod_order_detail_associations USING btree (item_header_id, prod_order_detail_pkey)",True,False,True,True,False,False,2,2,True,u,671744,0,0,0,
plm,item_prod_order_detail_associations,item_prod_order_detail_associations_pkey,CREATE UNIQUE INDEX item_prod_order_detail_associations_pkey ON plm.item_prod_order_detail_associations USING btree (id),True,True,True,True,False,False,1,1,True,p,671744,0,0,0,
dflow,item_prod_order_detail_associations,item_prod_order_detail_associations_pkey,CREATE UNIQUE INDEX item_prod_order_detail_associations_pkey ON dflow.item_prod_order_detail_associations USING btree (id),True,True,True,True,False,False,1,1,True,p,671744,0,0,0,
dflow,item_prod_order_detail_associations,item_prod_order_detail_associations_unique_pair,"CREATE UNIQUE INDEX item_prod_order_detail_associations_unique_pair ON dflow.item_prod_order_detail_associations USING btree (item_header_id, prod_order_detail_pkey)",True,False,True,True,False,False,2,2,False,,671744,0,0,0,
plm,item_prod_order_detail_associations,item_prod_order_detail_associations_unique_pair,"CREATE UNIQUE INDEX item_prod_order_detail_associations_unique_pair ON plm.item_prod_order_detail_associations USING btree (item_header_id, prod_order_detail_pkey)",True,False,True,True,False,False,2,2,False,,671744,0,0,0,
plm,item_prod_order_detail_associations,item_prod_order_detail_associ_item_header_id_prod_order_det_key,"CREATE UNIQUE INDEX item_prod_order_detail_associ_item_header_id_prod_order_det_key ON plm.item_prod_order_detail_associations USING btree (item_header_id, prod_order_detail_pkey)",True,False,True,True,False,False,2,2,True,u,671744,0,0,0,
plm,wwe_asset,wwe_asset_pkey,"CREATE UNIQUE INDEX wwe_asset_pkey ON plm.wwe_asset USING btree (capture_id, asset_source_id)",True,True,True,True,False,False,2,2,True,f,663552,234102,222825,222825,2026-08-30 12:21:03.645318-04
plm,wwe_asset,wwe_asset_pkey,"CREATE UNIQUE INDEX wwe_asset_pkey ON plm.wwe_asset USING btree (capture_id, asset_source_id)",True,True,True,True,False,False,2,2,True,f,663552,234102,222825,222825,2026-08-30 12:21:03.645318-04
plm,wwe_asset,wwe_asset_pkey,"CREATE UNIQUE INDEX wwe_asset_pkey ON plm.wwe_asset USING btree (capture_id, asset_source_id)",True,True,True,True,False,False,2,2,True,f,663552,234102,222825,222825,2026-08-30 12:21:03.645318-04
plm,wwe_asset,wwe_asset_pkey,"CREATE UNIQUE INDEX wwe_asset_pkey ON plm.wwe_asset USING btree (capture_id, asset_source_id)",True,True,True,True,False,False,2,2,True,p,663552,234102,222825,222825,2026-08-30 12:21:03.645318-04
plm,wwe_asset_property_inferred,idx_wwe_asset_property_inferred_asset,"CREATE INDEX idx_wwe_asset_property_inferred_asset ON plm.wwe_asset_property_inferred USING btree (capture_id, asset_source_id)",False,False,True,True,False,False,2,2,False,,663552,0,0,0,
plm,wwe_asset,wwe_asset_pkey,"CREATE UNIQUE INDEX wwe_asset_pkey ON plm.wwe_asset USING btree (capture_id, asset_source_id)",True,True,True,True,False,False,2,2,True,f,663552,234102,222825,222825,2026-08-30 12:21:03.645318-04
public,erp_items_current,erp_items_current_pkey,CREATE UNIQUE INDEX erp_items_current_pkey ON public.erp_items_current USING btree (id),True,True,True,True,False,False,1,1,True,f,655360,1603949,1603949,1602969,2026-09-04 17:16:04.206478-04
public,erp_items_current,erp_items_current_pkey,CREATE UNIQUE INDEX erp_items_current_pkey ON public.erp_items_current USING btree (id),True,True,True,True,False,False,1,1,True,f,655360,1603949,1603949,1602969,2026-09-04 17:16:04.206478-04
public,erp_items_current,erp_items_current_pkey,CREATE UNIQUE INDEX erp_items_current_pkey ON public.erp_items_current USING btree (id),True,True,True,True,False,False,1,1,True,p,655360,1603949,1603949,1602969,2026-09-04 17:16:04.206478-04
public,style_tracker_audit_log,style_tracker_audit_log_pkey,CREATE UNIQUE INDEX style_tracker_audit_log_pkey ON public.style_tracker_audit_log USING btree (id),True,True,True,True,False,False,1,1,True,p,655360,0,0,0,
plm,nbcu_asset,idx_nbcu_asset_ip_family_labels_gin,CREATE INDEX idx_nbcu_asset_ip_family_labels_gin ON plm.nbcu_asset USING gin (ip_family_labels),False,False,True,True,False,False,1,1,False,,655360,0,0,0,
plm,sega_asset,idx_sega_asset_file_name,CREATE INDEX idx_sega_asset_file_name ON plm.sega_asset USING btree (file_name),False,False,True,True,False,False,1,1,False,,647168,0,0,0,
plm,style_tracker_item_bridge,idx_style_tracker_item_bridge_company,CREATE INDEX idx_style_tracker_item_bridge_company ON plm.style_tracker_item_bridge USING btree (company_id) WHERE (company_id IS NOT NULL),False,False,True,True,True,False,1,1,False,,638976,0,0,0,
public,style_guide_render_queue,style_guide_render_queue_pkey,CREATE UNIQUE INDEX style_guide_render_queue_pkey ON public.style_guide_render_queue USING btree (id),True,True,True,True,False,False,1,1,True,p,630784,322179,324478,10236,2026-09-04 17:30:36.20238-04
public,style_guide_file_groups,sgfg_modified_idx,CREATE INDEX sgfg_modified_idx ON public.style_guide_file_groups USING btree (latest_modified_at DESC NULLS LAST),False,False,True,True,False,False,1,1,False,,630784,0,0,0,
core,company_source_ref,company_source_ref_source_system_source_table_source_id_key,"CREATE UNIQUE INDEX company_source_ref_source_system_source_table_source_id_key ON core.company_source_ref USING btree (source_system, source_table, source_id)",True,False,True,True,False,False,3,3,True,u,622592,379,20466,0,2026-09-04 17:08:27.217454-04
public,style_guide_render_queue,idx_sgrq_file_id,CREATE INDEX idx_sgrq_file_id ON public.style_guide_render_queue USING btree (style_guide_file_id),False,False,True,True,False,False,1,1,False,,622592,151,2,2,2026-09-02 22:08:51.57959-04
core,contact,core_contact_email_idx,CREATE INDEX core_contact_email_idx ON core.contact USING btree (email),False,False,True,True,False,False,1,1,False,,614400,1104786,534752,534752,2026-09-04 16:15:06.022999-04
public,style_guide_files,idx_sgf_render_errored,CREATE INDEX idx_sgf_render_errored ON public.style_guide_files USING btree (id) WHERE (is_active AND (thumbnail_url IS NULL) AND (thumbnail_error IS NOT NULL)),False,False,True,True,True,False,1,1,False,,589824,0,0,0,
plm,production_order_line,production_order_line_order_idx,CREATE INDEX production_order_line_order_idx ON plm.production_order_line USING btree (production_order_id),False,False,True,True,False,False,1,1,False,,581632,0,0,0,
plm,peanuts_asset_relationship,peanuts_asset_relationship_parent_idx,"CREATE INDEX peanuts_asset_relationship_parent_idx ON plm.peanuts_asset_relationship USING btree (capture_id, parent_object_id)",False,False,True,True,False,False,2,2,False,,573440,0,0,0,
plm,production_order_line,production_order_line_customer_po_idx,CREATE INDEX production_order_line_customer_po_idx ON plm.production_order_line USING btree (customer_po_number),False,False,True,True,False,False,1,1,False,,565248,0,0,0,
dflow,item_prod_order_detail_associations,item_prod_order_detail_associations_prod_detail_idx,CREATE INDEX item_prod_order_detail_associations_prod_detail_idx ON dflow.item_prod_order_detail_associations USING btree (prod_order_detail_pkey),False,False,True,True,False,False,1,1,False,,516096,0,0,0,
plm,item_prod_order_detail_associations,item_prod_order_detail_associations_prod_detail_idx,CREATE INDEX item_prod_order_detail_associations_prod_detail_idx ON plm.item_prod_order_detail_associations USING btree (prod_order_detail_pkey),False,False,True,True,False,False,1,1,False,,516096,0,0,0,
plm,sega_catalog,idx_sega_catalog_source_hash,CREATE INDEX idx_sega_catalog_source_hash ON plm.sega_catalog USING btree (source_hash),False,False,True,True,False,False,1,1,False,,516096,0,0,0,
plm,opa_property_character,idx_opa_property_character_character_id,CREATE INDEX idx_opa_property_character_character_id ON plm.opa_property_character USING btree (character_id),False,False,True,True,False,False,1,1,False,,516096,0,0,0,
core,contact_company,core_contact_company_contact_primary_idx,"CREATE INDEX core_contact_company_contact_primary_idx ON core.contact_company USING btree (contact_id, is_primary DESC, id)",False,False,True,True,False,False,3,3,False,,507904,98818,11536,11536,2026-09-04 15:00:03.509671-04
dflow,itemDetail,itemDetail_pkey,"CREATE UNIQUE INDEX ""itemDetail_pkey"" ON dflow.""itemDetail"" USING btree (item_pk)",True,True,True,True,False,False,1,1,True,p,507904,1,21841,0,2026-09-02 15:56:11.935714-04
pim,product,pim_product_clickup_task_id_uidx,CREATE UNIQUE INDEX pim_product_clickup_task_id_uidx ON pim.product USING btree (btrim(clickup_task_id)) WHERE ((clickup_task_id IS NOT NULL) AND (btrim(clickup_task_id) <> ''::text)),True,False,True,True,True,True,1,1,False,,507904,0,0,0,
public,scanner_ai_ignores,idx_scanner_ai_ignores_path,CREATE INDEX idx_scanner_ai_ignores_path ON public.scanner_ai_ignores USING btree (relative_path),False,False,True,True,False,False,1,1,False,,499712,0,0,0,
public,scanner_ai_ignores,scanner_ai_ignores_relative_path_key,CREATE UNIQUE INDEX scanner_ai_ignores_relative_path_key ON public.scanner_ai_ignores USING btree (relative_path),True,False,True,True,False,False,1,1,True,u,499712,550,529,529,2026-09-04 16:41:12.193946-04
dam,sku_human_description,sku_human_description_pkey,CREATE UNIQUE INDEX sku_human_description_pkey ON dam.sku_human_description USING btree (sku),True,True,True,True,False,False,1,1,True,p,491520,14,14,14,2026-09-04 00:30:07.276298-04
dflow,dflow.properties_and_characters,idx_properties_name,CREATE INDEX idx_properties_name ON dflow.properties_and_characters USING btree (name),False,False,True,True,False,False,1,1,False,,491520,0,0,0,
plm,sega_catalog,sega_catalog_pkey,"CREATE UNIQUE INDEX sega_catalog_pkey ON plm.sega_catalog USING btree (capture_id, catalog_source_id)",True,True,True,True,False,False,2,2,True,f,491520,0,0,0,
plm,sega_catalog,sega_catalog_pkey,"CREATE UNIQUE INDEX sega_catalog_pkey ON plm.sega_catalog USING btree (capture_id, catalog_source_id)",True,True,True,True,False,False,2,2,True,f,491520,0,0,0,
plm,sega_catalog,sega_catalog_pkey,"CREATE UNIQUE INDEX sega_catalog_pkey ON plm.sega_catalog USING btree (capture_id, catalog_source_id)",True,True,True,True,False,False,2,2,True,f,491520,0,0,0,
plm,sega_catalog,sega_catalog_pkey,"CREATE UNIQUE INDEX sega_catalog_pkey ON plm.sega_catalog USING btree (capture_id, catalog_source_id)",True,True,True,True,False,False,2,2,True,f,491520,0,0,0,
plm,sega_catalog,sega_catalog_pkey,"CREATE UNIQUE INDEX sega_catalog_pkey ON plm.sega_catalog USING btree (capture_id, catalog_source_id)",True,True,True,True,False,False,2,2,True,f,491520,0,0,0,
plm,sega_catalog,sega_catalog_pkey,"CREATE UNIQUE INDEX sega_catalog_pkey ON plm.sega_catalog USING btree (capture_id, catalog_source_id)",True,True,True,True,False,False,2,2,True,f,491520,0,0,0,
plm,sega_catalog,sega_catalog_pkey,"CREATE UNIQUE INDEX sega_catalog_pkey ON plm.sega_catalog USING btree (capture_id, catalog_source_id)",True,True,True,True,False,False,2,2,True,p,491520,0,0,0,
plm,lucasfilm_dcp_asset_character_observation,idx_lucasfilm_dcp_asset_character_obs_character,CREATE INDEX idx_lucasfilm_dcp_asset_character_obs_character ON plm.lucasfilm_dcp_asset_character_observation USING btree (lucasfilm_dcp_character_id),False,False,True,True,False,False,1,1,False,,491520,0,0,0,
core,contact,contact_pkey,CREATE UNIQUE INDEX contact_pkey ON core.contact USING btree (id),True,True,True,True,False,False,1,1,True,p,483328,61,87697,2797,2026-09-04 02:10:24.916866-04
core,contact,contact_pkey,CREATE UNIQUE INDEX contact_pkey ON core.contact USING btree (id),True,True,True,True,False,False,1,1,True,f,483328,61,87697,2797,2026-09-04 02:10:24.916866-04
core,contact,contact_pkey,CREATE UNIQUE INDEX contact_pkey ON core.contact USING btree (id),True,True,True,True,False,False,1,1,True,f,483328,61,87697,2797,2026-09-04 02:10:24.916866-04
core,contact,contact_pkey,CREATE UNIQUE INDEX contact_pkey ON core.contact USING btree (id),True,True,True,True,False,False,1,1,True,f,483328,61,87697,2797,2026-09-04 02:10:24.916866-04
core,contact,contact_pkey,CREATE UNIQUE INDEX contact_pkey ON core.contact USING btree (id),True,True,True,True,False,False,1,1,True,f,483328,61,87697,2797,2026-09-04 02:10:24.916866-04
plm,itemAttachment,itemPackage_pkey,"CREATE UNIQUE INDEX ""itemPackage_pkey"" ON plm.""itemAttachment"" USING btree (item_attachment_id)",True,True,True,True,False,False,1,1,True,p,483328,0,0,0,
core,contact,contact_pkey,CREATE UNIQUE INDEX contact_pkey ON core.contact USING btree (id),True,True,True,True,False,False,1,1,True,f,483328,61,87697,2797,2026-09-04 02:10:24.916866-04
core,contact,contact_pkey,CREATE UNIQUE INDEX contact_pkey ON core.contact USING btree (id),True,True,True,True,False,False,1,1,True,f,483328,61,87697,2797,2026-09-04 02:10:24.916866-04
core,contact,contact_pkey,CREATE UNIQUE INDEX contact_pkey ON core.contact USING btree (id),True,True,True,True,False,False,1,1,True,f,483328,61,87697,2797,2026-09-04 02:10:24.916866-04
core,contact,contact_pkey,CREATE UNIQUE INDEX contact_pkey ON core.contact USING btree (id),True,True,True,True,False,False,1,1,True,f,483328,61,87697,2797,2026-09-04 02:10:24.916866-04
core,contact,contact_pkey,CREATE UNIQUE INDEX contact_pkey ON core.contact USING btree (id),True,True,True,True,False,False,1,1,True,f,483328,61,87697,2797,2026-09-04 02:10:24.916866-04
core,contact,contact_pkey,CREATE UNIQUE INDEX contact_pkey ON core.contact USING btree (id),True,True,True,True,False,False,1,1,True,f,483328,61,87697,2797,2026-09-04 02:10:24.916866-04
core,contact,contact_pkey,CREATE UNIQUE INDEX contact_pkey ON core.contact USING btree (id),True,True,True,True,False,False,1,1,True,f,483328,61,87697,2797,2026-09-04 02:10:24.916866-04
plm,sega_asset_catalog,idx_sega_asset_catalog_catalog,"CREATE INDEX idx_sega_asset_catalog_catalog ON plm.sega_asset_catalog USING btree (capture_id, catalog_source_id)",False,False,True,True,False,False,2,2,False,,483328,0,0,0,
pim,product_update,pim_product_update_product_id_created_idx,"CREATE INDEX pim_product_update_product_id_created_idx ON pim.product_update USING btree (product_id, created_at)",False,False,True,True,False,False,2,2,False,,475136,1,0,0,2026-09-03 16:02:41.484434-04
crm,email_message,crm_email_message_received_at_idx,CREATE INDEX crm_email_message_received_at_idx ON crm.email_message USING btree (received_at DESC),False,False,True,True,False,False,1,1,False,,475136,0,0,0,
pim,product_field,product_field_external_source_external_id_key,"CREATE UNIQUE INDEX product_field_external_source_external_id_key ON pim.product_field USING btree (external_source, external_id) NULLS NOT DISTINCT",True,False,True,True,False,False,2,2,True,u,458752,0,0,0,
dflow,itemHeader,itemHeader_pkey,"CREATE UNIQUE INDEX ""itemHeader_pkey"" ON dflow.""itemHeader"" USING btree (item_id_pk)",True,True,True,True,False,False,1,1,True,f,458752,7,58597,20807,2026-09-02 15:56:11.935714-04
dflow,itemHeader,itemHeader_pkey,"CREATE UNIQUE INDEX ""itemHeader_pkey"" ON dflow.""itemHeader"" USING btree (item_id_pk)",True,True,True,True,False,False,1,1,True,f,458752,7,58597,20807,2026-09-02 15:56:11.935714-04
dflow,itemHeader,itemHeader_pkey,"CREATE UNIQUE INDEX ""itemHeader_pkey"" ON dflow.""itemHeader"" USING btree (item_id_pk)",True,True,True,True,False,False,1,1,True,f,458752,7,58597,20807,2026-09-02 15:56:11.935714-04
plm,itemHeader,itemHeader_pkey,"CREATE UNIQUE INDEX ""itemHeader_pkey"" ON plm.""itemHeader"" USING btree (item_id_pk)",True,True,True,True,False,False,1,1,True,f,458752,0,0,0,
plm,wb_character_normalized,uq_wb_character_normalized_source,"CREATE UNIQUE INDEX uq_wb_character_normalized_source ON plm.wb_character_normalized USING btree (source_namespace, source_id) WHERE (source_id IS NOT NULL)",True,False,True,True,True,False,2,2,False,,458752,40,48,0,2026-08-30 23:07:59.433588-04
plm,itemHeader,itemHeader_pkey,"CREATE UNIQUE INDEX ""itemHeader_pkey"" ON plm.""itemHeader"" USING btree (item_id_pk)",True,True,True,True,False,False,1,1,True,f,458752,0,0,0,
plm,itemHeader,itemHeader_pkey,"CREATE UNIQUE INDEX ""itemHeader_pkey"" ON plm.""itemHeader"" USING btree (item_id_pk)",True,True,True,True,False,False,1,1,True,f,458752,0,0,0,
dflow,itemHeader,itemHeader_pkey,"CREATE UNIQUE INDEX ""itemHeader_pkey"" ON dflow.""itemHeader"" USING btree (item_id_pk)",True,True,True,True,False,False,1,1,True,p,458752,7,58597,20807,2026-09-02 15:56:11.935714-04
plm,itemHeader,itemHeader_pkey,"CREATE UNIQUE INDEX ""itemHeader_pkey"" ON plm.""itemHeader"" USING btree (item_id_pk)",True,True,True,True,False,False,1,1,True,f,458752,0,0,0,
plm,itemHeader,itemHeader_pkey,"CREATE UNIQUE INDEX ""itemHeader_pkey"" ON plm.""itemHeader"" USING btree (item_id_pk)",True,True,True,True,False,False,1,1,True,p,458752,0,0,0,
dflow,itemHeader,itemHeader_pkey,"CREATE UNIQUE INDEX ""itemHeader_pkey"" ON dflow.""itemHeader"" USING btree (item_id_pk)",True,True,True,True,False,False,1,1,True,f,458752,7,58597,20807,2026-09-02 15:56:11.935714-04
plm,wildbrain_asset,wildbrain_asset_uuid_uk,"CREATE UNIQUE INDEX wildbrain_asset_uuid_uk ON plm.wildbrain_asset USING btree (capture_id, asset_uuid)",True,False,True,True,False,False,2,2,True,u,458752,0,0,0,
core,customer,core_customer_normalized_name_trgm_idx,CREATE INDEX core_customer_normalized_name_trgm_idx ON core.customer USING gin (normalized_name extensions.gin_trgm_ops),False,False,True,True,False,False,1,1,False,,458752,0,0,0,
plm,production_order_line,production_order_line_assortment_idx,CREATE INDEX production_order_line_assortment_idx ON plm.production_order_line USING btree (assortment_id),False,False,True,True,False,False,1,1,False,,450560,0,0,0,
public,style_guide_tags,idx_style_guide_tags_facet_active,"CREATE INDEX idx_style_guide_tags_facet_active ON public.style_guide_tags USING btree (facet, is_active, tag)",False,False,True,True,False,False,3,3,False,,450560,0,0,0,
dflow,email_logs,email_logs_pkey,CREATE UNIQUE INDEX email_logs_pkey ON dflow.email_logs USING btree (id),True,True,True,True,False,False,1,1,True,p,442368,1,18703,6,2026-09-02 15:56:11.935714-04
pim,checklist_item,pim_checklist_item_product_id_idx,CREATE INDEX pim_checklist_item_product_id_idx ON pim.checklist_item USING btree (product_id),False,False,True,True,False,False,1,1,False,,442368,9,400,400,2026-09-03 16:02:41.591617-04
app,email_logs,email_logs_pkey,CREATE UNIQUE INDEX email_logs_pkey ON app.email_logs USING btree (id),True,True,True,True,False,False,1,1,True,p,442368,0,0,0,
core,factory,core_factory_name_trgm_idx,CREATE INDEX core_factory_name_trgm_idx ON core.factory USING gin (lower(name) extensions.gin_trgm_ops),False,False,True,True,False,True,1,1,False,,425984,0,0,0,
plm,marvel_dcp_asset_term_observation,marvel_dcp_asset_term_obs_pkey,"CREATE UNIQUE INDEX marvel_dcp_asset_term_obs_pkey ON plm.marvel_dcp_asset_term_observation USING btree (metadata_run_id, marvel_dcp_asset_id, marvel_dcp_term_id)",True,True,True,True,False,False,3,3,True,p,425984,0,0,0,
public,style_guide_file_groups,sgfg_property_idx,CREATE INDEX sgfg_property_idx ON public.style_guide_file_groups USING btree (property_folder),False,False,True,True,False,False,1,1,False,,417792,0,0,0,
plm,wildbrain_asset_guide,wildbrain_asset_guide_pkey,"CREATE UNIQUE INDEX wildbrain_asset_guide_pkey ON plm.wildbrain_asset_guide USING btree (capture_id, asset_source_id, guide_key)",True,True,True,True,False,False,3,3,True,p,417792,0,0,0,
plm,marvel_asgard_capture_checkpoint,marvel_asgard_capture_checkpoint_pkey,"CREATE UNIQUE INDEX marvel_asgard_capture_checkpoint_pkey ON plm.marvel_asgard_capture_checkpoint USING btree (capture_key, guide_node_id, page_number)",True,True,True,True,False,False,3,3,True,p,417792,0,0,0,
plm,marvel_asgard_capture_checkpoint,marvel_asgard_capture_checkpoint_pkey,"CREATE UNIQUE INDEX marvel_asgard_capture_checkpoint_pkey ON plm.marvel_asgard_capture_checkpoint USING btree (capture_key, guide_node_id, page_number)",True,True,True,True,False,False,3,3,True,f,417792,0,0,0,
plm,ProdOrderDetail,ProdOrderDetail_pkey1,"CREATE UNIQUE INDEX ""ProdOrderDetail_pkey1"" ON plm.""ProdOrderDetail"" USING btree (pkey)",True,True,True,True,False,False,1,1,True,f,409600,0,0,0,
plm,ProdOrderDetail,ProdOrderDetail_pkey1,"CREATE UNIQUE INDEX ""ProdOrderDetail_pkey1"" ON plm.""ProdOrderDetail"" USING btree (pkey)",True,True,True,True,False,False,1,1,True,p,409600,0,0,0,
dflow,ProdOrderDetail,ProdOrderDetail_pkey1,"CREATE UNIQUE INDEX ""ProdOrderDetail_pkey1"" ON dflow.""ProdOrderDetail"" USING btree (pkey)",True,True,True,True,False,False,1,1,True,p,409600,0,0,0,
dflow,ProdOrderDetail,ProdOrderDetail_pkey1,"CREATE UNIQUE INDEX ""ProdOrderDetail_pkey1"" ON dflow.""ProdOrderDetail"" USING btree (pkey)",True,True,True,True,False,False,1,1,True,f,409600,0,0,0,
plm,ProdOrderDetail,ProdOrderDetail_pkey,"CREATE UNIQUE INDEX ""ProdOrderDetail_pkey"" ON plm.""ProdOrderDetail"" USING btree (id)",True,False,True,True,False,False,1,1,False,,409600,0,0,0,
dflow,ProdOrderDetail,ProdOrderDetail_pkey,"CREATE UNIQUE INDEX ""ProdOrderDetail_pkey"" ON dflow.""ProdOrderDetail"" USING btree (id)",True,False,True,True,False,False,1,1,False,,409600,1,17550,0,2026-09-02 15:56:11.935714-04
public,style_guide_file_groups,sgfg_licensor_idx,CREATE INDEX sgfg_licensor_idx ON public.style_guide_file_groups USING btree (licensor_name),False,False,True,True,False,False,1,1,False,,401408,6,135208,17292,2026-09-04 17:21:16.970857-04
public,style_groups,idx_style_groups_licensor_id,CREATE INDEX idx_style_groups_licensor_id ON public.style_groups USING btree (licensor_id),False,False,True,True,False,False,1,1,False,,401408,1436,4336,4335,2026-09-04 09:26:04.96376-04
plm,style_tracker_item_bridge,idx_style_tracker_item_bridge_creative_designer,CREATE INDEX idx_style_tracker_item_bridge_creative_designer ON plm.style_tracker_item_bridge USING btree (creative_designer_id) WHERE (creative_designer_id IS NOT NULL),False,False,True,True,True,False,1,1,False,,393216,0,0,0,
public,characters,characters_pkey,CREATE UNIQUE INDEX characters_pkey ON public.characters USING btree (id),True,True,True,True,False,False,1,1,True,p,393216,26005212,26005212,25934880,2026-09-04 16:41:47.998835-04
plm,pmt_asset_character,idx_pmt_asset_character_reverse,"CREATE INDEX idx_pmt_asset_character_reverse ON plm.pmt_asset_character USING btree (capture_id, character_source_id)",False,False,True,True,False,False,2,2,False,,393216,2,38916,0,2026-09-03 22:14:29.767788-04
plm,wildbrain_asset_character,wildbrain_asset_character_pkey,"CREATE UNIQUE INDEX wildbrain_asset_character_pkey ON plm.wildbrain_asset_character USING btree (capture_id, asset_source_id, character_source_id)",True,True,True,True,False,False,3,3,True,p,393216,0,0,0,
public,characters,characters_pkey,CREATE UNIQUE INDEX characters_pkey ON public.characters USING btree (id),True,True,True,True,False,False,1,1,True,f,393216,26005212,26005212,25934880,2026-09-04 16:41:47.998835-04
dflow,item_prod_order_detail_associations,item_prod_order_detail_associations_matched_item_number_idx,CREATE INDEX item_prod_order_detail_associations_matched_item_number_idx ON dflow.item_prod_order_detail_associations USING btree (matched_item_number),False,False,True,True,False,False,1,1,False,,393216,0,0,0,
plm,item_prod_order_detail_associations,item_prod_order_detail_associations_matched_item_number_idx,CREATE INDEX item_prod_order_detail_associations_matched_item_number_idx ON plm.item_prod_order_detail_associations USING btree (matched_item_number),False,False,True,True,False,False,1,1,False,,393216,0,0,0,
pim,product,pim_product_project_idx,CREATE INDEX pim_product_project_idx ON pim.product USING btree (project_id),False,False,True,True,False,False,1,1,False,,385024,20,20,0,2026-09-03 16:01:33.5824-04
pim,product,pim_product_plm_item_idx,CREATE INDEX pim_product_plm_item_idx ON pim.product USING btree (plm_item_id),False,False,True,True,False,False,1,1,False,,376832,0,0,0,
plm,lucasfilm_dcp_term,lucasfilm_dcp_term_unique,"CREATE UNIQUE INDEX lucasfilm_dcp_term_unique ON plm.lucasfilm_dcp_term USING btree (source_system, term_kind, source_value)",True,False,True,True,False,False,3,3,True,u,376832,0,0,0,
plm,RFQVendor,idx_rfqvendor_item_fk,"CREATE INDEX idx_rfqvendor_item_fk ON plm.""RFQVendor"" USING btree (""RFQitem_id_fk"")",False,False,True,True,False,False,1,1,False,,376832,169,94344,94332,2026-09-02 15:51:54.192649-04
dflow,RFQVendor,idx_rfqvendor_item_fk,"CREATE INDEX idx_rfqvendor_item_fk ON dflow.""RFQVendor"" USING btree (""RFQitem_id_fk"")",False,False,True,True,False,False,1,1,False,,376832,30,26,26,2026-09-02 13:56:35.931649-04
plm,peanuts_asset_character,peanuts_asset_character_value_idx,"CREATE INDEX peanuts_asset_character_value_idx ON plm.peanuts_asset_character USING btree (capture_id, character_key)",False,False,True,True,False,False,2,2,False,,368640,1,37238,62,2026-09-03 22:14:29.767788-04
dflow,StandardizedVendor,StandardizedVendor_pkey,"CREATE UNIQUE INDEX ""StandardizedVendor_pkey"" ON dflow.""StandardizedVendor"" USING btree (""pKey"")",True,True,True,True,False,False,1,1,True,p,360448,0,0,0,
public,style_groups,idx_style_groups_property_id,CREATE INDEX idx_style_groups_property_id ON public.style_groups USING btree (property_id),False,False,True,True,False,False,1,1,False,,360448,3,23777,12003,2026-09-02 20:27:59.263595-04
public,style_groups,idx_sg_stage,CREATE INDEX idx_sg_stage ON public.style_groups USING btree (stage),False,False,True,True,False,False,1,1,False,,360448,5,59011,34815,2026-09-01 15:09:22.225104-04
plm,StandardizedVendor,StandardizedVendor_pkey,"CREATE UNIQUE INDEX ""StandardizedVendor_pkey"" ON plm.""StandardizedVendor"" USING btree (""pKey"")",True,True,True,True,False,False,1,1,True,p,360448,0,0,0,
plm,production_order_line,production_order_line_source_system_source_id_key,"CREATE UNIQUE INDEX production_order_line_source_system_source_id_key ON plm.production_order_line USING btree (source_system, source_id)",True,False,True,True,False,False,2,2,True,u,352256,0,0,0,
public,style_guide_tags,style_guide_tags_tag_unique,CREATE UNIQUE INDEX style_guide_tags_tag_unique ON public.style_guide_tags USING btree (tag),True,False,True,True,False,False,1,1,True,u,352256,0,0,0,
core,contact_source_ref,contact_source_ref_pkey,CREATE UNIQUE INDEX contact_source_ref_pkey ON core.contact_source_ref USING btree (id),True,True,True,True,False,False,1,1,True,p,352256,2,18802,0,2026-09-02 15:56:11.935714-04
plm,item_prod_order_detail_associations,item_prod_order_detail_associations_item_header_idx,CREATE INDEX item_prod_order_detail_associations_item_header_idx ON plm.item_prod_order_detail_associations USING btree (item_header_id),False,False,True,True,False,False,1,1,False,,344064,0,0,0,
dflow,item_prod_order_detail_associations,item_prod_order_detail_associations_item_header_idx,CREATE INDEX item_prod_order_detail_associations_item_header_idx ON dflow.item_prod_order_detail_associations USING btree (item_header_id),False,False,True,True,False,False,1,1,False,,344064,1,29043,0,2026-09-02 15:56:11.935714-04
plm,opa_property_character,plm_opa_property_character_pair_key,"CREATE UNIQUE INDEX plm_opa_property_character_pair_key ON plm.opa_property_character USING btree (licensed_property_id, character_id)",True,False,True,True,False,False,2,2,True,u,344064,0,0,0,
plm,production_order_line,production_order_line_match_status_idx,CREATE INDEX production_order_line_match_status_idx ON plm.production_order_line USING btree (master_data_match_status),False,False,True,True,False,False,1,1,False,,344064,8,0,0,2026-08-31 10:38:11.380395-04
public,style_guide_tags,style_guide_tags_normalized_unique,CREATE UNIQUE INDEX style_guide_tags_normalized_unique ON public.style_guide_tags USING btree (normalized_tag),True,False,True,True,False,False,1,1,True,u,335872,10220,11611,10218,2026-09-03 22:12:38.340659-04
plm,dcp_style_guide,idx_dcp_style_guide_folder_name,CREATE INDEX idx_dcp_style_guide_folder_name ON plm.dcp_style_guide USING btree (folder_name),False,False,True,True,False,False,1,1,False,,335872,0,0,0,
public,style_groups,idx_sg_program,CREATE INDEX idx_sg_program ON public.style_groups USING btree (program),False,False,True,True,False,False,1,1,False,,327680,50,118407,4040,2026-09-04 17:02:45.518679-04
plm,lucasfilm_dcp_asset_character_observation,idx_lucasfilm_dcp_asset_character_obs_run,CREATE INDEX idx_lucasfilm_dcp_asset_character_obs_run ON plm.lucasfilm_dcp_asset_character_observation USING btree (metadata_run_id),False,False,True,True,False,False,1,1,False,,327680,0,0,0,
public,style_guide_render_queue,idx_sgrq_status_created_at,"CREATE INDEX idx_sgrq_status_created_at ON public.style_guide_render_queue USING btree (status, created_at DESC)",False,False,True,True,False,False,2,2,False,,319488,266522,34165825,3150,2026-09-04 17:30:41.684883-04
crm,email_message,crm_email_message_company_idx,CREATE INDEX crm_email_message_company_idx ON crm.email_message USING btree (company_id),False,False,True,True,False,False,1,1,False,,319488,0,0,0,
dflow,property_character_associations,property_character_associations_pkey,"CREATE UNIQUE INDEX property_character_associations_pkey ON dflow.property_character_associations USING btree (property_id, character_id, licensor_id)",True,True,True,True,False,False,3,3,True,p,319488,0,0,0,
plm,opa_character,opa_character_pkey,CREATE UNIQUE INDEX opa_character_pkey ON plm.opa_character USING btree (character_id),True,True,True,True,False,False,1,1,True,f,319488,2,19226,0,2026-08-30 06:44:42.528546-04
plm,RFQItem,RFQItem_pkey,"CREATE UNIQUE INDEX ""RFQItem_pkey"" ON plm.""RFQItem"" USING btree (""rfqItem_id"")",True,True,True,True,False,False,1,1,True,f,319488,43,40705,40693,2026-09-02 15:51:54.192649-04
plm,opa_character,opa_character_pkey,CREATE UNIQUE INDEX opa_character_pkey ON plm.opa_character USING btree (character_id),True,True,True,True,False,False,1,1,True,f,319488,2,19226,0,2026-08-30 06:44:42.528546-04
plm,licensingStatus,licensingStatus_pkey,"CREATE UNIQUE INDEX ""licensingStatus_pkey"" ON plm.""licensingStatus"" USING btree (id)",True,True,True,True,False,False,1,1,True,p,319488,0,0,0,
public,characters,characters_external_id_key,CREATE UNIQUE INDEX characters_external_id_key ON public.characters USING btree (external_id),True,False,True,True,False,False,1,1,True,u,319488,0,0,0,
plm,RFQItem,RFQItem_pkey,"CREATE UNIQUE INDEX ""RFQItem_pkey"" ON plm.""RFQItem"" USING btree (""rfqItem_id"")",True,True,True,True,False,False,1,1,True,p,319488,43,40705,40693,2026-09-02 15:51:54.192649-04
plm,opa_character,opa_character_pkey,CREATE UNIQUE INDEX opa_character_pkey ON plm.opa_character USING btree (character_id),True,True,True,True,False,False,1,1,True,p,319488,2,19226,0,2026-08-30 06:44:42.528546-04
plm,licensingStatus,licensingStatus_pkey,"CREATE UNIQUE INDEX ""licensingStatus_pkey"" ON plm.""licensingStatus"" USING btree (id)",True,True,True,True,False,False,1,1,True,f,319488,0,0,0,
core,contact_company,contact_company_pkey,CREATE UNIQUE INDEX contact_company_pkey ON core.contact_company USING btree (id),True,True,True,True,False,False,1,1,True,p,319488,0,0,0,
dflow,licensingStatus,licensingStatus_pkey,"CREATE UNIQUE INDEX ""licensingStatus_pkey"" ON dflow.""licensingStatus"" USING btree (id)",True,True,True,True,False,False,1,1,True,p,311296,1,13090,224,2026-09-02 15:56:11.935714-04
public,style_guide_tags,style_guide_tags_pkey,CREATE UNIQUE INDEX style_guide_tags_pkey ON public.style_guide_tags USING btree (id),True,True,True,True,False,False,1,1,True,f,311296,40013,45813,40013,2026-09-03 22:12:38.340659-04
public,style_guide_tags,style_guide_tags_pkey,CREATE UNIQUE INDEX style_guide_tags_pkey ON public.style_guide_tags USING btree (id),True,True,True,True,False,False,1,1,True,f,311296,40013,45813,40013,2026-09-03 22:12:38.340659-04
public,style_groups,idx_sg_customer,CREATE INDEX idx_sg_customer ON public.style_groups USING btree (customer),False,False,True,True,False,False,1,1,False,,311296,7,69729,25026,2026-09-03 08:56:50.730504-04
dflow,licensingStatus,licensingStatus_pkey,"CREATE UNIQUE INDEX ""licensingStatus_pkey"" ON dflow.""licensingStatus"" USING btree (id)",True,True,True,True,False,False,1,1,True,f,311296,1,13090,224,2026-09-02 15:56:11.935714-04
public,style_guide_tags,style_guide_tags_pkey,CREATE UNIQUE INDEX style_guide_tags_pkey ON public.style_guide_tags USING btree (id),True,True,True,True,False,False,1,1,True,p,311296,40013,45813,40013,2026-09-03 22:12:38.340659-04
plm,opa_property_scope_membership,opa_property_scope_membership_identity_key,"CREATE UNIQUE INDEX opa_property_scope_membership_identity_key ON plm.opa_property_scope_membership USING btree (licensed_property_id, region_code, branch_code, line_of_business_id, product_type_code, template_id, workflow_id, capture_id)",True,False,True,True,False,False,8,8,True,u,311296,11985,15028,11875,2026-09-02 22:13:22.799009-04
plm,sega_character_evidence,sega_character_evidence_pkey,"CREATE UNIQUE INDEX sega_character_evidence_pkey ON plm.sega_character_evidence USING btree (capture_id, character_candidate_key, evidence_key)",True,True,True,True,False,False,3,3,True,f,303104,0,0,0,
plm,lucasfilm_dcp_metadata_asset,idx_lucasfilm_dcp_metadata_asset_pending,CREATE INDEX idx_lucasfilm_dcp_metadata_asset_pending ON plm.lucasfilm_dcp_metadata_asset USING btree (metadata_run_id) WHERE (fetch_status = 'pending'::text),False,False,True,True,True,False,1,1,False,,303104,0,0,0,
plm,sega_character_evidence,sega_character_evidence_pkey,"CREATE UNIQUE INDEX sega_character_evidence_pkey ON plm.sega_character_evidence USING btree (capture_id, character_candidate_key, evidence_key)",True,True,True,True,False,False,3,3,True,p,303104,0,0,0,
plm,opa_property_character,idx_opa_property_character_property_name,CREATE INDEX idx_opa_property_character_property_name ON plm.opa_property_character USING btree (property_name),False,False,True,True,False,False,1,1,False,,294912,0,0,0,
auth,refresh_tokens,refresh_tokens_updated_at_idx,CREATE INDEX refresh_tokens_updated_at_idx ON auth.refresh_tokens USING btree (updated_at DESC),False,False,True,True,False,False,1,1,False,,294912,0,0,0,
plm,wildbrain_asset,wildbrain_asset_pkey,"CREATE UNIQUE INDEX wildbrain_asset_pkey ON plm.wildbrain_asset USING btree (capture_id, asset_source_id)",True,True,True,True,False,False,2,2,True,f,286720,0,0,0,
plm,wildbrain_asset,wildbrain_asset_pkey,"CREATE UNIQUE INDEX wildbrain_asset_pkey ON plm.wildbrain_asset USING btree (capture_id, asset_source_id)",True,True,True,True,False,False,2,2,True,f,286720,0,0,0,
plm,wb_property_character_normalized,wb_property_character_normalized_pkey,"CREATE UNIQUE INDEX wb_property_character_normalized_pkey ON plm.wb_property_character_normalized USING btree (property_id, character_id)",True,True,True,True,False,False,2,2,True,p,286720,2,8316,0,2026-08-30 20:36:03.290979-04
plm,wildbrain_asset,wildbrain_asset_pkey,"CREATE UNIQUE INDEX wildbrain_asset_pkey ON plm.wildbrain_asset USING btree (capture_id, asset_source_id)",True,True,True,True,False,False,2,2,True,p,286720,0,0,0,
plm,marvel_asgard_guide_node,marvel_asgard_guide_node_source_identity_key_key,CREATE UNIQUE INDEX marvel_asgard_guide_node_source_identity_key_key ON plm.marvel_asgard_guide_node USING btree (source_identity_key),True,False,True,True,False,False,1,1,True,u,278528,0,0,0,
plm,production_order_source_ref,production_order_source_ref_primary_uidx,"CREATE UNIQUE INDEX production_order_source_ref_primary_uidx ON plm.production_order_source_ref USING btree (production_order_id, source_system) WHERE is_primary",True,False,True,True,True,False,2,2,False,,278528,0,0,0,
plm,opa_property_character,idx_opa_property_character_base_property_name,"CREATE INDEX idx_opa_property_character_base_property_name ON plm.opa_property_character USING btree (btrim(regexp_replace(property_name, '\s*-\s*(No|With|Without)\s+Likeness\s*$'::text, ''::text, 'i'::text)))",False,False,True,True,False,True,1,1,False,,278528,0,0,0,
plm,item_import,item_import_outcome_idx,CREATE INDEX item_import_outcome_idx ON plm.item_import USING btree (resolution_outcome),False,False,True,True,False,False,1,1,False,,278528,0,0,0,
plm,dcp_metadata_chunk_ledger,dcp_metadata_chunk_ledger_pkey,"CREATE UNIQUE INDEX dcp_metadata_chunk_ledger_pkey ON plm.dcp_metadata_chunk_ledger USING btree (metadata_run_id, chunk_number)",True,True,True,True,False,False,2,2,True,p,270336,0,0,0,
crm,email_message,crm_email_message_routing_status_idx,CREATE INDEX crm_email_message_routing_status_idx ON crm.email_message USING btree (routing_status),False,False,True,True,False,False,1,1,False,,270336,3025,29256296,0,2026-09-04 17:15:03.144362-04
plm,nbcu_style_guide_property,nbcu_style_guide_property_pkey,"CREATE UNIQUE INDEX nbcu_style_guide_property_pkey ON plm.nbcu_style_guide_property USING btree (capture_id, style_guide_key, property_key)",True,True,True,True,False,False,3,3,True,p,270336,0,0,0,
plm,peanuts_asset_holiday,peanuts_asset_holiday_pkey,"CREATE UNIQUE INDEX peanuts_asset_holiday_pkey ON plm.peanuts_asset_holiday USING btree (capture_id, source_object_id, holiday_key)",True,True,True,True,False,False,3,3,True,p,262144,0,0,0,
plm,opa_property_character,idx_opa_property_character_licensed_property_id,CREATE INDEX idx_opa_property_character_licensed_property_id ON plm.opa_property_character USING btree (licensed_property_id),False,False,True,True,False,False,1,1,False,,262144,118,9872,132,2026-09-02 22:19:08.391821-04
plm,marvel_asgard_character,marvel_asgard_character_source_identity_key_key,CREATE UNIQUE INDEX marvel_asgard_character_source_identity_key_key ON plm.marvel_asgard_character USING btree (source_identity_key),True,False,True,True,False,False,1,1,True,u,262144,0,0,0,
public,style_guide_render_queue,idx_sgrq_created_at,CREATE INDEX idx_sgrq_created_at ON public.style_guide_render_queue USING btree (created_at DESC),False,False,True,True,False,False,1,1,False,,262144,24488,314970909,301690216,2026-09-03 23:15:00.058958-04
public,style_guide_render_queue,idx_sgrq_status,CREATE INDEX idx_sgrq_status ON public.style_guide_render_queue USING btree (status),False,False,True,True,False,False,1,1,False,,262144,2090,1365552,984423,2026-09-03 22:09:27.783917-04
plm,production_order_source_ref,production_order_source_ref_unique,"CREATE UNIQUE INDEX production_order_source_ref_unique ON plm.production_order_source_ref USING btree (source_system, source_id)",True,False,True,True,False,False,2,2,True,u,253952,0,0,0,
dflow,RFQVendor,idx_rfqvendor_vendor_archived,"CREATE INDEX idx_rfqvendor_vendor_archived ON dflow.""RFQVendor"" USING btree (vendor_id_fk, ""RFQVendor_archived"")",False,False,True,True,False,False,2,2,False,,253952,61,32446,3962,2026-09-02 15:56:11.935714-04
plm,RFQVendor,idx_rfqvendor_vendor_archived,"CREATE INDEX idx_rfqvendor_vendor_archived ON plm.""RFQVendor"" USING btree (vendor_id_fk, ""RFQVendor_archived"")",False,False,True,True,False,False,2,2,False,,253952,25,25,0,2026-09-02 15:51:54.192649-04
dflow,RFQItem,idx_dflow_rfqitem_style_number_normalized,"CREATE INDEX idx_dflow_rfqitem_style_number_normalized ON dflow.""RFQItem"" USING btree (upper(TRIM(BOTH FROM ""rfqItem_style_number"")))",False,False,True,True,False,True,1,1,False,,253952,43771,42994,0,2026-09-04 17:16:04.206478-04
plm,wwe_tag,wwe_tag_pkey,"CREATE UNIQUE INDEX wwe_tag_pkey ON plm.wwe_tag USING btree (capture_id, tag_source_key)",True,True,True,True,False,False,2,2,True,f,245760,201941,200271,200271,2026-08-30 12:21:03.645318-04
dflow,dflow.properties_and_characters,properties_and_characters_pkey,CREATE UNIQUE INDEX properties_and_characters_pkey ON dflow.properties_and_characters USING btree (id),True,True,True,True,False,False,1,1,True,f,245760,0,0,0,
plm,coke_asset_tag,coke_asset_tag_pkey,"CREATE UNIQUE INDEX coke_asset_tag_pkey ON plm.coke_asset_tag USING btree (capture_id, asset_id, tag_key)",True,True,True,True,False,False,3,3,True,p,245760,0,0,0,
plm,wwe_tag,wwe_tag_pkey,"CREATE UNIQUE INDEX wwe_tag_pkey ON plm.wwe_tag USING btree (capture_id, tag_source_key)",True,True,True,True,False,False,2,2,True,p,245760,201941,200271,200271,2026-08-30 12:21:03.645318-04
crm,email_message,crm_email_message_opportunity_idx,CREATE INDEX crm_email_message_opportunity_idx ON crm.email_message USING btree (opportunity_id),False,False,True,True,False,False,1,1,False,,245760,27,0,0,2026-09-04 13:20:01.703788-04
dflow,dflow.properties_and_characters,properties_and_characters_pkey,CREATE UNIQUE INDEX properties_and_characters_pkey ON dflow.properties_and_characters USING btree (id),True,True,True,True,False,False,1,1,True,f,245760,0,0,0,
dflow,dflow.properties_and_characters,properties_and_characters_pkey,CREATE UNIQUE INDEX properties_and_characters_pkey ON dflow.properties_and_characters USING btree (id),True,True,True,True,False,False,1,1,True,f,245760,0,0,0,
plm,opa_property_character,plm_opa_property_character_character_idx,CREATE INDEX plm_opa_property_character_character_idx ON plm.opa_property_character USING btree (character_id),False,False,True,True,False,False,1,1,False,,245760,0,0,0,
dflow,dflow.properties_and_characters,properties_and_characters_pkey,CREATE UNIQUE INDEX properties_and_characters_pkey ON dflow.properties_and_characters USING btree (id),True,True,True,True,False,False,1,1,True,p,245760,0,0,0,
dflow,property_character_associations,idx_property_character_associations_character_id,CREATE INDEX idx_property_character_associations_character_id ON dflow.property_character_associations USING btree (character_id),False,False,True,True,False,False,1,1,False,,237568,0,0,0,
plm,lucasfilm_dcp_asset,idx_lucasfilm_dcp_asset_style_guide,CREATE INDEX idx_lucasfilm_dcp_asset_style_guide ON plm.lucasfilm_dcp_asset USING btree (style_guide_id),False,False,True,True,False,False,1,1,False,,229376,112,112,0,2026-09-02 22:13:22.799009-04
pim,product,pim_product_clickup_parent_updated_idx,"CREATE INDEX pim_product_clickup_parent_updated_idx ON pim.product USING btree (clickup_parent_id, updated_at DESC)",False,False,True,True,False,False,2,2,False,,229376,0,0,0,
crm,email_message,crm_email_message_department_idx,CREATE INDEX crm_email_message_department_idx ON crm.email_message USING btree (department_id),False,False,True,True,False,False,1,1,False,,229376,0,0,0,
pim,product,pim_product_pipeline_keyset_idx,"CREATE INDEX pim_product_pipeline_keyset_idx ON pim.product USING btree (lower(COALESCE((metadata ->> 'business_unit'::text), (metadata ->> 'department'::text))), updated_at DESC, id DESC) WHERE ((clickup_parent_id IS NULL) AND (lower(COALESCE((metadata ->> 'clickup_status_type'::text), (metadata ->> 'status_type'::text), ''::text)) = ANY (ARRAY['open'::text, 'custom'::text])))",False,False,True,True,True,True,3,3,False,,229376,6,21450,14300,2026-09-03 16:01:33.5824-04
plm,dcp_character,dcp_character_unique,"CREATE UNIQUE INDEX dcp_character_unique ON plm.dcp_character USING btree (source_system, source_id)",True,False,True,True,False,False,2,2,True,u,221184,0,0,0,
plm,peanuts_asset,peanuts_asset_style_guide_idx,"CREATE INDEX peanuts_asset_style_guide_idx ON plm.peanuts_asset USING btree (capture_id, style_guide_key)",False,False,True,True,False,False,2,2,False,,212992,0,0,0,
plm,creative_submission_property_resolution,creative_submission_property_resolution_latest_idx,"CREATE INDEX creative_submission_property_resolution_latest_idx ON plm.creative_submission_property_resolution USING btree (creative_source_system, creative_source_table, creative_source_id, decision_version DESC, resolution_id DESC)",False,False,True,True,False,False,5,5,False,,212992,63556,20613,20613,2026-09-02 22:13:22.799009-04
public,style_tracker_rows,style_tracker_rows_customer_id_idx,CREATE INDEX style_tracker_rows_customer_id_idx ON public.style_tracker_rows USING btree (customer_id) WHERE (customer_id IS NOT NULL),False,False,True,True,True,False,1,1,False,,204800,0,0,0,
plm,peanuts_asset,peanuts_asset_asset_type_idx,"CREATE INDEX peanuts_asset_asset_type_idx ON plm.peanuts_asset USING btree (capture_id, asset_type_key)",False,False,True,True,False,False,2,2,False,,204800,0,0,0,
plm,sega_catalog,idx_sega_catalog_parent,"CREATE INDEX idx_sega_catalog_parent ON plm.sega_catalog USING btree (capture_id, parent_catalog_source_id)",False,False,True,True,False,False,2,2,False,,204800,0,0,0,
plm,peanuts_asset_art_program,peanuts_asset_art_program_value_idx,"CREATE INDEX peanuts_asset_art_program_value_idx ON plm.peanuts_asset_art_program USING btree (capture_id, art_program_key)",False,False,True,True,False,False,2,2,False,,196608,0,0,0,
core,contact_company,core_contact_company_company_idx,CREATE INDEX core_contact_company_company_idx ON core.contact_company USING btree (company_id),False,False,True,True,False,False,1,1,False,,196608,241527,13559646,463,2026-09-04 16:15:03.635759-04
plm,item_import_unresolved,item_import_unresolved_outcome_idx,"CREATE INDEX item_import_unresolved_outcome_idx ON plm.item_import_unresolved USING btree (outcome, division_code)",False,False,True,True,False,False,2,2,False,,196608,0,0,0,
plm,coke_approval_metadata_value,coke_approval_metadata_value_pkey,"CREATE UNIQUE INDEX coke_approval_metadata_value_pkey ON plm.coke_approval_metadata_value USING btree (capture_id, approval_route_id, ordinal)",True,True,True,True,False,False,3,3,True,p,196608,0,0,0,
public,pdf_text_samples,idx_pdf_text_samples_asset_id,CREATE INDEX idx_pdf_text_samples_asset_id ON public.pdf_text_samples USING btree (asset_id),False,False,True,True,False,False,1,1,False,,196608,0,0,0,
plm,dcp_term,dcp_term_pkey,CREATE UNIQUE INDEX dcp_term_pkey ON plm.dcp_term USING btree (id),True,True,True,True,False,False,1,1,True,f,196608,1,3770,0,2026-08-29 21:39:34.004924-04
public,pdf_text_samples,pdf_text_samples_asset_id_unique,CREATE UNIQUE INDEX pdf_text_samples_asset_id_unique ON public.pdf_text_samples USING btree (asset_id),True,False,True,True,False,False,1,1,True,u,196608,1600405,18794,18089,2026-09-04 16:46:34.853393-04
plm,dcp_term,dcp_term_pkey,CREATE UNIQUE INDEX dcp_term_pkey ON plm.dcp_term USING btree (id),True,True,True,True,False,False,1,1,True,p,196608,1,3770,0,2026-08-29 21:39:34.004924-04
cron,job_run_details,job_run_details_pkey,CREATE UNIQUE INDEX job_run_details_pkey ON cron.job_run_details USING btree (runid),True,True,True,True,False,False,1,1,True,p,196608,0,0,0,
plm,wb_character_normalized,wb_character_normalized_pkey,CREATE UNIQUE INDEX wb_character_normalized_pkey ON plm.wb_character_normalized USING btree (id),True,True,True,True,False,False,1,1,True,f,188416,0,0,0,
plm,wb_style_guide_normalized,uq_wb_style_guide_normalized_fallback,"CREATE UNIQUE INDEX uq_wb_style_guide_normalized_fallback ON plm.wb_style_guide_normalized USING btree (source_namespace, fallback_key) WHERE (source_id IS NULL)",True,False,True,True,True,False,2,2,False,,188416,97,97,0,2026-08-30 23:07:57.976338-04
plm,wb_character_normalized,wb_character_normalized_pkey,CREATE UNIQUE INDEX wb_character_normalized_pkey ON plm.wb_character_normalized USING btree (id),True,True,True,True,False,False,1,1,True,f,188416,0,0,0,
plm,creative_submission_property_resolution,creative_submission_property_resolution_identity_version_key,"CREATE UNIQUE INDEX creative_submission_property_resolution_identity_version_key ON plm.creative_submission_property_resolution USING btree (creative_source_system, creative_source_table, creative_source_id, decision_version)",True,False,True,True,False,False,4,4,True,u,188416,1696,3439,851,2026-09-02 13:16:27.002492-04
plm,RFQItem,idx_rfqitem_home_list,"CREATE INDEX idx_rfqitem_home_list ON plm.""RFQItem"" USING btree (""rfqItem_active"", ""rfqItem_id"" DESC) WHERE (""rfqItem_archive"" IS NULL)",False,False,True,True,True,False,2,2,False,,188416,6,20106,20106,2026-09-02 15:51:53.009015-04
public,render_queue,idx_render_queue_status,CREATE INDEX idx_render_queue_status ON public.render_queue USING btree (status),False,False,True,True,False,False,1,1,False,,188416,421107,47963234,11247702,2026-09-04 17:30:40.201658-04
plm,peanuts_asset_keyword,peanuts_asset_keyword_value_idx,"CREATE INDEX peanuts_asset_keyword_value_idx ON plm.peanuts_asset_keyword USING btree (capture_id, keyword_key)",False,False,True,True,False,False,2,2,False,,188416,0,0,0,
auth,refresh_tokens,refresh_tokens_token_unique,CREATE UNIQUE INDEX refresh_tokens_token_unique ON auth.refresh_tokens USING btree (token),True,False,True,True,False,False,1,1,True,u,188416,1022,1020,1017,2026-09-04 17:22:29.369229-04
plm,wb_character_normalized,wb_character_normalized_pkey,CREATE UNIQUE INDEX wb_character_normalized_pkey ON plm.wb_character_normalized USING btree (id),True,True,True,True,False,False,1,1,True,f,188416,0,0,0,
plm,wb_character_normalized,wb_character_normalized_pkey,CREATE UNIQUE INDEX wb_character_normalized_pkey ON plm.wb_character_normalized USING btree (id),True,True,True,True,False,False,1,1,True,p,188416,0,0,0,
public,erp_items_current,idx_erp_items_current_synced_at,CREATE INDEX idx_erp_items_current_synced_at ON public.erp_items_current USING btree (synced_at),False,False,True,True,False,False,1,1,False,,188416,0,0,0,
plm,coke_approval_vocabulary_value,coke_approval_vocabulary_value_pkey,"CREATE UNIQUE INDEX coke_approval_vocabulary_value_pkey ON plm.coke_approval_vocabulary_value USING btree (capture_id, approval_route_id, field_key, ordinal)",True,True,True,True,False,False,4,4,True,p,188416,0,0,0,
plm,lucasfilm_dcp_asset,idx_lucasfilm_dcp_asset_file_extension,CREATE INDEX idx_lucasfilm_dcp_asset_file_extension ON plm.lucasfilm_dcp_asset USING btree (file_extension),False,False,True,True,False,False,1,1,False,,180224,0,0,0,
auth,refresh_tokens,refresh_tokens_pkey,CREATE UNIQUE INDEX refresh_tokens_pkey ON auth.refresh_tokens USING btree (id),True,True,True,True,False,False,1,1,True,p,180224,338,338,338,2026-09-04 17:22:29.369229-04
dflow,RFQItem,RFQItem_pkey,"CREATE UNIQUE INDEX ""RFQItem_pkey"" ON dflow.""RFQItem"" USING btree (""rfqItem_id"")",True,True,True,True,False,False,1,1,True,f,172032,42,26762,26758,2026-09-02 13:56:35.931649-04
plm,marvel_asgard_guide_node,marvel_asgard_guide_node_id_style_guide_id_key,"CREATE UNIQUE INDEX marvel_asgard_guide_node_id_style_guide_id_key ON plm.marvel_asgard_guide_node USING btree (id, style_guide_id)",True,False,True,True,False,False,2,2,True,f,172032,0,0,0,
plm,production_order_source_ref,production_order_source_ref_pkey,CREATE UNIQUE INDEX production_order_source_ref_pkey ON plm.production_order_source_ref USING btree (id),True,True,True,True,False,False,1,1,True,p,172032,0,0,0,
auth,refresh_tokens,refresh_tokens_parent_idx,CREATE INDEX refresh_tokens_parent_idx ON auth.refresh_tokens USING btree (parent),False,False,True,True,False,False,1,1,False,,172032,0,0,0,
plm,marvel_asgard_guide_node,marvel_asgard_guide_node_id_style_guide_id_key,"CREATE UNIQUE INDEX marvel_asgard_guide_node_id_style_guide_id_key ON plm.marvel_asgard_guide_node USING btree (id, style_guide_id)",True,False,True,True,False,False,2,2,True,f,172032,0,0,0,
plm,item,plm_item_style_idx,CREATE INDEX plm_item_style_idx ON plm.item USING btree (style_number),False,False,True,True,False,False,1,1,False,,172032,0,0,0,
dflow,RFQItem,RFQItem_pkey,"CREATE UNIQUE INDEX ""RFQItem_pkey"" ON dflow.""RFQItem"" USING btree (""rfqItem_id"")",True,True,True,True,False,False,1,1,True,f,172032,42,26762,26758,2026-09-02 13:56:35.931649-04
public,pdf_text_samples,pdf_text_samples_pkey,CREATE UNIQUE INDEX pdf_text_samples_pkey ON public.pdf_text_samples USING btree (id),True,True,True,True,False,False,1,1,True,p,172032,0,0,0,
plm,opa_property_scope_membership,opa_property_scope_membership_pkey,CREATE UNIQUE INDEX opa_property_scope_membership_pkey ON plm.opa_property_scope_membership USING btree (membership_id),True,True,True,True,False,False,1,1,True,p,172032,1,1519,0,2026-08-29 21:39:34.004924-04
plm,wwe_asset_folder_member,idx_wwe_asset_folder_member_folder,"CREATE INDEX idx_wwe_asset_folder_member_folder ON plm.wwe_asset_folder_member USING btree (capture_id, folder_source_id)",False,False,True,True,False,False,2,2,False,,172032,1,11277,0,2026-08-30 12:21:15.563337-04
plm,dcp_style_guide,dcp_style_guide_pkey,CREATE UNIQUE INDEX dcp_style_guide_pkey ON plm.dcp_style_guide USING btree (id),True,True,True,True,False,False,1,1,True,f,172032,8404078,8404099,8403930,2026-09-02 22:13:22.799009-04
core,company_source_ref,company_source_ref_pkey,CREATE UNIQUE INDEX company_source_ref_pkey ON core.company_source_ref USING btree (id),True,True,True,True,False,False,1,1,True,p,172032,2,1991,508,2026-09-02 15:56:11.935714-04
dflow,RFQItem,RFQItem_pkey,"CREATE UNIQUE INDEX ""RFQItem_pkey"" ON dflow.""RFQItem"" USING btree (""rfqItem_id"")",True,True,True,True,False,False,1,1,True,p,172032,42,26762,26758,2026-09-02 13:56:35.931649-04
pim,product_field,product_field_pkey,CREATE UNIQUE INDEX product_field_pkey ON pim.product_field USING btree (id),True,True,True,True,False,False,1,1,True,p,172032,0,0,0,
plm,marvel_asgard_guide_node,marvel_asgard_guide_node_id_style_guide_id_key,"CREATE UNIQUE INDEX marvel_asgard_guide_node_id_style_guide_id_key ON plm.marvel_asgard_guide_node USING btree (id, style_guide_id)",True,False,True,True,False,False,2,2,True,u,172032,0,0,0,
public,render_queue,uq_render_queue_asset_active,"CREATE UNIQUE INDEX uq_render_queue_asset_active ON public.render_queue USING btree (asset_id) WHERE (status = ANY (ARRAY['pending'::queue_status, 'claimed'::queue_status]))",True,False,True,True,True,False,1,1,False,,172032,10470,2413795,695,2026-09-04 16:46:34.853393-04
dflow,RFQItem,RFQItem_pkey,"CREATE UNIQUE INDEX ""RFQItem_pkey"" ON dflow.""RFQItem"" USING btree (""rfqItem_id"")",True,True,True,True,False,False,1,1,True,f,172032,42,26762,26758,2026-09-02 13:56:35.931649-04
plm,dcp_style_guide,dcp_style_guide_pkey,CREATE UNIQUE INDEX dcp_style_guide_pkey ON plm.dcp_style_guide USING btree (id),True,True,True,True,False,False,1,1,True,p,172032,8404078,8404099,8403930,2026-09-02 22:13:22.799009-04
core,customer,core_customer_status_name_idx,"CREATE INDEX core_customer_status_name_idx ON core.customer USING btree (customer_status, name)",False,False,True,True,False,False,2,2,False,,163840,0,0,0,
plm,production_order,production_order_pkey,CREATE UNIQUE INDEX production_order_pkey ON plm.production_order USING btree (id),True,True,True,True,False,False,1,1,True,f,163840,201,2010,1903,2026-08-31 10:38:13.44203-04
plm,production_order,production_order_pkey,CREATE UNIQUE INDEX production_order_pkey ON plm.production_order USING btree (id),True,True,True,True,False,False,1,1,True,f,163840,201,2010,1903,2026-08-31 10:38:13.44203-04
plm,sega_asset,idx_sega_asset_capture,CREATE INDEX idx_sega_asset_capture ON plm.sega_asset USING btree (capture_id),False,False,True,True,False,False,1,1,False,,163840,0,0,0,
plm,production_order,production_order_pkey,CREATE UNIQUE INDEX production_order_pkey ON plm.production_order USING btree (id),True,True,True,True,False,False,1,1,True,f,163840,201,2010,1903,2026-08-31 10:38:13.44203-04
plm,production_order,production_order_pkey,CREATE UNIQUE INDEX production_order_pkey ON plm.production_order USING btree (id),True,True,True,True,False,False,1,1,True,f,163840,201,2010,1903,2026-08-31 10:38:13.44203-04
plm,sega_asset_catalog,idx_sega_asset_catalog_capture,CREATE INDEX idx_sega_asset_catalog_capture ON plm.sega_asset_catalog USING btree (capture_id),False,False,True,True,False,False,1,1,False,,163840,0,0,0,
plm,opa_property_character,idx_opa_property_character_resolution_status,CREATE INDEX idx_opa_property_character_resolution_status ON plm.opa_property_character USING btree (resolution_status),False,False,True,True,False,False,1,1,False,,163840,2,20524,0,2026-09-03 22:14:29.767788-04
plm,production_order,production_order_pkey,CREATE UNIQUE INDEX production_order_pkey ON plm.production_order USING btree (id),True,True,True,True,False,False,1,1,True,p,163840,201,2010,1903,2026-08-31 10:38:13.44203-04
plm,production_order_source_ref,production_order_source_ref_order_idx,CREATE INDEX production_order_source_ref_order_idx ON plm.production_order_source_ref USING btree (production_order_id),False,False,True,True,False,False,1,1,False,,163840,0,0,0,
plm,production_order,production_order_open_idx,CREATE INDEX production_order_open_idx ON plm.production_order USING btree (id) WHERE (voided_at IS NULL),False,False,True,True,True,False,1,1,False,,163840,0,0,0,
public,product_category_predictions,idx_pcp_erp_item_id,CREATE INDEX idx_pcp_erp_item_id ON public.product_category_predictions USING btree (erp_item_id),False,False,True,True,False,False,1,1,False,,155648,0,0,0,
plm,marvel_dcp_metadata_asset,marvel_dcp_metadata_asset_success_key,"CREATE UNIQUE INDEX marvel_dcp_metadata_asset_success_key ON plm.marvel_dcp_metadata_asset USING btree (metadata_run_id, marvel_dcp_asset_id, fetch_status)",True,False,True,True,False,False,3,3,True,f,155648,0,0,0,
plm,lucasfilm_dcp_asset_tile_observation,idx_lucasfilm_dcp_asset_tile_obs_tile,"CREATE INDEX idx_lucasfilm_dcp_asset_tile_obs_tile ON plm.lucasfilm_dcp_asset_tile_observation USING btree (portal_tile_id, listing_kind)",False,False,True,True,False,False,2,2,False,,155648,0,0,0,
plm,marvel_dcp_metadata_asset,marvel_dcp_metadata_asset_success_key,"CREATE UNIQUE INDEX marvel_dcp_metadata_asset_success_key ON plm.marvel_dcp_metadata_asset USING btree (metadata_run_id, marvel_dcp_asset_id, fetch_status)",True,False,True,True,False,False,3,3,True,f,155648,0,0,0,
plm,marvel_dcp_metadata_asset,marvel_dcp_metadata_asset_success_key,"CREATE UNIQUE INDEX marvel_dcp_metadata_asset_success_key ON plm.marvel_dcp_metadata_asset USING btree (metadata_run_id, marvel_dcp_asset_id, fetch_status)",True,False,True,True,False,False,3,3,True,f,155648,0,0,0,
public,erp_items_current,idx_erp_items_current_mg_category,CREATE INDEX idx_erp_items_current_mg_category ON public.erp_items_current USING btree (mg_category),False,False,True,True,False,False,1,1,False,,155648,1,17703,0,2026-08-30 10:32:56.755399-04
plm,marvel_dcp_metadata_asset,marvel_dcp_metadata_asset_success_key,"CREATE UNIQUE INDEX marvel_dcp_metadata_asset_success_key ON plm.marvel_dcp_metadata_asset USING btree (metadata_run_id, marvel_dcp_asset_id, fetch_status)",True,False,True,True,False,False,3,3,True,u,155648,0,0,0,
public,assets,idx_assets_has_product_material,CREATE INDEX idx_assets_has_product_material ON public.assets USING btree (id) WHERE (product_material IS NOT NULL),False,False,True,True,True,False,1,1,False,,155648,41,91930,0,2026-09-04 17:02:45.598627-04
public,product_category_predictions,product_category_predictions_pkey,CREATE UNIQUE INDEX product_category_predictions_pkey ON public.product_category_predictions USING btree (id),True,True,True,True,False,False,1,1,True,p,147456,0,0,0,
plm,wwe_asset,idx_wwe_asset_library,"CREATE INDEX idx_wwe_asset_library ON plm.wwe_asset USING btree (capture_id, library_source_id)",False,False,True,True,False,False,2,2,False,,147456,0,0,0,
plm,coke_approval_metadata_value,coke_approval_metadata_value_idx,"CREATE INDEX coke_approval_metadata_value_idx ON plm.coke_approval_metadata_value USING btree (capture_id, value_key)",False,False,True,True,False,False,2,2,False,,147456,0,0,0,
pim,product,pim_product_business_unit_idx,"CREATE INDEX pim_product_business_unit_idx ON pim.product USING btree (lower(COALESCE((metadata ->> 'business_unit'::text), (metadata ->> 'department'::text), ''::text)))",False,False,True,True,False,True,1,1,False,,147456,0,0,0,
pim,product,pim_product_clickup_list_updated_idx,"CREATE INDEX pim_product_clickup_list_updated_idx ON pim.product USING btree (clickup_list_id, updated_at DESC)",False,False,True,True,False,False,2,2,False,,147456,0,0,0,
pim,product,pim_product_updated_at_desc_idx,CREATE INDEX pim_product_updated_at_desc_idx ON pim.product USING btree (updated_at DESC),False,False,True,True,False,False,1,1,False,,147456,0,0,0,
plm,RFQItem,idx_rfqitem_container,"CREATE INDEX idx_rfqitem_container ON plm.""RFQItem"" USING btree (rfq_container_id_fk)",False,False,True,True,False,False,1,1,False,,147456,0,0,0,
plm,RFQItem,idx_rfqitem_delivery_loc,"CREATE INDEX idx_rfqitem_delivery_loc ON plm.""RFQItem"" USING btree (""rfqItem_delivery_loc"")",False,False,True,True,False,False,1,1,False,,147456,0,0,0,
plm,lucasfilm_dcp_style_guide,lucasfilm_dcp_style_guide_unique,"CREATE UNIQUE INDEX lucasfilm_dcp_style_guide_unique ON plm.lucasfilm_dcp_style_guide USING btree (source_system, source_path)",True,False,True,True,False,False,2,2,True,u,147456,0,0,0,
plm,RFQItem,idx_rfqitem_customer,"CREATE INDEX idx_rfqitem_customer ON plm.""RFQItem"" USING btree (""rfqItem_customer"")",False,False,True,True,False,False,1,1,False,,147456,24,24,0,2026-09-02 15:51:53.009015-04
pim,product,pim_product_licensor_updated_idx,"CREATE INDEX pim_product_licensor_updated_idx ON pim.product USING btree (licensor_id, updated_at DESC)",False,False,True,True,False,False,2,2,False,,147456,0,0,0,
plm,RFQItem,idx_rfqitem_divcode,"CREATE INDEX idx_rfqitem_divcode ON plm.""RFQItem"" USING btree (""rfqItem_divCode_id_fk"")",False,False,True,True,False,False,1,1,False,,147456,0,0,0,
public,style_tracker_audit_log,idx_style_tracker_audit_log_sheet,"CREATE INDEX idx_style_tracker_audit_log_sheet ON public.style_tracker_audit_log USING btree (source_sheet, changed_at DESC)",False,False,True,True,False,False,2,2,False,,147456,0,0,0,
pim,product,pim_product_stage_idx,CREATE INDEX pim_product_stage_idx ON pim.product USING btree (stage),False,False,True,True,False,False,1,1,False,,147456,0,0,0,
plm,pmt_property_collection,pmt_property_collection_pkey,"CREATE UNIQUE INDEX pmt_property_collection_pkey ON plm.pmt_property_collection USING btree (capture_id, property_source_id, collection_source_id)",True,True,True,True,False,False,3,3,True,p,139264,0,0,0,
plm,pmt_collection,pmt_collection_pkey,"CREATE UNIQUE INDEX pmt_collection_pkey ON plm.pmt_collection USING btree (capture_id, collection_source_id)",True,True,True,True,False,False,2,2,True,p,139264,0,0,0,
public,ai_tag_bakeoff_results,ai_tag_bakeoff_results_run_id_asset_id_model_slot_key,"CREATE UNIQUE INDEX ai_tag_bakeoff_results_run_id_asset_id_model_slot_key ON public.ai_tag_bakeoff_results USING btree (run_id, asset_id, model_slot)",True,False,True,True,False,False,3,3,True,u,139264,0,0,0,
plm,sega_character_property_inferred,sega_character_property_inferred_pkey,"CREATE UNIQUE INDEX sega_character_property_inferred_pkey ON plm.sega_character_property_inferred USING btree (capture_id, character_candidate_key, property_source_id, evidence_key)",True,True,True,True,False,False,4,4,True,p,139264,0,0,0,
plm,RFQItem,idx_rfqitem_choosen_vendor,"CREATE INDEX idx_rfqitem_choosen_vendor ON plm.""RFQItem"" USING btree (""rfqItem_choosen_vendor"")",False,False,True,True,False,False,1,1,False,,139264,12,12,0,2026-09-02 15:51:53.009015-04
plm,marvel_dcp_asset_character_observation,marvel_dcp_asset_character_obs_pkey,"CREATE UNIQUE INDEX marvel_dcp_asset_character_obs_pkey ON plm.marvel_dcp_asset_character_observation USING btree (metadata_run_id, marvel_dcp_asset_id, marvel_dcp_character_id)",True,True,True,True,False,False,3,3,True,p,139264,0,0,0,
plm,sega_character_property_inferred,idx_sega_character_property_inferred_evidence,"CREATE INDEX idx_sega_character_property_inferred_evidence ON plm.sega_character_property_inferred USING btree (capture_id, character_candidate_key, evidence_key)",False,False,True,True,False,False,3,3,False,,139264,0,0,0,
public,style_tracker_audit_log,idx_style_tracker_audit_log_changed_at,CREATE INDEX idx_style_tracker_audit_log_changed_at ON public.style_tracker_audit_log USING btree (changed_at DESC),False,False,True,True,False,False,1,1,False,,139264,0,0,0,
plm,pmt_collection,pmt_collection_pkey,"CREATE UNIQUE INDEX pmt_collection_pkey ON plm.pmt_collection USING btree (capture_id, collection_source_id)",True,True,True,True,False,False,2,2,True,f,139264,0,0,0,
plm,RFQItem,idx_rfqitem_step,"CREATE INDEX idx_rfqitem_step ON plm.""RFQItem"" USING btree (""rfqItem_step"")",False,False,True,True,False,False,1,1,False,,139264,0,0,0,
plm,pmt_collection,pmt_collection_pkey,"CREATE UNIQUE INDEX pmt_collection_pkey ON plm.pmt_collection USING btree (capture_id, collection_source_id)",True,True,True,True,False,False,2,2,True,f,139264,0,0,0,
plm,sega_asset_property_inferred,idx_sega_asset_property_inferred_property,"CREATE INDEX idx_sega_asset_property_inferred_property ON plm.sega_asset_property_inferred USING btree (capture_id, property_source_id)",False,False,True,True,False,False,2,2,False,,131072,0,0,0,
pim,project,project_external_source_external_id_key,"CREATE UNIQUE INDEX project_external_source_external_id_key ON pim.project USING btree (external_source, external_id) NULLS NOT DISTINCT",True,False,True,True,False,False,2,2,True,u,131072,0,0,0,
plm,wwe_asset,idx_wwe_asset_capture,CREATE INDEX idx_wwe_asset_capture ON plm.wwe_asset USING btree (capture_id),False,False,True,True,False,False,1,1,False,,131072,1,11277,0,2026-08-30 12:21:15.563337-04
plm,RFQItem,idx_rfqitem_rfq_group,"CREATE INDEX idx_rfqitem_rfq_group ON plm.""RFQItem"" USING btree (""rfqItem_rfq_group"")",False,False,True,True,False,False,1,1,False,,122880,1404,23310,23298,2026-09-02 15:51:53.009015-04
plm,marvel_dcp_asset_property_observation,idx_marvel_dcp_asset_property_obs_property,CREATE INDEX idx_marvel_dcp_asset_property_obs_property ON plm.marvel_dcp_asset_property_observation USING btree (marvel_dcp_property_id),False,False,True,True,False,False,1,1,False,,122880,0,0,0,
plm,sega_character_evidence,idx_sega_character_evidence_candidate,"CREATE INDEX idx_sega_character_evidence_candidate ON plm.sega_character_evidence USING btree (capture_id, character_candidate_key)",False,False,True,True,False,False,2,2,False,,122880,0,0,0,
plm,production_order,production_order_default_sort_idx,"CREATE INDEX production_order_default_sort_idx ON plm.production_order USING btree (sent_po_date DESC NULLS LAST, production_order_number)",False,False,True,True,False,False,2,2,False,,122880,0,0,0,
plm,pmt_property_collection,idx_pmt_property_collection_reverse,"CREATE INDEX idx_pmt_property_collection_reverse ON plm.pmt_property_collection USING btree (capture_id, collection_source_id)",False,False,True,True,False,False,2,2,False,,122880,0,0,0,
pim,product_field,pim_product_field_product_id_idx,CREATE INDEX pim_product_field_product_id_idx ON pim.product_field USING btree (product_id),False,False,True,True,False,False,1,1,False,,122880,0,0,0,
plm,peanuts_style_guide_character,peanuts_style_guide_character_pkey,"CREATE UNIQUE INDEX peanuts_style_guide_character_pkey ON plm.peanuts_style_guide_character USING btree (capture_id, style_guide_key, character_key)",True,True,True,True,False,False,3,3,True,p,122880,1,1033,0,2026-09-03 22:14:29.767788-04
plm,contract_property_evidence,contract_property_evidence_pkey,"CREATE UNIQUE INDEX contract_property_evidence_pkey ON plm.contract_property_evidence USING btree (capture_id, id)",True,True,True,True,False,False,2,2,True,p,114688,28,2802,0,2026-08-30 10:13:43.137824-04
public,admin_config,admin_config_pkey,CREATE UNIQUE INDEX admin_config_pkey ON public.admin_config USING btree (key),True,True,True,True,False,False,1,1,True,p,114688,9674299,10096840,9960758,2026-09-04 17:30:38.488412-04
plm,wwe_asset_folder,wwe_asset_folder_path_uk,"CREATE UNIQUE INDEX wwe_asset_folder_path_uk ON plm.wwe_asset_folder USING btree (capture_id, folder_path)",True,False,True,True,False,False,2,2,True,u,114688,1272,0,0,2026-08-30 12:21:03.645318-04
plm,wwe_asset_folder,idx_wwe_asset_folder_path,"CREATE INDEX idx_wwe_asset_folder_path ON plm.wwe_asset_folder USING btree (capture_id, folder_path)",False,False,True,True,False,False,2,2,False,,114688,0,0,0,
plm,marvel_asgard_guide_node,marvel_asgard_guide_node_pkey,CREATE UNIQUE INDEX marvel_asgard_guide_node_pkey ON plm.marvel_asgard_guide_node USING btree (id),True,True,True,True,False,False,1,1,True,p,106496,0,0,0,
plm,marvel_dcp_asset,marvel_dcp_asset_unique,"CREATE UNIQUE INDEX marvel_dcp_asset_unique ON plm.marvel_dcp_asset USING btree (source_system, source_path)",True,False,True,True,False,False,2,2,True,u,106496,0,0,0,
plm,sega_character_candidate,sega_character_candidate_pkey,"CREATE UNIQUE INDEX sega_character_candidate_pkey ON plm.sega_character_candidate USING btree (capture_id, character_candidate_key)",True,True,True,True,False,False,2,2,True,f,106496,0,0,0,
plm,sega_character_candidate,sega_character_candidate_pkey,"CREATE UNIQUE INDEX sega_character_candidate_pkey ON plm.sega_character_candidate USING btree (capture_id, character_candidate_key)",True,True,True,True,False,False,2,2,True,p,106496,0,0,0,
plm,nbcu_style_guide,nbcu_style_guide_pkey,"CREATE UNIQUE INDEX nbcu_style_guide_pkey ON plm.nbcu_style_guide USING btree (capture_id, style_guide_key)",True,True,True,True,False,False,2,2,True,p,106496,0,0,0,
plm,dcp_style_guide,uq_dcp_style_guide_source_guide_id,"CREATE UNIQUE INDEX uq_dcp_style_guide_source_guide_id ON plm.dcp_style_guide USING btree (source_system, source_guide_id) WHERE (source_guide_id IS NOT NULL)",True,False,True,True,True,False,2,2,False,,106496,0,0,0,
plm,nbcu_style_guide,nbcu_style_guide_pkey,"CREATE UNIQUE INDEX nbcu_style_guide_pkey ON plm.nbcu_style_guide USING btree (capture_id, style_guide_key)",True,True,True,True,False,False,2,2,True,f,106496,0,0,0,
plm,nbcu_style_guide,nbcu_style_guide_folder_uk,"CREATE UNIQUE INDEX nbcu_style_guide_folder_uk ON plm.nbcu_style_guide USING btree (capture_id, folder_path)",True,False,True,True,False,False,2,2,True,u,106496,0,0,0,
plm,nbcu_style_guide,nbcu_style_guide_pkey,"CREATE UNIQUE INDEX nbcu_style_guide_pkey ON plm.nbcu_style_guide USING btree (capture_id, style_guide_key)",True,True,True,True,False,False,2,2,True,f,106496,0,0,0,
plm,sega_character_candidate,sega_character_candidate_pkey,"CREATE UNIQUE INDEX sega_character_candidate_pkey ON plm.sega_character_candidate USING btree (capture_id, character_candidate_key)",True,True,True,True,False,False,2,2,True,f,106496,0,0,0,
plm,marvel_asgard_guide_node,marvel_asgard_guide_node_pkey,CREATE UNIQUE INDEX marvel_asgard_guide_node_pkey ON plm.marvel_asgard_guide_node USING btree (id),True,True,True,True,False,False,1,1,True,f,106496,0,0,0,
dflow,merchGroup,merchGroup_pkey,"CREATE UNIQUE INDEX ""merchGroup_pkey"" ON dflow.""merchGroup"" USING btree (mg_id)",True,True,True,True,False,False,1,1,True,f,98304,437,7725,796,2026-09-04 09:45:01.39808-04
core,merchGroup,merchGroup_pkey,"CREATE UNIQUE INDEX ""merchGroup_pkey"" ON core.""merchGroup"" USING btree (mg_id)",True,True,True,True,False,False,1,1,True,f,98304,2202,9490,2560,2026-09-03 08:04:20.548648-04
plm,wwe_asset_folder,wwe_asset_folder_pkey,"CREATE UNIQUE INDEX wwe_asset_folder_pkey ON plm.wwe_asset_folder USING btree (capture_id, folder_source_id)",True,True,True,True,False,False,2,2,True,f,98304,13444,12172,12172,2026-08-30 12:21:03.645318-04
dflow,ProdOrderHeader,ProdOrderHeader_pkey,"CREATE UNIQUE INDEX ""ProdOrderHeader_pkey"" ON dflow.""ProdOrderHeader"" USING btree (""prodOrderNo"")",True,True,True,True,False,False,1,1,True,p,98304,1,3514,0,2026-09-02 15:56:11.935714-04
plm,wwe_asset_folder,wwe_asset_folder_pkey,"CREATE UNIQUE INDEX wwe_asset_folder_pkey ON plm.wwe_asset_folder USING btree (capture_id, folder_source_id)",True,True,True,True,False,False,2,2,True,f,98304,13444,12172,12172,2026-08-30 12:21:03.645318-04
core,merchGroup,merchGroup_pkey,"CREATE UNIQUE INDEX ""merchGroup_pkey"" ON core.""merchGroup"" USING btree (mg_id)",True,True,True,True,False,False,1,1,True,p,98304,2202,9490,2560,2026-09-03 08:04:20.548648-04
dflow,merchGroup,merchGroup_pkey,"CREATE UNIQUE INDEX ""merchGroup_pkey"" ON dflow.""merchGroup"" USING btree (mg_id)",True,True,True,True,False,False,1,1,True,f,98304,437,7725,796,2026-09-04 09:45:01.39808-04
plm,wwe_asset_folder,wwe_asset_folder_pkey,"CREATE UNIQUE INDEX wwe_asset_folder_pkey ON plm.wwe_asset_folder USING btree (capture_id, folder_source_id)",True,True,True,True,False,False,2,2,True,p,98304,13444,12172,12172,2026-08-30 12:21:03.645318-04
dflow,merchGroup,merchGroup_pkey,"CREATE UNIQUE INDEX ""merchGroup_pkey"" ON dflow.""merchGroup"" USING btree (mg_id)",True,True,True,True,False,False,1,1,True,f,98304,437,7725,796,2026-09-04 09:45:01.39808-04
core,customer_alias,customer_alias_trgm_idx,CREATE INDEX customer_alias_trgm_idx ON core.customer_alias USING gin (normalized_alias extensions.gin_trgm_ops),False,False,True,True,False,False,1,1,False,,98304,0,0,0,
dflow,RFQItem,idx_rfqitem_home_list,"CREATE INDEX idx_rfqitem_home_list ON dflow.""RFQItem"" USING btree (""rfqItem_active"", ""rfqItem_id"" DESC) WHERE (""rfqItem_archive"" IS NULL)",False,False,True,True,True,False,2,2,False,,98304,4,13008,13008,2026-09-02 13:56:33.661829-04
plm,marvel_dcp_asset_property_observation,idx_marvel_dcp_asset_property_obs_run,CREATE INDEX idx_marvel_dcp_asset_property_obs_run ON plm.marvel_dcp_asset_property_observation USING btree (metadata_run_id),False,False,True,True,False,False,1,1,False,,98304,0,0,0,
plm,sega_character_evidence,idx_sega_character_evidence_catalog,"CREATE INDEX idx_sega_character_evidence_catalog ON plm.sega_character_evidence USING btree (capture_id, catalog_source_id) WHERE (catalog_source_id IS NOT NULL)",False,False,True,True,True,False,2,2,False,,98304,0,0,0,
core,merchGroup,merchGroup_pkey,"CREATE UNIQUE INDEX ""merchGroup_pkey"" ON core.""merchGroup"" USING btree (mg_id)",True,True,True,True,False,False,1,1,True,f,98304,2202,9490,2560,2026-09-03 08:04:20.548648-04
plm,production_order,production_order_number_idx,CREATE INDEX production_order_number_idx ON plm.production_order USING btree (production_order_number),False,False,True,True,False,False,1,1,False,,98304,1,3230,102,2026-08-31 03:30:11.327574-04
dflow,merchGroup,merchGroup_pkey,"CREATE UNIQUE INDEX ""merchGroup_pkey"" ON dflow.""merchGroup"" USING btree (mg_id)",True,True,True,True,False,False,1,1,True,f,98304,437,7725,796,2026-09-04 09:45:01.39808-04
plm,production_order,plm_production_order_number_idx,CREATE INDEX plm_production_order_number_idx ON plm.production_order USING btree (production_order_number),False,False,True,True,False,False,1,1,False,,98304,0,0,0,
core,merchGroup,merchGroup_pkey,"CREATE UNIQUE INDEX ""merchGroup_pkey"" ON core.""merchGroup"" USING btree (mg_id)",True,True,True,True,False,False,1,1,True,f,98304,2202,9490,2560,2026-09-03 08:04:20.548648-04
dflow,merchGroup,merchGroup_pkey,"CREATE UNIQUE INDEX ""merchGroup_pkey"" ON dflow.""merchGroup"" USING btree (mg_id)",True,True,True,True,False,False,1,1,True,f,98304,437,7725,796,2026-09-04 09:45:01.39808-04
dflow,merchGroup,merchGroup_pkey,"CREATE UNIQUE INDEX ""merchGroup_pkey"" ON dflow.""merchGroup"" USING btree (mg_id)",True,True,True,True,False,False,1,1,True,f,98304,437,7725,796,2026-09-04 09:45:01.39808-04
dflow,merchGroup,merchGroup_pkey,"CREATE UNIQUE INDEX ""merchGroup_pkey"" ON dflow.""merchGroup"" USING btree (mg_id)",True,True,True,True,False,False,1,1,True,f,98304,437,7725,796,2026-09-04 09:45:01.39808-04
core,merchGroup,merchGroup_pkey,"CREATE UNIQUE INDEX ""merchGroup_pkey"" ON core.""merchGroup"" USING btree (mg_id)",True,True,True,True,False,False,1,1,True,f,98304,2202,9490,2560,2026-09-03 08:04:20.548648-04
core,merchGroup,merchGroup_pkey,"CREATE UNIQUE INDEX ""merchGroup_pkey"" ON core.""merchGroup"" USING btree (mg_id)",True,True,True,True,False,False,1,1,True,f,98304,2202,9490,2560,2026-09-03 08:04:20.548648-04
core,merchGroup,merchGroup_pkey,"CREATE UNIQUE INDEX ""merchGroup_pkey"" ON core.""merchGroup"" USING btree (mg_id)",True,True,True,True,False,False,1,1,True,f,98304,2202,9490,2560,2026-09-03 08:04:20.548648-04
dflow,merchGroup,merchGroup_pkey,"CREATE UNIQUE INDEX ""merchGroup_pkey"" ON dflow.""merchGroup"" USING btree (mg_id)",True,True,True,True,False,False,1,1,True,f,98304,437,7725,796,2026-09-04 09:45:01.39808-04
core,merchGroup,merchGroup_pkey,"CREATE UNIQUE INDEX ""merchGroup_pkey"" ON core.""merchGroup"" USING btree (mg_id)",True,True,True,True,False,False,1,1,True,f,98304,2202,9490,2560,2026-09-03 08:04:20.548648-04
core,merchGroup,merchGroup_pkey,"CREATE UNIQUE INDEX ""merchGroup_pkey"" ON core.""merchGroup"" USING btree (mg_id)",True,True,True,True,False,False,1,1,True,f,98304,2202,9490,2560,2026-09-03 08:04:20.548648-04
dflow,property_character_associations,idx_property_character_associations_property_id,CREATE INDEX idx_property_character_associations_property_id ON dflow.property_character_associations USING btree (property_id),False,False,True,True,False,False,1,1,False,,98304,0,0,0,
plm,ProdOrderHeader,ProdOrderHeader_pkey,"CREATE UNIQUE INDEX ""ProdOrderHeader_pkey"" ON plm.""ProdOrderHeader"" USING btree (""prodOrderNo"")",True,True,True,True,False,False,1,1,True,p,98304,0,0,0,
dflow,merchGroup,merchGroup_pkey,"CREATE UNIQUE INDEX ""merchGroup_pkey"" ON dflow.""merchGroup"" USING btree (mg_id)",True,True,True,True,False,False,1,1,True,p,98304,437,7725,796,2026-09-04 09:45:01.39808-04
dflow,merchGroup,merchGroup_pkey,"CREATE UNIQUE INDEX ""merchGroup_pkey"" ON dflow.""merchGroup"" USING btree (mg_id)",True,True,True,True,False,False,1,1,True,f,98304,437,7725,796,2026-09-04 09:45:01.39808-04
core,merchGroup,merchGroup_pkey,"CREATE UNIQUE INDEX ""merchGroup_pkey"" ON core.""merchGroup"" USING btree (mg_id)",True,True,True,True,False,False,1,1,True,f,98304,2202,9490,2560,2026-09-03 08:04:20.548648-04
dflow,merchGroup,merchGroup_pkey,"CREATE UNIQUE INDEX ""merchGroup_pkey"" ON dflow.""merchGroup"" USING btree (mg_id)",True,True,True,True,False,False,1,1,True,f,98304,437,7725,796,2026-09-04 09:45:01.39808-04
core,merchGroup,merchGroup_pkey,"CREATE UNIQUE INDEX ""merchGroup_pkey"" ON core.""merchGroup"" USING btree (mg_id)",True,True,True,True,False,False,1,1,True,f,98304,2202,9490,2560,2026-09-03 08:04:20.548648-04
core,merchGroup,merchGroup_pkey,"CREATE UNIQUE INDEX ""merchGroup_pkey"" ON core.""merchGroup"" USING btree (mg_id)",True,True,True,True,False,False,1,1,True,f,98304,2202,9490,2560,2026-09-03 08:04:20.548648-04
plm,sega_catalog,idx_sega_catalog_capture,CREATE INDEX idx_sega_catalog_capture ON plm.sega_catalog USING btree (capture_id),False,False,True,True,False,False,1,1,False,,90112,0,0,0,
plm,lucasfilm_dcp_term,lucasfilm_dcp_term_pkey,CREATE UNIQUE INDEX lucasfilm_dcp_term_pkey ON plm.lucasfilm_dcp_term USING btree (id),True,True,True,True,False,False,1,1,True,p,90112,0,0,0,
public,pdf_text_samples,idx_pdf_text_samples_sampled_at,CREATE INDEX idx_pdf_text_samples_sampled_at ON public.pdf_text_samples USING btree (sampled_at DESC),False,False,True,True,False,False,1,1,False,,90112,4,12528,0,2026-09-03 12:50:36.652669-04
public,ai_sentinel_cleanup_log,idx_ai_sentinel_cleanup_log_asset,CREATE INDEX idx_ai_sentinel_cleanup_log_asset ON public.ai_sentinel_cleanup_log USING btree (ai_asset_id),False,False,True,True,False,False,1,1,False,,90112,0,0,0,
plm,lucasfilm_dcp_term,lucasfilm_dcp_term_pkey,CREATE UNIQUE INDEX lucasfilm_dcp_term_pkey ON plm.lucasfilm_dcp_term USING btree (id),True,True,True,True,False,False,1,1,True,f,90112,0,0,0,
plm,marvel_dcp_metadata_asset,idx_marvel_dcp_metadata_asset_normalized_hash,"CREATE INDEX idx_marvel_dcp_metadata_asset_normalized_hash ON plm.marvel_dcp_metadata_asset USING btree (marvel_dcp_asset_id, normalized_hash) WHERE (normalized_hash IS NOT NULL)",False,False,True,True,True,False,2,2,False,,90112,0,0,0,
core,customer,core_company_normalized_name_idx,CREATE INDEX core_company_normalized_name_idx ON core.customer USING btree (normalized_name),False,False,True,True,False,False,1,1,False,,90112,0,0,0,
core,customer,core_customer_name_idx,CREATE INDEX core_customer_name_idx ON core.customer USING btree (name),False,False,True,True,False,False,1,1,False,,90112,1,826,826,2026-09-03 15:51:32.864422-04
core,contact_company,core_contact_company_crm_department_idx,CREATE INDEX core_contact_company_crm_department_idx ON core.contact_company USING btree (crm_department_id),False,False,True,True,False,False,1,1,False,,90112,241132,13746129,766,2026-09-04 16:15:03.635759-04
public,characters,idx_characters_usage_count,CREATE INDEX idx_characters_usage_count ON public.characters USING btree (usage_count),False,False,True,True,False,False,1,1,False,,90112,10,96220,0,2026-09-03 08:56:49.173162-04
plm,dcp_character,dcp_character_pkey,CREATE UNIQUE INDEX dcp_character_pkey ON plm.dcp_character USING btree (id),True,True,True,True,False,False,1,1,True,p,90112,1,1930,0,2026-08-29 21:39:34.004924-04
plm,wb_style_guide_normalized,wb_style_guide_normalized_pkey,CREATE UNIQUE INDEX wb_style_guide_normalized_pkey ON plm.wb_style_guide_normalized USING btree (id),True,True,True,True,False,False,1,1,True,f,90112,0,0,0,
plm,dcp_character,dcp_character_pkey,CREATE UNIQUE INDEX dcp_character_pkey ON plm.dcp_character USING btree (id),True,True,True,True,False,False,1,1,True,f,90112,1,1930,0,2026-08-29 21:39:34.004924-04
plm,wb_style_guide_normalized,wb_style_guide_normalized_pkey,CREATE UNIQUE INDEX wb_style_guide_normalized_pkey ON plm.wb_style_guide_normalized USING btree (id),True,True,True,True,False,False,1,1,True,f,90112,0,0,0,
plm,wildbrain_asset_character,idx_wildbrain_asset_character_character,"CREATE INDEX idx_wildbrain_asset_character_character ON plm.wildbrain_asset_character USING btree (capture_id, character_source_id)",False,False,True,True,False,False,2,2,False,,90112,1,5450,0,2026-09-03 22:14:29.767788-04
plm,wb_style_guide_normalized,wb_style_guide_normalized_pkey,CREATE UNIQUE INDEX wb_style_guide_normalized_pkey ON plm.wb_style_guide_normalized USING btree (id),True,True,True,True,False,False,1,1,True,p,90112,0,0,0,
dflow,property_character_associations,idx_property_character_associations_licensor_id,CREATE INDEX idx_property_character_associations_licensor_id ON dflow.property_character_associations USING btree (licensor_id),False,False,True,True,False,False,1,1,False,,90112,1,9622,0,2026-09-02 15:56:11.935714-04
plm,opa_property_studio_resolution,opa_property_studio_resolution_pkey,CREATE UNIQUE INDEX opa_property_studio_resolution_pkey ON plm.opa_property_studio_resolution USING btree (resolution_id),True,True,True,True,False,False,1,1,True,p,90112,0,0,0,
plm,marvel_asgard_character,marvel_asgard_character_pkey,CREATE UNIQUE INDEX marvel_asgard_character_pkey ON plm.marvel_asgard_character USING btree (id),True,True,True,True,False,False,1,1,True,p,90112,0,0,0,
dflow,dflow.properties_and_characters,idx_properties_licensor_id,CREATE INDEX idx_properties_licensor_id ON dflow.properties_and_characters USING btree (licensor_id),False,False,True,True,False,False,1,1,False,,90112,1,10122,0,2026-09-02 15:56:11.935714-04
plm,marvel_asgard_character,marvel_asgard_character_pkey,CREATE UNIQUE INDEX marvel_asgard_character_pkey ON plm.marvel_asgard_character USING btree (id),True,True,True,True,False,False,1,1,True,f,90112,0,0,0,
plm,marvel_asgard_character,marvel_asgard_character_pkey,CREATE UNIQUE INDEX marvel_asgard_character_pkey ON plm.marvel_asgard_character USING btree (id),True,True,True,True,False,False,1,1,True,f,90112,0,0,0,
plm,opa_character,idx_opa_character_lifecycle_status,"CREATE INDEX idx_opa_character_lifecycle_status ON plm.opa_character USING btree (status, last_seen_at)",False,False,True,True,False,False,2,2,False,,90112,0,0,0,
plm,wwe_tag,idx_wwe_tag_normalized,CREATE INDEX idx_wwe_tag_normalized ON plm.wwe_tag USING btree (normalized_tag_label),False,False,True,True,False,False,1,1,False,,90112,0,0,0,
public,scanner_ai_ignores,scanner_ai_ignores_pkey,CREATE UNIQUE INDEX scanner_ai_ignores_pkey ON public.scanner_ai_ignores USING btree (id),True,True,True,True,False,False,1,1,True,p,90112,0,0,0,
plm,marvel_dcp_metadata_asset,marvel_dcp_metadata_asset_pkey,"CREATE UNIQUE INDEX marvel_dcp_metadata_asset_pkey ON plm.marvel_dcp_metadata_asset USING btree (metadata_run_id, marvel_dcp_asset_id)",True,True,True,True,False,False,2,2,True,p,90112,0,0,0,
plm,wwe_asset_property_inferred,idx_wwe_asset_property_inferred_property,"CREATE INDEX idx_wwe_asset_property_inferred_property ON plm.wwe_asset_property_inferred USING btree (capture_id, property_source_id)",False,False,True,True,False,False,2,2,False,,90112,1,11277,0,2026-08-30 12:21:15.563337-04
pim,project,project_pkey,CREATE UNIQUE INDEX project_pkey ON pim.project USING btree (id),True,True,True,True,False,False,1,1,True,f,81920,20,20,20,2026-09-03 16:01:33.5824-04
auth,refresh_tokens,refresh_tokens_instance_id_user_id_idx,"CREATE INDEX refresh_tokens_instance_id_user_id_idx ON auth.refresh_tokens USING btree (instance_id, user_id)",False,False,True,True,False,False,2,2,False,,81920,0,0,0,
pim,project,project_pkey,CREATE UNIQUE INDEX project_pkey ON pim.project USING btree (id),True,True,True,True,False,False,1,1,True,f,81920,20,20,20,2026-09-03 16:01:33.5824-04
plm,StandardizedDetail,StandardizedDetail_pkey,"CREATE UNIQUE INDEX ""StandardizedDetail_pkey"" ON plm.""StandardizedDetail"" USING btree (id)",True,True,True,True,False,False,1,1,True,p,81920,0,0,0,
public,sku_files_used,sku_files_used_sku_file_name_key,"CREATE UNIQUE INDEX sku_files_used_sku_file_name_key ON public.sku_files_used USING btree (sku, file_name)",True,False,True,True,False,False,2,2,True,u,81920,4,0,0,2026-09-02 08:50:19.795298-04
public,style_tracker_rows,idx_style_tracker_rows_group_id,CREATE INDEX idx_style_tracker_rows_group_id ON public.style_tracker_rows USING btree (upper(group_id)) WHERE (group_id IS NOT NULL),False,False,True,True,True,True,1,1,False,,81920,0,0,0,
public,ai_sentinel_cleanup_log,ai_sentinel_cleanup_log_pkey,CREATE UNIQUE INDEX ai_sentinel_cleanup_log_pkey ON public.ai_sentinel_cleanup_log USING btree (id),True,True,True,True,False,False,1,1,True,p,81920,0,0,0,
plm,sega_property_licensor,sega_property_licensor_normalized_uk,"CREATE UNIQUE INDEX sega_property_licensor_normalized_uk ON plm.sega_property_licensor USING btree (capture_id, property_source_id, normalized_licensor_label)",True,False,True,True,False,False,3,3,True,u,81920,0,0,0,
pim,project,project_pkey,CREATE UNIQUE INDEX project_pkey ON pim.project USING btree (id),True,True,True,True,False,False,1,1,True,f,81920,20,20,20,2026-09-03 16:01:33.5824-04
pim,project,project_pkey,CREATE UNIQUE INDEX project_pkey ON pim.project USING btree (id),True,True,True,True,False,False,1,1,True,p,81920,20,20,20,2026-09-03 16:01:33.5824-04
pim,project,project_pkey,CREATE UNIQUE INDEX project_pkey ON pim.project USING btree (id),True,True,True,True,False,False,1,1,True,f,81920,20,20,20,2026-09-03 16:01:33.5824-04
plm,pmt_collection,idx_pmt_collection_name,CREATE INDEX idx_pmt_collection_name ON plm.pmt_collection USING btree (collection_name),False,False,True,True,False,False,1,1,False,,81920,1,1076,539,2026-08-29 21:39:34.004924-04
dflow,StandardizedDetail,StandardizedVersionDetail_pkey,"CREATE UNIQUE INDEX ""StandardizedVersionDetail_pkey"" ON dflow.""StandardizedDetail"" USING btree (id)",True,False,True,True,False,False,1,1,False,,81920,0,0,0,
dflow,StandardizedDetail,StandardizedDetail_pkey,"CREATE UNIQUE INDEX ""StandardizedDetail_pkey"" ON dflow.""StandardizedDetail"" USING btree (id)",True,True,True,True,False,False,1,1,True,p,81920,0,0,0,
pim,project,project_pkey,CREATE UNIQUE INDEX project_pkey ON pim.project USING btree (id),True,True,True,True,False,False,1,1,True,f,81920,20,20,20,2026-09-03 16:01:33.5824-04
plm,pmt_capture_batch,pmt_capture_batch_pkey,"CREATE UNIQUE INDEX pmt_capture_batch_pkey ON plm.pmt_capture_batch USING btree (capture_id, batch_number)",True,True,True,True,False,False,2,2,True,p,81920,1,678,339,2026-08-29 21:39:34.004924-04
plm,opa_character,plm_opa_character_unresolved_idx,CREATE INDEX plm_opa_character_unresolved_idx ON plm.opa_character USING btree (resolution_status) WHERE (resolution_status <> 'resolved'::text),False,False,True,True,True,False,1,1,False,,81920,0,0,0,
plm,dcp_property_licensor_resolution,dcp_property_licensor_resolution_identity_version_key,"CREATE UNIQUE INDEX dcp_property_licensor_resolution_identity_version_key ON plm.dcp_property_licensor_resolution USING btree (source_system, source_property_id, decision_version)",True,False,True,True,False,False,3,3,True,u,81920,0,0,0,
plm,dcp_property_licensor_resolution,dcp_property_licensor_resolution_identity_resolution_key,"CREATE UNIQUE INDEX dcp_property_licensor_resolution_identity_resolution_key ON plm.dcp_property_licensor_resolution USING btree (source_system, source_property_id, resolution_id)",True,False,True,True,False,False,3,3,True,u,81920,1,2,2,2026-08-31 11:35:31.079032-04
plm,StandardizedDetail,StandardizedVersionDetail_pkey,"CREATE UNIQUE INDEX ""StandardizedVersionDetail_pkey"" ON plm.""StandardizedDetail"" USING btree (id)",True,False,True,True,False,False,1,1,False,,81920,0,0,0,
plm,opa_property_studio_resolution,opa_property_studio_resolution_identity_key,"CREATE UNIQUE INDEX opa_property_studio_resolution_identity_key ON plm.opa_property_studio_resolution USING btree (licensed_property_id, studio_code) NULLS NOT DISTINCT",True,False,True,True,False,False,2,2,True,u,81920,10768,92562,91097,2026-09-03 16:11:32.73578-04
pim,revision_request,revision_request_external_source_external_id_key,"CREATE UNIQUE INDEX revision_request_external_source_external_id_key ON pim.revision_request USING btree (external_source, external_id) NULLS NOT DISTINCT",True,False,True,True,False,False,2,2,True,u,81920,0,0,0,
plm,dcp_property_licensor_resolution,dcp_property_licensor_resolution_identity_resolution_key,"CREATE UNIQUE INDEX dcp_property_licensor_resolution_identity_resolution_key ON plm.dcp_property_licensor_resolution USING btree (source_system, source_property_id, resolution_id)",True,False,True,True,False,False,3,3,True,f,81920,1,2,2,2026-08-31 11:35:31.079032-04
core,customer,company_pkey,CREATE UNIQUE INDEX company_pkey ON core.customer USING btree (id),True,True,True,True,False,False,1,1,True,f,73728,278962,278962,278916,2026-09-04 17:16:04.206478-04
core,customer,company_pkey,CREATE UNIQUE INDEX company_pkey ON core.customer USING btree (id),True,True,True,True,False,False,1,1,True,f,73728,278962,278962,278916,2026-09-04 17:16:04.206478-04
core,customer,company_pkey,CREATE UNIQUE INDEX company_pkey ON core.customer USING btree (id),True,True,True,True,False,False,1,1,True,f,73728,278962,278962,278916,2026-09-04 17:16:04.206478-04
core,customer,company_pkey,CREATE UNIQUE INDEX company_pkey ON core.customer USING btree (id),True,True,True,True,False,False,1,1,True,f,73728,278962,278962,278916,2026-09-04 17:16:04.206478-04
core,customer,company_pkey,CREATE UNIQUE INDEX company_pkey ON core.customer USING btree (id),True,True,True,True,False,False,1,1,True,f,73728,278962,278962,278916,2026-09-04 17:16:04.206478-04
core,customer,company_pkey,CREATE UNIQUE INDEX company_pkey ON core.customer USING btree (id),True,True,True,True,False,False,1,1,True,f,73728,278962,278962,278916,2026-09-04 17:16:04.206478-04
core,customer,company_pkey,CREATE UNIQUE INDEX company_pkey ON core.customer USING btree (id),True,True,True,True,False,False,1,1,True,f,73728,278962,278962,278916,2026-09-04 17:16:04.206478-04
plm,creative_submission_property_resolution_member,creative_submission_property_resolution_member_identity_uidx,"CREATE UNIQUE INDEX creative_submission_property_resolution_member_identity_uidx ON plm.creative_submission_property_resolution_member USING btree (resolution_id, submission_source_system, submission_source_table, submission_source_id)",True,False,True,True,False,False,4,4,False,,73728,21253,4272,3716,2026-09-02 22:13:22.799009-04
core,customer,company_pkey,CREATE UNIQUE INDEX company_pkey ON core.customer USING btree (id),True,True,True,True,False,False,1,1,True,f,73728,278962,278962,278916,2026-09-04 17:16:04.206478-04
plm,wildbrain_asset_guide,idx_wildbrain_asset_guide_guide,"CREATE INDEX idx_wildbrain_asset_guide_guide ON plm.wildbrain_asset_guide USING btree (capture_id, guide_key)",False,False,True,True,False,False,2,2,False,,73728,0,0,0,
core,customer,company_pkey,CREATE UNIQUE INDEX company_pkey ON core.customer USING btree (id),True,True,True,True,False,False,1,1,True,f,73728,278962,278962,278916,2026-09-04 17:16:04.206478-04
core,customer,company_pkey,CREATE UNIQUE INDEX company_pkey ON core.customer USING btree (id),True,True,True,True,False,False,1,1,True,f,73728,278962,278962,278916,2026-09-04 17:16:04.206478-04
dflow,RFQItem,idx_rfqitem_rfq_group,"CREATE INDEX idx_rfqitem_rfq_group ON dflow.""RFQItem"" USING btree (""rfqItem_rfq_group"")",False,False,True,True,False,False,1,1,False,,73728,1390,15730,15399,2026-09-04 17:16:01.168495-04
plm,erp_customer,plm_erp_customer_customer_idx,CREATE INDEX plm_erp_customer_customer_idx ON plm.erp_customer USING btree (customer_id),False,False,True,True,False,False,1,1,False,,73728,3753,4212,4185,2026-09-03 09:49:58.413623-04
core,customer,company_pkey,CREATE UNIQUE INDEX company_pkey ON core.customer USING btree (id),True,True,True,True,False,False,1,1,True,f,73728,278962,278962,278916,2026-09-04 17:16:04.206478-04
core,customer,company_pkey,CREATE UNIQUE INDEX company_pkey ON core.customer USING btree (id),True,True,True,True,False,False,1,1,True,f,73728,278962,278962,278916,2026-09-04 17:16:04.206478-04
core,customer,company_pkey,CREATE UNIQUE INDEX company_pkey ON core.customer USING btree (id),True,True,True,True,False,False,1,1,True,p,73728,278962,278962,278916,2026-09-04 17:16:04.206478-04
core,customer,company_pkey,CREATE UNIQUE INDEX company_pkey ON core.customer USING btree (id),True,True,True,True,False,False,1,1,True,f,73728,278962,278962,278916,2026-09-04 17:16:04.206478-04
core,customer,company_pkey,CREATE UNIQUE INDEX company_pkey ON core.customer USING btree (id),True,True,True,True,False,False,1,1,True,f,73728,278962,278962,278916,2026-09-04 17:16:04.206478-04
core,customer,company_pkey,CREATE UNIQUE INDEX company_pkey ON core.customer USING btree (id),True,True,True,True,False,False,1,1,True,f,73728,278962,278962,278916,2026-09-04 17:16:04.206478-04
core,customer,company_pkey,CREATE UNIQUE INDEX company_pkey ON core.customer USING btree (id),True,True,True,True,False,False,1,1,True,f,73728,278962,278962,278916,2026-09-04 17:16:04.206478-04
core,customer,company_pkey,CREATE UNIQUE INDEX company_pkey ON core.customer USING btree (id),True,True,True,True,False,False,1,1,True,f,73728,278962,278962,278916,2026-09-04 17:16:04.206478-04
core,customer,company_pkey,CREATE UNIQUE INDEX company_pkey ON core.customer USING btree (id),True,True,True,True,False,False,1,1,True,f,73728,278962,278962,278916,2026-09-04 17:16:04.206478-04
core,customer,company_pkey,CREATE UNIQUE INDEX company_pkey ON core.customer USING btree (id),True,True,True,True,False,False,1,1,True,f,73728,278962,278962,278916,2026-09-04 17:16:04.206478-04
plm,coke_asset_detail_value,coke_asset_detail_value_pkey,"CREATE UNIQUE INDEX coke_asset_detail_value_pkey ON plm.coke_asset_detail_value USING btree (capture_id, asset_id, ordinal)",True,True,True,True,False,False,3,3,True,p,73728,0,0,0,
plm,coke_tag,coke_tag_pkey,"CREATE UNIQUE INDEX coke_tag_pkey ON plm.coke_tag USING btree (capture_id, tag_key)",True,True,True,True,False,False,2,2,True,p,73728,0,0,0,
plm,sega_character_candidate,sega_character_candidate_normalized_uk,"CREATE UNIQUE INDEX sega_character_candidate_normalized_uk ON plm.sega_character_candidate USING btree (capture_id, normalized_candidate_label, inference_method)",True,False,True,True,False,False,3,3,True,u,73728,0,0,0,
plm,coke_tag,coke_tag_pkey,"CREATE UNIQUE INDEX coke_tag_pkey ON plm.coke_tag USING btree (capture_id, tag_key)",True,True,True,True,False,False,2,2,True,f,73728,0,0,0,
auth,refresh_tokens,refresh_tokens_session_id_revoked_idx,"CREATE INDEX refresh_tokens_session_id_revoked_idx ON auth.refresh_tokens USING btree (session_id, revoked)",False,False,True,True,False,False,2,2,False,,73728,11,262,86,2026-09-03 16:00:21.671748-04
core,customer,company_pkey,CREATE UNIQUE INDEX company_pkey ON core.customer USING btree (id),True,True,True,True,False,False,1,1,True,f,73728,278962,278962,278916,2026-09-04 17:16:04.206478-04
core,customer,company_pkey,CREATE UNIQUE INDEX company_pkey ON core.customer USING btree (id),True,True,True,True,False,False,1,1,True,f,73728,278962,278962,278916,2026-09-04 17:16:04.206478-04
core,customer,company_pkey,CREATE UNIQUE INDEX company_pkey ON core.customer USING btree (id),True,True,True,True,False,False,1,1,True,f,73728,278962,278962,278916,2026-09-04 17:16:04.206478-04
core,customer,company_pkey,CREATE UNIQUE INDEX company_pkey ON core.customer USING btree (id),True,True,True,True,False,False,1,1,True,f,73728,278962,278962,278916,2026-09-04 17:16:04.206478-04
core,customer,company_pkey,CREATE UNIQUE INDEX company_pkey ON core.customer USING btree (id),True,True,True,True,False,False,1,1,True,f,73728,278962,278962,278916,2026-09-04 17:16:04.206478-04
core,customer,company_pkey,CREATE UNIQUE INDEX company_pkey ON core.customer USING btree (id),True,True,True,True,False,False,1,1,True,f,73728,278962,278962,278916,2026-09-04 17:16:04.206478-04
core,customer,company_pkey,CREATE UNIQUE INDEX company_pkey ON core.customer USING btree (id),True,True,True,True,False,False,1,1,True,f,73728,278962,278962,278916,2026-09-04 17:16:04.206478-04
core,customer,company_pkey,CREATE UNIQUE INDEX company_pkey ON core.customer USING btree (id),True,True,True,True,False,False,1,1,True,f,73728,278962,278962,278916,2026-09-04 17:16:04.206478-04
core,customer,company_pkey,CREATE UNIQUE INDEX company_pkey ON core.customer USING btree (id),True,True,True,True,False,False,1,1,True,f,73728,278962,278962,278916,2026-09-04 17:16:04.206478-04
core,customer,company_pkey,CREATE UNIQUE INDEX company_pkey ON core.customer USING btree (id),True,True,True,True,False,False,1,1,True,f,73728,278962,278962,278916,2026-09-04 17:16:04.206478-04
core,customer,company_pkey,CREATE UNIQUE INDEX company_pkey ON core.customer USING btree (id),True,True,True,True,False,False,1,1,True,f,73728,278962,278962,278916,2026-09-04 17:16:04.206478-04
core,customer,company_pkey,CREATE UNIQUE INDEX company_pkey ON core.customer USING btree (id),True,True,True,True,False,False,1,1,True,f,73728,278962,278962,278916,2026-09-04 17:16:04.206478-04
plm,art_piece_attachment,art_piece_attachment_pkey,CREATE UNIQUE INDEX art_piece_attachment_pkey ON plm.art_piece_attachment USING btree (id),True,True,True,True,False,False,1,1,True,p,73728,0,0,0,
plm,wildbrain_asset,idx_wildbrain_asset_creative_group,"CREATE INDEX idx_wildbrain_asset_creative_group ON plm.wildbrain_asset USING btree (capture_id, creative_group_source_id) WHERE (creative_group_source_id IS NOT NULL)",False,False,True,True,True,False,2,2,False,,73728,0,0,0,
plm,dcp_style_guide,idx_dcp_style_guide_region_year,"CREATE INDEX idx_dcp_style_guide_region_year ON plm.dcp_style_guide USING btree (region, year_segment)",False,False,True,True,False,False,2,2,False,,65536,1,3188,1017,2026-08-29 21:39:34.004924-04
plm,wildbrain_asset,idx_wildbrain_asset_nature,"CREATE INDEX idx_wildbrain_asset_nature ON plm.wildbrain_asset USING btree (capture_id, asset_nature_source_id) WHERE (asset_nature_source_id IS NOT NULL)",False,False,True,True,True,False,2,2,False,,65536,0,0,0,
plm,wildbrain_asset,idx_wildbrain_asset_category,"CREATE INDEX idx_wildbrain_asset_category ON plm.wildbrain_asset USING btree (capture_id, asset_category_source_id) WHERE (asset_category_source_id IS NOT NULL)",False,False,True,True,True,False,2,2,False,,65536,0,0,0,
core,merchGroupMaster,merchGroupMaster_pkey,"CREATE UNIQUE INDEX ""merchGroupMaster_pkey"" ON core.""merchGroupMaster"" USING btree (mg_id)",True,True,True,True,False,False,1,1,True,f,65536,2,4034,0,2026-09-02 15:56:11.935714-04
core,merchGroupMaster,merchGroupMaster_pkey,"CREATE UNIQUE INDEX ""merchGroupMaster_pkey"" ON core.""merchGroupMaster"" USING btree (mg_id)",True,True,True,True,False,False,1,1,True,f,65536,2,4034,0,2026-09-02 15:56:11.935714-04
dflow,RFQItem,idx_rfqitem_step,"CREATE INDEX idx_rfqitem_step ON dflow.""RFQItem"" USING btree (""rfqItem_step"")",False,False,True,True,False,False,1,1,False,,65536,1,6712,429,2026-09-02 15:56:11.935714-04
dflow,merchGroupMaster,merchGroupMaster_pkey,"CREATE UNIQUE INDEX ""merchGroupMaster_pkey"" ON dflow.""merchGroupMaster"" USING btree (mg_id)",True,True,True,True,False,False,1,1,True,f,65536,1,2017,0,2026-09-02 15:56:11.935714-04
dflow,merchGroupMaster,merchGroupMaster_pkey,"CREATE UNIQUE INDEX ""merchGroupMaster_pkey"" ON dflow.""merchGroupMaster"" USING btree (mg_id)",True,True,True,True,False,False,1,1,True,f,65536,1,2017,0,2026-09-02 15:56:11.935714-04
dflow,merchGroupMaster,merchGroupMaster_pkey,"CREATE UNIQUE INDEX ""merchGroupMaster_pkey"" ON dflow.""merchGroupMaster"" USING btree (mg_id)",True,True,True,True,False,False,1,1,True,f,65536,1,2017,0,2026-09-02 15:56:11.935714-04
dflow,RFQItem,idx_rfqitem_divcode,"CREATE INDEX idx_rfqitem_divcode ON dflow.""RFQItem"" USING btree (""rfqItem_divCode_id_fk"")",False,False,True,True,False,False,1,1,False,,65536,0,0,0,
core,customer,core_customer_display_name_trgm_idx,CREATE INDEX core_customer_display_name_trgm_idx ON core.customer USING gin (lower(display_name) extensions.gin_trgm_ops),False,False,True,True,False,True,1,1,False,,65536,0,0,0,
plm,lucasfilm_dcp_style_guide,idx_lucasfilm_dcp_style_guide_folder_name,CREATE INDEX idx_lucasfilm_dcp_style_guide_folder_name ON plm.lucasfilm_dcp_style_guide USING btree (folder_name),False,False,True,True,False,False,1,1,False,,65536,0,0,0,
dflow,RFQItem,idx_rfqitem_delivery_loc,"CREATE INDEX idx_rfqitem_delivery_loc ON dflow.""RFQItem"" USING btree (""rfqItem_delivery_loc"")",False,False,True,True,False,False,1,1,False,,65536,0,0,0,
dflow,RFQItem,idx_rfqitem_choosen_vendor,"CREATE INDEX idx_rfqitem_choosen_vendor ON dflow.""RFQItem"" USING btree (""rfqItem_choosen_vendor"")",False,False,True,True,False,False,1,1,False,,65536,8,8,4,2026-09-02 13:56:33.661829-04
plm,creative_submission_property_resolution_member,creative_submission_property_resolution_member_submission_idx,"CREATE INDEX creative_submission_property_resolution_member_submission_idx ON plm.creative_submission_property_resolution_member USING btree (submission_source_system, submission_source_table, submission_source_id, resolution_id)",False,False,True,True,False,False,4,4,False,,65536,0,0,0,
core,taxonomy_source_ref,taxonomy_source_ref_source_system_source_table_source_id_key,"CREATE UNIQUE INDEX taxonomy_source_ref_source_system_source_table_source_id_key ON core.taxonomy_source_ref USING btree (source_system, source_table, source_id)",True,False,True,True,False,False,3,3,True,u,65536,43,1205,797,2026-09-03 08:05:47.183244-04
core,merchGroupRelations,uniq_grand_parent_parent_child,"CREATE UNIQUE INDEX uniq_grand_parent_parent_child ON core.""merchGroupRelations"" USING btree (grand_parent_mg_id, parent_mg_id, child_mg_id)",True,False,True,True,False,False,3,3,False,,65536,0,0,0,
core,merchGroupMaster,merchGroupMaster_pkey,"CREATE UNIQUE INDEX ""merchGroupMaster_pkey"" ON core.""merchGroupMaster"" USING btree (mg_id)",True,True,True,True,False,False,1,1,True,f,65536,2,4034,0,2026-09-02 15:56:11.935714-04
plm,art_piece_attachment,art_piece_attachment_art_piece_id_fkey,CREATE INDEX art_piece_attachment_art_piece_id_fkey ON plm.art_piece_attachment USING btree (art_piece_id),False,False,True,True,False,False,1,1,False,,65536,0,0,0,
dflow,merchGroupMaster,merchGroupMaster_pkey,"CREATE UNIQUE INDEX ""merchGroupMaster_pkey"" ON dflow.""merchGroupMaster"" USING btree (mg_id)",True,True,True,True,False,False,1,1,True,p,65536,1,2017,0,2026-09-02 15:56:11.935714-04
plm,lucasfilm_dcp_character,lucasfilm_dcp_character_unique,"CREATE UNIQUE INDEX lucasfilm_dcp_character_unique ON plm.lucasfilm_dcp_character USING btree (source_system, source_id)",True,False,True,True,False,False,2,2,True,u,65536,0,0,0,
dflow,RFQItem,idx_rfqitem_customer,"CREATE INDEX idx_rfqitem_customer ON dflow.""RFQItem"" USING btree (""rfqItem_customer"")",False,False,True,True,False,False,1,1,False,,65536,8,8,0,2026-09-02 13:56:33.661829-04
plm,coke_vocabulary_value,coke_vocabulary_value_pkey,"CREATE UNIQUE INDEX coke_vocabulary_value_pkey ON plm.coke_vocabulary_value USING btree (capture_id, vocabulary_kind, value_key)",True,True,True,True,False,False,3,3,True,f,65536,0,0,0,
plm,coke_vocabulary_value,coke_vocabulary_value_pkey,"CREATE UNIQUE INDEX coke_vocabulary_value_pkey ON plm.coke_vocabulary_value USING btree (capture_id, vocabulary_kind, value_key)",True,True,True,True,False,False,3,3,True,f,65536,0,0,0,
plm,peanuts_style_guide,peanuts_style_guide_pkey,"CREATE UNIQUE INDEX peanuts_style_guide_pkey ON plm.peanuts_style_guide USING btree (capture_id, value_key)",True,True,True,True,False,False,2,2,True,f,65536,0,0,0,
plm,coke_vocabulary_value,coke_vocabulary_value_pkey,"CREATE UNIQUE INDEX coke_vocabulary_value_pkey ON plm.coke_vocabulary_value USING btree (capture_id, vocabulary_kind, value_key)",True,True,True,True,False,False,3,3,True,p,65536,0,0,0,
dflow,item_character_associations,item_character_associations_pkey,CREATE UNIQUE INDEX item_character_associations_pkey ON dflow.item_character_associations USING btree (id),True,True,True,True,False,False,1,1,True,p,65536,0,0,0,
dflow,item_character_associations,item_character_associations_item_header_id_key,CREATE UNIQUE INDEX item_character_associations_item_header_id_key ON dflow.item_character_associations USING btree (item_header_id),True,False,True,True,False,False,1,1,True,u,65536,0,0,0,
dflow,merchGroupRelations,uniq_grand_parent_parent_child,"CREATE UNIQUE INDEX uniq_grand_parent_parent_child ON dflow.""merchGroupRelations"" USING btree (grand_parent_mg_id, parent_mg_id, child_mg_id)",True,False,True,True,False,False,3,3,False,,65536,0,0,0,
plm,peanuts_asset_animation_title,peanuts_asset_animation_title_pkey,"CREATE UNIQUE INDEX peanuts_asset_animation_title_pkey ON plm.peanuts_asset_animation_title USING btree (capture_id, source_object_id, animation_title_key)",True,True,True,True,False,False,3,3,True,p,65536,0,0,0,
dflow,RFQItem,idx_rfqitem_container,"CREATE INDEX idx_rfqitem_container ON dflow.""RFQItem"" USING btree (rfq_container_id_fk)",False,False,True,True,False,False,1,1,False,,65536,0,0,0,
plm,peanuts_style_guide,peanuts_style_guide_pkey,"CREATE UNIQUE INDEX peanuts_style_guide_pkey ON plm.peanuts_style_guide USING btree (capture_id, value_key)",True,True,True,True,False,False,2,2,True,f,65536,0,0,0,
plm,peanuts_style_guide,peanuts_style_guide_pkey,"CREATE UNIQUE INDEX peanuts_style_guide_pkey ON plm.peanuts_style_guide USING btree (capture_id, value_key)",True,True,True,True,False,False,2,2,True,f,65536,0,0,0,
core,merchGroupMaster,merchGroupMaster_pkey,"CREATE UNIQUE INDEX ""merchGroupMaster_pkey"" ON core.""merchGroupMaster"" USING btree (mg_id)",True,True,True,True,False,False,1,1,True,p,65536,2,4034,0,2026-09-02 15:56:11.935714-04
plm,peanuts_style_guide,peanuts_style_guide_pkey,"CREATE UNIQUE INDEX peanuts_style_guide_pkey ON plm.peanuts_style_guide USING btree (capture_id, value_key)",True,True,True,True,False,False,2,2,True,p,65536,0,0,0,
dflow,art_piece_attachment,art_piece_attachment_pkey,CREATE UNIQUE INDEX art_piece_attachment_pkey ON dflow.art_piece_attachment USING btree (id),True,True,True,True,False,False,1,1,True,p,65536,0,0,0,
crm,ingested_domain,ingested_domain_domain_key,CREATE UNIQUE INDEX ingested_domain_domain_key ON crm.ingested_domain USING btree (domain),True,False,True,True,False,False,1,1,True,u,57344,3118,3112,3112,2026-09-04 02:10:38.246458-04
plm,GridLayout,RFQLayout_pkey,"CREATE UNIQUE INDEX ""RFQLayout_pkey"" ON plm.""GridLayout"" USING btree (id)",True,True,True,True,False,False,1,1,True,p,57344,0,0,0,
plm,RFQItem,idx_rfqItem_copied_from_id,"CREATE INDEX ""idx_rfqItem_copied_from_id"" ON plm.""RFQItem"" USING btree (""rfqItem_copied_from_id"") WHERE (""rfqItem_copied_from_id"" IS NOT NULL)",False,False,True,True,True,False,1,1,False,,57344,0,0,0,
core,factory,factory_pkey,CREATE UNIQUE INDEX factory_pkey ON core.factory USING btree (id),True,True,True,True,False,False,1,1,True,f,57344,115,115,115,2026-09-04 17:16:04.206478-04
plm,opa_property,opa_property_pkey,CREATE UNIQUE INDEX opa_property_pkey ON plm.opa_property USING btree (licensed_property_id),True,True,True,True,False,False,1,1,True,f,57344,346,9516,1057,2026-09-03 16:11:32.73578-04
plm,dcp_opa_property_resolution,dcp_opa_property_resolution_id_identity_key,"CREATE UNIQUE INDEX dcp_opa_property_resolution_id_identity_key ON plm.dcp_opa_property_resolution USING btree (resolution_id, source_system, source_table, source_property_id)",True,False,True,True,False,False,4,4,True,f,57344,0,0,0,
plm,dcp_opa_property_resolution,dcp_opa_property_resolution_id_identity_key,"CREATE UNIQUE INDEX dcp_opa_property_resolution_id_identity_key ON plm.dcp_opa_property_resolution USING btree (resolution_id, source_system, source_table, source_property_id)",True,False,True,True,False,False,4,4,True,u,57344,0,0,0,
plm,dcp_opa_property_resolution,dcp_opa_property_resolution_identity_version_key,"CREATE UNIQUE INDEX dcp_opa_property_resolution_identity_version_key ON plm.dcp_opa_property_resolution USING btree (source_system, source_table, source_property_id, decision_version)",True,False,True,True,False,False,4,4,True,u,57344,78813,16385,16385,2026-09-02 22:19:08.257095-04
plm,marvel_dcp_metadata_asset,idx_marvel_dcp_metadata_asset_asset,CREATE INDEX idx_marvel_dcp_metadata_asset_asset ON plm.marvel_dcp_metadata_asset USING btree (marvel_dcp_asset_id),False,False,True,True,False,False,1,1,False,,57344,0,0,0,
plm,sega_property_licensor,idx_sega_property_licensor_property,"CREATE INDEX idx_sega_property_licensor_property ON plm.sega_property_licensor USING btree (capture_id, property_source_id)",False,False,True,True,False,False,2,2,False,,57344,440,788,788,2026-08-30 14:06:31.931246-04
designflow_frozen_20260710,art_piece,art_piece_art_number_key,CREATE UNIQUE INDEX art_piece_art_number_key ON designflow_frozen_20260710.art_piece USING btree (art_number),True,False,True,True,False,False,1,1,True,u,57344,0,0,0,
dflow,GridLayout,GridLayout_pkey,"CREATE UNIQUE INDEX ""GridLayout_pkey"" ON dflow.""GridLayout"" USING btree (id)",True,False,True,True,False,False,1,1,False,,57344,1,1598,135,2026-09-02 15:56:11.935714-04
plm,sega_property_licensor,sega_property_licensor_pkey,"CREATE UNIQUE INDEX sega_property_licensor_pkey ON plm.sega_property_licensor USING btree (capture_id, property_source_id, licensor_ordinal)",True,True,True,True,False,False,3,3,True,p,57344,0,0,0,
plm,lucasfilm_dcp_style_guide,lucasfilm_dcp_style_guide_pkey,CREATE UNIQUE INDEX lucasfilm_dcp_style_guide_pkey ON plm.lucasfilm_dcp_style_guide USING btree (id),True,True,True,True,False,False,1,1,True,p,57344,130098,135006,134858,2026-09-02 22:13:22.799009-04
plm,creative_submission_property_resolution,creative_submission_property_resolution_pkey,CREATE UNIQUE INDEX creative_submission_property_resolution_pkey ON plm.creative_submission_property_resolution USING btree (resolution_id),True,True,True,True,False,False,1,1,True,f,57344,1705,2852,1704,2026-09-02 13:11:33.425848-04
plm,creative_submission_property_resolution,creative_submission_property_resolution_pkey,CREATE UNIQUE INDEX creative_submission_property_resolution_pkey ON plm.creative_submission_property_resolution USING btree (resolution_id),True,True,True,True,False,False,1,1,True,f,57344,1705,2852,1704,2026-09-02 13:11:33.425848-04
crm,ingested_domain,ingested_domain_pkey,CREATE UNIQUE INDEX ingested_domain_pkey ON crm.ingested_domain USING btree (id),True,True,True,True,False,False,1,1,True,p,57344,0,0,0,
plm,creative_submission_property_resolution,creative_submission_property_resolution_pkey,CREATE UNIQUE INDEX creative_submission_property_resolution_pkey ON plm.creative_submission_property_resolution USING btree (resolution_id),True,True,True,True,False,False,1,1,True,p,57344,1705,2852,1704,2026-09-02 13:11:33.425848-04
plm,marvel_dcp_asset_tile_observation,marvel_dcp_asset_tile_observation_pkey,"CREATE UNIQUE INDEX marvel_dcp_asset_tile_observation_pkey ON plm.marvel_dcp_asset_tile_observation USING btree (crawl_id, marvel_dcp_asset_id, portal_tile_id, listing_kind)",True,True,True,True,False,False,4,4,True,p,57344,0,0,0,
core,factory,factory_pkey,CREATE UNIQUE INDEX factory_pkey ON core.factory USING btree (id),True,True,True,True,False,False,1,1,True,f,57344,115,115,115,2026-09-04 17:16:04.206478-04
plm,wb_character_normalized,idx_wb_character_normalized_lifecycle_status,"CREATE INDEX idx_wb_character_normalized_lifecycle_status ON plm.wb_character_normalized USING btree (status, last_seen_at)",False,False,True,True,False,False,2,2,False,,57344,0,0,0,
core,factory,factory_pkey,CREATE UNIQUE INDEX factory_pkey ON core.factory USING btree (id),True,True,True,True,False,False,1,1,True,f,57344,115,115,115,2026-09-04 17:16:04.206478-04
core,factory,factory_pkey,CREATE UNIQUE INDEX factory_pkey ON core.factory USING btree (id),True,True,True,True,False,False,1,1,True,p,57344,115,115,115,2026-09-04 17:16:04.206478-04
public,ai_tag_bakeoff_results,ai_tag_bakeoff_results_pkey,CREATE UNIQUE INDEX ai_tag_bakeoff_results_pkey ON public.ai_tag_bakeoff_results USING btree (id),True,True,True,True,False,False,1,1,True,p,57344,0,0,0,
public,sku_files_used,sku_files_used_pkey,CREATE UNIQUE INDEX sku_files_used_pkey ON public.sku_files_used USING btree (id),True,True,True,True,False,False,1,1,True,p,57344,609,609,609,2026-09-04 00:00:20.491838-04
core,factory,factory_pkey,CREATE UNIQUE INDEX factory_pkey ON core.factory USING btree (id),True,True,True,True,False,False,1,1,True,f,57344,115,115,115,2026-09-04 17:16:04.206478-04
dflow,art_piece_attachment,art_piece_attachment_art_piece_id_fkey,CREATE INDEX art_piece_attachment_art_piece_id_fkey ON dflow.art_piece_attachment USING btree (art_piece_id),False,False,True,True,False,False,1,1,False,,57344,14,4024,0,2026-09-02 08:22:49.6031-04
plm,opa_property,opa_property_pkey,CREATE UNIQUE INDEX opa_property_pkey ON plm.opa_property USING btree (licensed_property_id),True,True,True,True,False,False,1,1,True,f,57344,346,9516,1057,2026-09-03 16:11:32.73578-04
core,factory,factory_pkey,CREATE UNIQUE INDEX factory_pkey ON core.factory USING btree (id),True,True,True,True,False,False,1,1,True,f,57344,115,115,115,2026-09-04 17:16:04.206478-04
plm,marvel_dcp_asset_crawl,marvel_dcp_asset_crawl_pkey,"CREATE UNIQUE INDEX marvel_dcp_asset_crawl_pkey ON plm.marvel_dcp_asset_crawl USING btree (crawl_id, marvel_dcp_asset_id)",True,True,True,True,False,False,2,2,True,p,57344,0,0,0,
plm,opa_property,opa_property_pkey,CREATE UNIQUE INDEX opa_property_pkey ON plm.opa_property USING btree (licensed_property_id),True,True,True,True,False,False,1,1,True,f,57344,346,9516,1057,2026-09-03 16:11:32.73578-04
plm,lucasfilm_dcp_style_guide,lucasfilm_dcp_style_guide_pkey,CREATE UNIQUE INDEX lucasfilm_dcp_style_guide_pkey ON plm.lucasfilm_dcp_style_guide USING btree (id),True,True,True,True,False,False,1,1,True,f,57344,130098,135006,134858,2026-09-02 22:13:22.799009-04
plm,marvel_dcp_asset_term_observation,idx_marvel_dcp_asset_term_obs_term,CREATE INDEX idx_marvel_dcp_asset_term_obs_term ON plm.marvel_dcp_asset_term_observation USING btree (marvel_dcp_term_id),False,False,True,True,False,False,1,1,False,,57344,0,0,0,
dflow,GridLayout,RFQLayout_pkey,"CREATE UNIQUE INDEX ""RFQLayout_pkey"" ON dflow.""GridLayout"" USING btree (id)",True,True,True,True,False,False,1,1,True,p,57344,0,0,0,
plm,wwe_asset_folder,idx_wwe_asset_folder_parent,"CREATE INDEX idx_wwe_asset_folder_parent ON plm.wwe_asset_folder USING btree (capture_id, parent_folder_source_id)",False,False,True,True,False,False,2,2,False,,57344,0,0,0,
core,factory,factory_pkey,CREATE UNIQUE INDEX factory_pkey ON core.factory USING btree (id),True,True,True,True,False,False,1,1,True,f,57344,115,115,115,2026-09-04 17:16:04.206478-04
core,factory,factory_pkey,CREATE UNIQUE INDEX factory_pkey ON core.factory USING btree (id),True,True,True,True,False,False,1,1,True,f,57344,115,115,115,2026-09-04 17:16:04.206478-04
public,sku_files_used,sku_files_used_style_guide_file_id_idx,CREATE INDEX sku_files_used_style_guide_file_id_idx ON public.sku_files_used USING btree (style_guide_file_id) WHERE (style_guide_file_id IS NOT NULL),False,False,True,True,True,False,1,1,False,,57344,0,0,0,
public,sku_files_used,sku_files_used_sku_idx,CREATE INDEX sku_files_used_sku_idx ON public.sku_files_used USING btree (sku),False,False,True,True,False,False,1,1,False,,57344,0,0,0,
core,factory,factory_pkey,CREATE UNIQUE INDEX factory_pkey ON core.factory USING btree (id),True,True,True,True,False,False,1,1,True,f,57344,115,115,115,2026-09-04 17:16:04.206478-04
plm,wildbrain_asset,idx_wildbrain_asset_era,"CREATE INDEX idx_wildbrain_asset_era ON plm.wildbrain_asset USING btree (capture_id, era_source_id)",False,False,True,True,False,False,2,2,False,,57344,0,0,0,
public,style_groups,style_groups_customer_id_idx,CREATE INDEX style_groups_customer_id_idx ON public.style_groups USING btree (customer_id) WHERE (customer_id IS NOT NULL),False,False,True,True,True,False,1,1,False,,57344,52,0,0,2026-09-04 17:02:56.623031-04
core,factory,factory_pkey,CREATE UNIQUE INDEX factory_pkey ON core.factory USING btree (id),True,True,True,True,False,False,1,1,True,f,57344,115,115,115,2026-09-04 17:16:04.206478-04
plm,erp_customer,erp_customer_pkey,CREATE UNIQUE INDEX erp_customer_pkey ON plm.erp_customer USING btree (customer_code),True,True,True,True,False,False,1,1,True,p,57344,0,0,0,
core,factory,factory_pkey,CREATE UNIQUE INDEX factory_pkey ON core.factory USING btree (id),True,True,True,True,False,False,1,1,True,f,57344,115,115,115,2026-09-04 17:16:04.206478-04
plm,erp_vendor,plm_erp_vendor_factory_idx,CREATE INDEX plm_erp_vendor_factory_idx ON plm.erp_vendor USING btree (factory_id),False,False,True,True,False,False,1,1,False,,57344,91,94,94,2026-08-30 14:06:47.853452-04
plm,dcp_property,dcp_property_unique,"CREATE UNIQUE INDEX dcp_property_unique ON plm.dcp_property USING btree (source_system, source_id)",True,False,True,True,False,False,2,2,True,u,57344,8574,9957,8296,2026-09-02 22:19:08.257095-04
plm,GridLayout,GridLayout_pkey,"CREATE UNIQUE INDEX ""GridLayout_pkey"" ON plm.""GridLayout"" USING btree (id)",True,False,True,True,False,False,1,1,False,,57344,0,0,0,
plm,marvel_dcp_asset_crawl,marvel_dcp_asset_crawl_pkey,"CREATE UNIQUE INDEX marvel_dcp_asset_crawl_pkey ON plm.marvel_dcp_asset_crawl USING btree (crawl_id, marvel_dcp_asset_id)",True,True,True,True,False,False,2,2,True,f,57344,0,0,0,
core,product_size_source_ref,product_size_source_ref_pkey,CREATE UNIQUE INDEX product_size_source_ref_pkey ON core.product_size_source_ref USING btree (id),True,True,True,True,False,False,1,1,True,p,57344,0,0,0,
plm,opa_property,opa_property_pkey,CREATE UNIQUE INDEX opa_property_pkey ON plm.opa_property USING btree (licensed_property_id),True,True,True,True,False,False,1,1,True,f,57344,346,9516,1057,2026-09-03 16:11:32.73578-04
core,factory,factory_pkey,CREATE UNIQUE INDEX factory_pkey ON core.factory USING btree (id),True,True,True,True,False,False,1,1,True,f,57344,115,115,115,2026-09-04 17:16:04.206478-04
plm,opa_property,opa_property_pkey,CREATE UNIQUE INDEX opa_property_pkey ON plm.opa_property USING btree (licensed_property_id),True,True,True,True,False,False,1,1,True,p,57344,346,9516,1057,2026-09-03 16:11:32.73578-04
core,factory,factory_pkey,CREATE UNIQUE INDEX factory_pkey ON core.factory USING btree (id),True,True,True,True,False,False,1,1,True,f,57344,115,115,115,2026-09-04 17:16:04.206478-04
dflow,art_piece,art_piece_art_number_key,CREATE UNIQUE INDEX art_piece_art_number_key ON dflow.art_piece USING btree (art_number),True,False,True,True,False,False,1,1,True,u,57344,0,0,0,
core,product_size_source_ref,product_size_source_ref_unique,"CREATE UNIQUE INDEX product_size_source_ref_unique ON core.product_size_source_ref USING btree (source_system, source_table, source_id)",True,False,True,True,False,False,3,3,True,u,57344,0,0,0,
core,taxonomy_source_ref,taxonomy_source_ref_pkey,CREATE UNIQUE INDEX taxonomy_source_ref_pkey ON core.taxonomy_source_ref USING btree (id),True,True,True,True,False,False,1,1,True,p,57344,5,2659,816,2026-09-03 08:04:19.222065-04
plm,opa_property,opa_property_pkey,CREATE UNIQUE INDEX opa_property_pkey ON plm.opa_property USING btree (licensed_property_id),True,True,True,True,False,False,1,1,True,f,57344,346,9516,1057,2026-09-03 16:11:32.73578-04
core,factory,factory_pkey,CREATE UNIQUE INDEX factory_pkey ON core.factory USING btree (id),True,True,True,True,False,False,1,1,True,f,57344,115,115,115,2026-09-04 17:16:04.206478-04
plm,wb_property,uq_wb_property_source,"CREATE UNIQUE INDEX uq_wb_property_source ON plm.wb_property USING btree (source_namespace, source_id) WHERE (source_id IS NOT NULL)",True,False,True,True,True,False,2,2,False,,49152,3372,3373,3371,2026-09-02 18:27:40.841564-04
dflow,merchGroupRelations,merchGroupRelations_pkey,"CREATE UNIQUE INDEX ""merchGroupRelations_pkey"" ON dflow.""merchGroupRelations"" USING btree (id)",True,True,True,True,False,False,1,1,True,p,49152,0,0,0,
pim,product,pim_product_project_id_idx,CREATE INDEX pim_product_project_id_idx ON pim.product USING btree (project_id) WHERE (project_id IS NOT NULL),False,False,True,True,True,False,1,1,False,,49152,3,10257,10257,2026-09-03 16:01:28.769532-04
plm,nbcu_property_character,nbcu_property_character_pkey,"CREATE UNIQUE INDEX nbcu_property_character_pkey ON plm.nbcu_property_character USING btree (capture_id, property_key, character_key)",True,True,True,True,False,False,3,3,True,p,49152,0,0,0,
plm,production_order,production_order_status_idx,CREATE INDEX production_order_status_idx ON plm.production_order USING btree (status),False,False,True,True,False,False,1,1,False,,49152,0,0,0,
plm,coke_asset,coke_asset_pkey,"CREATE UNIQUE INDEX coke_asset_pkey ON plm.coke_asset USING btree (capture_id, asset_id)",True,True,True,True,False,False,2,2,True,f,49152,0,0,0,
core,product_size,product_size_status_division_label_idx,"CREATE INDEX product_size_status_division_label_idx ON core.product_size USING btree (status, division_code, label)",False,False,True,True,False,False,3,3,False,,49152,0,0,0,
plm,erp_customer,plm_erp_customer_active_idx,CREATE INDEX plm_erp_customer_active_idx ON plm.erp_customer USING btree (active),False,False,True,True,False,False,1,1,False,,49152,0,0,0,
plm,lucasfilm_dcp_metadata_chunk_ledger,lucasfilm_dcp_metadata_chunk_ledger_pkey,"CREATE UNIQUE INDEX lucasfilm_dcp_metadata_chunk_ledger_pkey ON plm.lucasfilm_dcp_metadata_chunk_ledger USING btree (metadata_run_id, chunk_number)",True,True,True,True,False,False,2,2,True,p,49152,0,0,0,
plm,nbcu_property,nbcu_property_pkey,"CREATE UNIQUE INDEX nbcu_property_pkey ON plm.nbcu_property USING btree (capture_id, property_key)",True,True,True,True,False,False,2,2,True,p,49152,0,0,0,
dflow,dflow.properties_and_characters,unique_property_entity,"CREATE UNIQUE INDEX unique_property_entity ON dflow.properties_and_characters USING btree (licensor_id, source_licensed_property_id) WHERE ((type)::text = 'PROPERTY'::text)",True,False,True,True,True,False,2,2,False,,49152,0,0,0,
core,merchGroupRelations,merchGroupRelations_pkey,"CREATE UNIQUE INDEX ""merchGroupRelations_pkey"" ON core.""merchGroupRelations"" USING btree (id)",True,True,True,True,False,False,1,1,True,p,49152,0,0,0,
dflow,merchGroupRelations,idx_relations_child,"CREATE INDEX idx_relations_child ON dflow.""merchGroupRelations"" USING btree (child_mg_id)",False,False,True,True,False,False,1,1,False,,49152,0,0,0,
core,factory_source_ref,factory_source_ref_pkey,CREATE UNIQUE INDEX factory_source_ref_pkey ON core.factory_source_ref USING btree (id),True,True,True,True,False,False,1,1,True,p,49152,0,0,0,
temp_status_watch,status_snapshot,status_snapshot_pkey,"CREATE UNIQUE INDEX status_snapshot_pkey ON temp_status_watch.status_snapshot USING btree (snapshot_label, entity_type, entity_id)",True,True,True,True,False,False,3,3,True,p,49152,0,0,0,
auth,refresh_tokens,refresh_tokens_instance_id_idx,CREATE INDEX refresh_tokens_instance_id_idx ON auth.refresh_tokens USING btree (instance_id),False,False,True,True,False,False,1,1,False,,49152,0,0,0,
public,product_category_predictions,idx_pcp_status,CREATE INDEX idx_pcp_status ON public.product_category_predictions USING btree (status),False,False,True,True,False,False,1,1,False,,49152,0,0,0,
plm,coke_asset,coke_asset_pkey,"CREATE UNIQUE INDEX coke_asset_pkey ON plm.coke_asset USING btree (capture_id, asset_id)",True,True,True,True,False,False,2,2,True,f,49152,0,0,0,
plm,production_order,production_order_source_system_source_id_key,"CREATE UNIQUE INDEX production_order_source_system_source_id_key ON plm.production_order USING btree (source_system, source_id)",True,False,True,True,False,False,2,2,True,u,49152,0,0,0,
public,ai_tag_bakeoff_results,idx_ai_tag_bakeoff_results_run_asset,"CREATE INDEX idx_ai_tag_bakeoff_results_run_asset ON public.ai_tag_bakeoff_results USING btree (run_id, asset_id)",False,False,True,True,False,False,2,2,False,,49152,0,0,0,
plm,marvel_dcp_asset_term_observation,idx_marvel_dcp_asset_term_obs_run,CREATE INDEX idx_marvel_dcp_asset_term_obs_run ON plm.marvel_dcp_asset_term_observation USING btree (metadata_run_id),False,False,True,True,False,False,1,1,False,,49152,0,0,0,
designflow_frozen_20260710,art_piece,art_piece_pkey,CREATE UNIQUE INDEX art_piece_pkey ON designflow_frozen_20260710.art_piece USING btree (id),True,True,True,True,False,False,1,1,True,p,49152,0,0,0,
plm,coke_asset,coke_asset_pkey,"CREATE UNIQUE INDEX coke_asset_pkey ON plm.coke_asset USING btree (capture_id, asset_id)",True,True,True,True,False,False,2,2,True,p,49152,0,0,0,
designflow_frozen_20260710,art_piece,art_piece_pkey,CREATE UNIQUE INDEX art_piece_pkey ON designflow_frozen_20260710.art_piece USING btree (id),True,True,True,True,False,False,1,1,True,f,49152,0,0,0,
core,merchGroupRelations,idx_relations_child,"CREATE INDEX idx_relations_child ON core.""merchGroupRelations"" USING btree (child_mg_id)",False,False,True,True,False,False,1,1,False,,49152,0,0,0,
core,customer,core_company_domain_idx,CREATE INDEX core_company_domain_idx ON core.customer USING btree (domain),False,False,True,True,False,False,1,1,False,,49152,0,0,0,
plm,coke_approval_metadata_value,coke_approval_metadata_field_idx,"CREATE INDEX coke_approval_metadata_field_idx ON plm.coke_approval_metadata_value USING btree (capture_id, field_key)",False,False,True,True,False,False,2,2,False,,49152,0,0,0,
plm,contract_property,contract_property_licensor_identity_uq,"CREATE UNIQUE INDEX contract_property_licensor_identity_uq ON plm.contract_property USING btree (capture_id, exact_property_text)",True,False,True,True,False,False,2,2,False,,49152,28,618,0,2026-08-30 10:13:43.137824-04
plm,nbcu_property,nbcu_property_pkey,"CREATE UNIQUE INDEX nbcu_property_pkey ON plm.nbcu_property USING btree (capture_id, property_key)",True,True,True,True,False,False,2,2,True,f,49152,0,0,0,
plm,nbcu_ip_family_property,nbcu_ip_family_property_pkey,"CREATE UNIQUE INDEX nbcu_ip_family_property_pkey ON plm.nbcu_ip_family_property USING btree (capture_id, ip_family_key, property_key)",True,True,True,True,False,False,3,3,True,p,49152,0,0,0,
plm,nbcu_property,nbcu_property_pkey,"CREATE UNIQUE INDEX nbcu_property_pkey ON plm.nbcu_property USING btree (capture_id, property_key)",True,True,True,True,False,False,2,2,True,f,49152,0,0,0,
plm,marvel_dcp_term,marvel_dcp_term_unique,"CREATE UNIQUE INDEX marvel_dcp_term_unique ON plm.marvel_dcp_term USING btree (source_system, term_kind, source_value)",True,False,True,True,False,False,3,3,True,u,49152,0,0,0,
plm,dcp_property_licensor_resolution,dcp_property_licensor_resolution_pkey,CREATE UNIQUE INDEX dcp_property_licensor_resolution_pkey ON plm.dcp_property_licensor_resolution USING btree (resolution_id),True,True,True,True,False,False,1,1,True,p,49152,1,650,350,2026-08-29 21:39:34.004924-04
plm,nbcu_property,nbcu_property_pkey,"CREATE UNIQUE INDEX nbcu_property_pkey ON plm.nbcu_property USING btree (capture_id, property_key)",True,True,True,True,False,False,2,2,True,f,49152,0,0,0,
plm,nbcu_property,nbcu_property_pkey,"CREATE UNIQUE INDEX nbcu_property_pkey ON plm.nbcu_property USING btree (capture_id, property_key)",True,True,True,True,False,False,2,2,True,f,49152,0,0,0,
plm,nbcu_property,idx_nbcu_property_lower_label,CREATE INDEX idx_nbcu_property_lower_label ON plm.nbcu_property USING btree (lower(property_label)),False,False,True,True,False,True,1,1,False,,40960,0,0,0,
plm,nbcu_property_character,idx_nbcu_property_character_character,"CREATE INDEX idx_nbcu_property_character_character ON plm.nbcu_property_character USING btree (capture_id, character_key)",False,False,True,True,False,False,2,2,False,,40960,0,0,0,
plm,marvel_dcp_asset,marvel_dcp_asset_pkey,CREATE UNIQUE INDEX marvel_dcp_asset_pkey ON plm.marvel_dcp_asset USING btree (id),True,True,True,True,False,False,1,1,True,f,40960,0,0,0,
plm,marvel_dcp_asset,marvel_dcp_asset_pkey,CREATE UNIQUE INDEX marvel_dcp_asset_pkey ON plm.marvel_dcp_asset USING btree (id),True,True,True,True,False,False,1,1,True,f,40960,0,0,0,
core,property,property_pkey,CREATE UNIQUE INDEX property_pkey ON core.property USING btree (id),True,True,True,True,False,False,1,1,True,f,40960,0,0,0,
plm,sega_property,idx_sega_property_source_hash,CREATE INDEX idx_sega_property_source_hash ON plm.sega_property USING btree (source_hash),False,False,True,True,False,False,1,1,False,,40960,0,0,0,
auth,sessions,user_id_created_at_idx,"CREATE INDEX user_id_created_at_idx ON auth.sessions USING btree (user_id, created_at)",False,False,True,True,False,False,2,2,False,,40960,0,0,0,
plm,lucasfilm_dcp_style_guide,idx_lucasfilm_dcp_style_guide_region_year,"CREATE INDEX idx_lucasfilm_dcp_style_guide_region_year ON plm.lucasfilm_dcp_style_guide USING btree (region, year_segment)",False,False,True,True,False,False,2,2,False,,40960,0,0,0,
dflow,RFQItem,idx_rfqItem_copied_from_id,"CREATE INDEX ""idx_rfqItem_copied_from_id"" ON dflow.""RFQItem"" USING btree (""rfqItem_copied_from_id"") WHERE (""rfqItem_copied_from_id"" IS NOT NULL)",False,False,True,True,True,False,1,1,False,,40960,0,0,0,
plm,style_tracker_value_resolution,idx_style_tracker_value_resolution_field_value,"CREATE INDEX idx_style_tracker_value_resolution_field_value ON plm.style_tracker_value_resolution USING btree (field_key, normalized_value)",False,False,True,True,False,False,2,2,False,,40960,0,0,0,
core,customer,core_company_customer_status_idx,CREATE INDEX core_company_customer_status_idx ON core.customer USING btree (customer_status),False,False,True,True,False,False,1,1,False,,40960,9532,1287553,886528,2026-09-04 17:15:03.049913-04
plm,peanuts_asset_holiday,peanuts_asset_holiday_value_idx,"CREATE INDEX peanuts_asset_holiday_value_idx ON plm.peanuts_asset_holiday USING btree (capture_id, holiday_key)",False,False,True,True,False,False,2,2,False,,40960,0,0,0,
core,externalCustomer,externalCustomer_pkey,"CREATE UNIQUE INDEX ""externalCustomer_pkey"" ON core.""externalCustomer"" USING btree (""customerCode"")",True,True,True,True,False,False,1,1,True,p,40960,0,0,0,
plm,vendor_exclusion,vendor_exclusion_pkey,"CREATE UNIQUE INDEX vendor_exclusion_pkey ON plm.vendor_exclusion USING btree (source_system, source_table, source_id)",True,True,True,True,False,False,3,3,True,p,40960,0,0,0,
core,property,property_pkey,CREATE UNIQUE INDEX property_pkey ON core.property USING btree (id),True,True,True,True,False,False,1,1,True,f,40960,0,0,0,
plm,nbcu_style_guide_property,idx_nbcu_style_guide_property_property,"CREATE INDEX idx_nbcu_style_guide_property_property ON plm.nbcu_style_guide_property USING btree (capture_id, property_key)",False,False,True,True,False,False,2,2,False,,40960,0,0,0,
plm,pmt_property,pmt_property_pkey,"CREATE UNIQUE INDEX pmt_property_pkey ON plm.pmt_property USING btree (capture_id, property_source_id)",True,True,True,True,False,False,2,2,True,f,40960,0,0,0,
core,property,property_pkey,CREATE UNIQUE INDEX property_pkey ON core.property USING btree (id),True,True,True,True,False,False,1,1,True,f,40960,0,0,0,
plm,dcp_opa_property_resolution_member,dcp_opa_property_resolution_member_ordinal_key,"CREATE UNIQUE INDEX dcp_opa_property_resolution_member_ordinal_key ON plm.dcp_opa_property_resolution_member USING btree (resolution_id, member_ordinal)",True,False,True,True,False,False,2,2,True,u,40960,688,833,20,2026-09-02 22:19:08.257095-04
plm,dcp_opa_property_resolution_member,dcp_opa_property_resolution_member_pkey,"CREATE UNIQUE INDEX dcp_opa_property_resolution_member_pkey ON plm.dcp_opa_property_resolution_member USING btree (resolution_id, licensed_property_id)",True,True,True,True,False,False,2,2,True,p,40960,0,0,0,
core,property,property_pkey,CREATE UNIQUE INDEX property_pkey ON core.property USING btree (id),True,True,True,True,False,False,1,1,True,f,40960,0,0,0,
plm,marvel_dcp_asset,idx_marvel_dcp_asset_file_name_lower,CREATE INDEX idx_marvel_dcp_asset_file_name_lower ON plm.marvel_dcp_asset USING btree (lower(file_name)),False,False,True,True,False,True,1,1,False,,40960,0,0,0,
plm,contract_property,contract_property_pkey,"CREATE UNIQUE INDEX contract_property_pkey ON plm.contract_property USING btree (capture_id, id)",True,True,True,True,False,False,2,2,True,f,40960,1401,1401,1401,2026-08-30 10:13:35.775493-04
core,property,property_pkey,CREATE UNIQUE INDEX property_pkey ON core.property USING btree (id),True,True,True,True,False,False,1,1,True,f,40960,0,0,0,
plm,contract_property,contract_property_pkey,"CREATE UNIQUE INDEX contract_property_pkey ON plm.contract_property USING btree (capture_id, id)",True,True,True,True,False,False,2,2,True,p,40960,1401,1401,1401,2026-08-30 10:13:35.775493-04
core,property,property_pkey,CREATE UNIQUE INDEX property_pkey ON core.property USING btree (id),True,True,True,True,False,False,1,1,True,f,40960,0,0,0,
plm,lucasfilm_dcp_character,lucasfilm_dcp_character_pkey,CREATE UNIQUE INDEX lucasfilm_dcp_character_pkey ON plm.lucasfilm_dcp_character USING btree (id),True,True,True,True,False,False,1,1,True,p,40960,0,0,0,
core,factory,factory_code_key,CREATE UNIQUE INDEX factory_code_key ON core.factory USING btree (code) NULLS NOT DISTINCT,True,False,True,True,False,False,1,1,True,u,40960,2,186,0,2026-09-02 15:56:11.935714-04
core,property,property_pkey,CREATE UNIQUE INDEX property_pkey ON core.property USING btree (id),True,True,True,True,False,False,1,1,True,f,40960,0,0,0,
plm,nbcu_character,nbcu_character_pkey,"CREATE UNIQUE INDEX nbcu_character_pkey ON plm.nbcu_character USING btree (capture_id, character_key)",True,True,True,True,False,False,2,2,True,f,40960,0,0,0,
plm,contract_property,contract_property_pkey,"CREATE UNIQUE INDEX contract_property_pkey ON plm.contract_property USING btree (capture_id, id)",True,True,True,True,False,False,2,2,True,f,40960,1401,1401,1401,2026-08-30 10:13:35.775493-04
core,factory_source_ref,factory_source_ref_source_system_source_table_source_id_key,"CREATE UNIQUE INDEX factory_source_ref_source_system_source_table_source_id_key ON core.factory_source_ref USING btree (source_system, source_table, source_id)",True,False,True,True,False,False,3,3,True,u,40960,3,208,0,2026-09-02 15:56:11.935714-04
auth,mfa_amr_claims,mfa_amr_claims_session_id_authentication_method_pkey,"CREATE UNIQUE INDEX mfa_amr_claims_session_id_authentication_method_pkey ON auth.mfa_amr_claims USING btree (session_id, authentication_method)",True,False,True,True,False,False,2,2,True,u,40960,15013,14965,14965,2026-09-04 17:22:29.369229-04
core,property,property_pkey,CREATE UNIQUE INDEX property_pkey ON core.property USING btree (id),True,True,True,True,False,False,1,1,True,f,40960,0,0,0,
core,property,property_pkey,CREATE UNIQUE INDEX property_pkey ON core.property USING btree (id),True,True,True,True,False,False,1,1,True,f,40960,0,0,0,
plm,marvel_asgard_term,marvel_asgard_term_source_identity_key_key,CREATE UNIQUE INDEX marvel_asgard_term_source_identity_key_key ON plm.marvel_asgard_term USING btree (source_identity_key),True,False,True,True,False,False,1,1,True,u,40960,0,0,0,
core,property,property_pkey,CREATE UNIQUE INDEX property_pkey ON core.property USING btree (id),True,True,True,True,False,False,1,1,True,f,40960,0,0,0,
core,property,property_pkey,CREATE UNIQUE INDEX property_pkey ON core.property USING btree (id),True,True,True,True,False,False,1,1,True,f,40960,0,0,0,
plm,erp_vendor,erp_vendor_pkey,CREATE UNIQUE INDEX erp_vendor_pkey ON plm.erp_vendor USING btree (vendor_code),True,True,True,True,False,False,1,1,True,p,40960,0,0,0,
plm,dcp_style_guide,idx_dcp_style_guide_lifecycle_status,"CREATE INDEX idx_dcp_style_guide_lifecycle_status ON plm.dcp_style_guide USING btree (lifecycle_status, last_seen_crawl_id)",False,False,True,True,False,False,2,2,False,,40960,0,0,0,
core,property,property_pkey,CREATE UNIQUE INDEX property_pkey ON core.property USING btree (id),True,True,True,True,False,False,1,1,True,f,40960,0,0,0,
plm,marvel_dcp_asset,marvel_dcp_asset_pkey,CREATE UNIQUE INDEX marvel_dcp_asset_pkey ON plm.marvel_dcp_asset USING btree (id),True,True,True,True,False,False,1,1,True,f,40960,0,0,0,
plm,property_import,plm_property_import_property_idx,CREATE INDEX plm_property_import_property_idx ON plm.property_import USING btree (property_id),False,False,True,True,False,False,1,1,False,,40960,0,0,0,
plm,nbcu_style_guide,idx_nbcu_style_guide_lower_label,CREATE INDEX idx_nbcu_style_guide_lower_label ON plm.nbcu_style_guide USING btree (lower(style_guide_label)),False,False,True,True,False,True,1,1,False,,40960,0,0,0,
public,properties,properties_pkey,CREATE UNIQUE INDEX properties_pkey ON public.properties USING btree (id),True,True,True,True,False,False,1,1,True,f,40960,6,6,6,2026-08-30 17:25:40.135176-04
plm,wb_property,wb_property_pkey,CREATE UNIQUE INDEX wb_property_pkey ON plm.wb_property USING btree (id),True,True,True,True,False,False,1,1,True,f,40960,1,0,0,2026-09-02 18:27:40.841564-04
plm,peanuts_style_guide_art_program,peanuts_style_guide_art_program_pkey,"CREATE UNIQUE INDEX peanuts_style_guide_art_program_pkey ON plm.peanuts_style_guide_art_program USING btree (capture_id, style_guide_key, art_program_key)",True,True,True,True,False,False,3,3,True,p,40960,0,0,0,
plm,pmt_property,pmt_property_pkey,"CREATE UNIQUE INDEX pmt_property_pkey ON plm.pmt_property USING btree (capture_id, property_source_id)",True,True,True,True,False,False,2,2,True,f,40960,0,0,0,
core,property,property_pkey,CREATE UNIQUE INDEX property_pkey ON core.property USING btree (id),True,True,True,True,False,False,1,1,True,f,40960,0,0,0,
plm,pmt_property,pmt_property_pkey,"CREATE UNIQUE INDEX pmt_property_pkey ON plm.pmt_property USING btree (capture_id, property_source_id)",True,True,True,True,False,False,2,2,True,f,40960,0,0,0,
dflow,art_piece,art_piece_pkey,CREATE UNIQUE INDEX art_piece_pkey ON dflow.art_piece USING btree (id),True,True,True,True,False,False,1,1,True,f,40960,8,2436,2436,2026-09-02 08:22:49.6031-04
core,property,property_pkey,CREATE UNIQUE INDEX property_pkey ON core.property USING btree (id),True,True,True,True,False,False,1,1,True,f,40960,0,0,0,
plm,dcp_chunk_ledger,dcp_chunk_ledger_pkey,"CREATE UNIQUE INDEX dcp_chunk_ledger_pkey ON plm.dcp_chunk_ledger USING btree (crawl_id, chunk_number)",True,True,True,True,False,False,2,2,True,p,40960,0,0,0,
core,property,property_pkey,CREATE UNIQUE INDEX property_pkey ON core.property USING btree (id),True,True,True,True,False,False,1,1,True,f,40960,0,0,0,
core,property,property_pkey,CREATE UNIQUE INDEX property_pkey ON core.property USING btree (id),True,True,True,True,False,False,1,1,True,f,40960,0,0,0,
plm,sega_property,sega_property_pkey,"CREATE UNIQUE INDEX sega_property_pkey ON plm.sega_property USING btree (capture_id, property_source_id)",True,True,True,True,False,False,2,2,True,f,40960,64,8,8,2026-09-03 15:32:45.169763-04
supabase_migrations,schema_migrations,schema_migrations_pkey,CREATE UNIQUE INDEX schema_migrations_pkey ON supabase_migrations.schema_migrations USING btree (version),True,True,True,True,False,False,1,1,True,p,40960,515,260736,260736,2026-09-04 17:28:33.673562-04
core,product_size_source_ref,product_size_source_ref_parent_idx,CREATE INDEX product_size_source_ref_parent_idx ON core.product_size_source_ref USING btree (product_size_id),False,False,True,True,False,False,1,1,False,,40960,0,0,0,
plm,marvel_dcp_asset_crawl,idx_marvel_dcp_asset_crawl_asset,CREATE INDEX idx_marvel_dcp_asset_crawl_asset ON plm.marvel_dcp_asset_crawl USING btree (marvel_dcp_asset_id),False,False,True,True,False,False,1,1,False,,40960,0,0,0,
public,properties,properties_pkey,CREATE UNIQUE INDEX properties_pkey ON public.properties USING btree (id),True,True,True,True,False,False,1,1,True,p,40960,6,6,6,2026-08-30 17:25:40.135176-04
public,properties,properties_external_id_key,CREATE UNIQUE INDEX properties_external_id_key ON public.properties USING btree (external_id),True,False,True,True,False,False,1,1,True,u,40960,0,0,0,
core,property,property_pkey,CREATE UNIQUE INDEX property_pkey ON core.property USING btree (id),True,True,True,True,False,False,1,1,True,f,40960,0,0,0,
plm,nbcu_character,nbcu_character_pkey,"CREATE UNIQUE INDEX nbcu_character_pkey ON plm.nbcu_character USING btree (capture_id, character_key)",True,True,True,True,False,False,2,2,True,f,40960,0,0,0,
plm,pmt_property_character,pmt_property_character_pkey,"CREATE UNIQUE INDEX pmt_property_character_pkey ON plm.pmt_property_character USING btree (capture_id, property_source_id, character_source_id)",True,True,True,True,False,False,3,3,True,p,40960,0,0,0,
plm,wb_property,wb_property_pkey,CREATE UNIQUE INDEX wb_property_pkey ON plm.wb_property USING btree (id),True,True,True,True,False,False,1,1,True,p,40960,1,0,0,2026-09-02 18:27:40.841564-04
plm,property_import,property_import_pkey,CREATE UNIQUE INDEX property_import_pkey ON plm.property_import USING btree (plm_property_id),True,True,True,True,False,False,1,1,True,p,40960,0,0,0,
plm,style_tracker_value_resolution,style_tracker_value_resolution_pkey,CREATE UNIQUE INDEX style_tracker_value_resolution_pkey ON plm.style_tracker_value_resolution USING btree (id),True,True,True,True,False,False,1,1,True,p,40960,0,0,0,
plm,pmt_property,pmt_property_pkey,"CREATE UNIQUE INDEX pmt_property_pkey ON plm.pmt_property USING btree (capture_id, property_source_id)",True,True,True,True,False,False,2,2,True,p,40960,0,0,0,
plm,production_order,production_order_factory_idx,CREATE INDEX production_order_factory_idx ON plm.production_order USING btree (factory_id),False,False,True,True,False,False,1,1,False,,40960,0,0,0,
core,property,property_pkey,CREATE UNIQUE INDEX property_pkey ON core.property USING btree (id),True,True,True,True,False,False,1,1,True,f,40960,0,0,0,
core,property,property_pkey,CREATE UNIQUE INDEX property_pkey ON core.property USING btree (id),True,True,True,True,False,False,1,1,True,f,40960,0,0,0,
plm,pmt_property_franchise_evidence,pmt_property_franchise_evidence_pkey,"CREATE UNIQUE INDEX pmt_property_franchise_evidence_pkey ON plm.pmt_property_franchise_evidence USING btree (capture_id, property_source_id, franchise_source_id)",True,True,True,True,False,False,3,3,True,p,40960,0,0,0,
core,property,property_pkey,CREATE UNIQUE INDEX property_pkey ON core.property USING btree (id),True,True,True,True,False,False,1,1,True,f,40960,0,0,0,
plm,sega_property,sega_property_pkey,"CREATE UNIQUE INDEX sega_property_pkey ON plm.sega_property USING btree (capture_id, property_source_id)",True,True,True,True,False,False,2,2,True,f,40960,64,8,8,2026-09-03 15:32:45.169763-04
core,property,property_pkey,CREATE UNIQUE INDEX property_pkey ON core.property USING btree (id),True,True,True,True,False,False,1,1,True,f,40960,0,0,0,
plm,style_tracker_value_resolution,style_tracker_value_resolution_unique,"CREATE UNIQUE INDEX style_tracker_value_resolution_unique ON plm.style_tracker_value_resolution USING btree (field_key, normalized_value)",True,False,True,True,False,False,2,2,True,u,40960,0,0,0,
core,property,property_pkey,CREATE UNIQUE INDEX property_pkey ON core.property USING btree (id),True,True,True,True,False,False,1,1,True,f,40960,0,0,0,
core,property,property_pkey,CREATE UNIQUE INDEX property_pkey ON core.property USING btree (id),True,True,True,True,False,False,1,1,True,f,40960,0,0,0,
plm,nbcu_character,nbcu_character_source_id_uk,"CREATE UNIQUE INDEX nbcu_character_source_id_uk ON plm.nbcu_character USING btree (capture_id, character_source_id) WHERE (character_source_id IS NOT NULL)",True,False,True,True,True,False,2,2,False,,40960,0,0,0,
core,property,property_pkey,CREATE UNIQUE INDEX property_pkey ON core.property USING btree (id),True,True,True,True,False,False,1,1,True,f,40960,0,0,0,
pim,revision_request,revision_request_pkey,CREATE UNIQUE INDEX revision_request_pkey ON pim.revision_request USING btree (id),True,True,True,True,False,False,1,1,True,p,40960,0,0,0,
plm,sega_property,sega_property_pkey,"CREATE UNIQUE INDEX sega_property_pkey ON plm.sega_property USING btree (capture_id, property_source_id)",True,True,True,True,False,False,2,2,True,f,40960,64,8,8,2026-09-03 15:32:45.169763-04
core,property,property_pkey,CREATE UNIQUE INDEX property_pkey ON core.property USING btree (id),True,True,True,True,False,False,1,1,True,f,40960,0,0,0,
plm,sega_property,sega_property_pkey,"CREATE UNIQUE INDEX sega_property_pkey ON plm.sega_property USING btree (capture_id, property_source_id)",True,True,True,True,False,False,2,2,True,p,40960,64,8,8,2026-09-03 15:32:45.169763-04
plm,dcp_property,dcp_property_pkey,CREATE UNIQUE INDEX dcp_property_pkey ON plm.dcp_property USING btree (id),True,True,True,True,False,False,1,1,True,f,40960,79,1259,0,2026-09-03 15:30:32.329404-04
plm,sega_property,sega_property_pkey,"CREATE UNIQUE INDEX sega_property_pkey ON plm.sega_property USING btree (capture_id, property_source_id)",True,True,True,True,False,False,2,2,True,f,40960,64,8,8,2026-09-03 15:32:45.169763-04
plm,wb_property,wb_property_pkey,CREATE UNIQUE INDEX wb_property_pkey ON plm.wb_property USING btree (id),True,True,True,True,False,False,1,1,True,f,40960,1,0,0,2026-09-02 18:27:40.841564-04
core,property,property_pkey,CREATE UNIQUE INDEX property_pkey ON core.property USING btree (id),True,True,True,True,False,False,1,1,True,f,40960,0,0,0,
core,property,property_pkey,CREATE UNIQUE INDEX property_pkey ON core.property USING btree (id),True,True,True,True,False,False,1,1,True,f,40960,0,0,0,
plm,marvel_dcp_asset_tile_observation,idx_marvel_dcp_asset_tile_obs_asset,CREATE INDEX idx_marvel_dcp_asset_tile_obs_asset ON plm.marvel_dcp_asset_tile_observation USING btree (marvel_dcp_asset_id),False,False,True,True,False,False,1,1,False,,40960,0,0,0,
core,merchGroupRelations,idx_relations_parent,"CREATE INDEX idx_relations_parent ON core.""merchGroupRelations"" USING btree (parent_mg_id)",False,False,True,True,False,False,1,1,False,,40960,0,0,0,
core,property,property_pkey,CREATE UNIQUE INDEX property_pkey ON core.property USING btree (id),True,True,True,True,False,False,1,1,True,f,40960,0,0,0,
core,product_size,product_size_pkey,CREATE UNIQUE INDEX product_size_pkey ON core.product_size USING btree (id),True,True,True,True,False,False,1,1,True,f,40960,0,0,0,
plm,production_order,production_order_company_idx,CREATE INDEX production_order_company_idx ON plm.production_order USING btree (company_id),False,False,True,True,False,False,1,1,False,,40960,0,0,0,
plm,dcp_property,dcp_property_pkey,CREATE UNIQUE INDEX dcp_property_pkey ON plm.dcp_property USING btree (id),True,True,True,True,False,False,1,1,True,p,40960,79,1259,0,2026-09-03 15:30:32.329404-04
plm,sega_property,sega_property_pkey,"CREATE UNIQUE INDEX sega_property_pkey ON plm.sega_property USING btree (capture_id, property_source_id)",True,True,True,True,False,False,2,2,True,f,40960,64,8,8,2026-09-03 15:32:45.169763-04
dflow,merchGroupRelations,idx_relations_parent,"CREATE INDEX idx_relations_parent ON dflow.""merchGroupRelations"" USING btree (parent_mg_id)",False,False,True,True,False,False,1,1,False,,40960,0,0,0,
plm,GridAccessLevel,RFQCustomLayout_pkey,"CREATE UNIQUE INDEX ""RFQCustomLayout_pkey"" ON plm.""GridAccessLevel"" USING btree (id)",True,True,True,True,False,False,1,1,True,p,40960,0,0,0,
core,property,property_pkey,CREATE UNIQUE INDEX property_pkey ON core.property USING btree (id),True,True,True,True,False,False,1,1,True,f,40960,0,0,0,
plm,nbcu_ip_family_property,idx_nbcu_ip_family_property_property,"CREATE INDEX idx_nbcu_ip_family_property_property ON plm.nbcu_ip_family_property USING btree (capture_id, property_key)",False,False,True,True,False,False,2,2,False,,40960,0,0,0,
plm,pmt_property,pmt_property_pkey,"CREATE UNIQUE INDEX pmt_property_pkey ON plm.pmt_property USING btree (capture_id, property_source_id)",True,True,True,True,False,False,2,2,True,f,40960,0,0,0,
plm,pmt_property,pmt_property_pkey,"CREATE UNIQUE INDEX pmt_property_pkey ON plm.pmt_property USING btree (capture_id, property_source_id)",True,True,True,True,False,False,2,2,True,f,40960,0,0,0,
core,product_size,product_size_pkey,CREATE UNIQUE INDEX product_size_pkey ON core.product_size USING btree (id),True,True,True,True,False,False,1,1,True,f,40960,0,0,0,
dflow,art_piece,art_piece_pkey,CREATE UNIQUE INDEX art_piece_pkey ON dflow.art_piece USING btree (id),True,True,True,True,False,False,1,1,True,p,40960,8,2436,2436,2026-09-02 08:22:49.6031-04
plm,wb_property,wb_property_pkey,CREATE UNIQUE INDEX wb_property_pkey ON plm.wb_property USING btree (id),True,True,True,True,False,False,1,1,True,f,40960,1,0,0,2026-09-02 18:27:40.841564-04
plm,pmt_property,pmt_property_pkey,"CREATE UNIQUE INDEX pmt_property_pkey ON plm.pmt_property USING btree (capture_id, property_source_id)",True,True,True,True,False,False,2,2,True,f,40960,0,0,0,
plm,pmt_property,pmt_property_pkey,"CREATE UNIQUE INDEX pmt_property_pkey ON plm.pmt_property USING btree (capture_id, property_source_id)",True,True,True,True,False,False,2,2,True,f,40960,0,0,0,
dflow,externalCustomer,externalCustomer_pkey,"CREATE UNIQUE INDEX ""externalCustomer_pkey"" ON dflow.""externalCustomer"" USING btree (""customerCode"")",True,True,True,True,False,False,1,1,True,p,40960,0,0,0,
core,property,property_pkey,CREATE UNIQUE INDEX property_pkey ON core.property USING btree (id),True,True,True,True,False,False,1,1,True,f,40960,0,0,0,
core,product_size,product_size_pkey,CREATE UNIQUE INDEX product_size_pkey ON core.product_size USING btree (id),True,True,True,True,False,False,1,1,True,p,40960,0,0,0,
plm,nbcu_character,nbcu_character_pkey,"CREATE UNIQUE INDEX nbcu_character_pkey ON plm.nbcu_character USING btree (capture_id, character_key)",True,True,True,True,False,False,2,2,True,p,40960,0,0,0,
core,property,property_pkey,CREATE UNIQUE INDEX property_pkey ON core.property USING btree (id),True,True,True,True,False,False,1,1,True,p,40960,0,0,0,
plm,lucasfilm_dcp_character,lucasfilm_dcp_character_pkey,CREATE UNIQUE INDEX lucasfilm_dcp_character_pkey ON plm.lucasfilm_dcp_character USING btree (id),True,True,True,True,False,False,1,1,True,f,40960,0,0,0,
core,property,property_pkey,CREATE UNIQUE INDEX property_pkey ON core.property USING btree (id),True,True,True,True,False,False,1,1,True,f,40960,0,0,0,
core,property,property_pkey,CREATE UNIQUE INDEX property_pkey ON core.property USING btree (id),True,True,True,True,False,False,1,1,True,f,40960,0,0,0,
core,property,property_pkey,CREATE UNIQUE INDEX property_pkey ON core.property USING btree (id),True,True,True,True,False,False,1,1,True,f,40960,0,0,0,
core,property,property_licensor_id_code_key,"CREATE UNIQUE INDEX property_licensor_id_code_key ON core.property USING btree (licensor_id, code) NULLS NOT DISTINCT",True,False,True,True,False,False,2,2,True,u,40960,356,2021,1274,2026-09-03 15:35:15.79127-04
plm,marvel_dcp_asset,marvel_dcp_asset_pkey,CREATE UNIQUE INDEX marvel_dcp_asset_pkey ON plm.marvel_dcp_asset USING btree (id),True,True,True,True,False,False,1,1,True,p,40960,0,0,0,
pim,revision_request,revision_request_pkey,CREATE UNIQUE INDEX revision_request_pkey ON pim.revision_request USING btree (id),True,True,True,True,False,False,1,1,True,f,40960,0,0,0,
core,product_size,product_size_source_identity_key,"CREATE UNIQUE INDEX product_size_source_identity_key ON core.product_size USING btree (company_code, division_code, mg_type_code, code)",True,False,True,True,False,False,4,4,False,,40960,0,0,0,
core,customer,core_customer_is_potential_idx,CREATE INDEX core_customer_is_potential_idx ON core.customer USING btree (is_potential),False,False,True,True,False,False,1,1,False,,40960,2,1730,722,2026-09-02 15:56:11.935714-04
dflow,GridAccessLevel,RFQCustomLayout_pkey,"CREATE UNIQUE INDEX ""RFQCustomLayout_pkey"" ON dflow.""GridAccessLevel"" USING btree (id)",True,True,True,True,False,False,1,1,True,p,40960,0,0,0,
plm,marvel_asgard_style_guide,marvel_asgard_style_guide_source_identity_key_key,CREATE UNIQUE INDEX marvel_asgard_style_guide_source_identity_key_key ON plm.marvel_asgard_style_guide USING btree (source_identity_key),True,False,True,True,False,False,1,1,True,u,32768,0,0,0,
plm,marvel_dcp_asset_character_observation,idx_marvel_dcp_asset_character_obs_character,CREATE INDEX idx_marvel_dcp_asset_character_obs_character ON plm.marvel_dcp_asset_character_observation USING btree (marvel_dcp_character_id),False,False,True,True,False,False,1,1,False,,32768,0,0,0,
dflow,art_piece_attachment,art_piece_attachment_divisioncode_id_fkey,CREATE INDEX art_piece_attachment_divisioncode_id_fkey ON dflow.art_piece_attachment USING btree (divisioncode_id),False,False,True,True,False,False,1,1,False,,32768,0,0,0,
plm,art_piece_attachment,art_piece_attachment_updated_by_fkey,CREATE INDEX art_piece_attachment_updated_by_fkey ON plm.art_piece_attachment USING btree (updated_by),False,False,True,True,False,False,1,1,False,,32768,0,0,0,
dflow,merchGroupRelations,idx_relations_grand_parent,"CREATE INDEX idx_relations_grand_parent ON dflow.""merchGroupRelations"" USING btree (grand_parent_mg_id)",False,False,True,True,False,False,1,1,False,,32768,1,1389,0,2026-09-02 15:56:11.935714-04
plm,contract_property_evidence,contract_property_evidence_document_idx,CREATE INDEX contract_property_evidence_document_idx ON plm.contract_property_evidence USING btree (document_id),False,False,True,True,False,False,1,1,False,,32768,0,0,0,
plm,wb_property,uq_wb_property_fallback,"CREATE UNIQUE INDEX uq_wb_property_fallback ON plm.wb_property USING btree (source_namespace, fallback_key) WHERE (source_id IS NULL)",True,False,True,True,True,False,2,2,False,,32768,0,0,0,
plm,art_piece_attachment,art_piece_attachment_created_by_fkey,CREATE INDEX art_piece_attachment_created_by_fkey ON plm.art_piece_attachment USING btree (created_by),False,False,True,True,False,False,1,1,False,,32768,0,0,0,
plm,pmt_character,pmt_character_pkey,"CREATE UNIQUE INDEX pmt_character_pkey ON plm.pmt_character USING btree (capture_id, character_source_id)",True,True,True,True,False,False,2,2,True,f,32768,0,0,0,
plm,RFQGroup,RFQGroup_pkey,"CREATE UNIQUE INDEX ""RFQGroup_pkey"" ON plm.""RFQGroup"" USING btree (""RFQGroup_id"")",True,True,True,True,False,False,1,1,True,p,32768,1512,1512,1512,2026-09-02 15:51:53.009015-04
dflow,merchGroupRelations,uniq_parent_child_no_grand,"CREATE UNIQUE INDEX uniq_parent_child_no_grand ON dflow.""merchGroupRelations"" USING btree (parent_mg_id, child_mg_id) WHERE (grand_parent_mg_id IS NULL)",True,False,True,True,True,False,2,2,False,,32768,0,0,0,
plm,marvel_dcp_asset_character_observation,idx_marvel_dcp_asset_character_obs_run,CREATE INDEX idx_marvel_dcp_asset_character_obs_run ON plm.marvel_dcp_asset_character_observation USING btree (metadata_run_id),False,False,True,True,False,False,1,1,False,,32768,0,0,0,
plm,wwe_tag,idx_wwe_tag_capture,CREATE INDEX idx_wwe_tag_capture ON plm.wwe_tag USING btree (capture_id),False,False,True,True,False,False,1,1,False,,32768,1,1670,0,2026-08-30 12:21:15.563337-04
app,auth_token,signUpToken_pkey,"CREATE UNIQUE INDEX ""signUpToken_pkey"" ON app.auth_token USING btree (id)",True,True,True,True,False,False,1,1,True,p,32768,0,0,0,
dam,pdf_rich_extraction,idx_pdf_rich_extraction_style_group,CREATE INDEX idx_pdf_rich_extraction_style_group ON dam.pdf_rich_extraction USING btree (style_group_id),False,False,True,True,False,False,1,1,False,,32768,0,0,0,
core,factory,core_factory_display_name_trgm_idx,CREATE INDEX core_factory_display_name_trgm_idx ON core.factory USING gin (lower(display_name) extensions.gin_trgm_ops),False,False,True,True,False,True,1,1,False,,32768,0,0,0,
dflow,auth_token,signUpToken_pkey,"CREATE UNIQUE INDEX ""signUpToken_pkey"" ON dflow.auth_token USING btree (id)",True,True,True,True,False,False,1,1,True,p,32768,0,0,0,
plm,lucasfilm_dcp_property,lucasfilm_dcp_property_unique,"CREATE UNIQUE INDEX lucasfilm_dcp_property_unique ON plm.lucasfilm_dcp_property USING btree (source_system, source_id)",True,False,True,True,False,False,2,2,True,u,32768,2288,5944,3920,2026-09-02 22:19:08.257095-04
plm,pmt_character,pmt_character_pkey,"CREATE UNIQUE INDEX pmt_character_pkey ON plm.pmt_character USING btree (capture_id, character_source_id)",True,True,True,True,False,False,2,2,True,p,32768,0,0,0,
auth,one_time_tokens,one_time_tokens_token_hash_hash_idx,CREATE INDEX one_time_tokens_token_hash_hash_idx ON auth.one_time_tokens USING hash (token_hash),False,False,True,True,False,False,1,1,False,,32768,0,0,0,
auth,one_time_tokens,one_time_tokens_relates_to_hash_idx,CREATE INDEX one_time_tokens_relates_to_hash_idx ON auth.one_time_tokens USING hash (relates_to),False,False,True,True,False,False,1,1,False,,32768,0,0,0,
plm,marvel_dcp_metadata_asset,idx_marvel_dcp_metadata_asset_status,"CREATE INDEX idx_marvel_dcp_metadata_asset_status ON plm.marvel_dcp_metadata_asset USING btree (metadata_run_id, fetch_status)",False,False,True,True,False,False,2,2,False,,32768,0,0,0,
plm,wb_style_guide_normalized,idx_wb_style_guide_normalized_lifecycle_status,"CREATE INDEX idx_wb_style_guide_normalized_lifecycle_status ON plm.wb_style_guide_normalized USING btree (status, last_seen_at)",False,False,True,True,False,False,2,2,False,,32768,0,0,0,
plm,wwe_character_evidence,wwe_character_evidence_pkey,"CREATE UNIQUE INDEX wwe_character_evidence_pkey ON plm.wwe_character_evidence USING btree (capture_id, character_candidate_key, evidence_key)",True,True,True,True,False,False,3,3,True,p,32768,54,0,0,2026-08-30 12:21:03.645318-04
plm,art_piece_attachment,art_piece_attachment_company_code_fkey,CREATE INDEX art_piece_attachment_company_code_fkey ON plm.art_piece_attachment USING btree (company_code),False,False,True,True,False,False,1,1,False,,32768,0,0,0,
core,product_size,product_size_division_code_idx,"CREATE INDEX product_size_division_code_idx ON core.product_size USING btree (division_code, code)",False,False,True,True,False,False,2,2,False,,32768,0,0,0,
core,merchGroupRelations,idx_relations_grand_parent,"CREATE INDEX idx_relations_grand_parent ON core.""merchGroupRelations"" USING btree (grand_parent_mg_id)",False,False,True,True,False,False,1,1,False,,32768,2,2778,0,2026-09-02 15:56:11.935714-04
dam,pdf_rich_extraction,pdf_rich_extraction_pkey,CREATE UNIQUE INDEX pdf_rich_extraction_pkey ON dam.pdf_rich_extraction USING btree (asset_id),True,True,True,True,False,False,1,1,True,p,32768,0,0,0,
plm,opa_property,idx_opa_property_lifecycle_status,"CREATE INDEX idx_opa_property_lifecycle_status ON plm.opa_property USING btree (status, last_seen_at)",False,False,True,True,False,False,2,2,False,,32768,41,60721,679,2026-09-03 15:30:32.329404-04
plm,itemSize,itemSize_pkey,"CREATE UNIQUE INDEX ""itemSize_pkey"" ON plm.""itemSize"" USING btree (""itemSize_id"")",True,True,True,True,False,False,1,1,True,p,32768,0,0,0,
plm,StandardizedSize,StandardizedSize_pkey,"CREATE UNIQUE INDEX ""StandardizedSize_pkey"" ON plm.""StandardizedSize"" USING btree (id)",True,True,True,True,False,False,1,1,True,p,32768,0,0,0,
core,property,property_id_licensor_id_key,"CREATE UNIQUE INDEX property_id_licensor_id_key ON core.property USING btree (id, licensor_id)",True,False,True,True,False,False,2,2,True,f,32768,114114,119813,114130,2026-09-04 17:29:47.268227-04
dflow,RFQGroup,RFQGroup_pkey,"CREATE UNIQUE INDEX ""RFQGroup_pkey"" ON dflow.""RFQGroup"" USING btree (""RFQGroup_id"")",True,True,True,True,False,False,1,1,True,p,32768,1470,1470,1470,2026-09-04 17:16:01.168495-04
core,merchGroupRelations,uniq_parent_child_no_grand,"CREATE UNIQUE INDEX uniq_parent_child_no_grand ON core.""merchGroupRelations"" USING btree (parent_mg_id, child_mg_id) WHERE (grand_parent_mg_id IS NULL)",True,False,True,True,True,False,2,2,False,,32768,0,0,0,
core,property,property_id_licensor_id_key,"CREATE UNIQUE INDEX property_id_licensor_id_key ON core.property USING btree (id, licensor_id)",True,False,True,True,False,False,2,2,True,f,32768,114114,119813,114130,2026-09-04 17:29:47.268227-04
dflow,StandardizedSize,StandardizedSize_pkey,"CREATE UNIQUE INDEX ""StandardizedSize_pkey"" ON dflow.""StandardizedSize"" USING btree (id)",True,True,True,True,False,False,1,1,True,p,32768,0,0,0,
dflow,itemSize,itemSize_pkey,"CREATE UNIQUE INDEX ""itemSize_pkey"" ON dflow.""itemSize"" USING btree (""itemSize_id"")",True,True,True,True,False,False,1,1,True,p,32768,0,0,0,
dflow,externalVendor,externalVendor_pkey,"CREATE UNIQUE INDEX ""externalVendor_pkey"" ON dflow.""externalVendor"" USING btree (""vendorCode"")",True,True,True,True,False,False,1,1,True,p,32768,0,0,0,
plm,art_piece_attachment,art_piece_attachment_divisioncode_id_fkey,CREATE INDEX art_piece_attachment_divisioncode_id_fkey ON plm.art_piece_attachment USING btree (divisioncode_id),False,False,True,True,False,False,1,1,False,,32768,0,0,0,
plm,coke_asset_property_option,coke_asset_property_option_pkey,"CREATE UNIQUE INDEX coke_asset_property_option_pkey ON plm.coke_asset_property_option USING btree (capture_id, option_key)",True,True,True,True,False,False,2,2,True,p,32768,0,0,0,
plm,marvel_dcp_metadata_asset,idx_marvel_dcp_metadata_asset_crawl,CREATE INDEX idx_marvel_dcp_metadata_asset_crawl ON plm.marvel_dcp_metadata_asset USING btree (source_crawl_id),False,False,True,True,False,False,1,1,False,,32768,0,0,0,
plm,pmt_character,pmt_character_pkey,"CREATE UNIQUE INDEX pmt_character_pkey ON plm.pmt_character USING btree (capture_id, character_source_id)",True,True,True,True,False,False,2,2,True,f,32768,0,0,0,
core,externalVendor,externalVendor_pkey,"CREATE UNIQUE INDEX ""externalVendor_pkey"" ON core.""externalVendor"" USING btree (""vendorCode"")",True,True,True,True,False,False,1,1,True,p,32768,0,0,0,
dflow,art_piece_attachment,art_piece_attachment_updated_by_fkey,CREATE INDEX art_piece_attachment_updated_by_fkey ON dflow.art_piece_attachment USING btree (updated_by),False,False,True,True,False,False,1,1,False,,32768,1,2006,0,2026-09-02 15:56:11.935714-04
plm,sega_character_candidate,idx_sega_character_candidate_normalized,CREATE INDEX idx_sega_character_candidate_normalized ON plm.sega_character_candidate USING btree (normalized_candidate_label),False,False,True,True,False,False,1,1,False,,32768,0,0,0,
dflow,art_piece_attachment,art_piece_attachment_created_by_fkey,CREATE INDEX art_piece_attachment_created_by_fkey ON dflow.art_piece_attachment USING btree (created_by),False,False,True,True,False,False,1,1,False,,32768,0,0,0,
dflow,art_piece_attachment,art_piece_attachment_company_code_fkey,CREATE INDEX art_piece_attachment_company_code_fkey ON dflow.art_piece_attachment USING btree (company_code),False,False,True,True,False,False,1,1,False,,32768,0,0,0,
plm,pmt_property_character,idx_pmt_property_character_reverse,"CREATE INDEX idx_pmt_property_character_reverse ON plm.pmt_property_character USING btree (capture_id, character_source_id)",False,False,True,True,False,False,2,2,False,,32768,0,0,0,
dflow,item_character_associations,idx_item_character_associations_character_id,CREATE INDEX idx_item_character_associations_character_id ON dflow.item_character_associations USING btree (character_id),False,False,True,True,False,False,1,1,False,,32768,1,1924,0,2026-09-02 15:56:11.935714-04
plm,opa_property,plm_opa_property_unresolved_idx,CREATE INDEX plm_opa_property_unresolved_idx ON plm.opa_property USING btree (resolution_status) WHERE (resolution_status <> 'resolved'::text),False,False,True,True,True,False,1,1,False,,32768,0,0,0,
core,factory_alias,factory_alias_trgm_idx,CREATE INDEX factory_alias_trgm_idx ON core.factory_alias USING gin (normalized_alias extensions.gin_trgm_ops),False,False,True,True,False,False,1,1,False,,24576,0,0,0,
core,licensor_alias,licensor_alias_trgm_idx,CREATE INDEX licensor_alias_trgm_idx ON core.licensor_alias USING gin (normalized_alias extensions.gin_trgm_ops),False,False,True,True,False,False,1,1,False,,24576,0,0,0,
plm,pmt_capture,pmt_capture_pkey,CREATE UNIQUE INDEX pmt_capture_pkey ON plm.pmt_capture USING btree (capture_id),True,True,True,True,False,False,1,1,True,f,16384,0,0,0,
dflow,ai_cache_events,ai_cache_events_pkey,CREATE UNIQUE INDEX ai_cache_events_pkey ON dflow.ai_cache_events USING btree (id),True,True,True,True,False,False,1,1,True,p,16384,0,0,0,
crm,meeting_note,meeting_note_pkey,CREATE UNIQUE INDEX meeting_note_pkey ON crm.meeting_note USING btree (id),True,True,True,True,False,False,1,1,True,p,16384,0,0,0,
crm,meeting_note,meeting_note_external_source_external_id_key,"CREATE UNIQUE INDEX meeting_note_external_source_external_id_key ON crm.meeting_note USING btree (external_source, external_id) NULLS NOT DISTINCT",True,False,True,True,False,False,2,2,True,u,16384,0,0,0,
app,profile,profile_pkey,CREATE UNIQUE INDEX profile_pkey ON app.profile USING btree (id),True,True,True,True,False,False,1,1,True,f,16384,60,87,86,2026-09-02 18:18:48.316939-04
app,profile,profile_pkey,CREATE UNIQUE INDEX profile_pkey ON app.profile USING btree (id),True,True,True,True,False,False,1,1,True,f,16384,60,87,86,2026-09-02 18:18:48.316939-04
app,profile,profile_pkey,CREATE UNIQUE INDEX profile_pkey ON app.profile USING btree (id),True,True,True,True,False,False,1,1,True,f,16384,60,87,86,2026-09-02 18:18:48.316939-04
crm,ignore_rule,ignore_rule_pkey,CREATE UNIQUE INDEX ignore_rule_pkey ON crm.ignore_rule USING btree (id),True,True,True,True,False,False,1,1,True,p,16384,0,0,0,
crm,ignore_rule,ignore_rule_rule_type_pattern_key,"CREATE UNIQUE INDEX ignore_rule_rule_type_pattern_key ON crm.ignore_rule USING btree (rule_type, pattern)",True,False,True,True,False,False,2,2,True,u,16384,0,0,0,
app,profile,profile_pkey,CREATE UNIQUE INDEX profile_pkey ON app.profile USING btree (id),True,True,True,True,False,False,1,1,True,f,16384,60,87,86,2026-09-02 18:18:48.316939-04
app,profile,profile_pkey,CREATE UNIQUE INDEX profile_pkey ON app.profile USING btree (id),True,True,True,True,False,False,1,1,True,f,16384,60,87,86,2026-09-02 18:18:48.316939-04
core,licensor,licensor_pkey,CREATE UNIQUE INDEX licensor_pkey ON core.licensor USING btree (id),True,True,True,True,False,False,1,1,True,f,16384,4314,4314,4314,2026-09-04 17:16:04.527943-04
pim,product_submission,product_submission_pkey,CREATE UNIQUE INDEX product_submission_pkey ON pim.product_submission USING btree (id),True,True,True,True,False,False,1,1,True,f,16384,0,0,0,
app,profile,profile_pkey,CREATE UNIQUE INDEX profile_pkey ON app.profile USING btree (id),True,True,True,True,False,False,1,1,True,f,16384,60,87,86,2026-09-02 18:18:48.316939-04
app,profile,profile_pkey,CREATE UNIQUE INDEX profile_pkey ON app.profile USING btree (id),True,True,True,True,False,False,1,1,True,f,16384,60,87,86,2026-09-02 18:18:48.316939-04
crm,department,department_pkey,CREATE UNIQUE INDEX department_pkey ON crm.department USING btree (id),True,True,True,True,False,False,1,1,True,f,16384,67532,67532,67510,2026-09-04 15:00:04.067186-04
app,profile,profile_pkey,CREATE UNIQUE INDEX profile_pkey ON app.profile USING btree (id),True,True,True,True,False,False,1,1,True,f,16384,60,87,86,2026-09-02 18:18:48.316939-04
crm,department,department_pkey,CREATE UNIQUE INDEX department_pkey ON crm.department USING btree (id),True,True,True,True,False,False,1,1,True,f,16384,67532,67532,67510,2026-09-04 15:00:04.067186-04
app,profile,profile_pkey,CREATE UNIQUE INDEX profile_pkey ON app.profile USING btree (id),True,True,True,True,False,False,1,1,True,f,16384,60,87,86,2026-09-02 18:18:48.316939-04
crm,department,department_pkey,CREATE UNIQUE INDEX department_pkey ON crm.department USING btree (id),True,True,True,True,False,False,1,1,True,f,16384,67532,67532,67510,2026-09-04 15:00:04.067186-04
crm,department,department_pkey,CREATE UNIQUE INDEX department_pkey ON crm.department USING btree (id),True,True,True,True,False,False,1,1,True,f,16384,67532,67532,67510,2026-09-04 15:00:04.067186-04
crm,department,department_pkey,CREATE UNIQUE INDEX department_pkey ON crm.department USING btree (id),True,True,True,True,False,False,1,1,True,f,16384,67532,67532,67510,2026-09-04 15:00:04.067186-04
crm,department,department_pkey,CREATE UNIQUE INDEX department_pkey ON crm.department USING btree (id),True,True,True,True,False,False,1,1,True,f,16384,67532,67532,67510,2026-09-04 15:00:04.067186-04
auth,users,users_pkey,CREATE UNIQUE INDEX users_pkey ON auth.users USING btree (id),True,True,True,True,False,False,1,1,True,f,16384,40417,40499,40417,2026-09-04 17:22:29.369229-04
dflow,app_settings,app_settings_pkey,CREATE UNIQUE INDEX app_settings_pkey ON dflow.app_settings USING btree (key),True,True,True,True,False,False,1,1,True,p,16384,0,0,0,
dflow,art_types,art_types_code_key,CREATE UNIQUE INDEX art_types_code_key ON dflow.art_types USING btree (code),True,False,True,True,False,False,1,1,True,u,16384,0,0,0,
dflow,art_types,art_types_name_key,CREATE UNIQUE INDEX art_types_name_key ON dflow.art_types USING btree (name),True,False,True,True,False,False,1,1,True,u,16384,0,0,0,
dflow,art_types,art_types_pkey,CREATE UNIQUE INDEX art_types_pkey ON dflow.art_types USING btree (id),True,True,True,True,False,False,1,1,True,p,16384,0,0,0,
dflow,artist_types,artist_types_code_key,CREATE UNIQUE INDEX artist_types_code_key ON dflow.artist_types USING btree (code),True,False,True,True,False,False,1,1,True,u,16384,0,0,0,
dflow,artist_types,artist_types_pkey,CREATE UNIQUE INDEX artist_types_pkey ON dflow.artist_types USING btree (id),True,True,True,True,False,False,1,1,True,p,16384,0,0,0,
dflow,artists,artists_pkey,CREATE UNIQUE INDEX artists_pkey ON dflow.artists USING btree (id),True,True,True,True,False,False,1,1,True,p,16384,0,0,0,
dflow,comments,comments_pkey,CREATE UNIQUE INDEX comments_pkey ON dflow.comments USING btree (id),True,True,True,True,False,False,1,1,True,p,16384,0,0,0,
dflow,companyCode,companyCode_pkey,"CREATE UNIQUE INDEX ""companyCode_pkey"" ON dflow.""companyCode"" USING btree (""comCode_id"")",True,True,True,True,False,False,1,1,True,p,16384,0,0,0,
dflow,customers,customers_pkey,CREATE UNIQUE INDEX customers_pkey ON dflow.customers USING btree (customers_id),True,True,True,True,False,False,1,1,True,p,16384,424,418,418,2026-09-02 15:51:53.009015-04
dflow,deliveryLocation,deliveryLocation_pkey,"CREATE UNIQUE INDEX ""deliveryLocation_pkey"" ON dflow.""deliveryLocation"" USING btree (""deliveryLocation_id"")",True,True,True,True,False,False,1,1,True,p,16384,64,64,64,2026-09-02 13:56:33.661829-04
public,dam_search_synonyms,dam_search_synonyms_pkey,CREATE UNIQUE INDEX dam_search_synonyms_pkey ON public.dam_search_synonyms USING btree (search_term),True,True,True,True,False,False,1,1,True,p,16384,0,0,0,
crm,department,department_company_id_name_key,"CREATE UNIQUE INDEX department_company_id_name_key ON crm.department USING btree (company_id, name)",True,False,True,True,False,False,2,2,True,u,16384,0,0,0,
dflow,StandardizedGroup,StandardizedGroup_pkey,"CREATE UNIQUE INDEX ""StandardizedGroup_pkey"" ON dflow.""StandardizedGroup"" USING btree (id)",True,True,True,True,False,False,1,1,True,p,16384,0,0,0,
dflow,StandardizedProductElement,StandardizedProductElement_pkey,"CREATE UNIQUE INDEX ""StandardizedProductElement_pkey"" ON dflow.""StandardizedProductElement"" USING btree (id)",True,True,True,True,False,False,1,1,True,p,16384,0,0,0,
crm,department,department_pkey,CREATE UNIQUE INDEX department_pkey ON crm.department USING btree (id),True,True,True,True,False,False,1,1,True,p,16384,67532,67532,67510,2026-09-04 15:00:04.067186-04
app,db_data_admin_audit_event,db_data_admin_audit_event_pkey,CREATE UNIQUE INDEX db_data_admin_audit_event_pkey ON app.db_data_admin_audit_event USING btree (id),True,True,True,True,False,False,1,1,True,p,16384,0,0,0,
app,db_data_admin_audit_event,db_data_admin_audit_operation_item_unique,"CREATE UNIQUE INDEX db_data_admin_audit_operation_item_unique ON app.db_data_admin_audit_event USING btree (operation_id, operation_item_key)",True,False,True,True,False,False,2,2,True,u,16384,0,0,0,
dflow,StandardizedProductType,StandardizedProduct_pkey,"CREATE UNIQUE INDEX ""StandardizedProduct_pkey"" ON dflow.""StandardizedProductType"" USING btree (id)",True,True,True,True,False,False,1,1,True,p,16384,0,0,0,
public,licensors,licensors_pkey,CREATE UNIQUE INDEX licensors_pkey ON public.licensors USING btree (id),True,True,True,True,False,False,1,1,True,f,16384,1588,1594,1588,2026-09-04 17:16:04.206478-04
core,licensor,licensor_pkey,CREATE UNIQUE INDEX licensor_pkey ON core.licensor USING btree (id),True,True,True,True,False,False,1,1,True,f,16384,4314,4314,4314,2026-09-04 17:16:04.527943-04
auth,users,users_pkey,CREATE UNIQUE INDEX users_pkey ON auth.users USING btree (id),True,True,True,True,False,False,1,1,True,f,16384,40417,40499,40417,2026-09-04 17:22:29.369229-04
plm,wildbrain_capture,wildbrain_capture_pkey,CREATE UNIQUE INDEX wildbrain_capture_pkey ON plm.wildbrain_capture USING btree (id),True,True,True,True,False,False,1,1,True,f,16384,0,0,0,
app,profile,profile_pkey,CREATE UNIQUE INDEX profile_pkey ON app.profile USING btree (id),True,True,True,True,False,False,1,1,True,f,16384,60,87,86,2026-09-02 18:18:48.316939-04
crm,customer_ext,customer_ext_pkey,CREATE UNIQUE INDEX customer_ext_pkey ON crm.customer_ext USING btree (customer_id),True,True,True,True,False,False,1,1,True,p,16384,0,0,0,
auth,users,users_pkey,CREATE UNIQUE INDEX users_pkey ON auth.users USING btree (id),True,True,True,True,False,False,1,1,True,f,16384,40417,40499,40417,2026-09-04 17:22:29.369229-04
public,style_tracker_user_views,style_tracker_user_views_pkey,CREATE UNIQUE INDEX style_tracker_user_views_pkey ON public.style_tracker_user_views USING btree (id),True,True,True,True,False,False,1,1,True,p,16384,0,0,0,
public,style_tracker_user_views,style_tracker_user_views_unique,"CREATE UNIQUE INDEX style_tracker_user_views_unique ON public.style_tracker_user_views USING btree (user_id, source_sheet, view_name)",True,False,True,True,False,False,3,3,True,u,16384,29,0,0,2026-09-04 17:15:56.849246-04
auth,users,users_pkey,CREATE UNIQUE INDEX users_pkey ON auth.users USING btree (id),True,True,True,True,False,False,1,1,True,f,16384,40417,40499,40417,2026-09-04 17:22:29.369229-04
plm,customer_import,customer_import_pkey,CREATE UNIQUE INDEX customer_import_pkey ON plm.customer_import USING btree (plm_customer_id),True,True,True,True,False,False,1,1,True,p,16384,0,0,0,
plm,licensor_import,licensor_import_pkey,CREATE UNIQUE INDEX licensor_import_pkey ON plm.licensor_import USING btree (plm_licensor_id),True,True,True,True,False,False,1,1,True,p,16384,0,0,0,
core,licensor,licensor_pkey,CREATE UNIQUE INDEX licensor_pkey ON core.licensor USING btree (id),True,True,True,True,False,False,1,1,True,f,16384,4314,4314,4314,2026-09-04 17:16:04.527943-04
core,licensor,licensor_pkey,CREATE UNIQUE INDEX licensor_pkey ON core.licensor USING btree (id),True,True,True,True,False,False,1,1,True,f,16384,4314,4314,4314,2026-09-04 17:16:04.527943-04
core,customer_alias,customer_alias_pkey,CREATE UNIQUE INDEX customer_alias_pkey ON core.customer_alias USING btree (id),True,True,True,True,False,False,1,1,True,p,16384,0,0,0,
public,ai_tag_bakeoff_runs,ai_tag_bakeoff_runs_pkey,CREATE UNIQUE INDEX ai_tag_bakeoff_runs_pkey ON public.ai_tag_bakeoff_runs USING btree (id),True,True,True,True,False,False,1,1,True,p,16384,0,0,0,
auth,users,users_pkey,CREATE UNIQUE INDEX users_pkey ON auth.users USING btree (id),True,True,True,True,False,False,1,1,True,f,16384,40417,40499,40417,2026-09-04 17:22:29.369229-04
dflow,StandardizedVersion,StandardizedVersion_pkey,"CREATE UNIQUE INDEX ""StandardizedVersion_pkey"" ON dflow.""StandardizedVersion"" USING btree (id)",True,True,True,True,False,False,1,1,True,p,16384,0,0,0,
dflow,UDFComponent,UDFComponent_pkey,"CREATE UNIQUE INDEX ""UDFComponent_pkey"" ON dflow.""UDFComponent"" USING btree (""UDFComponent_id"")",True,True,True,True,False,False,1,1,True,p,16384,0,0,0,
dflow,UDFElementType,UDFElementType_pkey,"CREATE UNIQUE INDEX ""UDFElementType_pkey"" ON dflow.""UDFElementType"" USING btree (""UDFElementType_id"")",True,True,True,True,False,False,1,1,True,p,16384,0,0,0,
dflow,UDFElement,UDFElement_pkey,"CREATE UNIQUE INDEX ""UDFElement_pkey"" ON dflow.""UDFElement"" USING btree (""UDFElement_id"")",True,True,True,True,False,False,1,1,True,p,16384,0,0,0,
dflow,UDFGroup,UDFGroup_pkey,"CREATE UNIQUE INDEX ""UDFGroup_pkey"" ON dflow.""UDFGroup"" USING btree (""UDFGroup_id"")",True,True,True,True,False,False,1,1,True,p,16384,0,0,0,
public,ai_tag_bakeoff_runs,ai_tag_bakeoff_runs_pkey,CREATE UNIQUE INDEX ai_tag_bakeoff_runs_pkey ON public.ai_tag_bakeoff_runs USING btree (id),True,True,True,True,False,False,1,1,True,f,16384,0,0,0,
public,ai_tag_bakeoff_reviews,ai_tag_bakeoff_reviews_pkey,CREATE UNIQUE INDEX ai_tag_bakeoff_reviews_pkey ON public.ai_tag_bakeoff_reviews USING btree (id),True,True,True,True,False,False,1,1,True,p,16384,0,0,0,
public,ai_tag_bakeoff_reviews,ai_tag_bakeoff_reviews_run_id_asset_id_field_key,"CREATE UNIQUE INDEX ai_tag_bakeoff_reviews_run_id_asset_id_field_key ON public.ai_tag_bakeoff_reviews USING btree (run_id, asset_id, field)",True,False,True,True,False,False,3,3,True,u,16384,0,0,0,
public,ai_tag_bakeoff_runs,ai_tag_bakeoff_runs_pkey,CREATE UNIQUE INDEX ai_tag_bakeoff_runs_pkey ON public.ai_tag_bakeoff_runs USING btree (id),True,True,True,True,False,False,1,1,True,f,16384,0,0,0,
auth,users,users_pkey,CREATE UNIQUE INDEX users_pkey ON auth.users USING btree (id),True,True,True,True,False,False,1,1,True,f,16384,40417,40499,40417,2026-09-04 17:22:29.369229-04
dflow,UDFTable,UDFTable_pkey,"CREATE UNIQUE INDEX ""UDFTable_pkey"" ON dflow.""UDFTable"" USING btree (""UDFTable_id"")",True,True,True,True,False,False,1,1,True,p,16384,0,0,0,
dflow,UIElements,UIElements_pkey,"CREATE UNIQUE INDEX ""UIElements_pkey"" ON dflow.""UIElements"" USING btree (""Id"")",True,True,True,True,False,False,1,1,True,p,16384,0,0,0,
dflow,age_group,age_group_pkey,CREATE UNIQUE INDEX age_group_pkey ON dflow.age_group USING btree (id),True,True,True,True,False,False,1,1,True,p,16384,0,0,0,
dflow,AdditionalUserEmail,AdditionalUserEmail_pkey,"CREATE UNIQUE INDEX ""AdditionalUserEmail_pkey"" ON dflow.""AdditionalUserEmail"" USING btree (id)",True,True,True,True,False,False,1,1,True,p,16384,0,0,0,
dflow,DesignTeamTimes,DesignTeamTimes_pkey,"CREATE UNIQUE INDEX ""DesignTeamTimes_pkey"" ON dflow.""DesignTeamTimes"" USING btree (id)",True,True,True,True,False,False,1,1,True,p,16384,0,0,0,
dflow,divisionCode,DivisionCode_pkey,"CREATE UNIQUE INDEX ""DivisionCode_pkey"" ON dflow.""divisionCode"" USING btree (""divCode_id"")",True,True,True,True,False,False,1,1,True,p,16384,0,0,0,
dflow,FOBCountry,FOBCountry_pkey,"CREATE UNIQUE INDEX ""FOBCountry_pkey"" ON dflow.""FOBCountry"" USING btree (""FOBCountry_id"")",True,True,True,True,False,False,1,1,True,p,16384,0,0,0,
dflow,FactoryTimes,FactoryTimes_pkey,"CREATE UNIQUE INDEX ""FactoryTimes_pkey"" ON dflow.""FactoryTimes"" USING btree (id)",True,True,True,True,False,False,1,1,True,p,16384,0,0,0,
dflow,Factory,Factory_pkey,"CREATE UNIQUE INDEX ""Factory_pkey"" ON dflow.""Factory"" USING btree (id)",True,True,True,True,False,False,1,1,True,p,16384,1070,1064,1064,2026-09-02 15:51:54.192649-04
dflow,GridChildrenLayoutOrder,GridChildrenLayoutOrder_pkey,"CREATE UNIQUE INDEX ""GridChildrenLayoutOrder_pkey"" ON dflow.""GridChildrenLayoutOrder"" USING btree (id)",True,True,True,True,False,False,1,1,True,p,16384,0,0,0,
dflow,GridChildrenLayout,GridChildrenLayout_pkey,"CREATE UNIQUE INDEX ""GridChildrenLayout_pkey"" ON dflow.""GridChildrenLayout"" USING btree (field)",True,True,True,True,False,False,1,1,True,p,16384,0,0,0,
dflow,GridViewState,GridViewState_pkey,"CREATE UNIQUE INDEX ""GridViewState_pkey"" ON dflow.""GridViewState"" USING btree (id)",True,True,True,True,False,False,1,1,True,p,16384,0,0,0,
dflow,LicenseFeedBacks,LicenseFeedBacks_pkey,"CREATE UNIQUE INDEX ""LicenseFeedBacks_pkey"" ON dflow.""LicenseFeedBacks"" USING btree (id)",True,True,True,True,False,False,1,1,True,p,16384,0,0,0,
dflow,LicensingTime,LicensingTime_pkey,"CREATE UNIQUE INDEX ""LicensingTime_pkey"" ON dflow.""LicensingTime"" USING btree (id)",True,True,True,True,False,False,1,1,True,p,16384,0,0,0,
dflow,LicensingTimes,LicensingTimes_pkey,"CREATE UNIQUE INDEX ""LicensingTimes_pkey"" ON dflow.""LicensingTimes"" USING btree (id)",True,True,True,True,False,False,1,1,True,p,16384,0,0,0,
dflow,ProductNickname,ProductNickname_pkey,"CREATE UNIQUE INDEX ""ProductNickname_pkey"" ON dflow.""ProductNickname"" USING btree (id)",True,True,True,True,False,False,1,1,True,p,16384,0,0,0,
dflow,RFQContainer,RFQContainer_pkey,"CREATE UNIQUE INDEX ""RFQContainer_pkey"" ON dflow.""RFQContainer"" USING btree (""RFQContainer_id"")",True,True,True,True,False,False,1,1,True,p,16384,88,88,88,2026-09-02 13:56:33.661829-04
dflow,RFQItemStatus,RFQItemStatus_pkey,"CREATE UNIQUE INDEX ""RFQItemStatus_pkey"" ON dflow.""RFQItemStatus"" USING btree (""RFQItemStatus_id"")",True,True,True,True,False,False,1,1,True,p,16384,0,0,0,
dflow,RFQStep,RFQStep_pkey,"CREATE UNIQUE INDEX ""RFQStep_pkey"" ON dflow.""RFQStep"" USING btree (""RFQStep_id"")",True,True,True,True,False,False,1,1,True,p,16384,24,24,24,2026-09-02 13:56:33.661829-04
app,profile,profile_pkey,CREATE UNIQUE INDEX profile_pkey ON app.profile USING btree (id),True,True,True,True,False,False,1,1,True,f,16384,60,87,86,2026-09-02 18:18:48.316939-04
dflow,RFQWhse,RFQWhse_pkey,"CREATE UNIQUE INDEX ""RFQWhse_pkey"" ON dflow.""RFQWhse"" USING btree (""RFQWhse_id"")",True,True,True,True,False,False,1,1,True,p,16384,0,0,0,
dflow,RolePermissions,RolePermissions_RoleId_UserId_ElementId_key,"CREATE UNIQUE INDEX ""RolePermissions_RoleId_UserId_ElementId_key"" ON dflow.""RolePermissions"" USING btree (""RoleId"", ""UserId"", ""ElementId"")",True,False,True,True,False,False,3,3,True,u,16384,0,0,0,
dflow,RolePermissions,RolePermissions_pkey,"CREATE UNIQUE INDEX ""RolePermissions_pkey"" ON dflow.""RolePermissions"" USING btree (""Id"")",True,True,True,True,False,False,1,1,True,p,16384,0,0,0,
dflow,Roles,Roles_pkey,"CREATE UNIQUE INDEX ""Roles_pkey"" ON dflow.""Roles"" USING btree (""Id"")",True,True,True,True,False,False,1,1,True,p,16384,0,0,0,
dflow,SeasonCode,SeasonCode_pkey,"CREATE UNIQUE INDEX ""SeasonCode_pkey"" ON dflow.""SeasonCode"" USING btree (id)",True,True,True,True,False,False,1,1,True,p,16384,0,0,0,
pim,view_pref,view_pref_profile_id_scope_key,"CREATE UNIQUE INDEX view_pref_profile_id_scope_key ON pim.view_pref USING btree (profile_id, scope)",True,False,True,True,False,False,2,2,True,u,16384,3,0,0,2026-09-03 16:01:23.314855-04
dflow,externalApi,externalApi_pkey,"CREATE UNIQUE INDEX ""externalApi_pkey"" ON dflow.""externalApi"" USING btree (""externalApi_id"")",True,True,True,True,False,False,1,1,True,p,16384,0,0,0,
dflow,grid_cell_notes,grid_cell_notes_pkey,CREATE UNIQUE INDEX grid_cell_notes_pkey ON dflow.grid_cell_notes USING btree (id),True,True,True,True,False,False,1,1,True,p,16384,0,0,0,
dflow,groups,groups_pkey,CREATE UNIQUE INDEX groups_pkey ON dflow.groups USING btree (id),True,True,True,True,False,False,1,1,True,p,16384,0,0,0,
dflow,itemDepth,itemDepth_pkey,"CREATE UNIQUE INDEX ""itemDepth_pkey"" ON dflow.""itemDepth"" USING btree (""itemDepth_id"")",True,True,True,True,False,False,1,1,True,p,16384,432,432,432,2026-09-02 13:56:33.661829-04
pim,view_pref,view_pref_pkey,CREATE UNIQUE INDEX view_pref_pkey ON pim.view_pref USING btree (id),True,True,True,True,False,False,1,1,True,p,16384,0,0,0,
app,role,role_pkey,CREATE UNIQUE INDEX role_pkey ON app.role USING btree (id),True,True,True,True,False,False,1,1,True,f,16384,60,60,60,2026-09-03 16:03:26.10708-04
dflow,itemLicenseImage,itemLicenseImage_pkey,"CREATE UNIQUE INDEX ""itemLicenseImage_pkey"" ON dflow.""itemLicenseImage"" USING btree (id)",True,True,True,True,False,False,1,1,True,p,16384,0,0,0,
app,profile,profile_pkey,CREATE UNIQUE INDEX profile_pkey ON app.profile USING btree (id),True,True,True,True,False,False,1,1,True,f,16384,60,87,86,2026-09-02 18:18:48.316939-04
dflow,itemType,itemType_pkey,"CREATE UNIQUE INDEX ""itemType_pkey"" ON dflow.""itemType"" USING btree (item_type_id)",True,True,True,True,False,False,1,1,True,p,16384,0,0,0,
pim,saved_view,saved_view_pkey,CREATE UNIQUE INDEX saved_view_pkey ON pim.saved_view USING btree (id),True,True,True,True,False,False,1,1,True,p,16384,0,0,0,
app,profile,profile_pkey,CREATE UNIQUE INDEX profile_pkey ON app.profile USING btree (id),True,True,True,True,False,False,1,1,True,f,16384,60,87,86,2026-09-02 18:18:48.316939-04
dflow,licenseList,licenseList_pkey,"CREATE UNIQUE INDEX ""licenseList_pkey"" ON dflow.""licenseList"" USING btree (""licenseList_id"")",True,True,True,True,False,False,1,1,True,p,16384,0,0,0,
dflow,licensingFeedbackReply,licensingFeedbackReply_pkey,"CREATE UNIQUE INDEX ""licensingFeedbackReply_pkey"" ON dflow.""licensingFeedbackReply"" USING btree (id)",True,True,True,True,False,False,1,1,True,p,16384,0,0,0,
dflow,licensingMilestone,licensingMilestone_pkey,"CREATE UNIQUE INDEX ""licensingMilestone_pkey"" ON dflow.""licensingMilestone"" USING btree (id)",True,True,True,True,False,False,1,1,True,p,16384,0,0,0,
dflow,merchGroupHeaders,merchGroupHeaders_pkey,"CREATE UNIQUE INDEX ""merchGroupHeaders_pkey"" ON dflow.""merchGroupHeaders"" USING btree (id)",True,True,True,True,False,False,1,1,True,p,16384,0,0,0,
dflow,product_category,product_category_pkey,CREATE UNIQUE INDEX product_category_pkey ON dflow.product_category USING btree (id),True,True,True,True,False,False,1,1,True,p,16384,0,0,0,
dflow,licensingMilestone,unique_item_stage_designflow_1774369813518,"CREATE UNIQUE INDEX unique_item_stage_designflow_1774369813518 ON dflow.""licensingMilestone"" USING btree (itemheader_id_fk, stage)",True,False,True,True,False,False,2,2,True,u,16384,0,0,0,
dflow,users,users_pkey,CREATE UNIQUE INDEX users_pkey ON dflow.users USING btree (id),True,True,True,True,False,False,1,1,True,p,16384,55,57,55,2026-09-02 15:58:55.478535-04
dflow,vendorGroup,vendorGroup_pkey,"CREATE UNIQUE INDEX ""vendorGroup_pkey"" ON dflow.""vendorGroup"" USING btree (id)",True,True,True,True,False,False,1,1,True,p,16384,0,0,0,
dflow,vendor,vendor_pkey,CREATE UNIQUE INDEX vendor_pkey ON dflow.vendor USING btree (vendor_id),True,True,True,True,False,False,1,1,True,p,16384,0,0,0,
dflow,UIElements,UIElements_pkey,"CREATE UNIQUE INDEX ""UIElements_pkey"" ON dflow.""UIElements"" USING btree (""Id"")",True,True,True,True,False,False,1,1,True,f,16384,0,0,0,
dflow,Roles,Roles_pkey,"CREATE UNIQUE INDEX ""Roles_pkey"" ON dflow.""Roles"" USING btree (""Id"")",True,True,True,True,False,False,1,1,True,f,16384,0,0,0,
dflow,users,users_pkey,CREATE UNIQUE INDEX users_pkey ON dflow.users USING btree (id),True,True,True,True,False,False,1,1,True,f,16384,55,57,55,2026-09-02 15:58:55.478535-04
dflow,UIElements,UIElements_pkey,"CREATE UNIQUE INDEX ""UIElements_pkey"" ON dflow.""UIElements"" USING btree (""Id"")",True,True,True,True,False,False,1,1,True,f,16384,0,0,0,
dflow,users,users_pkey,CREATE UNIQUE INDEX users_pkey ON dflow.users USING btree (id),True,True,True,True,False,False,1,1,True,f,16384,55,57,55,2026-09-02 15:58:55.478535-04
dflow,users,users_pkey,CREATE UNIQUE INDEX users_pkey ON dflow.users USING btree (id),True,True,True,True,False,False,1,1,True,f,16384,55,57,55,2026-09-02 15:58:55.478535-04
dflow,companyCode,companyCode_pkey,"CREATE UNIQUE INDEX ""companyCode_pkey"" ON dflow.""companyCode"" USING btree (""comCode_id"")",True,True,True,True,False,False,1,1,True,f,16384,0,0,0,
dflow,users,users_pkey,CREATE UNIQUE INDEX users_pkey ON dflow.users USING btree (id),True,True,True,True,False,False,1,1,True,f,16384,55,57,55,2026-09-02 15:58:55.478535-04
dflow,divisionCode,DivisionCode_pkey,"CREATE UNIQUE INDEX ""DivisionCode_pkey"" ON dflow.""divisionCode"" USING btree (""divCode_id"")",True,True,True,True,False,False,1,1,True,f,16384,0,0,0,
dflow,users,users_pkey,CREATE UNIQUE INDEX users_pkey ON dflow.users USING btree (id),True,True,True,True,False,False,1,1,True,f,16384,55,57,55,2026-09-02 15:58:55.478535-04
dflow,users,users_pkey,CREATE UNIQUE INDEX users_pkey ON dflow.users USING btree (id),True,True,True,True,False,False,1,1,True,f,16384,55,57,55,2026-09-02 15:58:55.478535-04
dflow,divisionCode,DivisionCode_pkey,"CREATE UNIQUE INDEX ""DivisionCode_pkey"" ON dflow.""divisionCode"" USING btree (""divCode_id"")",True,True,True,True,False,False,1,1,True,f,16384,0,0,0,
dflow,SeasonCode,SeasonCode_pkey,"CREATE UNIQUE INDEX ""SeasonCode_pkey"" ON dflow.""SeasonCode"" USING btree (id)",True,True,True,True,False,False,1,1,True,f,16384,0,0,0,
dflow,users,users_pkey,CREATE UNIQUE INDEX users_pkey ON dflow.users USING btree (id),True,True,True,True,False,False,1,1,True,f,16384,55,57,55,2026-09-02 15:58:55.478535-04
dflow,users,users_pkey,CREATE UNIQUE INDEX users_pkey ON dflow.users USING btree (id),True,True,True,True,False,False,1,1,True,f,16384,55,57,55,2026-09-02 15:58:55.478535-04
dflow,divisionCode,DivisionCode_pkey,"CREATE UNIQUE INDEX ""DivisionCode_pkey"" ON dflow.""divisionCode"" USING btree (""divCode_id"")",True,True,True,True,False,False,1,1,True,f,16384,0,0,0,
dflow,users,users_pkey,CREATE UNIQUE INDEX users_pkey ON dflow.users USING btree (id),True,True,True,True,False,False,1,1,True,f,16384,55,57,55,2026-09-02 15:58:55.478535-04
dflow,users,users_pkey,CREATE UNIQUE INDEX users_pkey ON dflow.users USING btree (id),True,True,True,True,False,False,1,1,True,f,16384,55,57,55,2026-09-02 15:58:55.478535-04
dflow,users,users_pkey,CREATE UNIQUE INDEX users_pkey ON dflow.users USING btree (id),True,True,True,True,False,False,1,1,True,f,16384,55,57,55,2026-09-02 15:58:55.478535-04
dflow,artist_types,artist_types_pkey,CREATE UNIQUE INDEX artist_types_pkey ON dflow.artist_types USING btree (id),True,True,True,True,False,False,1,1,True,f,16384,0,0,0,
dflow,users,users_pkey,CREATE UNIQUE INDEX users_pkey ON dflow.users USING btree (id),True,True,True,True,False,False,1,1,True,f,16384,55,57,55,2026-09-02 15:58:55.478535-04
dflow,divisionCode,DivisionCode_pkey,"CREATE UNIQUE INDEX ""DivisionCode_pkey"" ON dflow.""divisionCode"" USING btree (""divCode_id"")",True,True,True,True,False,False,1,1,True,f,16384,0,0,0,
dflow,users,users_pkey,CREATE UNIQUE INDEX users_pkey ON dflow.users USING btree (id),True,True,True,True,False,False,1,1,True,f,16384,55,57,55,2026-09-02 15:58:55.478535-04
pim,product_link,product_link_from_product_id_to_product_id_link_type_key,"CREATE UNIQUE INDEX product_link_from_product_id_to_product_id_link_type_key ON pim.product_link USING btree (from_product_id, to_product_id, link_type)",True,False,True,True,False,False,3,3,True,u,16384,0,0,0,
pim,product_link,product_link_pkey,CREATE UNIQUE INDEX product_link_pkey ON pim.product_link USING btree (id),True,True,True,True,False,False,1,1,True,p,16384,0,0,0,
dflow,groups,groups_pkey,CREATE UNIQUE INDEX groups_pkey ON dflow.groups USING btree (id),True,True,True,True,False,False,1,1,True,f,16384,0,0,0,
dflow,licenseList,licenseList_pkey,"CREATE UNIQUE INDEX ""licenseList_pkey"" ON dflow.""licenseList"" USING btree (""licenseList_id"")",True,True,True,True,False,False,1,1,True,f,16384,0,0,0,
dflow,licenseList,licenseList_pkey,"CREATE UNIQUE INDEX ""licenseList_pkey"" ON dflow.""licenseList"" USING btree (""licenseList_id"")",True,True,True,True,False,False,1,1,True,f,16384,0,0,0,
core,creative_designer,creative_designer_pkey,CREATE UNIQUE INDEX creative_designer_pkey ON core.creative_designer USING btree (id),True,True,True,True,False,False,1,1,True,p,16384,1813,1813,1813,2026-09-04 17:16:04.206478-04
core,creative_designer,creative_designer_name_unique,CREATE UNIQUE INDEX creative_designer_name_unique ON core.creative_designer USING btree (normalized_name),True,False,True,True,False,False,1,1,True,u,16384,0,0,0,
core,technical_designer,technical_designer_pkey,CREATE UNIQUE INDEX technical_designer_pkey ON core.technical_designer USING btree (id),True,True,True,True,False,False,1,1,True,p,16384,0,0,0,
core,technical_designer,technical_designer_name_unique,CREATE UNIQUE INDEX technical_designer_name_unique ON core.technical_designer USING btree (normalized_name),True,False,True,True,False,False,1,1,True,u,16384,0,0,0,
core,freelance_designer,freelance_designer_pkey,CREATE UNIQUE INDEX freelance_designer_pkey ON core.freelance_designer USING btree (id),True,True,True,True,False,False,1,1,True,p,16384,0,0,0,
core,freelance_designer,freelance_designer_name_unique,CREATE UNIQUE INDEX freelance_designer_name_unique ON core.freelance_designer USING btree (normalized_name),True,False,True,True,False,False,1,1,True,u,16384,0,0,0,
core,artist,artist_pkey,CREATE UNIQUE INDEX artist_pkey ON core.artist USING btree (id),True,True,True,True,False,False,1,1,True,p,16384,0,0,0,
core,artist,artist_name_unique,CREATE UNIQUE INDEX artist_name_unique ON core.artist USING btree (normalized_name),True,False,True,True,False,False,1,1,True,u,16384,0,0,0,
core,artist,artist_pkey,CREATE UNIQUE INDEX artist_pkey ON core.artist USING btree (id),True,True,True,True,False,False,1,1,True,f,16384,0,0,0,
crm,factory_ext,factory_ext_pkey,CREATE UNIQUE INDEX factory_ext_pkey ON crm.factory_ext USING btree (factory_id),True,True,True,True,False,False,1,1,True,p,16384,0,0,0,
core,creative_designer,creative_designer_pkey,CREATE UNIQUE INDEX creative_designer_pkey ON core.creative_designer USING btree (id),True,True,True,True,False,False,1,1,True,f,16384,1813,1813,1813,2026-09-04 17:16:04.206478-04
pim,customer_ext,customer_ext_pkey,CREATE UNIQUE INDEX customer_ext_pkey ON pim.customer_ext USING btree (customer_id),True,True,True,True,False,False,1,1,True,p,16384,0,0,0,
auth,users,users_pkey,CREATE UNIQUE INDEX users_pkey ON auth.users USING btree (id),True,True,True,True,False,False,1,1,True,f,16384,40417,40499,40417,2026-09-04 17:22:29.369229-04
public,profiles,profiles_pkey,CREATE UNIQUE INDEX profiles_pkey ON public.profiles USING btree (user_id),True,True,True,True,False,False,1,1,True,f,16384,3,2,2,2026-09-01 15:35:38.000466-04
public,profiles,profiles_pkey,CREATE UNIQUE INDEX profiles_pkey ON public.profiles USING btree (user_id),True,True,True,True,False,False,1,1,True,f,16384,3,2,2,2026-09-01 15:35:38.000466-04
plm,nbcu_capture,nbcu_capture_pkey,CREATE UNIQUE INDEX nbcu_capture_pkey ON plm.nbcu_capture USING btree (id),True,True,True,True,False,False,1,1,True,f,16384,20,20,20,2026-09-02 22:13:22.799009-04
app,profile,profile_pkey,CREATE UNIQUE INDEX profile_pkey ON app.profile USING btree (id),True,True,True,True,False,False,1,1,True,f,16384,60,87,86,2026-09-02 18:18:48.316939-04
core,product_material,product_material_pkey,CREATE UNIQUE INDEX product_material_pkey ON core.product_material USING btree (id),True,True,True,True,False,False,1,1,True,p,16384,0,0,0,
core,product_material,product_material_product_type_id_product_subtype_id_name_key,"CREATE UNIQUE INDEX product_material_product_type_id_product_subtype_id_name_key ON core.product_material USING btree (product_type_id, product_subtype_id, name) NULLS NOT DISTINCT",True,False,True,True,False,False,3,3,True,u,16384,0,0,0,
core,packaging_type,packaging_type_pkey,CREATE UNIQUE INDEX packaging_type_pkey ON core.packaging_type USING btree (id),True,True,True,True,False,False,1,1,True,p,16384,0,0,0,
dflow,productUserAssignment,productUserAssignment_pkey,"CREATE UNIQUE INDEX ""productUserAssignment_pkey"" ON dflow.""productUserAssignment"" USING btree (id)",True,True,True,True,False,False,1,1,True,p,16384,0,0,0,
dflow,productUserAssignment,productUserAssignment_item_role_key,"CREATE UNIQUE INDEX ""productUserAssignment_item_role_key"" ON dflow.""productUserAssignment"" USING btree (item_id_fk, role)",True,False,True,True,False,False,2,2,True,u,16384,2,0,0,2026-09-02 08:23:55.679331-04
app,profile,profile_pkey,CREATE UNIQUE INDEX profile_pkey ON app.profile USING btree (id),True,True,True,True,False,False,1,1,True,f,16384,60,87,86,2026-09-02 18:18:48.316939-04
dflow,users,users_pkey,CREATE UNIQUE INDEX users_pkey ON dflow.users USING btree (id),True,True,True,True,False,False,1,1,True,f,16384,55,57,55,2026-09-02 15:58:55.478535-04
plm,production_lane_canary,production_lane_canary_pkey,CREATE UNIQUE INDEX production_lane_canary_pkey ON plm.production_lane_canary USING btree (id),True,True,True,True,False,False,1,1,True,p,16384,0,0,0,
designflow_frozen_20260710,Factory,Factory_pkey,"CREATE UNIQUE INDEX ""Factory_pkey"" ON designflow_frozen_20260710.""Factory"" USING btree (id)",True,True,True,True,False,False,1,1,True,p,16384,0,0,0,
plm,LicenseFeedBacks,LicenseFeedBacks_pkey,"CREATE UNIQUE INDEX ""LicenseFeedBacks_pkey"" ON plm.""LicenseFeedBacks"" USING btree (id)",True,True,True,True,False,False,1,1,True,p,16384,0,0,0,
core,factory_alias,factory_alias_pkey,CREATE UNIQUE INDEX factory_alias_pkey ON core.factory_alias USING btree (id),True,True,True,True,False,False,1,1,True,p,16384,0,0,0,
designflow_frozen_20260710,Roles,Roles_pkey,"CREATE UNIQUE INDEX ""Roles_pkey"" ON designflow_frozen_20260710.""Roles"" USING btree (""Id"")",True,True,True,True,False,False,1,1,True,p,16384,0,0,0,
pim,factory_ext,factory_ext_pkey,CREATE UNIQUE INDEX factory_ext_pkey ON pim.factory_ext USING btree (factory_id),True,True,True,True,False,False,1,1,True,p,16384,0,0,0,
designflow_frozen_20260710,artists,artists_pkey,CREATE UNIQUE INDEX artists_pkey ON designflow_frozen_20260710.artists USING btree (id),True,True,True,True,False,False,1,1,True,p,16384,0,0,0,
designflow_frozen_20260710,comments,comments_pkey,CREATE UNIQUE INDEX comments_pkey ON designflow_frozen_20260710.comments USING btree (id),True,True,True,True,False,False,1,1,True,p,16384,0,0,0,
designflow_frozen_20260710,customers,customers_pkey,CREATE UNIQUE INDEX customers_pkey ON designflow_frozen_20260710.customers USING btree (customers_id),True,True,True,True,False,False,1,1,True,p,16384,0,0,0,
plm,merch_group_header,merch_group_header_pkey,"CREATE UNIQUE INDEX merch_group_header_pkey ON plm.merch_group_header USING btree (company_code, division_code, mg_type_code)",True,True,True,True,False,False,3,3,True,p,16384,0,0,0,
app,profile,profile_pkey,CREATE UNIQUE INDEX profile_pkey ON app.profile USING btree (id),True,True,True,True,False,False,1,1,True,f,16384,60,87,86,2026-09-02 18:18:48.316939-04
pim,product_submission,product_submission_pkey,CREATE UNIQUE INDEX product_submission_pkey ON pim.product_submission USING btree (id),True,True,True,True,False,False,1,1,True,f,16384,0,0,0,
ingest,sync_run,sync_run_pkey,CREATE UNIQUE INDEX sync_run_pkey ON ingest.sync_run USING btree (id),True,True,True,True,False,False,1,1,True,f,16384,0,0,0,
designflow_frozen_20260710,product_category,product_category_pkey,CREATE UNIQUE INDEX product_category_pkey ON designflow_frozen_20260710.product_category USING btree (id),True,True,True,True,False,False,1,1,True,p,16384,0,0,0,
core,licenseList,licenseList_pkey,"CREATE UNIQUE INDEX ""licenseList_pkey"" ON core.""licenseList"" USING btree (""licenseList_id"")",True,True,True,True,False,False,1,1,True,p,16384,0,0,0,
core,merchGroupHeaders,merchGroupHeaders_pkey,"CREATE UNIQUE INDEX ""merchGroupHeaders_pkey"" ON core.""merchGroupHeaders"" USING btree (id)",True,True,True,True,False,False,1,1,True,p,16384,0,0,0,
core,vendor,vendor_pkey,CREATE UNIQUE INDEX vendor_pkey ON core.vendor USING btree (vendor_id),True,True,True,True,False,False,1,1,True,p,16384,0,0,0,
core,vendorGroup,vendorGroup_pkey,"CREATE UNIQUE INDEX ""vendorGroup_pkey"" ON core.""vendorGroup"" USING btree (id)",True,True,True,True,False,False,1,1,True,p,16384,0,0,0,
app,users,users_pkey,CREATE UNIQUE INDEX users_pkey ON app.users USING btree (id),True,True,True,True,False,False,1,1,True,p,16384,0,0,0,
app,users,users_pkey,CREATE UNIQUE INDEX users_pkey ON app.users USING btree (id),True,True,True,True,False,False,1,1,True,f,16384,0,0,0,
plm,divisionCode,DivisionCode_pkey,"CREATE UNIQUE INDEX ""DivisionCode_pkey"" ON plm.""divisionCode"" USING btree (""divCode_id"")",True,True,True,True,False,False,1,1,True,f,16384,0,0,0,
plm,SeasonCode,SeasonCode_pkey,"CREATE UNIQUE INDEX ""SeasonCode_pkey"" ON plm.""SeasonCode"" USING btree (id)",True,True,True,True,False,False,1,1,True,f,16384,0,0,0,
app,users,users_pkey,CREATE UNIQUE INDEX users_pkey ON app.users USING btree (id),True,True,True,True,False,False,1,1,True,f,16384,0,0,0,
core,licensor,licensor_pkey,CREATE UNIQUE INDEX licensor_pkey ON core.licensor USING btree (id),True,True,True,True,False,False,1,1,True,f,16384,4314,4314,4314,2026-09-04 17:16:04.527943-04
core,licensor,licensor_pkey,CREATE UNIQUE INDEX licensor_pkey ON core.licensor USING btree (id),True,True,True,True,False,False,1,1,True,f,16384,4314,4314,4314,2026-09-04 17:16:04.527943-04
ingest,sync_run,sync_run_pkey,CREATE UNIQUE INDEX sync_run_pkey ON ingest.sync_run USING btree (id),True,True,True,True,False,False,1,1,True,f,16384,0,0,0,
core,artist_types,artist_types_pkey,CREATE UNIQUE INDEX artist_types_pkey ON core.artist_types USING btree (id),True,True,True,True,False,False,1,1,True,f,16384,0,0,0,
app,users,users_pkey,CREATE UNIQUE INDEX users_pkey ON app.users USING btree (id),True,True,True,True,False,False,1,1,True,f,16384,0,0,0,
plm,divisionCode,DivisionCode_pkey,"CREATE UNIQUE INDEX ""DivisionCode_pkey"" ON plm.""divisionCode"" USING btree (""divCode_id"")",True,True,True,True,False,False,1,1,True,f,16384,0,0,0,
app,users,users_pkey,CREATE UNIQUE INDEX users_pkey ON app.users USING btree (id),True,True,True,True,False,False,1,1,True,f,16384,0,0,0,
plm,groups,groups_pkey,CREATE UNIQUE INDEX groups_pkey ON plm.groups USING btree (id),True,True,True,True,False,False,1,1,True,f,16384,0,0,0,
dam,customer_ext,customer_ext_pkey,CREATE UNIQUE INDEX customer_ext_pkey ON dam.customer_ext USING btree (customer_id),True,True,True,True,False,False,1,1,True,p,16384,0,0,0,
dflow,sample_box,sample_box_pkey,CREATE UNIQUE INDEX sample_box_pkey ON dflow.sample_box USING btree (box_id_pk),True,True,True,True,False,False,1,1,True,p,16384,0,0,0,
dflow,sample,sample_pkey,CREATE UNIQUE INDEX sample_pkey ON dflow.sample USING btree (sample_id_pk),True,True,True,True,False,False,1,1,True,p,16384,0,0,0,
dflow,sample_event,sample_event_pkey,CREATE UNIQUE INDEX sample_event_pkey ON dflow.sample_event USING btree (event_id_pk),True,True,True,True,False,False,1,1,True,p,16384,0,0,0,
dflow,sample_attachment,sample_attachment_pkey,CREATE UNIQUE INDEX sample_attachment_pkey ON dflow.sample_attachment USING btree (sample_attachment_id),True,True,True,True,False,False,1,1,True,p,16384,0,0,0,
dflow,sample_box,sample_box_pkey,CREATE UNIQUE INDEX sample_box_pkey ON dflow.sample_box USING btree (box_id_pk),True,True,True,True,False,False,1,1,True,f,16384,0,0,0,
dflow,sample,sample_pkey,CREATE UNIQUE INDEX sample_pkey ON dflow.sample USING btree (sample_id_pk),True,True,True,True,False,False,1,1,True,f,16384,0,0,0,
app,users,users_pkey,CREATE UNIQUE INDEX users_pkey ON app.users USING btree (id),True,True,True,True,False,False,1,1,True,f,16384,0,0,0,
core,age_group,age_group_pkey,CREATE UNIQUE INDEX age_group_pkey ON core.age_group USING btree (id),True,True,True,True,False,False,1,1,True,p,16384,0,0,0,
app,users,users_pkey,CREATE UNIQUE INDEX users_pkey ON app.users USING btree (id),True,True,True,True,False,False,1,1,True,f,16384,0,0,0,
core,art_types,art_types_code_key,CREATE UNIQUE INDEX art_types_code_key ON core.art_types USING btree (code),True,False,True,True,False,False,1,1,True,u,16384,0,0,0,
app,users,users_pkey,CREATE UNIQUE INDEX users_pkey ON app.users USING btree (id),True,True,True,True,False,False,1,1,True,f,16384,0,0,0,
plm,divisionCode,DivisionCode_pkey,"CREATE UNIQUE INDEX ""DivisionCode_pkey"" ON plm.""divisionCode"" USING btree (""divCode_id"")",True,True,True,True,False,False,1,1,True,f,16384,0,0,0,
core,art_types,art_types_name_key,CREATE UNIQUE INDEX art_types_name_key ON core.art_types USING btree (name),True,False,True,True,False,False,1,1,True,u,16384,0,0,0,
core,art_types,art_types_pkey,CREATE UNIQUE INDEX art_types_pkey ON core.art_types USING btree (id),True,True,True,True,False,False,1,1,True,p,16384,0,0,0,
app,users,users_pkey,CREATE UNIQUE INDEX users_pkey ON app.users USING btree (id),True,True,True,True,False,False,1,1,True,f,16384,0,0,0,
core,artist_types,artist_types_code_key,CREATE UNIQUE INDEX artist_types_code_key ON core.artist_types USING btree (code),True,False,True,True,False,False,1,1,True,u,16384,0,0,0,
app,users,users_pkey,CREATE UNIQUE INDEX users_pkey ON app.users USING btree (id),True,True,True,True,False,False,1,1,True,f,16384,0,0,0,
core,artist_types,artist_types_pkey,CREATE UNIQUE INDEX artist_types_pkey ON core.artist_types USING btree (id),True,True,True,True,False,False,1,1,True,p,16384,0,0,0,
app,users,users_pkey,CREATE UNIQUE INDEX users_pkey ON app.users USING btree (id),True,True,True,True,False,False,1,1,True,f,16384,0,0,0,
app,AdditionalUserEmail,AdditionalUserEmail_pkey,"CREATE UNIQUE INDEX ""AdditionalUserEmail_pkey"" ON app.""AdditionalUserEmail"" USING btree (id)",True,True,True,True,False,False,1,1,True,p,16384,0,0,0,
app,ai_cache_events,ai_cache_events_pkey,CREATE UNIQUE INDEX ai_cache_events_pkey ON app.ai_cache_events USING btree (id),True,True,True,True,False,False,1,1,True,p,16384,0,0,0,
app,app_settings,app_settings_pkey,CREATE UNIQUE INDEX app_settings_pkey ON app.app_settings USING btree (key),True,True,True,True,False,False,1,1,True,p,16384,0,0,0,
pim,product_sample,product_sample_external_source_external_id_key,"CREATE UNIQUE INDEX product_sample_external_source_external_id_key ON pim.product_sample USING btree (external_source, external_id) NULLS NOT DISTINCT",True,False,True,True,False,False,2,2,True,u,16384,0,0,0,
pim,product_sample,product_sample_pkey,CREATE UNIQUE INDEX product_sample_pkey ON pim.product_sample USING btree (id),True,True,True,True,False,False,1,1,True,p,16384,0,0,0,
app,UIElements,UIElements_pkey,"CREATE UNIQUE INDEX ""UIElements_pkey"" ON app.""UIElements"" USING btree (""Id"")",True,True,True,True,False,False,1,1,True,f,16384,0,0,0,
app,RolePermissions,RolePermissions_RoleId_UserId_ElementId_key,"CREATE UNIQUE INDEX ""RolePermissions_RoleId_UserId_ElementId_key"" ON app.""RolePermissions"" USING btree (""RoleId"", ""UserId"", ""ElementId"")",True,False,True,True,False,False,3,3,True,u,16384,0,0,0,
designflow_frozen_20260710,Roles,Roles_pkey,"CREATE UNIQUE INDEX ""Roles_pkey"" ON designflow_frozen_20260710.""Roles"" USING btree (""Id"")",True,True,True,True,False,False,1,1,True,f,16384,0,0,0,
app,users,users_pkey,CREATE UNIQUE INDEX users_pkey ON app.users USING btree (id),True,True,True,True,False,False,1,1,True,f,16384,0,0,0,
app,RolePermissions,RolePermissions_pkey,"CREATE UNIQUE INDEX ""RolePermissions_pkey"" ON app.""RolePermissions"" USING btree (""Id"")",True,True,True,True,False,False,1,1,True,p,16384,0,0,0,
app,UIElements,UIElements_pkey,"CREATE UNIQUE INDEX ""UIElements_pkey"" ON app.""UIElements"" USING btree (""Id"")",True,True,True,True,False,False,1,1,True,f,16384,0,0,0,
app,UIElements,UIElements_pkey,"CREATE UNIQUE INDEX ""UIElements_pkey"" ON app.""UIElements"" USING btree (""Id"")",True,True,True,True,False,False,1,1,True,p,16384,0,0,0,
plm,companyCode,companyCode_pkey,"CREATE UNIQUE INDEX ""companyCode_pkey"" ON plm.""companyCode"" USING btree (""comCode_id"")",True,True,True,True,False,False,1,1,True,f,16384,0,0,0,
app,users,users_pkey,CREATE UNIQUE INDEX users_pkey ON app.users USING btree (id),True,True,True,True,False,False,1,1,True,f,16384,0,0,0,
plm,divisionCode,DivisionCode_pkey,"CREATE UNIQUE INDEX ""DivisionCode_pkey"" ON plm.""divisionCode"" USING btree (""divCode_id"")",True,True,True,True,False,False,1,1,True,f,16384,0,0,0,
app,users,users_pkey,CREATE UNIQUE INDEX users_pkey ON app.users USING btree (id),True,True,True,True,False,False,1,1,True,f,16384,0,0,0,
plm,companyCode,companyCode_pkey,"CREATE UNIQUE INDEX ""companyCode_pkey"" ON plm.""companyCode"" USING btree (""comCode_id"")",True,True,True,True,False,False,1,1,True,p,16384,0,0,0,
plm,deliveryLocation,deliveryLocation_pkey,"CREATE UNIQUE INDEX ""deliveryLocation_pkey"" ON plm.""deliveryLocation"" USING btree (""deliveryLocation_id"")",True,True,True,True,False,False,1,1,True,p,16384,102,102,102,2026-09-02 15:51:53.009015-04
plm,DesignTeamTimes,DesignTeamTimes_pkey,"CREATE UNIQUE INDEX ""DesignTeamTimes_pkey"" ON plm.""DesignTeamTimes"" USING btree (id)",True,True,True,True,False,False,1,1,True,p,16384,0,0,0,
plm,divisionCode,DivisionCode_pkey,"CREATE UNIQUE INDEX ""DivisionCode_pkey"" ON plm.""divisionCode"" USING btree (""divCode_id"")",True,True,True,True,False,False,1,1,True,p,16384,0,0,0,
plm,externalApi,externalApi_pkey,"CREATE UNIQUE INDEX ""externalApi_pkey"" ON plm.""externalApi"" USING btree (""externalApi_id"")",True,True,True,True,False,False,1,1,True,p,16384,0,0,0,
plm,FactoryTimes,FactoryTimes_pkey,"CREATE UNIQUE INDEX ""FactoryTimes_pkey"" ON plm.""FactoryTimes"" USING btree (id)",True,True,True,True,False,False,1,1,True,p,16384,0,0,0,
plm,FOBCountry,FOBCountry_pkey,"CREATE UNIQUE INDEX ""FOBCountry_pkey"" ON plm.""FOBCountry"" USING btree (""FOBCountry_id"")",True,True,True,True,False,False,1,1,True,p,16384,0,0,0,
plm,grid_cell_notes,grid_cell_notes_pkey,CREATE UNIQUE INDEX grid_cell_notes_pkey ON plm.grid_cell_notes USING btree (id),True,True,True,True,False,False,1,1,True,p,16384,0,0,0,
plm,GridChildrenLayout,GridChildrenLayout_pkey,"CREATE UNIQUE INDEX ""GridChildrenLayout_pkey"" ON plm.""GridChildrenLayout"" USING btree (field)",True,True,True,True,False,False,1,1,True,p,16384,0,0,0,
plm,GridChildrenLayoutOrder,GridChildrenLayoutOrder_pkey,"CREATE UNIQUE INDEX ""GridChildrenLayoutOrder_pkey"" ON plm.""GridChildrenLayoutOrder"" USING btree (id)",True,True,True,True,False,False,1,1,True,p,16384,0,0,0,
plm,GridViewState,GridViewState_pkey,"CREATE UNIQUE INDEX ""GridViewState_pkey"" ON plm.""GridViewState"" USING btree (id)",True,True,True,True,False,False,1,1,True,p,16384,0,0,0,
plm,groups,groups_pkey,CREATE UNIQUE INDEX groups_pkey ON plm.groups USING btree (id),True,True,True,True,False,False,1,1,True,p,16384,0,0,0,
core,licensor,licensor_pkey,CREATE UNIQUE INDEX licensor_pkey ON core.licensor USING btree (id),True,True,True,True,False,False,1,1,True,f,16384,4314,4314,4314,2026-09-04 17:16:04.527943-04
pim,product_submission,product_submission_external_source_external_id_key,"CREATE UNIQUE INDEX product_submission_external_source_external_id_key ON pim.product_submission USING btree (external_source, external_id) NULLS NOT DISTINCT",True,False,True,True,False,False,2,2,True,u,16384,0,0,0,
pim,product_submission,product_submission_pkey,CREATE UNIQUE INDEX product_submission_pkey ON pim.product_submission USING btree (id),True,True,True,True,False,False,1,1,True,p,16384,0,0,0,
plm,itemDepth,itemDepth_pkey,"CREATE UNIQUE INDEX ""itemDepth_pkey"" ON plm.""itemDepth"" USING btree (""itemDepth_id"")",True,True,True,True,False,False,1,1,True,p,16384,650,890,890,2026-09-02 15:51:53.009015-04
app,profile,profile_pkey,CREATE UNIQUE INDEX profile_pkey ON app.profile USING btree (id),True,True,True,True,False,False,1,1,True,f,16384,60,87,86,2026-09-02 18:18:48.316939-04
plm,itemLicenseImage,itemLicenseImage_pkey,"CREATE UNIQUE INDEX ""itemLicenseImage_pkey"" ON plm.""itemLicenseImage"" USING btree (id)",True,True,True,True,False,False,1,1,True,p,16384,0,0,0,
plm,licensingFeedbackReply,licensingFeedbackReply_pkey,"CREATE UNIQUE INDEX ""licensingFeedbackReply_pkey"" ON plm.""licensingFeedbackReply"" USING btree (id)",True,True,True,True,False,False,1,1,True,p,16384,0,0,0,
plm,licensingMilestone,licensingMilestone_pkey,"CREATE UNIQUE INDEX ""licensingMilestone_pkey"" ON plm.""licensingMilestone"" USING btree (id)",True,True,True,True,False,False,1,1,True,p,16384,0,0,0,
plm,licensingMilestone,unique_item_stage_designflow_1774369813518,"CREATE UNIQUE INDEX unique_item_stage_designflow_1774369813518 ON plm.""licensingMilestone"" USING btree (itemheader_id_fk, stage)",True,False,True,True,False,False,2,2,True,u,16384,0,0,0,
plm,LicensingTime,LicensingTime_pkey,"CREATE UNIQUE INDEX ""LicensingTime_pkey"" ON plm.""LicensingTime"" USING btree (id)",True,True,True,True,False,False,1,1,True,p,16384,0,0,0,
plm,LicensingTimes,LicensingTimes_pkey,"CREATE UNIQUE INDEX ""LicensingTimes_pkey"" ON plm.""LicensingTimes"" USING btree (id)",True,True,True,True,False,False,1,1,True,p,16384,0,0,0,
plm,ProductNickname,ProductNickname_pkey,"CREATE UNIQUE INDEX ""ProductNickname_pkey"" ON plm.""ProductNickname"" USING btree (id)",True,True,True,True,False,False,1,1,True,p,16384,0,0,0,
pim,stage,stage_pkey,CREATE UNIQUE INDEX stage_pkey ON pim.stage USING btree (id),True,True,True,True,False,False,1,1,True,f,16384,6,6,0,2026-09-03 16:01:25.434665-04
app,users,users_pkey,CREATE UNIQUE INDEX users_pkey ON app.users USING btree (id),True,True,True,True,False,False,1,1,True,f,16384,0,0,0,
plm,RFQContainer,RFQContainer_pkey,"CREATE UNIQUE INDEX ""RFQContainer_pkey"" ON plm.""RFQContainer"" USING btree (""RFQContainer_id"")",True,True,True,True,False,False,1,1,True,p,16384,132,132,132,2026-09-02 15:51:53.009015-04
plm,RFQItemStatus,RFQItemStatus_pkey,"CREATE UNIQUE INDEX ""RFQItemStatus_pkey"" ON plm.""RFQItemStatus"" USING btree (""RFQItemStatus_id"")",True,True,True,True,False,False,1,1,True,p,16384,0,0,0,
plm,RFQStep,RFQStep_pkey,"CREATE UNIQUE INDEX ""RFQStep_pkey"" ON plm.""RFQStep"" USING btree (""RFQStep_id"")",True,True,True,True,False,False,1,1,True,p,16384,36,36,36,2026-09-02 15:51:53.009015-04
plm,RFQWhse,RFQWhse_pkey,"CREATE UNIQUE INDEX ""RFQWhse_pkey"" ON plm.""RFQWhse"" USING btree (""RFQWhse_id"")",True,True,True,True,False,False,1,1,True,p,16384,0,0,0,
app,users,users_pkey,CREATE UNIQUE INDEX users_pkey ON app.users USING btree (id),True,True,True,True,False,False,1,1,True,f,16384,0,0,0,
plm,SeasonCode,SeasonCode_pkey,"CREATE UNIQUE INDEX ""SeasonCode_pkey"" ON plm.""SeasonCode"" USING btree (id)",True,True,True,True,False,False,1,1,True,p,16384,0,0,0,
plm,StandardizedGroup,StandardizedGroup_pkey,"CREATE UNIQUE INDEX ""StandardizedGroup_pkey"" ON plm.""StandardizedGroup"" USING btree (id)",True,True,True,True,False,False,1,1,True,p,16384,0,0,0,
plm,StandardizedProductElement,StandardizedProductElement_pkey,"CREATE UNIQUE INDEX ""StandardizedProductElement_pkey"" ON plm.""StandardizedProductElement"" USING btree (id)",True,True,True,True,False,False,1,1,True,p,16384,0,0,0,
plm,StandardizedProductType,StandardizedProduct_pkey,"CREATE UNIQUE INDEX ""StandardizedProduct_pkey"" ON plm.""StandardizedProductType"" USING btree (id)",True,True,True,True,False,False,1,1,True,p,16384,0,0,0,
plm,StandardizedVersion,StandardizedVersion_pkey,"CREATE UNIQUE INDEX ""StandardizedVersion_pkey"" ON plm.""StandardizedVersion"" USING btree (id)",True,True,True,True,False,False,1,1,True,p,16384,0,0,0,
plm,UDFComponent,UDFComponent_pkey,"CREATE UNIQUE INDEX ""UDFComponent_pkey"" ON plm.""UDFComponent"" USING btree (""UDFComponent_id"")",True,True,True,True,False,False,1,1,True,p,16384,0,0,0,
plm,UDFElement,UDFElement_pkey,"CREATE UNIQUE INDEX ""UDFElement_pkey"" ON plm.""UDFElement"" USING btree (""UDFElement_id"")",True,True,True,True,False,False,1,1,True,p,16384,0,0,0,
plm,UDFElementType,UDFElementType_pkey,"CREATE UNIQUE INDEX ""UDFElementType_pkey"" ON plm.""UDFElementType"" USING btree (""UDFElementType_id"")",True,True,True,True,False,False,1,1,True,p,16384,0,0,0,
plm,UDFGroup,UDFGroup_pkey,"CREATE UNIQUE INDEX ""UDFGroup_pkey"" ON plm.""UDFGroup"" USING btree (""UDFGroup_id"")",True,True,True,True,False,False,1,1,True,p,16384,0,0,0,
plm,UDFTable,UDFTable_pkey,"CREATE UNIQUE INDEX ""UDFTable_pkey"" ON plm.""UDFTable"" USING btree (""UDFTable_id"")",True,True,True,True,False,False,1,1,True,p,16384,0,0,0,
dflow,sample,sample_pkey,CREATE UNIQUE INDEX sample_pkey ON dflow.sample USING btree (sample_id_pk),True,True,True,True,False,False,1,1,True,f,16384,0,0,0,
dflow,sample,sample_pkey,CREATE UNIQUE INDEX sample_pkey ON dflow.sample USING btree (sample_id_pk),True,True,True,True,False,False,1,1,True,f,16384,0,0,0,
dam,factory_ext,factory_ext_pkey,CREATE UNIQUE INDEX factory_ext_pkey ON dam.factory_ext USING btree (factory_id),True,True,True,True,False,False,1,1,True,p,16384,0,0,0,
core,channel,channel_pkey,CREATE UNIQUE INDEX channel_pkey ON core.channel USING btree (id),True,True,True,True,False,False,1,1,True,p,16384,0,0,0,
core,channel,core_channel_code_unique,CREATE UNIQUE INDEX core_channel_code_unique ON core.channel USING btree (code),True,False,True,True,False,False,1,1,True,u,16384,0,0,0,
core,channel,core_channel_name_unique,CREATE UNIQUE INDEX core_channel_name_unique ON core.channel USING btree (name),True,False,True,True,False,False,1,1,True,u,16384,0,0,0,
core,customer_channel,customer_channel_pkey,"CREATE UNIQUE INDEX customer_channel_pkey ON core.customer_channel USING btree (customer_id, channel_id)",True,True,True,True,False,False,2,2,True,p,16384,3753,0,0,2026-09-03 09:49:58.413623-04
dflow,sample_shipment_line,sample_shipment_line_pkey,CREATE UNIQUE INDEX sample_shipment_line_pkey ON dflow.sample_shipment_line USING btree (shipment_line_id),True,True,True,True,False,False,1,1,True,p,16384,0,0,0,
dflow,sample_shipment_line,sample_shipment_line_sample_id_fk_idempotency_key_key,"CREATE UNIQUE INDEX sample_shipment_line_sample_id_fk_idempotency_key_key ON dflow.sample_shipment_line USING btree (sample_id_fk, idempotency_key)",True,False,True,True,False,False,2,2,True,u,16384,0,0,0,
dflow,sample,sample_pkey,CREATE UNIQUE INDEX sample_pkey ON dflow.sample USING btree (sample_id_pk),True,True,True,True,False,False,1,1,True,f,16384,0,0,0,
dflow,sample_box,sample_box_pkey,CREATE UNIQUE INDEX sample_box_pkey ON dflow.sample_box USING btree (box_id_pk),True,True,True,True,False,False,1,1,True,f,16384,0,0,0,
dflow,sample_movement,sample_movement_pkey,CREATE UNIQUE INDEX sample_movement_pkey ON dflow.sample_movement USING btree (movement_id),True,True,True,True,False,False,1,1,True,p,16384,0,0,0,
dflow,sample_movement,sample_movement_sample_id_fk_idempotency_key_key,"CREATE UNIQUE INDEX sample_movement_sample_id_fk_idempotency_key_key ON dflow.sample_movement USING btree (sample_id_fk, idempotency_key)",True,False,True,True,False,False,2,2,True,u,16384,0,0,0,
dflow,sample,sample_pkey,CREATE UNIQUE INDEX sample_pkey ON dflow.sample USING btree (sample_id_pk),True,True,True,True,False,False,1,1,True,f,16384,0,0,0,
dflow,sample_box,sample_box_pkey,CREATE UNIQUE INDEX sample_box_pkey ON dflow.sample_box USING btree (box_id_pk),True,True,True,True,False,False,1,1,True,f,16384,0,0,0,
dflow,sample_shipment_line,sample_shipment_line_pkey,CREATE UNIQUE INDEX sample_shipment_line_pkey ON dflow.sample_shipment_line USING btree (shipment_line_id),True,True,True,True,False,False,1,1,True,f,16384,0,0,0,
dflow,sample_movement,sample_movement_pkey,CREATE UNIQUE INDEX sample_movement_pkey ON dflow.sample_movement USING btree (movement_id),True,True,True,True,False,False,1,1,True,f,16384,0,0,0,
dflow,sample,sample_pkey,CREATE UNIQUE INDEX sample_pkey ON dflow.sample USING btree (sample_id_pk),True,True,True,True,False,False,1,1,True,f,16384,0,0,0,
dflow,sample_movement,sample_movement_pkey,CREATE UNIQUE INDEX sample_movement_pkey ON dflow.sample_movement USING btree (movement_id),True,True,True,True,False,False,1,1,True,f,16384,0,0,0,
dflow,sample,sample_pkey,CREATE UNIQUE INDEX sample_pkey ON dflow.sample USING btree (sample_id_pk),True,True,True,True,False,False,1,1,True,f,16384,0,0,0,
dflow,sample_box,sample_box_pkey,CREATE UNIQUE INDEX sample_box_pkey ON dflow.sample_box USING btree (box_id_pk),True,True,True,True,False,False,1,1,True,f,16384,0,0,0,
pim,stage,stage_pkey,CREATE UNIQUE INDEX stage_pkey ON pim.stage USING btree (id),True,True,True,True,False,False,1,1,True,f,16384,6,6,0,2026-09-03 16:01:25.434665-04
core,licensor,licensor_pkey,CREATE UNIQUE INDEX licensor_pkey ON core.licensor USING btree (id),True,True,True,True,False,False,1,1,True,f,16384,4314,4314,4314,2026-09-04 17:16:04.527943-04
core,licensor,licensor_pkey,CREATE UNIQUE INDEX licensor_pkey ON core.licensor USING btree (id),True,True,True,True,False,False,1,1,True,f,16384,4314,4314,4314,2026-09-04 17:16:04.527943-04
dflow,sample_creation_batch,sample_creation_batch_pkey,CREATE UNIQUE INDEX sample_creation_batch_pkey ON dflow.sample_creation_batch USING btree (creation_batch_id),True,True,True,True,False,False,1,1,True,p,16384,0,0,0,
dflow,sample_creation_batch,sample_creation_batch_created_by_user_idempotency_key_key,"CREATE UNIQUE INDEX sample_creation_batch_created_by_user_idempotency_key_key ON dflow.sample_creation_batch USING btree (created_by_user, idempotency_key)",True,False,True,True,False,False,2,2,True,u,16384,0,0,0,
plm,erp_licensor,erp_licensor_pkey,"CREATE UNIQUE INDEX erp_licensor_pkey ON plm.erp_licensor USING btree (company_code, division_code, mg_type_code, mg_code)",True,True,True,True,False,False,4,4,True,p,16384,0,0,0,
core,licensor,licensor_pkey,CREATE UNIQUE INDEX licensor_pkey ON core.licensor USING btree (id),True,True,True,True,False,False,1,1,True,f,16384,4314,4314,4314,2026-09-04 17:16:04.527943-04
ingest,sync_run,sync_run_pkey,CREATE UNIQUE INDEX sync_run_pkey ON ingest.sync_run USING btree (id),True,True,True,True,False,False,1,1,True,f,16384,0,0,0,
plm,merch_group_header,plm_merch_group_header_semantic_key_uidx,"CREATE UNIQUE INDEX plm_merch_group_header_semantic_key_uidx ON plm.merch_group_header USING btree (company_code, division_code, mg_type_code, mg_type_desc)",True,False,True,True,False,False,4,4,True,f,16384,0,0,0,
plm,erp_property,erp_property_pkey,"CREATE UNIQUE INDEX erp_property_pkey ON plm.erp_property USING btree (company_code, division_code, mg_type_code, mg_code)",True,True,True,True,False,False,4,4,True,p,16384,0,0,0,
ingest,sync_run,sync_run_pkey,CREATE UNIQUE INDEX sync_run_pkey ON ingest.sync_run USING btree (id),True,True,True,True,False,False,1,1,True,f,16384,0,0,0,
plm,merch_group_header,plm_merch_group_header_semantic_key_uidx,"CREATE UNIQUE INDEX plm_merch_group_header_semantic_key_uidx ON plm.merch_group_header USING btree (company_code, division_code, mg_type_code, mg_type_desc)",True,False,True,True,False,False,4,4,True,f,16384,0,0,0,
pim,stage,stage_pipeline_code_key,"CREATE UNIQUE INDEX stage_pipeline_code_key ON pim.stage USING btree (pipeline, code) NULLS NOT DISTINCT",True,False,True,True,False,False,2,2,True,u,16384,0,0,0,
plm,pmt_property_capture_log,pmt_property_capture_log_pkey,"CREATE UNIQUE INDEX pmt_property_capture_log_pkey ON plm.pmt_property_capture_log USING btree (capture_id, property_source_id)",True,True,True,True,False,False,2,2,True,p,16384,0,0,0,
plm,taxonomy_resolution_review,taxonomy_resolution_review_pkey,CREATE UNIQUE INDEX taxonomy_resolution_review_pkey ON plm.taxonomy_resolution_review USING btree (id),True,True,True,True,False,False,1,1,True,p,16384,0,0,0,
core,licensor,licensor_pkey,CREATE UNIQUE INDEX licensor_pkey ON core.licensor USING btree (id),True,True,True,True,False,False,1,1,True,f,16384,4314,4314,4314,2026-09-04 17:16:04.527943-04
core,licensor,licensor_pkey,CREATE UNIQUE INDEX licensor_pkey ON core.licensor USING btree (id),True,True,True,True,False,False,1,1,True,f,16384,4314,4314,4314,2026-09-04 17:16:04.527943-04
pim,stage,stage_pkey,CREATE UNIQUE INDEX stage_pkey ON pim.stage USING btree (id),True,True,True,True,False,False,1,1,True,p,16384,6,6,0,2026-09-03 16:01:25.434665-04
core,licensor,licensor_pkey,CREATE UNIQUE INDEX licensor_pkey ON core.licensor USING btree (id),True,True,True,True,False,False,1,1,True,f,16384,4314,4314,4314,2026-09-04 17:16:04.527943-04
auth,users,users_pkey,CREATE UNIQUE INDEX users_pkey ON auth.users USING btree (id),True,True,True,True,False,False,1,1,True,f,16384,40417,40499,40417,2026-09-04 17:22:29.369229-04
auth,users,users_pkey,CREATE UNIQUE INDEX users_pkey ON auth.users USING btree (id),True,True,True,True,False,False,1,1,True,f,16384,40417,40499,40417,2026-09-04 17:22:29.369229-04
plm,wb_capture,wb_capture_pkey,"CREATE UNIQUE INDEX wb_capture_pkey ON plm.wb_capture USING btree (capture_id, chunk_number)",True,True,True,True,False,False,2,2,True,f,16384,1,103,34,2026-08-29 21:39:34.004924-04
app,db_data_admin_feature_gate,db_data_admin_feature_gate_pkey,CREATE UNIQUE INDEX db_data_admin_feature_gate_pkey ON app.db_data_admin_feature_gate USING btree (feature),True,True,True,True,False,False,1,1,True,p,16384,0,0,0,
ingest,sync_run,sync_run_pkey,CREATE UNIQUE INDEX sync_run_pkey ON ingest.sync_run USING btree (id),True,True,True,True,False,False,1,1,True,f,16384,0,0,0,
ingest,sync_run,sync_run_pkey,CREATE UNIQUE INDEX sync_run_pkey ON ingest.sync_run USING btree (id),True,True,True,True,False,False,1,1,True,f,16384,0,0,0,
ingest,sync_run,sync_run_pkey,CREATE UNIQUE INDEX sync_run_pkey ON ingest.sync_run USING btree (id),True,True,True,True,False,False,1,1,True,f,16384,0,0,0,
plm,taxonomy_sync_alert,taxonomy_sync_alert_pkey,CREATE UNIQUE INDEX taxonomy_sync_alert_pkey ON plm.taxonomy_sync_alert USING btree (id),True,True,True,True,False,False,1,1,True,p,16384,4,6,3,2026-09-04 16:55:12.9405-04
ingest,sync_run,sync_run_pkey,CREATE UNIQUE INDEX sync_run_pkey ON ingest.sync_run USING btree (id),True,True,True,True,False,False,1,1,True,f,16384,0,0,0,
plm,taxonomy_circuit_breaker,taxonomy_circuit_breaker_pkey,CREATE UNIQUE INDEX taxonomy_circuit_breaker_pkey ON plm.taxonomy_circuit_breaker USING btree (lane),True,True,True,True,False,False,1,1,True,p,16384,0,0,0,
plm,taxonomy_sync_alert,taxonomy_sync_alert_pkey,CREATE UNIQUE INDEX taxonomy_sync_alert_pkey ON plm.taxonomy_sync_alert USING btree (id),True,True,True,True,False,False,1,1,True,f,16384,4,6,3,2026-09-04 16:55:12.9405-04
core,licensor,licensor_pkey,CREATE UNIQUE INDEX licensor_pkey ON core.licensor USING btree (id),True,True,True,True,False,False,1,1,True,f,16384,4314,4314,4314,2026-09-04 17:16:04.527943-04
ingest,sync_run,sync_run_pkey,CREATE UNIQUE INDEX sync_run_pkey ON ingest.sync_run USING btree (id),True,True,True,True,False,False,1,1,True,f,16384,0,0,0,
ingest,sync_run,sync_run_pkey,CREATE UNIQUE INDEX sync_run_pkey ON ingest.sync_run USING btree (id),True,True,True,True,False,False,1,1,True,f,16384,0,0,0,
core,licensor,licensor_pkey,CREATE UNIQUE INDEX licensor_pkey ON core.licensor USING btree (id),True,True,True,True,False,False,1,1,True,f,16384,4314,4314,4314,2026-09-04 17:16:04.527943-04
crm,worker_delta_cursor,worker_delta_cursor_pkey,CREATE UNIQUE INDEX worker_delta_cursor_pkey ON crm.worker_delta_cursor USING btree (cursor_key),True,True,True,True,False,False,1,1,True,p,16384,5264,5264,5264,2026-09-04 17:30:05.048997-04
core,licensor,licensor_pkey,CREATE UNIQUE INDEX licensor_pkey ON core.licensor USING btree (id),True,True,True,True,False,False,1,1,True,f,16384,4314,4314,4314,2026-09-04 17:16:04.527943-04
core,licensor_alias,licensor_alias_pkey,CREATE UNIQUE INDEX licensor_alias_pkey ON core.licensor_alias USING btree (id),True,True,True,True,False,False,1,1,True,p,16384,0,0,0,
core,licensor,licensor_pkey,CREATE UNIQUE INDEX licensor_pkey ON core.licensor USING btree (id),True,True,True,True,False,False,1,1,True,f,16384,4314,4314,4314,2026-09-04 17:16:04.527943-04
temp_status_watch,status_change_log,status_change_log_pkey,CREATE UNIQUE INDEX status_change_log_pkey ON temp_status_watch.status_change_log USING btree (id),True,True,True,True,False,False,1,1,True,p,16384,0,0,0,
plm,taxonomy_baseline_pin,taxonomy_baseline_pin_pkey,CREATE UNIQUE INDEX taxonomy_baseline_pin_pkey ON plm.taxonomy_baseline_pin USING btree (id),True,True,True,True,False,False,1,1,True,p,16384,0,0,0,
plm,deployment_environment,deployment_environment_pkey,CREATE UNIQUE INDEX deployment_environment_pkey ON plm.deployment_environment USING btree (singleton),True,True,True,True,False,False,1,1,True,p,16384,0,0,0,
plm,wb_capture,wb_capture_pkey,"CREATE UNIQUE INDEX wb_capture_pkey ON plm.wb_capture USING btree (capture_id, chunk_number)",True,True,True,True,False,False,2,2,True,f,16384,1,103,34,2026-08-29 21:39:34.004924-04
core,product_depth,product_depth_pkey,CREATE UNIQUE INDEX product_depth_pkey ON core.product_depth USING btree (id),True,True,True,True,False,False,1,1,True,p,16384,121,121,121,2026-08-30 17:23:54.545636-04
core,product_depth_source_ref,product_depth_source_ref_pkey,CREATE UNIQUE INDEX product_depth_source_ref_pkey ON core.product_depth_source_ref USING btree (id),True,True,True,True,False,False,1,1,True,p,16384,0,0,0,
core,product_depth_source_ref,product_depth_source_ref_unique,"CREATE UNIQUE INDEX product_depth_source_ref_unique ON core.product_depth_source_ref USING btree (source_system, source_table, source_id)",True,False,True,True,False,False,3,3,True,u,16384,0,0,0,
core,product_depth,product_depth_pkey,CREATE UNIQUE INDEX product_depth_pkey ON core.product_depth USING btree (id),True,True,True,True,False,False,1,1,True,f,16384,121,121,121,2026-08-30 17:23:54.545636-04
core,product_depth,product_depth_pkey,CREATE UNIQUE INDEX product_depth_pkey ON core.product_depth USING btree (id),True,True,True,True,False,False,1,1,True,f,16384,121,121,121,2026-08-30 17:23:54.545636-04
plm,wb_franchise,wb_franchise_pkey,CREATE UNIQUE INDEX wb_franchise_pkey ON plm.wb_franchise USING btree (id),True,True,True,True,False,False,1,1,True,f,16384,0,0,0,
dflow,sample_workflow,sample_workflow_pkey,CREATE UNIQUE INDEX sample_workflow_pkey ON dflow.sample_workflow USING btree (sample_workflow_id),True,True,True,True,False,False,1,1,True,p,16384,0,0,0,
dflow,sample_workflow,sample_workflow_sample_id_fk_key,CREATE UNIQUE INDEX sample_workflow_sample_id_fk_key ON dflow.sample_workflow USING btree (sample_id_fk),True,False,True,True,False,False,1,1,True,u,16384,0,0,0,
public,order_list_user_views,order_list_user_views_pkey,CREATE UNIQUE INDEX order_list_user_views_pkey ON public.order_list_user_views USING btree (id),True,True,True,True,False,False,1,1,True,p,16384,0,0,0,
public,order_list_user_views,order_list_user_views_user_name_unique,"CREATE UNIQUE INDEX order_list_user_views_user_name_unique ON public.order_list_user_views USING btree (user_id, view_name)",True,False,True,True,False,False,2,2,True,u,16384,4,3,0,2026-08-31 10:38:11.63434-04
dflow,sample,sample_pkey,CREATE UNIQUE INDEX sample_pkey ON dflow.sample USING btree (sample_id_pk),True,True,True,True,False,False,1,1,True,f,16384,0,0,0,
dflow,sample_creation_batch,sample_creation_batch_pkey,CREATE UNIQUE INDEX sample_creation_batch_pkey ON dflow.sample_creation_batch USING btree (creation_batch_id),True,True,True,True,False,False,1,1,True,f,16384,0,0,0,
plm,pmt_capture,pmt_capture_pkey,CREATE UNIQUE INDEX pmt_capture_pkey ON plm.pmt_capture USING btree (capture_id),True,True,True,True,False,False,1,1,True,p,16384,0,0,0,
plm,pmt_capture_expectation,pmt_capture_expectation_pkey,"CREATE UNIQUE INDEX pmt_capture_expectation_pkey ON plm.pmt_capture_expectation USING btree (capture_id, population)",True,True,True,True,False,False,2,2,True,p,16384,0,0,0,
plm,pmt_capture,pmt_capture_pkey,CREATE UNIQUE INDEX pmt_capture_pkey ON plm.pmt_capture USING btree (capture_id),True,True,True,True,False,False,1,1,True,f,16384,0,0,0,
plm,wb_capture,wb_capture_pkey,"CREATE UNIQUE INDEX wb_capture_pkey ON plm.wb_capture USING btree (capture_id, chunk_number)",True,True,True,True,False,False,2,2,True,f,16384,1,103,34,2026-08-29 21:39:34.004924-04
plm,pmt_capture,pmt_capture_pkey,CREATE UNIQUE INDEX pmt_capture_pkey ON plm.pmt_capture USING btree (capture_id),True,True,True,True,False,False,1,1,True,f,16384,0,0,0,
plm,pmt_authorized_title,pmt_authorized_title_pkey,"CREATE UNIQUE INDEX pmt_authorized_title_pkey ON plm.pmt_authorized_title USING btree (capture_id, authorized_title_key)",True,True,True,True,False,False,2,2,True,p,16384,0,0,0,
plm,pmt_capture,pmt_capture_pkey,CREATE UNIQUE INDEX pmt_capture_pkey ON plm.pmt_capture USING btree (capture_id),True,True,True,True,False,False,1,1,True,f,16384,0,0,0,
plm,lucasfilm_dcp_crawl,lucasfilm_dcp_crawl_pkey,CREATE UNIQUE INDEX lucasfilm_dcp_crawl_pkey ON plm.lucasfilm_dcp_crawl USING btree (crawl_id),True,True,True,True,False,False,1,1,True,f,16384,0,0,0,
plm,pmt_capture,pmt_capture_pkey,CREATE UNIQUE INDEX pmt_capture_pkey ON plm.pmt_capture USING btree (capture_id),True,True,True,True,False,False,1,1,True,f,16384,0,0,0,
plm,pmt_capture,pmt_capture_pkey,CREATE UNIQUE INDEX pmt_capture_pkey ON plm.pmt_capture USING btree (capture_id),True,True,True,True,False,False,1,1,True,f,16384,0,0,0,
plm,pmt_authorized_title,pmt_authorized_title_pkey,"CREATE UNIQUE INDEX pmt_authorized_title_pkey ON plm.pmt_authorized_title USING btree (capture_id, authorized_title_key)",True,True,True,True,False,False,2,2,True,f,16384,0,0,0,
plm,pmt_capture,pmt_capture_pkey,CREATE UNIQUE INDEX pmt_capture_pkey ON plm.pmt_capture USING btree (capture_id),True,True,True,True,False,False,1,1,True,f,16384,0,0,0,
plm,lucasfilm_dcp_crawl_section,lucasfilm_dcp_crawl_section_pkey,CREATE UNIQUE INDEX lucasfilm_dcp_crawl_section_pkey ON plm.lucasfilm_dcp_crawl_section USING btree (id),True,True,True,True,False,False,1,1,True,f,16384,0,0,0,
plm,pmt_capture,pmt_capture_pkey,CREATE UNIQUE INDEX pmt_capture_pkey ON plm.pmt_capture USING btree (capture_id),True,True,True,True,False,False,1,1,True,f,16384,0,0,0,
plm,pmt_capture,pmt_capture_pkey,CREATE UNIQUE INDEX pmt_capture_pkey ON plm.pmt_capture USING btree (capture_id),True,True,True,True,False,False,1,1,True,f,16384,0,0,0,
plm,pmt_capture,pmt_capture_pkey,CREATE UNIQUE INDEX pmt_capture_pkey ON plm.pmt_capture USING btree (capture_id),True,True,True,True,False,False,1,1,True,f,16384,0,0,0,
plm,pmt_capture,pmt_capture_pkey,CREATE UNIQUE INDEX pmt_capture_pkey ON plm.pmt_capture USING btree (capture_id),True,True,True,True,False,False,1,1,True,f,16384,0,0,0,
plm,pmt_capture,pmt_capture_pkey,CREATE UNIQUE INDEX pmt_capture_pkey ON plm.pmt_capture USING btree (capture_id),True,True,True,True,False,False,1,1,True,f,16384,0,0,0,
plm,pmt_capture,pmt_capture_pkey,CREATE UNIQUE INDEX pmt_capture_pkey ON plm.pmt_capture USING btree (capture_id),True,True,True,True,False,False,1,1,True,f,16384,0,0,0,
plm,pmt_capture,pmt_capture_pkey,CREATE UNIQUE INDEX pmt_capture_pkey ON plm.pmt_capture USING btree (capture_id),True,True,True,True,False,False,1,1,True,f,16384,0,0,0,
plm,lucasfilm_dcp_metadata_run,lucasfilm_dcp_metadata_run_pkey,CREATE UNIQUE INDEX lucasfilm_dcp_metadata_run_pkey ON plm.lucasfilm_dcp_metadata_run USING btree (metadata_run_id),True,True,True,True,False,False,1,1,True,f,16384,0,0,0,
plm,lucasfilm_dcp_metadata_run,lucasfilm_dcp_metadata_run_pkey,CREATE UNIQUE INDEX lucasfilm_dcp_metadata_run_pkey ON plm.lucasfilm_dcp_metadata_run USING btree (metadata_run_id),True,True,True,True,False,False,1,1,True,f,16384,0,0,0,
core,licensor,licensor_pkey,CREATE UNIQUE INDEX licensor_pkey ON core.licensor USING btree (id),True,True,True,True,False,False,1,1,True,f,16384,4314,4314,4314,2026-09-04 17:16:04.527943-04
plm,pmt_capture,pmt_capture_pkey,CREATE UNIQUE INDEX pmt_capture_pkey ON plm.pmt_capture USING btree (capture_id),True,True,True,True,False,False,1,1,True,f,16384,0,0,0,
plm,pmt_capture,pmt_capture_pkey,CREATE UNIQUE INDEX pmt_capture_pkey ON plm.pmt_capture USING btree (capture_id),True,True,True,True,False,False,1,1,True,f,16384,0,0,0,
plm,pmt_capture,pmt_capture_pkey,CREATE UNIQUE INDEX pmt_capture_pkey ON plm.pmt_capture USING btree (capture_id),True,True,True,True,False,False,1,1,True,f,16384,0,0,0,
plm,pmt_capture,pmt_capture_pkey,CREATE UNIQUE INDEX pmt_capture_pkey ON plm.pmt_capture USING btree (capture_id),True,True,True,True,False,False,1,1,True,f,16384,0,0,0,
plm,pmt_capture,pmt_capture_pkey,CREATE UNIQUE INDEX pmt_capture_pkey ON plm.pmt_capture USING btree (capture_id),True,True,True,True,False,False,1,1,True,f,16384,0,0,0,
plm,pmt_relationship_anomaly,pmt_relationship_anomaly_pkey,"CREATE UNIQUE INDEX pmt_relationship_anomaly_pkey ON plm.pmt_relationship_anomaly USING btree (capture_id, anomaly_id)",True,True,True,True,False,False,2,2,True,p,16384,0,0,0,
plm,pmt_capture,pmt_capture_pkey,CREATE UNIQUE INDEX pmt_capture_pkey ON plm.pmt_capture USING btree (capture_id),True,True,True,True,False,False,1,1,True,f,16384,0,0,0,
plm,pmt_capture,pmt_capture_pkey,CREATE UNIQUE INDEX pmt_capture_pkey ON plm.pmt_capture USING btree (capture_id),True,True,True,True,False,False,1,1,True,f,16384,0,0,0,
plm,pmt_shrink_override,pmt_shrink_override_pkey,CREATE UNIQUE INDEX pmt_shrink_override_pkey ON plm.pmt_shrink_override USING btree (override_id),True,True,True,True,False,False,1,1,True,p,16384,0,0,0,
plm,pmt_shrink_override,pmt_shrink_override_unique,"CREATE UNIQUE INDEX pmt_shrink_override_unique ON plm.pmt_shrink_override USING btree (capture_id, population)",True,False,True,True,False,False,2,2,True,u,16384,0,0,0,
plm,pmt_capture,pmt_capture_pkey,CREATE UNIQUE INDEX pmt_capture_pkey ON plm.pmt_capture USING btree (capture_id),True,True,True,True,False,False,1,1,True,f,16384,0,0,0,
plm,pmt_capture,pmt_capture_pkey,CREATE UNIQUE INDEX pmt_capture_pkey ON plm.pmt_capture USING btree (capture_id),True,True,True,True,False,False,1,1,True,f,16384,0,0,0,
plm,nbcu_capture,nbcu_capture_pkey,CREATE UNIQUE INDEX nbcu_capture_pkey ON plm.nbcu_capture USING btree (id),True,True,True,True,False,False,1,1,True,p,16384,20,20,20,2026-09-02 22:13:22.799009-04
plm,nbcu_capture,nbcu_capture_capture_key_key,CREATE UNIQUE INDEX nbcu_capture_capture_key_key ON plm.nbcu_capture USING btree (capture_key),True,False,True,True,False,False,1,1,True,u,16384,0,0,0,
plm,nbcu_scope,nbcu_scope_pkey,"CREATE UNIQUE INDEX nbcu_scope_pkey ON plm.nbcu_scope USING btree (capture_id, scope_key)",True,True,True,True,False,False,2,2,True,p,16384,0,0,0,
plm,nbcu_scope,nbcu_scope_href_uk,"CREATE UNIQUE INDEX nbcu_scope_href_uk ON plm.nbcu_scope USING btree (capture_id, scope_href)",True,False,True,True,False,False,2,2,True,u,16384,0,0,0,
plm,nbcu_capture,nbcu_capture_pkey,CREATE UNIQUE INDEX nbcu_capture_pkey ON plm.nbcu_capture USING btree (id),True,True,True,True,False,False,1,1,True,f,16384,20,20,20,2026-09-02 22:13:22.799009-04
dflow,sample_path_revision,sample_path_revision_pkey,CREATE UNIQUE INDEX sample_path_revision_pkey ON dflow.sample_path_revision USING btree (sample_path_revision_id),True,True,True,True,False,False,1,1,True,p,16384,0,0,0,
dflow,sample_path_revision,sample_path_revision_sample_workflow_id_revision_key,"CREATE UNIQUE INDEX sample_path_revision_sample_workflow_id_revision_key ON dflow.sample_path_revision USING btree (sample_workflow_id, revision)",True,False,True,True,False,False,2,2,True,u,16384,20,32,20,2026-09-03 10:20:12.522154-04
dflow,sample_workflow,sample_workflow_pkey,CREATE UNIQUE INDEX sample_workflow_pkey ON dflow.sample_workflow USING btree (sample_workflow_id),True,True,True,True,False,False,1,1,True,f,16384,0,0,0,
plm,nbcu_capture,nbcu_capture_pkey,CREATE UNIQUE INDEX nbcu_capture_pkey ON plm.nbcu_capture USING btree (id),True,True,True,True,False,False,1,1,True,f,16384,20,20,20,2026-09-02 22:13:22.799009-04
plm,nbcu_ip_family,nbcu_ip_family_pkey,"CREATE UNIQUE INDEX nbcu_ip_family_pkey ON plm.nbcu_ip_family USING btree (capture_id, ip_family_key)",True,True,True,True,False,False,2,2,True,p,16384,0,0,0,
plm,nbcu_ip_family,nbcu_ip_family_label_uk,"CREATE UNIQUE INDEX nbcu_ip_family_label_uk ON plm.nbcu_ip_family USING btree (capture_id, ip_family_label)",True,False,True,True,False,False,2,2,True,u,16384,0,0,0,
plm,nbcu_capture,nbcu_capture_pkey,CREATE UNIQUE INDEX nbcu_capture_pkey ON plm.nbcu_capture USING btree (id),True,True,True,True,False,False,1,1,True,f,16384,20,20,20,2026-09-02 22:13:22.799009-04
plm,nbcu_capture,nbcu_capture_pkey,CREATE UNIQUE INDEX nbcu_capture_pkey ON plm.nbcu_capture USING btree (id),True,True,True,True,False,False,1,1,True,f,16384,20,20,20,2026-09-02 22:13:22.799009-04
plm,nbcu_capture,nbcu_capture_pkey,CREATE UNIQUE INDEX nbcu_capture_pkey ON plm.nbcu_capture USING btree (id),True,True,True,True,False,False,1,1,True,f,16384,20,20,20,2026-09-02 22:13:22.799009-04
ingest,sync_run,sync_run_pkey,CREATE UNIQUE INDEX sync_run_pkey ON ingest.sync_run USING btree (id),True,True,True,True,False,False,1,1,True,f,16384,0,0,0,
plm,nbcu_scope,nbcu_scope_pkey,"CREATE UNIQUE INDEX nbcu_scope_pkey ON plm.nbcu_scope USING btree (capture_id, scope_key)",True,True,True,True,False,False,2,2,True,f,16384,0,0,0,
plm,nbcu_ip_family,nbcu_ip_family_pkey,"CREATE UNIQUE INDEX nbcu_ip_family_pkey ON plm.nbcu_ip_family USING btree (capture_id, ip_family_key)",True,True,True,True,False,False,2,2,True,f,16384,0,0,0,
ingest,sync_run,sync_run_pkey,CREATE UNIQUE INDEX sync_run_pkey ON ingest.sync_run USING btree (id),True,True,True,True,False,False,1,1,True,f,16384,0,0,0,
plm,wb_capture,wb_capture_pkey,"CREATE UNIQUE INDEX wb_capture_pkey ON plm.wb_capture USING btree (capture_id, chunk_number)",True,True,True,True,False,False,2,2,True,p,16384,1,103,34,2026-08-29 21:39:34.004924-04
plm,dcp_crawl,dcp_crawl_pkey,CREATE UNIQUE INDEX dcp_crawl_pkey ON plm.dcp_crawl USING btree (crawl_id),True,True,True,True,False,False,1,1,True,p,16384,0,0,0,
plm,dcp_crawl,dcp_crawl_pkey,CREATE UNIQUE INDEX dcp_crawl_pkey ON plm.dcp_crawl USING btree (crawl_id),True,True,True,True,False,False,1,1,True,f,16384,0,0,0,
plm,dcp_portal_tile,dcp_portal_tile_pkey,CREATE UNIQUE INDEX dcp_portal_tile_pkey ON plm.dcp_portal_tile USING btree (id),True,True,True,True,False,False,1,1,True,p,16384,0,0,0,
plm,dcp_portal_tile,dcp_portal_tile_unique,"CREATE UNIQUE INDEX dcp_portal_tile_unique ON plm.dcp_portal_tile USING btree (source_system, source_key)",True,False,True,True,False,False,2,2,True,u,16384,1,11,0,2026-08-29 21:39:34.004924-04
plm,dcp_crawl,dcp_crawl_pkey,CREATE UNIQUE INDEX dcp_crawl_pkey ON plm.dcp_crawl USING btree (crawl_id),True,True,True,True,False,False,1,1,True,f,16384,0,0,0,
plm,dcp_crawl,dcp_crawl_pkey,CREATE UNIQUE INDEX dcp_crawl_pkey ON plm.dcp_crawl USING btree (crawl_id),True,True,True,True,False,False,1,1,True,f,16384,0,0,0,
plm,pmt_franchise,pmt_franchise_pkey,"CREATE UNIQUE INDEX pmt_franchise_pkey ON plm.pmt_franchise USING btree (capture_id, franchise_source_id)",True,True,True,True,False,False,2,2,True,p,16384,0,0,0,
plm,pmt_brand,pmt_brand_pkey,"CREATE UNIQUE INDEX pmt_brand_pkey ON plm.pmt_brand USING btree (capture_id, brand_source_id)",True,True,True,True,False,False,2,2,True,p,16384,0,0,0,
plm,pmt_authorized_title_property,pmt_authorized_title_property_pkey,"CREATE UNIQUE INDEX pmt_authorized_title_property_pkey ON plm.pmt_authorized_title_property USING btree (capture_id, authorized_title_key, property_source_id)",True,True,True,True,False,False,3,3,True,p,16384,0,0,0,
plm,dcp_crawl,dcp_crawl_pkey,CREATE UNIQUE INDEX dcp_crawl_pkey ON plm.dcp_crawl USING btree (crawl_id),True,True,True,True,False,False,1,1,True,f,16384,0,0,0,
plm,dcp_crawl,dcp_crawl_pkey,CREATE UNIQUE INDEX dcp_crawl_pkey ON plm.dcp_crawl USING btree (crawl_id),True,True,True,True,False,False,1,1,True,f,16384,0,0,0,
plm,dcp_crawl,dcp_crawl_pkey,CREATE UNIQUE INDEX dcp_crawl_pkey ON plm.dcp_crawl USING btree (crawl_id),True,True,True,True,False,False,1,1,True,f,16384,0,0,0,
plm,dcp_crawl,dcp_crawl_pkey,CREATE UNIQUE INDEX dcp_crawl_pkey ON plm.dcp_crawl USING btree (crawl_id),True,True,True,True,False,False,1,1,True,f,16384,0,0,0,
plm,dcp_crawl_section,dcp_crawl_section_pkey,CREATE UNIQUE INDEX dcp_crawl_section_pkey ON plm.dcp_crawl_section USING btree (id),True,True,True,True,False,False,1,1,True,p,16384,0,0,0,
plm,dcp_crawl_section,dcp_crawl_section_unique,"CREATE UNIQUE INDEX dcp_crawl_section_unique ON plm.dcp_crawl_section USING btree (crawl_id, portal_tile_id, listing_kind)",True,False,True,True,False,False,3,3,True,u,16384,0,0,0,
plm,dcp_crawl,dcp_crawl_pkey,CREATE UNIQUE INDEX dcp_crawl_pkey ON plm.dcp_crawl USING btree (crawl_id),True,True,True,True,False,False,1,1,True,f,16384,0,0,0,
plm,dcp_portal_tile,dcp_portal_tile_pkey,CREATE UNIQUE INDEX dcp_portal_tile_pkey ON plm.dcp_portal_tile USING btree (id),True,True,True,True,False,False,1,1,True,f,16384,0,0,0,
plm,dcp_crawl_section,dcp_crawl_section_pkey,CREATE UNIQUE INDEX dcp_crawl_section_pkey ON plm.dcp_crawl_section USING btree (id),True,True,True,True,False,False,1,1,True,f,16384,0,0,0,
core,licensor,licensor_pkey,CREATE UNIQUE INDEX licensor_pkey ON core.licensor USING btree (id),True,True,True,True,False,False,1,1,True,f,16384,4314,4314,4314,2026-09-04 17:16:04.527943-04
plm,dcp_crawl,dcp_crawl_pkey,CREATE UNIQUE INDEX dcp_crawl_pkey ON plm.dcp_crawl USING btree (crawl_id),True,True,True,True,False,False,1,1,True,f,16384,0,0,0,
plm,dcp_crawl,dcp_crawl_pkey,CREATE UNIQUE INDEX dcp_crawl_pkey ON plm.dcp_crawl USING btree (crawl_id),True,True,True,True,False,False,1,1,True,f,16384,0,0,0,
plm,dcp_crawl_section,dcp_crawl_section_pkey,CREATE UNIQUE INDEX dcp_crawl_section_pkey ON plm.dcp_crawl_section USING btree (id),True,True,True,True,False,False,1,1,True,f,16384,0,0,0,
plm,dcp_crawl,dcp_crawl_pkey,CREATE UNIQUE INDEX dcp_crawl_pkey ON plm.dcp_crawl USING btree (crawl_id),True,True,True,True,False,False,1,1,True,f,16384,0,0,0,
plm,dcp_portal_tile,dcp_portal_tile_pkey,CREATE UNIQUE INDEX dcp_portal_tile_pkey ON plm.dcp_portal_tile USING btree (id),True,True,True,True,False,False,1,1,True,f,16384,0,0,0,
plm,dcp_crawl_section,dcp_crawl_section_pkey,CREATE UNIQUE INDEX dcp_crawl_section_pkey ON plm.dcp_crawl_section USING btree (id),True,True,True,True,False,False,1,1,True,f,16384,0,0,0,
plm,pmt_franchise,pmt_franchise_pkey,"CREATE UNIQUE INDEX pmt_franchise_pkey ON plm.pmt_franchise USING btree (capture_id, franchise_source_id)",True,True,True,True,False,False,2,2,True,f,16384,0,0,0,
plm,pmt_brand,pmt_brand_pkey,"CREATE UNIQUE INDEX pmt_brand_pkey ON plm.pmt_brand USING btree (capture_id, brand_source_id)",True,True,True,True,False,False,2,2,True,f,16384,0,0,0,
plm,pmt_franchise,pmt_franchise_pkey,"CREATE UNIQUE INDEX pmt_franchise_pkey ON plm.pmt_franchise USING btree (capture_id, franchise_source_id)",True,True,True,True,False,False,2,2,True,f,16384,0,0,0,
plm,pmt_capture,pmt_capture_pkey,CREATE UNIQUE INDEX pmt_capture_pkey ON plm.pmt_capture USING btree (capture_id),True,True,True,True,False,False,1,1,True,f,16384,0,0,0,
plm,wb_franchise,wb_franchise_pkey,CREATE UNIQUE INDEX wb_franchise_pkey ON plm.wb_franchise USING btree (id),True,True,True,True,False,False,1,1,True,p,16384,0,0,0,
plm,wb_capture,wb_capture_pkey,"CREATE UNIQUE INDEX wb_capture_pkey ON plm.wb_capture USING btree (capture_id, chunk_number)",True,True,True,True,False,False,2,2,True,f,16384,1,103,34,2026-08-29 21:39:34.004924-04
plm,dcp_metadata_run,dcp_metadata_run_pkey,CREATE UNIQUE INDEX dcp_metadata_run_pkey ON plm.dcp_metadata_run USING btree (metadata_run_id),True,True,True,True,False,False,1,1,True,p,16384,0,0,0,
plm,dcp_metadata_run,dcp_metadata_run_run_crawl_unique,"CREATE UNIQUE INDEX dcp_metadata_run_run_crawl_unique ON plm.dcp_metadata_run USING btree (metadata_run_id, source_crawl_id)",True,False,True,True,False,False,2,2,True,u,16384,0,0,0,
plm,dcp_crawl,dcp_crawl_pkey,CREATE UNIQUE INDEX dcp_crawl_pkey ON plm.dcp_crawl USING btree (crawl_id),True,True,True,True,False,False,1,1,True,f,16384,0,0,0,
app,profile,profile_pkey,CREATE UNIQUE INDEX profile_pkey ON app.profile USING btree (id),True,True,True,True,False,False,1,1,True,f,16384,60,87,86,2026-09-02 18:18:48.316939-04
app,profile,profile_pkey,CREATE UNIQUE INDEX profile_pkey ON app.profile USING btree (id),True,True,True,True,False,False,1,1,True,f,16384,60,87,86,2026-09-02 18:18:48.316939-04
plm,dcp_metadata_run,dcp_metadata_run_run_crawl_unique,"CREATE UNIQUE INDEX dcp_metadata_run_run_crawl_unique ON plm.dcp_metadata_run USING btree (metadata_run_id, source_crawl_id)",True,False,True,True,False,False,2,2,True,f,16384,0,0,0,
plm,dcp_metadata_run,dcp_metadata_run_pkey,CREATE UNIQUE INDEX dcp_metadata_run_pkey ON plm.dcp_metadata_run USING btree (metadata_run_id),True,True,True,True,False,False,1,1,True,f,16384,0,0,0,
plm,dcp_metadata_run,dcp_metadata_run_pkey,CREATE UNIQUE INDEX dcp_metadata_run_pkey ON plm.dcp_metadata_run USING btree (metadata_run_id),True,True,True,True,False,False,1,1,True,f,16384,0,0,0,
plm,dcp_metadata_run,dcp_metadata_run_pkey,CREATE UNIQUE INDEX dcp_metadata_run_pkey ON plm.dcp_metadata_run USING btree (metadata_run_id),True,True,True,True,False,False,1,1,True,f,16384,0,0,0,
plm,dcp_metadata_run,dcp_metadata_run_pkey,CREATE UNIQUE INDEX dcp_metadata_run_pkey ON plm.dcp_metadata_run USING btree (metadata_run_id),True,True,True,True,False,False,1,1,True,f,16384,0,0,0,
plm,dcp_metadata_run,dcp_metadata_run_pkey,CREATE UNIQUE INDEX dcp_metadata_run_pkey ON plm.dcp_metadata_run USING btree (metadata_run_id),True,True,True,True,False,False,1,1,True,f,16384,0,0,0,
plm,dcp_metadata_run,dcp_metadata_run_pkey,CREATE UNIQUE INDEX dcp_metadata_run_pkey ON plm.dcp_metadata_run USING btree (metadata_run_id),True,True,True,True,False,False,1,1,True,f,16384,0,0,0,
plm,dcp_metadata_run,dcp_metadata_run_pkey,CREATE UNIQUE INDEX dcp_metadata_run_pkey ON plm.dcp_metadata_run USING btree (metadata_run_id),True,True,True,True,False,False,1,1,True,f,16384,0,0,0,
plm,dcp_metadata_run,dcp_metadata_run_pkey,CREATE UNIQUE INDEX dcp_metadata_run_pkey ON plm.dcp_metadata_run USING btree (metadata_run_id),True,True,True,True,False,False,1,1,True,f,16384,0,0,0,
plm,nbcu_ip_family,nbcu_ip_family_pkey,"CREATE UNIQUE INDEX nbcu_ip_family_pkey ON plm.nbcu_ip_family USING btree (capture_id, ip_family_key)",True,True,True,True,False,False,2,2,True,f,16384,0,0,0,
plm,wb_capture,wb_capture_pkey,"CREATE UNIQUE INDEX wb_capture_pkey ON plm.wb_capture USING btree (capture_id, chunk_number)",True,True,True,True,False,False,2,2,True,f,16384,1,103,34,2026-08-29 21:39:34.004924-04
plm,wb_capture,wb_capture_pkey,"CREATE UNIQUE INDEX wb_capture_pkey ON plm.wb_capture USING btree (capture_id, chunk_number)",True,True,True,True,False,False,2,2,True,f,16384,1,103,34,2026-08-29 21:39:34.004924-04
plm,wb_capture,wb_capture_pkey,"CREATE UNIQUE INDEX wb_capture_pkey ON plm.wb_capture USING btree (capture_id, chunk_number)",True,True,True,True,False,False,2,2,True,f,16384,1,103,34,2026-08-29 21:39:34.004924-04
core,licensor,licensor_pkey,CREATE UNIQUE INDEX licensor_pkey ON core.licensor USING btree (id),True,True,True,True,False,False,1,1,True,f,16384,4314,4314,4314,2026-09-04 17:16:04.527943-04
plm,wb_capture,wb_capture_pkey,"CREATE UNIQUE INDEX wb_capture_pkey ON plm.wb_capture USING btree (capture_id, chunk_number)",True,True,True,True,False,False,2,2,True,f,16384,1,103,34,2026-08-29 21:39:34.004924-04
plm,wb_franchise,wb_franchise_pkey,CREATE UNIQUE INDEX wb_franchise_pkey ON plm.wb_franchise USING btree (id),True,True,True,True,False,False,1,1,True,f,16384,0,0,0,
plm,wb_capture,wb_capture_pkey,"CREATE UNIQUE INDEX wb_capture_pkey ON plm.wb_capture USING btree (capture_id, chunk_number)",True,True,True,True,False,False,2,2,True,f,16384,1,103,34,2026-08-29 21:39:34.004924-04
plm,wb_capture,wb_capture_pkey,"CREATE UNIQUE INDEX wb_capture_pkey ON plm.wb_capture USING btree (capture_id, chunk_number)",True,True,True,True,False,False,2,2,True,f,16384,1,103,34,2026-08-29 21:39:34.004924-04
plm,wb_capture,wb_capture_pkey,"CREATE UNIQUE INDEX wb_capture_pkey ON plm.wb_capture USING btree (capture_id, chunk_number)",True,True,True,True,False,False,2,2,True,f,16384,1,103,34,2026-08-29 21:39:34.004924-04
dflow,sample_carrier,sample_carrier_pkey,CREATE UNIQUE INDEX sample_carrier_pkey ON dflow.sample_carrier USING btree (sample_carrier_id),True,True,True,True,False,False,1,1,True,p,16384,0,0,0,
dflow,sample_carrier,sample_carrier_carrier_code_key,CREATE UNIQUE INDEX sample_carrier_carrier_code_key ON dflow.sample_carrier USING btree (carrier_code),True,False,True,True,False,False,1,1,True,u,16384,0,0,0,
dflow,sample_carrier,sample_carrier_display_name_key,CREATE UNIQUE INDEX sample_carrier_display_name_key ON dflow.sample_carrier USING btree (display_name),True,False,True,True,False,False,1,1,True,u,16384,0,0,0,
plm,lucasfilm_dcp_crawl,lucasfilm_dcp_crawl_pkey,CREATE UNIQUE INDEX lucasfilm_dcp_crawl_pkey ON plm.lucasfilm_dcp_crawl USING btree (crawl_id),True,True,True,True,False,False,1,1,True,p,16384,0,0,0,
core,licensor,licensor_pkey,CREATE UNIQUE INDEX licensor_pkey ON core.licensor USING btree (id),True,True,True,True,False,False,1,1,True,f,16384,4314,4314,4314,2026-09-04 17:16:04.527943-04
plm,lucasfilm_dcp_crawl,lucasfilm_dcp_crawl_pkey,CREATE UNIQUE INDEX lucasfilm_dcp_crawl_pkey ON plm.lucasfilm_dcp_crawl USING btree (crawl_id),True,True,True,True,False,False,1,1,True,f,16384,0,0,0,
plm,lucasfilm_dcp_portal_tile,lucasfilm_dcp_portal_tile_pkey,CREATE UNIQUE INDEX lucasfilm_dcp_portal_tile_pkey ON plm.lucasfilm_dcp_portal_tile USING btree (id),True,True,True,True,False,False,1,1,True,p,16384,0,0,0,
plm,lucasfilm_dcp_portal_tile,lucasfilm_dcp_portal_tile_unique,"CREATE UNIQUE INDEX lucasfilm_dcp_portal_tile_unique ON plm.lucasfilm_dcp_portal_tile USING btree (source_system, source_key)",True,False,True,True,False,False,2,2,True,u,16384,0,0,0,
plm,lucasfilm_dcp_crawl,lucasfilm_dcp_crawl_pkey,CREATE UNIQUE INDEX lucasfilm_dcp_crawl_pkey ON plm.lucasfilm_dcp_crawl USING btree (crawl_id),True,True,True,True,False,False,1,1,True,f,16384,0,0,0,
plm,lucasfilm_dcp_crawl,lucasfilm_dcp_crawl_pkey,CREATE UNIQUE INDEX lucasfilm_dcp_crawl_pkey ON plm.lucasfilm_dcp_crawl USING btree (crawl_id),True,True,True,True,False,False,1,1,True,f,16384,0,0,0,
plm,lucasfilm_dcp_crawl,lucasfilm_dcp_crawl_pkey,CREATE UNIQUE INDEX lucasfilm_dcp_crawl_pkey ON plm.lucasfilm_dcp_crawl USING btree (crawl_id),True,True,True,True,False,False,1,1,True,f,16384,0,0,0,
plm,lucasfilm_dcp_crawl,lucasfilm_dcp_crawl_pkey,CREATE UNIQUE INDEX lucasfilm_dcp_crawl_pkey ON plm.lucasfilm_dcp_crawl USING btree (crawl_id),True,True,True,True,False,False,1,1,True,f,16384,0,0,0,
plm,lucasfilm_dcp_crawl_section,lucasfilm_dcp_crawl_section_pkey,CREATE UNIQUE INDEX lucasfilm_dcp_crawl_section_pkey ON plm.lucasfilm_dcp_crawl_section USING btree (id),True,True,True,True,False,False,1,1,True,p,16384,0,0,0,
plm,lucasfilm_dcp_crawl_section,lucasfilm_dcp_crawl_section_unique,"CREATE UNIQUE INDEX lucasfilm_dcp_crawl_section_unique ON plm.lucasfilm_dcp_crawl_section USING btree (crawl_id, portal_tile_id, listing_kind)",True,False,True,True,False,False,3,3,True,u,16384,0,0,0,
plm,lucasfilm_dcp_crawl,lucasfilm_dcp_crawl_pkey,CREATE UNIQUE INDEX lucasfilm_dcp_crawl_pkey ON plm.lucasfilm_dcp_crawl USING btree (crawl_id),True,True,True,True,False,False,1,1,True,f,16384,0,0,0,
plm,lucasfilm_dcp_portal_tile,lucasfilm_dcp_portal_tile_pkey,CREATE UNIQUE INDEX lucasfilm_dcp_portal_tile_pkey ON plm.lucasfilm_dcp_portal_tile USING btree (id),True,True,True,True,False,False,1,1,True,f,16384,0,0,0,
plm,lucasfilm_dcp_crawl_section,lucasfilm_dcp_crawl_section_pkey,CREATE UNIQUE INDEX lucasfilm_dcp_crawl_section_pkey ON plm.lucasfilm_dcp_crawl_section USING btree (id),True,True,True,True,False,False,1,1,True,f,16384,0,0,0,
plm,lucasfilm_dcp_crawl,lucasfilm_dcp_crawl_pkey,CREATE UNIQUE INDEX lucasfilm_dcp_crawl_pkey ON plm.lucasfilm_dcp_crawl USING btree (crawl_id),True,True,True,True,False,False,1,1,True,f,16384,0,0,0,
plm,lucasfilm_dcp_crawl,lucasfilm_dcp_crawl_pkey,CREATE UNIQUE INDEX lucasfilm_dcp_crawl_pkey ON plm.lucasfilm_dcp_crawl USING btree (crawl_id),True,True,True,True,False,False,1,1,True,f,16384,0,0,0,
plm,lucasfilm_dcp_crawl_section,lucasfilm_dcp_crawl_section_pkey,CREATE UNIQUE INDEX lucasfilm_dcp_crawl_section_pkey ON plm.lucasfilm_dcp_crawl_section USING btree (id),True,True,True,True,False,False,1,1,True,f,16384,0,0,0,
plm,lucasfilm_dcp_crawl,lucasfilm_dcp_crawl_pkey,CREATE UNIQUE INDEX lucasfilm_dcp_crawl_pkey ON plm.lucasfilm_dcp_crawl USING btree (crawl_id),True,True,True,True,False,False,1,1,True,f,16384,0,0,0,
plm,lucasfilm_dcp_portal_tile,lucasfilm_dcp_portal_tile_pkey,CREATE UNIQUE INDEX lucasfilm_dcp_portal_tile_pkey ON plm.lucasfilm_dcp_portal_tile USING btree (id),True,True,True,True,False,False,1,1,True,f,16384,0,0,0,
plm,lucasfilm_dcp_metadata_run,lucasfilm_dcp_metadata_run_pkey,CREATE UNIQUE INDEX lucasfilm_dcp_metadata_run_pkey ON plm.lucasfilm_dcp_metadata_run USING btree (metadata_run_id),True,True,True,True,False,False,1,1,True,p,16384,0,0,0,
plm,lucasfilm_dcp_metadata_run,lucasfilm_dcp_metadata_run_run_crawl_unique,"CREATE UNIQUE INDEX lucasfilm_dcp_metadata_run_run_crawl_unique ON plm.lucasfilm_dcp_metadata_run USING btree (metadata_run_id, source_crawl_id)",True,False,True,True,False,False,2,2,True,u,16384,0,0,0,
plm,lucasfilm_dcp_crawl,lucasfilm_dcp_crawl_pkey,CREATE UNIQUE INDEX lucasfilm_dcp_crawl_pkey ON plm.lucasfilm_dcp_crawl USING btree (crawl_id),True,True,True,True,False,False,1,1,True,f,16384,0,0,0,
plm,lucasfilm_dcp_metadata_run,lucasfilm_dcp_metadata_run_run_crawl_unique,"CREATE UNIQUE INDEX lucasfilm_dcp_metadata_run_run_crawl_unique ON plm.lucasfilm_dcp_metadata_run USING btree (metadata_run_id, source_crawl_id)",True,False,True,True,False,False,2,2,True,f,16384,0,0,0,
plm,lucasfilm_dcp_property,lucasfilm_dcp_property_pkey,CREATE UNIQUE INDEX lucasfilm_dcp_property_pkey ON plm.lucasfilm_dcp_property USING btree (id),True,True,True,True,False,False,1,1,True,p,16384,77,284,0,2026-09-02 14:28:28.330647-04
plm,lucasfilm_dcp_metadata_run,lucasfilm_dcp_metadata_run_pkey,CREATE UNIQUE INDEX lucasfilm_dcp_metadata_run_pkey ON plm.lucasfilm_dcp_metadata_run USING btree (metadata_run_id),True,True,True,True,False,False,1,1,True,f,16384,0,0,0,
plm,lucasfilm_dcp_metadata_run,lucasfilm_dcp_metadata_run_pkey,CREATE UNIQUE INDEX lucasfilm_dcp_metadata_run_pkey ON plm.lucasfilm_dcp_metadata_run USING btree (metadata_run_id),True,True,True,True,False,False,1,1,True,f,16384,0,0,0,
plm,lucasfilm_dcp_metadata_run,lucasfilm_dcp_metadata_run_pkey,CREATE UNIQUE INDEX lucasfilm_dcp_metadata_run_pkey ON plm.lucasfilm_dcp_metadata_run USING btree (metadata_run_id),True,True,True,True,False,False,1,1,True,f,16384,0,0,0,
plm,lucasfilm_dcp_metadata_run,lucasfilm_dcp_metadata_run_pkey,CREATE UNIQUE INDEX lucasfilm_dcp_metadata_run_pkey ON plm.lucasfilm_dcp_metadata_run USING btree (metadata_run_id),True,True,True,True,False,False,1,1,True,f,16384,0,0,0,
plm,lucasfilm_dcp_property,lucasfilm_dcp_property_pkey,CREATE UNIQUE INDEX lucasfilm_dcp_property_pkey ON plm.lucasfilm_dcp_property USING btree (id),True,True,True,True,False,False,1,1,True,f,16384,77,284,0,2026-09-02 14:28:28.330647-04
plm,marvel_dcp_crawl,marvel_dcp_crawl_pkey,CREATE UNIQUE INDEX marvel_dcp_crawl_pkey ON plm.marvel_dcp_crawl USING btree (crawl_id),True,True,True,True,False,False,1,1,True,p,16384,0,0,0,
plm,marvel_dcp_portal_tile,marvel_dcp_portal_tile_pkey,CREATE UNIQUE INDEX marvel_dcp_portal_tile_pkey ON plm.marvel_dcp_portal_tile USING btree (id),True,True,True,True,False,False,1,1,True,p,16384,0,0,0,
plm,marvel_dcp_portal_tile,marvel_dcp_portal_tile_unique,"CREATE UNIQUE INDEX marvel_dcp_portal_tile_unique ON plm.marvel_dcp_portal_tile USING btree (source_system, source_key)",True,False,True,True,False,False,2,2,True,u,16384,0,0,0,
plm,marvel_dcp_crawl,marvel_dcp_crawl_pkey,CREATE UNIQUE INDEX marvel_dcp_crawl_pkey ON plm.marvel_dcp_crawl USING btree (crawl_id),True,True,True,True,False,False,1,1,True,f,16384,0,0,0,
plm,marvel_dcp_crawl,marvel_dcp_crawl_pkey,CREATE UNIQUE INDEX marvel_dcp_crawl_pkey ON plm.marvel_dcp_crawl USING btree (crawl_id),True,True,True,True,False,False,1,1,True,f,16384,0,0,0,
plm,marvel_dcp_style_guide,marvel_dcp_style_guide_pkey,CREATE UNIQUE INDEX marvel_dcp_style_guide_pkey ON plm.marvel_dcp_style_guide USING btree (id),True,True,True,True,False,False,1,1,True,p,16384,0,0,0,
plm,marvel_dcp_style_guide,marvel_dcp_style_guide_unique,"CREATE UNIQUE INDEX marvel_dcp_style_guide_unique ON plm.marvel_dcp_style_guide USING btree (source_system, source_path)",True,False,True,True,False,False,2,2,True,u,16384,0,0,0,
plm,marvel_dcp_crawl,marvel_dcp_crawl_pkey,CREATE UNIQUE INDEX marvel_dcp_crawl_pkey ON plm.marvel_dcp_crawl USING btree (crawl_id),True,True,True,True,False,False,1,1,True,f,16384,0,0,0,
plm,marvel_dcp_crawl,marvel_dcp_crawl_pkey,CREATE UNIQUE INDEX marvel_dcp_crawl_pkey ON plm.marvel_dcp_crawl USING btree (crawl_id),True,True,True,True,False,False,1,1,True,f,16384,0,0,0,
plm,marvel_dcp_style_guide,marvel_dcp_style_guide_pkey,CREATE UNIQUE INDEX marvel_dcp_style_guide_pkey ON plm.marvel_dcp_style_guide USING btree (id),True,True,True,True,False,False,1,1,True,f,16384,0,0,0,
plm,marvel_dcp_crawl,marvel_dcp_crawl_pkey,CREATE UNIQUE INDEX marvel_dcp_crawl_pkey ON plm.marvel_dcp_crawl USING btree (crawl_id),True,True,True,True,False,False,1,1,True,f,16384,0,0,0,
plm,marvel_dcp_crawl,marvel_dcp_crawl_pkey,CREATE UNIQUE INDEX marvel_dcp_crawl_pkey ON plm.marvel_dcp_crawl USING btree (crawl_id),True,True,True,True,False,False,1,1,True,f,16384,0,0,0,
plm,marvel_dcp_crawl_section,marvel_dcp_crawl_section_pkey,CREATE UNIQUE INDEX marvel_dcp_crawl_section_pkey ON plm.marvel_dcp_crawl_section USING btree (id),True,True,True,True,False,False,1,1,True,p,16384,0,0,0,
plm,marvel_dcp_crawl_section,marvel_dcp_crawl_section_unique,"CREATE UNIQUE INDEX marvel_dcp_crawl_section_unique ON plm.marvel_dcp_crawl_section USING btree (crawl_id, portal_tile_id, listing_kind)",True,False,True,True,False,False,3,3,True,u,16384,0,0,0,
plm,marvel_dcp_crawl,marvel_dcp_crawl_pkey,CREATE UNIQUE INDEX marvel_dcp_crawl_pkey ON plm.marvel_dcp_crawl USING btree (crawl_id),True,True,True,True,False,False,1,1,True,f,16384,0,0,0,
plm,marvel_dcp_portal_tile,marvel_dcp_portal_tile_pkey,CREATE UNIQUE INDEX marvel_dcp_portal_tile_pkey ON plm.marvel_dcp_portal_tile USING btree (id),True,True,True,True,False,False,1,1,True,f,16384,0,0,0,
plm,marvel_dcp_crawl_section,marvel_dcp_crawl_section_pkey,CREATE UNIQUE INDEX marvel_dcp_crawl_section_pkey ON plm.marvel_dcp_crawl_section USING btree (id),True,True,True,True,False,False,1,1,True,f,16384,0,0,0,
plm,marvel_dcp_crawl_section,marvel_dcp_crawl_section_pkey,CREATE UNIQUE INDEX marvel_dcp_crawl_section_pkey ON plm.marvel_dcp_crawl_section USING btree (id),True,True,True,True,False,False,1,1,True,f,16384,0,0,0,
plm,marvel_dcp_crawl,marvel_dcp_crawl_pkey,CREATE UNIQUE INDEX marvel_dcp_crawl_pkey ON plm.marvel_dcp_crawl USING btree (crawl_id),True,True,True,True,False,False,1,1,True,f,16384,0,0,0,
plm,marvel_dcp_crawl,marvel_dcp_crawl_pkey,CREATE UNIQUE INDEX marvel_dcp_crawl_pkey ON plm.marvel_dcp_crawl USING btree (crawl_id),True,True,True,True,False,False,1,1,True,f,16384,0,0,0,
plm,marvel_dcp_crawl,marvel_dcp_crawl_pkey,CREATE UNIQUE INDEX marvel_dcp_crawl_pkey ON plm.marvel_dcp_crawl USING btree (crawl_id),True,True,True,True,False,False,1,1,True,f,16384,0,0,0,
plm,marvel_dcp_portal_tile,marvel_dcp_portal_tile_pkey,CREATE UNIQUE INDEX marvel_dcp_portal_tile_pkey ON plm.marvel_dcp_portal_tile USING btree (id),True,True,True,True,False,False,1,1,True,f,16384,0,0,0,
plm,marvel_dcp_crawl_section,marvel_dcp_crawl_section_pkey,CREATE UNIQUE INDEX marvel_dcp_crawl_section_pkey ON plm.marvel_dcp_crawl_section USING btree (id),True,True,True,True,False,False,1,1,True,f,16384,0,0,0,
plm,marvel_dcp_metadata_run,marvel_dcp_metadata_run_run_crawl_unique,"CREATE UNIQUE INDEX marvel_dcp_metadata_run_run_crawl_unique ON plm.marvel_dcp_metadata_run USING btree (metadata_run_id, source_crawl_id)",True,False,True,True,False,False,2,2,True,f,16384,0,0,0,
plm,marvel_dcp_metadata_run,marvel_dcp_metadata_run_pkey,CREATE UNIQUE INDEX marvel_dcp_metadata_run_pkey ON plm.marvel_dcp_metadata_run USING btree (metadata_run_id),True,True,True,True,False,False,1,1,True,p,16384,0,0,0,
plm,marvel_dcp_metadata_run,marvel_dcp_metadata_run_run_crawl_unique,"CREATE UNIQUE INDEX marvel_dcp_metadata_run_run_crawl_unique ON plm.marvel_dcp_metadata_run USING btree (metadata_run_id, source_crawl_id)",True,False,True,True,False,False,2,2,True,u,16384,0,0,0,
plm,marvel_dcp_crawl,marvel_dcp_crawl_pkey,CREATE UNIQUE INDEX marvel_dcp_crawl_pkey ON plm.marvel_dcp_crawl USING btree (crawl_id),True,True,True,True,False,False,1,1,True,f,16384,0,0,0,
plm,marvel_dcp_property,marvel_dcp_property_pkey,CREATE UNIQUE INDEX marvel_dcp_property_pkey ON plm.marvel_dcp_property USING btree (id),True,True,True,True,False,False,1,1,True,p,16384,0,0,0,
plm,marvel_dcp_property,marvel_dcp_property_unique,"CREATE UNIQUE INDEX marvel_dcp_property_unique ON plm.marvel_dcp_property USING btree (source_system, source_id)",True,False,True,True,False,False,2,2,True,u,16384,695,191,0,2026-09-02 22:19:08.257095-04
plm,marvel_dcp_metadata_run,marvel_dcp_metadata_run_pkey,CREATE UNIQUE INDEX marvel_dcp_metadata_run_pkey ON plm.marvel_dcp_metadata_run USING btree (metadata_run_id),True,True,True,True,False,False,1,1,True,f,16384,0,0,0,
plm,marvel_dcp_metadata_run,marvel_dcp_metadata_run_pkey,CREATE UNIQUE INDEX marvel_dcp_metadata_run_pkey ON plm.marvel_dcp_metadata_run USING btree (metadata_run_id),True,True,True,True,False,False,1,1,True,f,16384,0,0,0,
plm,marvel_dcp_character,marvel_dcp_character_pkey,CREATE UNIQUE INDEX marvel_dcp_character_pkey ON plm.marvel_dcp_character USING btree (id),True,True,True,True,False,False,1,1,True,p,16384,0,0,0,
plm,marvel_dcp_character,marvel_dcp_character_unique,"CREATE UNIQUE INDEX marvel_dcp_character_unique ON plm.marvel_dcp_character USING btree (source_system, source_id)",True,False,True,True,False,False,2,2,True,u,16384,0,0,0,
plm,marvel_dcp_metadata_run,marvel_dcp_metadata_run_pkey,CREATE UNIQUE INDEX marvel_dcp_metadata_run_pkey ON plm.marvel_dcp_metadata_run USING btree (metadata_run_id),True,True,True,True,False,False,1,1,True,f,16384,0,0,0,
plm,marvel_dcp_metadata_run,marvel_dcp_metadata_run_pkey,CREATE UNIQUE INDEX marvel_dcp_metadata_run_pkey ON plm.marvel_dcp_metadata_run USING btree (metadata_run_id),True,True,True,True,False,False,1,1,True,f,16384,0,0,0,
plm,marvel_dcp_term,marvel_dcp_term_pkey,CREATE UNIQUE INDEX marvel_dcp_term_pkey ON plm.marvel_dcp_term USING btree (id),True,True,True,True,False,False,1,1,True,p,16384,0,0,0,
plm,marvel_dcp_metadata_run,marvel_dcp_metadata_run_pkey,CREATE UNIQUE INDEX marvel_dcp_metadata_run_pkey ON plm.marvel_dcp_metadata_run USING btree (metadata_run_id),True,True,True,True,False,False,1,1,True,f,16384,0,0,0,
plm,marvel_dcp_metadata_run,marvel_dcp_metadata_run_pkey,CREATE UNIQUE INDEX marvel_dcp_metadata_run_pkey ON plm.marvel_dcp_metadata_run USING btree (metadata_run_id),True,True,True,True,False,False,1,1,True,f,16384,0,0,0,
plm,marvel_dcp_property,marvel_dcp_property_pkey,CREATE UNIQUE INDEX marvel_dcp_property_pkey ON plm.marvel_dcp_property USING btree (id),True,True,True,True,False,False,1,1,True,f,16384,0,0,0,
plm,marvel_dcp_character,marvel_dcp_character_pkey,CREATE UNIQUE INDEX marvel_dcp_character_pkey ON plm.marvel_dcp_character USING btree (id),True,True,True,True,False,False,1,1,True,f,16384,0,0,0,
plm,marvel_dcp_term,marvel_dcp_term_pkey,CREATE UNIQUE INDEX marvel_dcp_term_pkey ON plm.marvel_dcp_term USING btree (id),True,True,True,True,False,False,1,1,True,f,16384,0,0,0,
plm,lucasfilm_dcp_chunk_ledger,lucasfilm_dcp_chunk_ledger_pkey,"CREATE UNIQUE INDEX lucasfilm_dcp_chunk_ledger_pkey ON plm.lucasfilm_dcp_chunk_ledger USING btree (crawl_id, chunk_number)",True,True,True,True,False,False,2,2,True,p,16384,0,0,0,
plm,lucasfilm_dcp_crawl,lucasfilm_dcp_crawl_pkey,CREATE UNIQUE INDEX lucasfilm_dcp_crawl_pkey ON plm.lucasfilm_dcp_crawl USING btree (crawl_id),True,True,True,True,False,False,1,1,True,f,16384,0,0,0,
plm,lucasfilm_dcp_metadata_run,lucasfilm_dcp_metadata_run_pkey,CREATE UNIQUE INDEX lucasfilm_dcp_metadata_run_pkey ON plm.lucasfilm_dcp_metadata_run USING btree (metadata_run_id),True,True,True,True,False,False,1,1,True,f,16384,0,0,0,
plm,lucasfilm_dcp_metadata_run,lucasfilm_dcp_metadata_run_pkey,CREATE UNIQUE INDEX lucasfilm_dcp_metadata_run_pkey ON plm.lucasfilm_dcp_metadata_run USING btree (metadata_run_id),True,True,True,True,False,False,1,1,True,f,16384,0,0,0,
plm,marvel_dcp_chunk_ledger,marvel_dcp_chunk_ledger_pkey,"CREATE UNIQUE INDEX marvel_dcp_chunk_ledger_pkey ON plm.marvel_dcp_chunk_ledger USING btree (crawl_id, chunk_number)",True,True,True,True,False,False,2,2,True,p,16384,0,0,0,
plm,marvel_dcp_crawl,marvel_dcp_crawl_pkey,CREATE UNIQUE INDEX marvel_dcp_crawl_pkey ON plm.marvel_dcp_crawl USING btree (crawl_id),True,True,True,True,False,False,1,1,True,f,16384,0,0,0,
plm,marvel_dcp_metadata_chunk_ledger,marvel_dcp_metadata_chunk_ledger_pkey,"CREATE UNIQUE INDEX marvel_dcp_metadata_chunk_ledger_pkey ON plm.marvel_dcp_metadata_chunk_ledger USING btree (metadata_run_id, chunk_number)",True,True,True,True,False,False,2,2,True,p,16384,0,0,0,
plm,marvel_dcp_metadata_run,marvel_dcp_metadata_run_pkey,CREATE UNIQUE INDEX marvel_dcp_metadata_run_pkey ON plm.marvel_dcp_metadata_run USING btree (metadata_run_id),True,True,True,True,False,False,1,1,True,f,16384,0,0,0,
plm,marvel_dcp_metadata_run,marvel_dcp_metadata_run_pkey,CREATE UNIQUE INDEX marvel_dcp_metadata_run_pkey ON plm.marvel_dcp_metadata_run USING btree (metadata_run_id),True,True,True,True,False,False,1,1,True,f,16384,0,0,0,
dflow,sample_shipment,sample_shipment_pkey,CREATE UNIQUE INDEX sample_shipment_pkey ON dflow.sample_shipment USING btree (sample_shipment_id),True,True,True,True,False,False,1,1,True,p,16384,6,24,0,2026-09-02 15:52:24.094194-04
dflow,sample_shipment,sample_shipment_idempotency_key_key,CREATE UNIQUE INDEX sample_shipment_idempotency_key_key ON dflow.sample_shipment USING btree (idempotency_key),True,False,True,True,False,False,1,1,True,u,16384,0,0,0,
dflow,sample_carrier,sample_carrier_pkey,CREATE UNIQUE INDEX sample_carrier_pkey ON dflow.sample_carrier USING btree (sample_carrier_id),True,True,True,True,False,False,1,1,True,f,16384,0,0,0,
dflow,sample_shipment,sample_shipment_pkey,CREATE UNIQUE INDEX sample_shipment_pkey ON dflow.sample_shipment USING btree (sample_shipment_id),True,True,True,True,False,False,1,1,True,f,16384,6,24,0,2026-09-02 15:52:24.094194-04
plm,peanuts_art_program,peanuts_art_program_pkey,"CREATE UNIQUE INDEX peanuts_art_program_pkey ON plm.peanuts_art_program USING btree (capture_id, value_key)",True,True,True,True,False,False,2,2,True,f,16384,0,0,0,
dflow,sample_shipment,sample_shipment_pkey,CREATE UNIQUE INDEX sample_shipment_pkey ON dflow.sample_shipment USING btree (sample_shipment_id),True,True,True,True,False,False,1,1,True,f,16384,6,24,0,2026-09-02 15:52:24.094194-04
plm,wildbrain_capture,wildbrain_capture_pkey,CREATE UNIQUE INDEX wildbrain_capture_pkey ON plm.wildbrain_capture USING btree (id),True,True,True,True,False,False,1,1,True,p,16384,0,0,0,
plm,wildbrain_capture,wildbrain_capture_capture_key_key,CREATE UNIQUE INDEX wildbrain_capture_capture_key_key ON plm.wildbrain_capture USING btree (capture_key),True,False,True,True,False,False,1,1,True,u,16384,0,0,0,
plm,wildbrain_era,wildbrain_era_pkey,"CREATE UNIQUE INDEX wildbrain_era_pkey ON plm.wildbrain_era USING btree (capture_id, era_source_id)",True,True,True,True,False,False,2,2,True,p,16384,0,0,0,
plm,wildbrain_era,wildbrain_era_normalized_label_uk,"CREATE UNIQUE INDEX wildbrain_era_normalized_label_uk ON plm.wildbrain_era USING btree (capture_id, normalized_era_label)",True,False,True,True,False,False,2,2,True,u,16384,124,620,0,2026-09-02 22:13:22.799009-04
plm,wildbrain_capture,wildbrain_capture_pkey,CREATE UNIQUE INDEX wildbrain_capture_pkey ON plm.wildbrain_capture USING btree (id),True,True,True,True,False,False,1,1,True,f,16384,0,0,0,
plm,wildbrain_era,wildbrain_era_pkey,"CREATE UNIQUE INDEX wildbrain_era_pkey ON plm.wildbrain_era USING btree (capture_id, era_source_id)",True,True,True,True,False,False,2,2,True,f,16384,0,0,0,
plm,wildbrain_creative_group,wildbrain_creative_group_pkey,"CREATE UNIQUE INDEX wildbrain_creative_group_pkey ON plm.wildbrain_creative_group USING btree (capture_id, creative_group_source_id)",True,True,True,True,False,False,2,2,True,p,16384,0,0,0,
plm,wildbrain_creative_group,wildbrain_creative_group_normalized_label_uk,"CREATE UNIQUE INDEX wildbrain_creative_group_normalized_label_uk ON plm.wildbrain_creative_group USING btree (capture_id, normalized_creative_group_label)",True,False,True,True,False,False,2,2,True,u,16384,0,0,0,
plm,wildbrain_asset_category,wildbrain_asset_category_pkey,"CREATE UNIQUE INDEX wildbrain_asset_category_pkey ON plm.wildbrain_asset_category USING btree (capture_id, asset_category_source_id)",True,True,True,True,False,False,2,2,True,p,16384,0,0,0,
plm,wildbrain_asset_category,wildbrain_asset_category_normalized_label_uk,"CREATE UNIQUE INDEX wildbrain_asset_category_normalized_label_uk ON plm.wildbrain_asset_category USING btree (capture_id, normalized_asset_category_label)",True,False,True,True,False,False,2,2,True,u,16384,0,0,0,
plm,wildbrain_capture,wildbrain_capture_pkey,CREATE UNIQUE INDEX wildbrain_capture_pkey ON plm.wildbrain_capture USING btree (id),True,True,True,True,False,False,1,1,True,f,16384,0,0,0,
plm,wildbrain_asset_nature,wildbrain_asset_nature_pkey,"CREATE UNIQUE INDEX wildbrain_asset_nature_pkey ON plm.wildbrain_asset_nature USING btree (capture_id, asset_nature_source_id)",True,True,True,True,False,False,2,2,True,p,16384,0,0,0,
plm,wildbrain_capture,wildbrain_capture_pkey,CREATE UNIQUE INDEX wildbrain_capture_pkey ON plm.wildbrain_capture USING btree (id),True,True,True,True,False,False,1,1,True,f,16384,0,0,0,
plm,wildbrain_character,wildbrain_character_pkey,"CREATE UNIQUE INDEX wildbrain_character_pkey ON plm.wildbrain_character USING btree (capture_id, character_source_id)",True,True,True,True,False,False,2,2,True,p,16384,0,0,0,
plm,wildbrain_capture,wildbrain_capture_pkey,CREATE UNIQUE INDEX wildbrain_capture_pkey ON plm.wildbrain_capture USING btree (id),True,True,True,True,False,False,1,1,True,f,16384,0,0,0,
plm,wildbrain_capture,wildbrain_capture_pkey,CREATE UNIQUE INDEX wildbrain_capture_pkey ON plm.wildbrain_capture USING btree (id),True,True,True,True,False,False,1,1,True,f,16384,0,0,0,
plm,wildbrain_era,wildbrain_era_pkey,"CREATE UNIQUE INDEX wildbrain_era_pkey ON plm.wildbrain_era USING btree (capture_id, era_source_id)",True,True,True,True,False,False,2,2,True,f,16384,0,0,0,
plm,wildbrain_creative_group,wildbrain_creative_group_pkey,"CREATE UNIQUE INDEX wildbrain_creative_group_pkey ON plm.wildbrain_creative_group USING btree (capture_id, creative_group_source_id)",True,True,True,True,False,False,2,2,True,f,16384,0,0,0,
plm,wildbrain_asset_category,wildbrain_asset_category_pkey,"CREATE UNIQUE INDEX wildbrain_asset_category_pkey ON plm.wildbrain_asset_category USING btree (capture_id, asset_category_source_id)",True,True,True,True,False,False,2,2,True,f,16384,0,0,0,
plm,wildbrain_asset_nature,wildbrain_asset_nature_pkey,"CREATE UNIQUE INDEX wildbrain_asset_nature_pkey ON plm.wildbrain_asset_nature USING btree (capture_id, asset_nature_source_id)",True,True,True,True,False,False,2,2,True,f,16384,0,0,0,
plm,wildbrain_capture,wildbrain_capture_pkey,CREATE UNIQUE INDEX wildbrain_capture_pkey ON plm.wildbrain_capture USING btree (id),True,True,True,True,False,False,1,1,True,f,16384,0,0,0,
plm,wildbrain_character,wildbrain_character_pkey,"CREATE UNIQUE INDEX wildbrain_character_pkey ON plm.wildbrain_character USING btree (capture_id, character_source_id)",True,True,True,True,False,False,2,2,True,f,16384,0,0,0,
plm,wildbrain_guide,wildbrain_guide_pkey,"CREATE UNIQUE INDEX wildbrain_guide_pkey ON plm.wildbrain_guide USING btree (capture_id, guide_key)",True,True,True,True,False,False,2,2,True,p,16384,0,0,0,
plm,wildbrain_guide,wildbrain_guide_normalized_label_uk,"CREATE UNIQUE INDEX wildbrain_guide_normalized_label_uk ON plm.wildbrain_guide USING btree (capture_id, normalized_guide_label)",True,False,True,True,False,False,2,2,True,u,16384,0,0,0,
plm,wildbrain_capture,wildbrain_capture_pkey,CREATE UNIQUE INDEX wildbrain_capture_pkey ON plm.wildbrain_capture USING btree (id),True,True,True,True,False,False,1,1,True,f,16384,0,0,0,
plm,wildbrain_guide_alias,wildbrain_guide_alias_pkey,"CREATE UNIQUE INDEX wildbrain_guide_alias_pkey ON plm.wildbrain_guide_alias USING btree (capture_id, guide_key, alias_label)",True,True,True,True,False,False,3,3,True,p,16384,0,0,0,
plm,wildbrain_capture,wildbrain_capture_pkey,CREATE UNIQUE INDEX wildbrain_capture_pkey ON plm.wildbrain_capture USING btree (id),True,True,True,True,False,False,1,1,True,f,16384,0,0,0,
plm,wildbrain_guide,wildbrain_guide_pkey,"CREATE UNIQUE INDEX wildbrain_guide_pkey ON plm.wildbrain_guide USING btree (capture_id, guide_key)",True,True,True,True,False,False,2,2,True,f,16384,0,0,0,
plm,sega_style_guide_property_inferred,idx_sega_style_guide_property_inferred_property,"CREATE INDEX idx_sega_style_guide_property_inferred_property ON plm.sega_style_guide_property_inferred USING btree (capture_id, property_source_id)",False,False,True,True,False,False,2,2,False,,16384,0,0,0,
plm,wildbrain_capture,wildbrain_capture_pkey,CREATE UNIQUE INDEX wildbrain_capture_pkey ON plm.wildbrain_capture USING btree (id),True,True,True,True,False,False,1,1,True,f,16384,0,0,0,
plm,wildbrain_guide,wildbrain_guide_pkey,"CREATE UNIQUE INDEX wildbrain_guide_pkey ON plm.wildbrain_guide USING btree (capture_id, guide_key)",True,True,True,True,False,False,2,2,True,f,16384,0,0,0,
plm,wildbrain_guide_alias,wildbrain_guide_alias_pkey,"CREATE UNIQUE INDEX wildbrain_guide_alias_pkey ON plm.wildbrain_guide_alias USING btree (capture_id, guide_key, alias_label)",True,True,True,True,False,False,3,3,True,f,16384,0,0,0,
plm,sega_capture,sega_capture_pkey,CREATE UNIQUE INDEX sega_capture_pkey ON plm.sega_capture USING btree (id),True,True,True,True,False,False,1,1,True,p,16384,0,0,0,
plm,sega_capture,sega_capture_capture_key_key,CREATE UNIQUE INDEX sega_capture_capture_key_key ON plm.sega_capture USING btree (capture_key),True,False,True,True,False,False,1,1,True,u,16384,0,0,0,
plm,sega_capture,sega_capture_pkey,CREATE UNIQUE INDEX sega_capture_pkey ON plm.sega_capture USING btree (id),True,True,True,True,False,False,1,1,True,f,16384,0,0,0,
plm,sega_capture,sega_capture_pkey,CREATE UNIQUE INDEX sega_capture_pkey ON plm.sega_capture USING btree (id),True,True,True,True,False,False,1,1,True,f,16384,0,0,0,
plm,sega_style_guide_candidate,sega_style_guide_candidate_pkey,"CREATE UNIQUE INDEX sega_style_guide_candidate_pkey ON plm.sega_style_guide_candidate USING btree (capture_id, catalog_source_id)",True,True,True,True,False,False,2,2,True,p,16384,0,0,0,
core,licensor,licensor_pkey,CREATE UNIQUE INDEX licensor_pkey ON core.licensor USING btree (id),True,True,True,True,False,False,1,1,True,f,16384,4314,4314,4314,2026-09-04 17:16:04.527943-04
plm,sega_capture,sega_capture_pkey,CREATE UNIQUE INDEX sega_capture_pkey ON plm.sega_capture USING btree (id),True,True,True,True,False,False,1,1,True,f,16384,0,0,0,
plm,sega_capture,sega_capture_pkey,CREATE UNIQUE INDEX sega_capture_pkey ON plm.sega_capture USING btree (id),True,True,True,True,False,False,1,1,True,f,16384,0,0,0,
plm,sega_tag,sega_tag_pkey,"CREATE UNIQUE INDEX sega_tag_pkey ON plm.sega_tag USING btree (capture_id, tag_source_key)",True,True,True,True,False,False,2,2,True,p,16384,0,0,0,
plm,sega_capture,sega_capture_pkey,CREATE UNIQUE INDEX sega_capture_pkey ON plm.sega_capture USING btree (id),True,True,True,True,False,False,1,1,True,f,16384,0,0,0,
plm,sega_asset_tag,sega_asset_tag_pkey,"CREATE UNIQUE INDEX sega_asset_tag_pkey ON plm.sega_asset_tag USING btree (capture_id, asset_source_id, tag_source_key)",True,True,True,True,False,False,3,3,True,p,16384,0,0,0,
plm,sega_tag,sega_tag_pkey,"CREATE UNIQUE INDEX sega_tag_pkey ON plm.sega_tag USING btree (capture_id, tag_source_key)",True,True,True,True,False,False,2,2,True,f,16384,0,0,0,
plm,peanuts_capture,peanuts_capture_pkey,CREATE UNIQUE INDEX peanuts_capture_pkey ON plm.peanuts_capture USING btree (id),True,True,True,True,False,False,1,1,True,p,16384,0,0,0,
plm,peanuts_capture,peanuts_capture_capture_key_key,CREATE UNIQUE INDEX peanuts_capture_capture_key_key ON plm.peanuts_capture USING btree (capture_key),True,False,True,True,False,False,1,1,True,u,16384,0,0,0,
plm,peanuts_capture,peanuts_capture_pkey,CREATE UNIQUE INDEX peanuts_capture_pkey ON plm.peanuts_capture USING btree (id),True,True,True,True,False,False,1,1,True,f,16384,0,0,0,
plm,peanuts_art_program,peanuts_art_program_pkey,"CREATE UNIQUE INDEX peanuts_art_program_pkey ON plm.peanuts_art_program USING btree (capture_id, value_key)",True,True,True,True,False,False,2,2,True,p,16384,0,0,0,
plm,peanuts_capture,peanuts_capture_pkey,CREATE UNIQUE INDEX peanuts_capture_pkey ON plm.peanuts_capture USING btree (id),True,True,True,True,False,False,1,1,True,f,16384,0,0,0,
plm,peanuts_art_program,peanuts_art_program_pkey,"CREATE UNIQUE INDEX peanuts_art_program_pkey ON plm.peanuts_art_program USING btree (capture_id, value_key)",True,True,True,True,False,False,2,2,True,f,16384,0,0,0,
plm,peanuts_capture,peanuts_capture_pkey,CREATE UNIQUE INDEX peanuts_capture_pkey ON plm.peanuts_capture USING btree (id),True,True,True,True,False,False,1,1,True,f,16384,0,0,0,
plm,peanuts_character,peanuts_character_pkey,"CREATE UNIQUE INDEX peanuts_character_pkey ON plm.peanuts_character USING btree (capture_id, value_key)",True,True,True,True,False,False,2,2,True,p,16384,0,0,0,
plm,peanuts_capture,peanuts_capture_pkey,CREATE UNIQUE INDEX peanuts_capture_pkey ON plm.peanuts_capture USING btree (id),True,True,True,True,False,False,1,1,True,f,16384,0,0,0,
plm,peanuts_animation_title,peanuts_animation_title_pkey,"CREATE UNIQUE INDEX peanuts_animation_title_pkey ON plm.peanuts_animation_title USING btree (capture_id, value_key)",True,True,True,True,False,False,2,2,True,p,16384,0,0,0,
plm,peanuts_capture,peanuts_capture_pkey,CREATE UNIQUE INDEX peanuts_capture_pkey ON plm.peanuts_capture USING btree (id),True,True,True,True,False,False,1,1,True,f,16384,0,0,0,
plm,peanuts_holiday,peanuts_holiday_pkey,"CREATE UNIQUE INDEX peanuts_holiday_pkey ON plm.peanuts_holiday USING btree (capture_id, value_key)",True,True,True,True,False,False,2,2,True,p,16384,0,0,0,
plm,peanuts_capture,peanuts_capture_pkey,CREATE UNIQUE INDEX peanuts_capture_pkey ON plm.peanuts_capture USING btree (id),True,True,True,True,False,False,1,1,True,f,16384,0,0,0,
plm,peanuts_initiative,peanuts_initiative_pkey,"CREATE UNIQUE INDEX peanuts_initiative_pkey ON plm.peanuts_initiative USING btree (capture_id, value_key)",True,True,True,True,False,False,2,2,True,p,16384,0,0,0,
plm,peanuts_capture,peanuts_capture_pkey,CREATE UNIQUE INDEX peanuts_capture_pkey ON plm.peanuts_capture USING btree (id),True,True,True,True,False,False,1,1,True,f,16384,0,0,0,
plm,peanuts_asset_type,peanuts_asset_type_pkey,"CREATE UNIQUE INDEX peanuts_asset_type_pkey ON plm.peanuts_asset_type USING btree (capture_id, value_key)",True,True,True,True,False,False,2,2,True,p,16384,0,0,0,
plm,peanuts_capture,peanuts_capture_pkey,CREATE UNIQUE INDEX peanuts_capture_pkey ON plm.peanuts_capture USING btree (id),True,True,True,True,False,False,1,1,True,f,16384,0,0,0,
plm,peanuts_licensing_status,peanuts_licensing_status_pkey,"CREATE UNIQUE INDEX peanuts_licensing_status_pkey ON plm.peanuts_licensing_status USING btree (capture_id, value_key)",True,True,True,True,False,False,2,2,True,p,16384,0,0,0,
plm,peanuts_capture,peanuts_capture_pkey,CREATE UNIQUE INDEX peanuts_capture_pkey ON plm.peanuts_capture USING btree (id),True,True,True,True,False,False,1,1,True,f,16384,0,0,0,
plm,peanuts_metadata_field,peanuts_metadata_field_pkey,"CREATE UNIQUE INDEX peanuts_metadata_field_pkey ON plm.peanuts_metadata_field USING btree (capture_id, source_field_name)",True,True,True,True,False,False,2,2,True,p,16384,0,0,0,
plm,peanuts_metadata_field,peanuts_metadata_field_label_uk,"CREATE UNIQUE INDEX peanuts_metadata_field_label_uk ON plm.peanuts_metadata_field USING btree (capture_id, source_field_label)",True,False,True,True,False,False,2,2,True,u,16384,0,0,0,
plm,peanuts_character,peanuts_character_pkey,"CREATE UNIQUE INDEX peanuts_character_pkey ON plm.peanuts_character USING btree (capture_id, value_key)",True,True,True,True,False,False,2,2,True,f,16384,0,0,0,
plm,peanuts_capture,peanuts_capture_pkey,CREATE UNIQUE INDEX peanuts_capture_pkey ON plm.peanuts_capture USING btree (id),True,True,True,True,False,False,1,1,True,f,16384,0,0,0,
plm,peanuts_asset_type,peanuts_asset_type_pkey,"CREATE UNIQUE INDEX peanuts_asset_type_pkey ON plm.peanuts_asset_type USING btree (capture_id, value_key)",True,True,True,True,False,False,2,2,True,f,16384,0,0,0,
plm,peanuts_initiative,peanuts_initiative_pkey,"CREATE UNIQUE INDEX peanuts_initiative_pkey ON plm.peanuts_initiative USING btree (capture_id, value_key)",True,True,True,True,False,False,2,2,True,f,16384,0,0,0,
plm,peanuts_licensing_status,peanuts_licensing_status_pkey,"CREATE UNIQUE INDEX peanuts_licensing_status_pkey ON plm.peanuts_licensing_status USING btree (capture_id, value_key)",True,True,True,True,False,False,2,2,True,f,16384,0,0,0,
plm,peanuts_character,peanuts_character_pkey,"CREATE UNIQUE INDEX peanuts_character_pkey ON plm.peanuts_character USING btree (capture_id, value_key)",True,True,True,True,False,False,2,2,True,f,16384,0,0,0,
plm,peanuts_animation_title,peanuts_animation_title_pkey,"CREATE UNIQUE INDEX peanuts_animation_title_pkey ON plm.peanuts_animation_title USING btree (capture_id, value_key)",True,True,True,True,False,False,2,2,True,f,16384,0,0,0,
plm,peanuts_holiday,peanuts_holiday_pkey,"CREATE UNIQUE INDEX peanuts_holiday_pkey ON plm.peanuts_holiday USING btree (capture_id, value_key)",True,True,True,True,False,False,2,2,True,f,16384,0,0,0,
core,licensor,licensor_pkey,CREATE UNIQUE INDEX licensor_pkey ON core.licensor USING btree (id),True,True,True,True,False,False,1,1,True,f,16384,4314,4314,4314,2026-09-04 17:16:04.527943-04
core,mg_category,mg_category_pkey,CREATE UNIQUE INDEX mg_category_pkey ON core.mg_category USING btree (id),True,True,True,True,False,False,1,1,True,p,16384,0,0,0,
core,mg_category_merch_group,mg_category_merch_group_pkey,CREATE UNIQUE INDEX mg_category_merch_group_pkey ON core.mg_category_merch_group USING btree (id),True,True,True,True,False,False,1,1,True,p,16384,0,0,0,
core,mg_category_merch_group,mg_category_merch_group_one_category_per_mg_row,CREATE UNIQUE INDEX mg_category_merch_group_one_category_per_mg_row ON core.mg_category_merch_group USING btree (merch_group_mg_id),True,False,True,True,False,False,1,1,True,u,16384,0,0,0,
core,mg_category,mg_category_pkey,CREATE UNIQUE INDEX mg_category_pkey ON core.mg_category USING btree (id),True,True,True,True,False,False,1,1,True,f,16384,0,0,0,
plm,licensing_write_authorization,licensing_write_authorization_pkey,CREATE UNIQUE INDEX licensing_write_authorization_pkey ON plm.licensing_write_authorization USING btree (id),True,True,True,True,False,False,1,1,True,p,16384,0,0,0,
plm,licensing_write_authorization,licensing_write_authorization_backend_pid_transaction_id_ta_key,"CREATE UNIQUE INDEX licensing_write_authorization_backend_pid_transaction_id_ta_key ON plm.licensing_write_authorization USING btree (backend_pid, transaction_id, target_table, write_kind, plan_id, plan_hash)",True,False,True,True,False,False,6,6,True,u,16384,0,0,0,
plm,licensing_write_guard_audit,licensing_write_guard_audit_pkey,CREATE UNIQUE INDEX licensing_write_guard_audit_pkey ON plm.licensing_write_guard_audit USING btree (id),True,True,True,True,False,False,1,1,True,p,16384,0,0,0,
plm,licensing_write_authorization,licensing_write_authorization_pkey,CREATE UNIQUE INDEX licensing_write_authorization_pkey ON plm.licensing_write_authorization USING btree (id),True,True,True,True,False,False,1,1,True,f,16384,0,0,0,
core,taxonomy_owner_ruling,taxonomy_owner_ruling_pkey,CREATE UNIQUE INDEX taxonomy_owner_ruling_pkey ON core.taxonomy_owner_ruling USING btree (id),True,True,True,True,False,False,1,1,True,p,16384,0,0,0,
dflow,sample_piece_lineage,sample_piece_lineage_pkey,CREATE UNIQUE INDEX sample_piece_lineage_pkey ON dflow.sample_piece_lineage USING btree (sample_piece_lineage_id),True,True,True,True,False,False,1,1,True,p,16384,0,0,0,
dflow,sample_piece_lineage,sample_piece_lineage_sample_id_fk_key,CREATE UNIQUE INDEX sample_piece_lineage_sample_id_fk_key ON dflow.sample_piece_lineage USING btree (sample_id_fk),True,False,True,True,False,False,1,1,True,u,16384,0,0,0,
dflow,sample_piece_lineage,sample_piece_lineage_split_by_user_idempotency_key_key,"CREATE UNIQUE INDEX sample_piece_lineage_split_by_user_idempotency_key_key ON dflow.sample_piece_lineage USING btree (split_by_user, idempotency_key)",True,False,True,True,False,False,2,2,True,u,16384,0,0,0,
dflow,sample,sample_pkey,CREATE UNIQUE INDEX sample_pkey ON dflow.sample USING btree (sample_id_pk),True,True,True,True,False,False,1,1,True,f,16384,0,0,0,
dflow,sample,sample_pkey,CREATE UNIQUE INDEX sample_pkey ON dflow.sample USING btree (sample_id_pk),True,True,True,True,False,False,1,1,True,f,16384,0,0,0,
dflow,sample,sample_pkey,CREATE UNIQUE INDEX sample_pkey ON dflow.sample USING btree (sample_id_pk),True,True,True,True,False,False,1,1,True,f,16384,0,0,0,
dflow,sample_factory_visit,sample_factory_visit_pkey,CREATE UNIQUE INDEX sample_factory_visit_pkey ON dflow.sample_factory_visit USING btree (sample_factory_visit_id),True,True,True,True,False,False,1,1,True,p,16384,0,0,0,
dflow,sample_factory_visit,sample_factory_visit_requested_by_user_idempotency_key_key,"CREATE UNIQUE INDEX sample_factory_visit_requested_by_user_idempotency_key_key ON dflow.sample_factory_visit USING btree (requested_by_user, idempotency_key)",True,False,True,True,False,False,2,2,True,u,16384,0,0,0,
dflow,sample,sample_pkey,CREATE UNIQUE INDEX sample_pkey ON dflow.sample USING btree (sample_id_pk),True,True,True,True,False,False,1,1,True,f,16384,0,0,0,
dflow,Factory,Factory_pkey,"CREATE UNIQUE INDEX ""Factory_pkey"" ON dflow.""Factory"" USING btree (id)",True,True,True,True,False,False,1,1,True,f,16384,1070,1064,1064,2026-09-02 15:51:54.192649-04
dflow,sample_shipment,sample_shipment_pkey,CREATE UNIQUE INDEX sample_shipment_pkey ON dflow.sample_shipment USING btree (sample_shipment_id),True,True,True,True,False,False,1,1,True,f,16384,6,24,0,2026-09-02 15:52:24.094194-04
dflow,sample_shipment,sample_shipment_pkey,CREATE UNIQUE INDEX sample_shipment_pkey ON dflow.sample_shipment USING btree (sample_shipment_id),True,True,True,True,False,False,1,1,True,f,16384,6,24,0,2026-09-02 15:52:24.094194-04
dflow,sample_factory_visit_event,sample_factory_visit_event_pkey,CREATE UNIQUE INDEX sample_factory_visit_event_pkey ON dflow.sample_factory_visit_event USING btree (sample_factory_visit_event_id),True,True,True,True,False,False,1,1,True,p,16384,0,0,0,
dflow,sample_factory_visit_event,sample_factory_visit_event_sample_factory_visit_id_revision_key,"CREATE UNIQUE INDEX sample_factory_visit_event_sample_factory_visit_id_revision_key ON dflow.sample_factory_visit_event USING btree (sample_factory_visit_id, revision)",True,False,True,True,False,False,2,2,True,u,16384,0,0,0,
dflow,sample_factory_visit,sample_factory_visit_pkey,CREATE UNIQUE INDEX sample_factory_visit_pkey ON dflow.sample_factory_visit USING btree (sample_factory_visit_id),True,True,True,True,False,False,1,1,True,f,16384,0,0,0,
dflow,Factory,Factory_pkey,"CREATE UNIQUE INDEX ""Factory_pkey"" ON dflow.""Factory"" USING btree (id)",True,True,True,True,False,False,1,1,True,f,16384,1070,1064,1064,2026-09-02 15:51:54.192649-04
dflow,sample_shipment,sample_shipment_pkey,CREATE UNIQUE INDEX sample_shipment_pkey ON dflow.sample_shipment USING btree (sample_shipment_id),True,True,True,True,False,False,1,1,True,f,16384,6,24,0,2026-09-02 15:52:24.094194-04
app,profile,profile_pkey,CREATE UNIQUE INDEX profile_pkey ON app.profile USING btree (id),True,True,True,True,False,False,1,1,True,f,16384,60,87,86,2026-09-02 18:18:48.316939-04
ingest,sync_run,sync_run_pkey,CREATE UNIQUE INDEX sync_run_pkey ON ingest.sync_run USING btree (id),True,True,True,True,False,False,1,1,True,f,16384,0,0,0,
plm,sega_capture,sega_capture_pkey,CREATE UNIQUE INDEX sega_capture_pkey ON plm.sega_capture USING btree (id),True,True,True,True,False,False,1,1,True,f,16384,0,0,0,
ingest,sync_run,sync_run_pkey,CREATE UNIQUE INDEX sync_run_pkey ON ingest.sync_run USING btree (id),True,True,True,True,False,False,1,1,True,p,16384,0,0,0,
plm,sega_submission_capture,sega_submission_capture_pkey,CREATE UNIQUE INDEX sega_submission_capture_pkey ON plm.sega_submission_capture USING btree (id),True,True,True,True,False,False,1,1,True,p,16384,0,0,0,
plm,sega_submission_capture,sega_submission_capture_capture_key_key,CREATE UNIQUE INDEX sega_submission_capture_capture_key_key ON plm.sega_submission_capture USING btree (capture_key),True,False,True,True,False,False,1,1,True,u,16384,0,0,0,
plm,sega_submission_property,sega_submission_property_pkey,"CREATE UNIQUE INDEX sega_submission_property_pkey ON plm.sega_submission_property USING btree (submission_capture_id, property_source_id)",True,True,True,True,False,False,2,2,True,p,16384,110,420,48,2026-09-02 22:13:22.799009-04
plm,sega_submission_capture,sega_submission_capture_pkey,CREATE UNIQUE INDEX sega_submission_capture_pkey ON plm.sega_submission_capture USING btree (id),True,True,True,True,False,False,1,1,True,f,16384,0,0,0,
plm,contract_property_capture,contract_property_capture_pkey,CREATE UNIQUE INDEX contract_property_capture_pkey ON plm.contract_property_capture USING btree (id),True,True,True,True,False,False,1,1,True,f,16384,1749,1749,1749,2026-08-30 10:13:35.775493-04
plm,sega_style_guide_property_inferred,sega_style_guide_property_inferred_pkey,"CREATE UNIQUE INDEX sega_style_guide_property_inferred_pkey ON plm.sega_style_guide_property_inferred USING btree (capture_id, catalog_source_id, property_source_id, evidence_key)",True,True,True,True,False,False,4,4,True,p,16384,0,0,0,
plm,sega_style_guide_candidate,sega_style_guide_candidate_pkey,"CREATE UNIQUE INDEX sega_style_guide_candidate_pkey ON plm.sega_style_guide_candidate USING btree (capture_id, catalog_source_id)",True,True,True,True,False,False,2,2,True,f,16384,0,0,0,
core,licensor,licensor_code_key,CREATE UNIQUE INDEX licensor_code_key ON core.licensor USING btree (code),True,False,True,True,False,False,1,1,True,u,16384,4,68,68,2026-09-03 15:35:15.79127-04
plm,wwe_character_property_inferred,wwe_character_property_inferred_pkey,"CREATE UNIQUE INDEX wwe_character_property_inferred_pkey ON plm.wwe_character_property_inferred USING btree (capture_id, character_candidate_key, property_source_id)",True,True,True,True,False,False,3,3,True,p,16384,11,0,0,2026-08-30 12:21:03.645318-04
plm,wwe_character_candidate,wwe_character_candidate_pkey,"CREATE UNIQUE INDEX wwe_character_candidate_pkey ON plm.wwe_character_candidate USING btree (capture_id, character_candidate_key)",True,True,True,True,False,False,2,2,True,f,16384,76,65,65,2026-08-30 12:21:03.645318-04
plm,pmt_metadata_element,pmt_metadata_element_pkey,"CREATE UNIQUE INDEX pmt_metadata_element_pkey ON plm.pmt_metadata_element USING btree (capture_id, metadata_element_id)",True,True,True,True,False,False,2,2,True,p,16384,0,0,0,
plm,pmt_capture,pmt_capture_pkey,CREATE UNIQUE INDEX pmt_capture_pkey ON plm.pmt_capture USING btree (capture_id),True,True,True,True,False,False,1,1,True,f,16384,0,0,0,
plm,pmt_metadata_element,pmt_metadata_element_pkey,"CREATE UNIQUE INDEX pmt_metadata_element_pkey ON plm.pmt_metadata_element USING btree (capture_id, metadata_element_id)",True,True,True,True,False,False,2,2,True,f,16384,0,0,0,
core,artist,artist_pkey,CREATE UNIQUE INDEX artist_pkey ON core.artist USING btree (id),True,True,True,True,False,False,1,1,True,f,16384,0,0,0,
app,profile,profile_pkey,CREATE UNIQUE INDEX profile_pkey ON app.profile USING btree (id),True,True,True,True,False,False,1,1,True,f,16384,60,87,86,2026-09-02 18:18:48.316939-04
app,role,role_pkey,CREATE UNIQUE INDEX role_pkey ON app.role USING btree (id),True,True,True,True,False,False,1,1,True,f,16384,60,60,60,2026-09-03 16:03:26.10708-04
dflow,sample_approval_event,sample_approval_event_pkey,CREATE UNIQUE INDEX sample_approval_event_pkey ON dflow.sample_approval_event USING btree (sample_approval_event_id),True,True,True,True,False,False,1,1,True,p,16384,0,0,0,
dflow,sample_approval_event,sample_approval_event_sample_id_fk_idempotency_key_key,"CREATE UNIQUE INDEX sample_approval_event_sample_id_fk_idempotency_key_key ON dflow.sample_approval_event USING btree (sample_id_fk, idempotency_key)",True,False,True,True,False,False,2,2,True,u,16384,0,0,0,
dflow,sample,sample_pkey,CREATE UNIQUE INDEX sample_pkey ON dflow.sample USING btree (sample_id_pk),True,True,True,True,False,False,1,1,True,f,16384,0,0,0,
dflow,sample_attachment,sample_attachment_pkey,CREATE UNIQUE INDEX sample_attachment_pkey ON dflow.sample_attachment USING btree (sample_attachment_id),True,True,True,True,False,False,1,1,True,f,16384,0,0,0,
plm,coke_capture,coke_capture_pkey,CREATE UNIQUE INDEX coke_capture_pkey ON plm.coke_capture USING btree (id),True,True,True,True,False,False,1,1,True,p,16384,0,0,0,
plm,coke_capture,coke_capture_capture_key_key,CREATE UNIQUE INDEX coke_capture_capture_key_key ON plm.coke_capture USING btree (capture_key),True,False,True,True,False,False,1,1,True,u,16384,0,0,0,
plm,coke_approval_item,coke_approval_item_pkey,"CREATE UNIQUE INDEX coke_approval_item_pkey ON plm.coke_approval_item USING btree (capture_id, approval_route_id)",True,True,True,True,False,False,2,2,True,p,16384,0,0,0,
plm,coke_capture,coke_capture_pkey,CREATE UNIQUE INDEX coke_capture_pkey ON plm.coke_capture USING btree (id),True,True,True,True,False,False,1,1,True,f,16384,0,0,0,
plm,coke_approval_item,coke_approval_item_pkey,"CREATE UNIQUE INDEX coke_approval_item_pkey ON plm.coke_approval_item USING btree (capture_id, approval_route_id)",True,True,True,True,False,False,2,2,True,f,16384,0,0,0,
plm,coke_approval_related_item,coke_approval_related_item_pkey,"CREATE UNIQUE INDEX coke_approval_related_item_pkey ON plm.coke_approval_related_item USING btree (capture_id, approval_route_id, ordinal)",True,True,True,True,False,False,3,3,True,p,16384,0,0,0,
plm,coke_approval_item,coke_approval_item_pkey,"CREATE UNIQUE INDEX coke_approval_item_pkey ON plm.coke_approval_item USING btree (capture_id, approval_route_id)",True,True,True,True,False,False,2,2,True,f,16384,0,0,0,
dflow,sample_inventory_balance,sample_inventory_balance_pkey,"CREATE UNIQUE INDEX sample_inventory_balance_pkey ON dflow.sample_inventory_balance USING btree (sample_id_fk, location_type, location_id)",True,True,True,True,False,False,3,3,True,p,16384,0,0,0,
dflow,sample,sample_pkey,CREATE UNIQUE INDEX sample_pkey ON dflow.sample USING btree (sample_id_pk),True,True,True,True,False,False,1,1,True,f,16384,0,0,0,
plm,coke_approval_stage_snapshot,coke_approval_stage_snapshot_pkey,"CREATE UNIQUE INDEX coke_approval_stage_snapshot_pkey ON plm.coke_approval_stage_snapshot USING btree (capture_id, approval_route_id, stage_ordinal)",True,True,True,True,False,False,3,3,True,p,16384,0,0,0,
plm,coke_approval_item,coke_approval_item_pkey,"CREATE UNIQUE INDEX coke_approval_item_pkey ON plm.coke_approval_item USING btree (capture_id, approval_route_id)",True,True,True,True,False,False,2,2,True,f,16384,0,0,0,
plm,coke_approval_item,coke_approval_item_pkey,"CREATE UNIQUE INDEX coke_approval_item_pkey ON plm.coke_approval_item USING btree (capture_id, approval_route_id)",True,True,True,True,False,False,2,2,True,f,16384,0,0,0,
plm,marvel_asgard_style_guide,marvel_asgard_style_guide_pkey,CREATE UNIQUE INDEX marvel_asgard_style_guide_pkey ON plm.marvel_asgard_style_guide USING btree (id),True,True,True,True,False,False,1,1,True,f,16384,1,75,0,2026-08-31 12:16:10.276481-04
plm,coke_capture,coke_capture_pkey,CREATE UNIQUE INDEX coke_capture_pkey ON plm.coke_capture USING btree (id),True,True,True,True,False,False,1,1,True,f,16384,0,0,0,
plm,coke_approval_item,coke_approval_item_pkey,"CREATE UNIQUE INDEX coke_approval_item_pkey ON plm.coke_approval_item USING btree (capture_id, approval_route_id)",True,True,True,True,False,False,2,2,True,f,16384,0,0,0,
plm,coke_manufacturer_profile,coke_manufacturer_profile_pkey,"CREATE UNIQUE INDEX coke_manufacturer_profile_pkey ON plm.coke_manufacturer_profile USING btree (capture_id, approval_route_id)",True,True,True,True,False,False,2,2,True,p,16384,0,0,0,
plm,coke_approval_item,coke_approval_item_pkey,"CREATE UNIQUE INDEX coke_approval_item_pkey ON plm.coke_approval_item USING btree (capture_id, approval_route_id)",True,True,True,True,False,False,2,2,True,f,16384,0,0,0,
plm,coke_capture,coke_capture_pkey,CREATE UNIQUE INDEX coke_capture_pkey ON plm.coke_capture USING btree (id),True,True,True,True,False,False,1,1,True,f,16384,0,0,0,
plm,coke_capture,coke_capture_pkey,CREATE UNIQUE INDEX coke_capture_pkey ON plm.coke_capture USING btree (id),True,True,True,True,False,False,1,1,True,f,16384,0,0,0,
plm,coke_capture,coke_capture_pkey,CREATE UNIQUE INDEX coke_capture_pkey ON plm.coke_capture USING btree (id),True,True,True,True,False,False,1,1,True,f,16384,0,0,0,
plm,coke_contract,coke_contract_pkey,"CREATE UNIQUE INDEX coke_contract_pkey ON plm.coke_contract USING btree (capture_id, contract_id)",True,True,True,True,False,False,2,2,True,p,16384,0,0,0,
plm,coke_capture,coke_capture_pkey,CREATE UNIQUE INDEX coke_capture_pkey ON plm.coke_capture USING btree (id),True,True,True,True,False,False,1,1,True,f,16384,0,0,0,
plm,coke_sku,coke_sku_pkey,"CREATE UNIQUE INDEX coke_sku_pkey ON plm.coke_sku USING btree (capture_id, sku_source_id)",True,True,True,True,False,False,2,2,True,p,16384,0,0,0,
plm,coke_capture,coke_capture_pkey,CREATE UNIQUE INDEX coke_capture_pkey ON plm.coke_capture USING btree (id),True,True,True,True,False,False,1,1,True,f,16384,0,0,0,
plm,coke_contract_manufacturer,coke_contract_manufacturer_pkey,"CREATE UNIQUE INDEX coke_contract_manufacturer_pkey ON plm.coke_contract_manufacturer USING btree (capture_id, contract_id, manufacturer_id)",True,True,True,True,False,False,3,3,True,p,16384,0,0,0,
plm,coke_contract,coke_contract_pkey,"CREATE UNIQUE INDEX coke_contract_pkey ON plm.coke_contract USING btree (capture_id, contract_id)",True,True,True,True,False,False,2,2,True,f,16384,0,0,0,
plm,coke_royalty_report,coke_royalty_report_pkey,"CREATE UNIQUE INDEX coke_royalty_report_pkey ON plm.coke_royalty_report USING btree (capture_id, report_source_key)",True,True,True,True,False,False,2,2,True,p,16384,0,0,0,
plm,coke_contract,coke_contract_pkey,"CREATE UNIQUE INDEX coke_contract_pkey ON plm.coke_contract USING btree (capture_id, contract_id)",True,True,True,True,False,False,2,2,True,f,16384,0,0,0,
dflow,sample_remote_request,sample_remote_request_pkey,CREATE UNIQUE INDEX sample_remote_request_pkey ON dflow.sample_remote_request USING btree (sample_remote_request_id),True,True,True,True,False,False,1,1,True,p,16384,10,10,10,2026-09-02 13:56:49.543547-04
dflow,sample_remote_request,sample_remote_request_idempotency_key_key,CREATE UNIQUE INDEX sample_remote_request_idempotency_key_key ON dflow.sample_remote_request USING btree (idempotency_key),True,False,True,True,False,False,1,1,True,u,16384,0,0,0,
plm,marvel_asgard_capture,marvel_asgard_capture_pkey,CREATE UNIQUE INDEX marvel_asgard_capture_pkey ON plm.marvel_asgard_capture USING btree (capture_key),True,True,True,True,False,False,1,1,True,p,16384,0,0,0,
plm,marvel_asgard_guide_category,marvel_asgard_guide_category_pkey,CREATE UNIQUE INDEX marvel_asgard_guide_category_pkey ON plm.marvel_asgard_guide_category USING btree (id),True,True,True,True,False,False,1,1,True,p,16384,0,0,0,
plm,marvel_asgard_guide_category,marvel_asgard_guide_category_source_identity_key_key,CREATE UNIQUE INDEX marvel_asgard_guide_category_source_identity_key_key ON plm.marvel_asgard_guide_category USING btree (source_identity_key),True,False,True,True,False,False,1,1,True,u,16384,0,0,0,
plm,marvel_asgard_capture,marvel_asgard_capture_pkey,CREATE UNIQUE INDEX marvel_asgard_capture_pkey ON plm.marvel_asgard_capture USING btree (capture_key),True,True,True,True,False,False,1,1,True,f,16384,0,0,0,
plm,marvel_asgard_capture,marvel_asgard_capture_pkey,CREATE UNIQUE INDEX marvel_asgard_capture_pkey ON plm.marvel_asgard_capture USING btree (capture_key),True,True,True,True,False,False,1,1,True,f,16384,0,0,0,
plm,marvel_asgard_style_guide,marvel_asgard_style_guide_pkey,CREATE UNIQUE INDEX marvel_asgard_style_guide_pkey ON plm.marvel_asgard_style_guide USING btree (id),True,True,True,True,False,False,1,1,True,p,16384,1,75,0,2026-08-31 12:16:10.276481-04
plm,marvel_asgard_guide_category,marvel_asgard_guide_category_pkey,CREATE UNIQUE INDEX marvel_asgard_guide_category_pkey ON plm.marvel_asgard_guide_category USING btree (id),True,True,True,True,False,False,1,1,True,f,16384,0,0,0,
plm,marvel_asgard_capture,marvel_asgard_capture_pkey,CREATE UNIQUE INDEX marvel_asgard_capture_pkey ON plm.marvel_asgard_capture USING btree (capture_key),True,True,True,True,False,False,1,1,True,f,16384,0,0,0,
plm,marvel_asgard_capture,marvel_asgard_capture_pkey,CREATE UNIQUE INDEX marvel_asgard_capture_pkey ON plm.marvel_asgard_capture USING btree (capture_key),True,True,True,True,False,False,1,1,True,f,16384,0,0,0,
plm,marvel_asgard_style_guide,marvel_asgard_style_guide_pkey,CREATE UNIQUE INDEX marvel_asgard_style_guide_pkey ON plm.marvel_asgard_style_guide USING btree (id),True,True,True,True,False,False,1,1,True,f,16384,1,75,0,2026-08-31 12:16:10.276481-04
plm,marvel_asgard_capture,marvel_asgard_capture_pkey,CREATE UNIQUE INDEX marvel_asgard_capture_pkey ON plm.marvel_asgard_capture USING btree (capture_key),True,True,True,True,False,False,1,1,True,f,16384,0,0,0,
plm,marvel_asgard_capture,marvel_asgard_capture_pkey,CREATE UNIQUE INDEX marvel_asgard_capture_pkey ON plm.marvel_asgard_capture USING btree (capture_key),True,True,True,True,False,False,1,1,True,f,16384,0,0,0,
plm,marvel_asgard_capture,marvel_asgard_capture_pkey,CREATE UNIQUE INDEX marvel_asgard_capture_pkey ON plm.marvel_asgard_capture USING btree (capture_key),True,True,True,True,False,False,1,1,True,f,16384,0,0,0,
plm,marvel_asgard_capture,marvel_asgard_capture_pkey,CREATE UNIQUE INDEX marvel_asgard_capture_pkey ON plm.marvel_asgard_capture USING btree (capture_key),True,True,True,True,False,False,1,1,True,f,16384,0,0,0,
plm,marvel_asgard_capture,marvel_asgard_capture_pkey,CREATE UNIQUE INDEX marvel_asgard_capture_pkey ON plm.marvel_asgard_capture USING btree (capture_key),True,True,True,True,False,False,1,1,True,f,16384,0,0,0,
plm,marvel_asgard_capture,marvel_asgard_capture_pkey,CREATE UNIQUE INDEX marvel_asgard_capture_pkey ON plm.marvel_asgard_capture USING btree (capture_key),True,True,True,True,False,False,1,1,True,f,16384,0,0,0,
plm,marvel_asgard_term,marvel_asgard_term_pkey,CREATE UNIQUE INDEX marvel_asgard_term_pkey ON plm.marvel_asgard_term USING btree (id),True,True,True,True,False,False,1,1,True,p,16384,0,0,0,
plm,marvel_asgard_term,marvel_asgard_term_id_term_kind_key,"CREATE UNIQUE INDEX marvel_asgard_term_id_term_kind_key ON plm.marvel_asgard_term USING btree (id, term_kind)",True,False,True,True,False,False,2,2,True,u,16384,0,0,0,
plm,marvel_asgard_capture,marvel_asgard_capture_pkey,CREATE UNIQUE INDEX marvel_asgard_capture_pkey ON plm.marvel_asgard_capture USING btree (capture_key),True,True,True,True,False,False,1,1,True,f,16384,0,0,0,
plm,marvel_asgard_capture,marvel_asgard_capture_pkey,CREATE UNIQUE INDEX marvel_asgard_capture_pkey ON plm.marvel_asgard_capture USING btree (capture_key),True,True,True,True,False,False,1,1,True,f,16384,0,0,0,
plm,marvel_asgard_capture,marvel_asgard_capture_pkey,CREATE UNIQUE INDEX marvel_asgard_capture_pkey ON plm.marvel_asgard_capture USING btree (capture_key),True,True,True,True,False,False,1,1,True,f,16384,0,0,0,
plm,marvel_asgard_style_guide,marvel_asgard_style_guide_pkey,CREATE UNIQUE INDEX marvel_asgard_style_guide_pkey ON plm.marvel_asgard_style_guide USING btree (id),True,True,True,True,False,False,1,1,True,f,16384,1,75,0,2026-08-31 12:16:10.276481-04
plm,marvel_asgard_capture,marvel_asgard_capture_pkey,CREATE UNIQUE INDEX marvel_asgard_capture_pkey ON plm.marvel_asgard_capture USING btree (capture_key),True,True,True,True,False,False,1,1,True,f,16384,0,0,0,
auth,users,users_pkey,CREATE UNIQUE INDEX users_pkey ON auth.users USING btree (id),True,True,True,True,False,False,1,1,True,p,16384,40417,40499,40417,2026-09-04 17:22:29.369229-04
plm,marvel_asgard_capture,marvel_asgard_capture_pkey,CREATE UNIQUE INDEX marvel_asgard_capture_pkey ON plm.marvel_asgard_capture USING btree (capture_key),True,True,True,True,False,False,1,1,True,f,16384,0,0,0,
plm,marvel_asgard_capture,marvel_asgard_capture_pkey,CREATE UNIQUE INDEX marvel_asgard_capture_pkey ON plm.marvel_asgard_capture USING btree (capture_key),True,True,True,True,False,False,1,1,True,f,16384,0,0,0,
plm,marvel_asgard_term,marvel_asgard_term_id_term_kind_key,"CREATE UNIQUE INDEX marvel_asgard_term_id_term_kind_key ON plm.marvel_asgard_term USING btree (id, term_kind)",True,False,True,True,False,False,2,2,True,f,16384,0,0,0,
plm,marvel_asgard_capture,marvel_asgard_capture_pkey,CREATE UNIQUE INDEX marvel_asgard_capture_pkey ON plm.marvel_asgard_capture USING btree (capture_key),True,True,True,True,False,False,1,1,True,f,16384,0,0,0,
dflow,users,users_pkey,CREATE UNIQUE INDEX users_pkey ON dflow.users USING btree (id),True,True,True,True,False,False,1,1,True,f,16384,55,57,55,2026-09-02 15:58:55.478535-04
dflow,RFQStep,RFQStep_pkey,"CREATE UNIQUE INDEX ""RFQStep_pkey"" ON dflow.""RFQStep"" USING btree (""RFQStep_id"")",True,True,True,True,False,False,1,1,True,f,16384,24,24,24,2026-09-02 13:56:33.661829-04
dflow,RFQStep,RFQStep_pkey,"CREATE UNIQUE INDEX ""RFQStep_pkey"" ON dflow.""RFQStep"" USING btree (""RFQStep_id"")",True,True,True,True,False,False,1,1,True,f,16384,24,24,24,2026-09-02 13:56:33.661829-04
dflow,sample_remote_request_item,sample_remote_request_item_pkey,CREATE UNIQUE INDEX sample_remote_request_item_pkey ON dflow.sample_remote_request_item USING btree (sample_remote_request_item_id),True,True,True,True,False,False,1,1,True,p,16384,0,0,0,
dflow,sample_remote_request_item,sample_remote_request_item_sample_remote_request_id_idempot_key,"CREATE UNIQUE INDEX sample_remote_request_item_sample_remote_request_id_idempot_key ON dflow.sample_remote_request_item USING btree (sample_remote_request_id, idempotency_key)",True,False,True,True,False,False,2,2,True,u,16384,3,3,3,2026-09-02 13:56:03.432506-04
dflow,sample_remote_request,sample_remote_request_pkey,CREATE UNIQUE INDEX sample_remote_request_pkey ON dflow.sample_remote_request USING btree (sample_remote_request_id),True,True,True,True,False,False,1,1,True,f,16384,10,10,10,2026-09-02 13:56:49.543547-04
dflow,sample_workflow,sample_workflow_pkey,CREATE UNIQUE INDEX sample_workflow_pkey ON dflow.sample_workflow USING btree (sample_workflow_id),True,True,True,True,False,False,1,1,True,f,16384,0,0,0,
dflow,sample,sample_pkey,CREATE UNIQUE INDEX sample_pkey ON dflow.sample USING btree (sample_id_pk),True,True,True,True,False,False,1,1,True,f,16384,0,0,0,
dflow,sample_remote_request_history,sample_remote_request_history_pkey,CREATE UNIQUE INDEX sample_remote_request_history_pkey ON dflow.sample_remote_request_history USING btree (sample_remote_request_history_id),True,True,True,True,False,False,1,1,True,p,16384,0,0,0,
dflow,sample_remote_request_history,sample_remote_request_history_sample_remote_request_item_id_key,"CREATE UNIQUE INDEX sample_remote_request_history_sample_remote_request_item_id_key ON dflow.sample_remote_request_history USING btree (sample_remote_request_item_id, idempotency_key)",True,False,True,True,False,False,2,2,True,u,16384,1,1,1,2026-09-02 13:56:03.432506-04
dflow,sample_remote_request_item,sample_remote_request_item_pkey,CREATE UNIQUE INDEX sample_remote_request_item_pkey ON dflow.sample_remote_request_item USING btree (sample_remote_request_item_id),True,True,True,True,False,False,1,1,True,f,16384,0,0,0,
dflow,sample_reservation,sample_reservation_pkey,CREATE UNIQUE INDEX sample_reservation_pkey ON dflow.sample_reservation USING btree (sample_reservation_id),True,True,True,True,False,False,1,1,True,p,16384,0,0,0,
dflow,sample_reservation,sample_reservation_open_sample_id_key,CREATE UNIQUE INDEX sample_reservation_open_sample_id_key ON dflow.sample_reservation USING btree (open_sample_id),True,False,True,True,False,False,1,1,True,u,16384,0,0,0,
dflow,sample_reservation,sample_reservation_idempotency_key_key,CREATE UNIQUE INDEX sample_reservation_idempotency_key_key ON dflow.sample_reservation USING btree (idempotency_key),True,False,True,True,False,False,1,1,True,u,16384,0,0,0,
dflow,sample_remote_request_item,sample_remote_request_item_pkey,CREATE UNIQUE INDEX sample_remote_request_item_pkey ON dflow.sample_remote_request_item USING btree (sample_remote_request_item_id),True,True,True,True,False,False,1,1,True,f,16384,0,0,0,
dflow,sample,sample_pkey,CREATE UNIQUE INDEX sample_pkey ON dflow.sample USING btree (sample_id_pk),True,True,True,True,False,False,1,1,True,f,16384,0,0,0,
dflow,sample_box,sample_box_pkey,CREATE UNIQUE INDEX sample_box_pkey ON dflow.sample_box USING btree (box_id_pk),True,True,True,True,False,False,1,1,True,f,16384,0,0,0,
dflow,sample_shipment_line,sample_shipment_line_pkey,CREATE UNIQUE INDEX sample_shipment_line_pkey ON dflow.sample_shipment_line USING btree (shipment_line_id),True,True,True,True,False,False,1,1,True,f,16384,0,0,0,
plm,contract_property_capture,contract_property_capture_pkey,CREATE UNIQUE INDEX contract_property_capture_pkey ON plm.contract_property_capture USING btree (id),True,True,True,True,False,False,1,1,True,p,16384,1749,1749,1749,2026-08-30 10:13:35.775493-04
core,licensor,licensor_pkey,CREATE UNIQUE INDEX licensor_pkey ON core.licensor USING btree (id),True,True,True,True,False,False,1,1,True,f,16384,4314,4314,4314,2026-09-04 17:16:04.527943-04
plm,contract_property_document,contract_property_document_pkey,"CREATE UNIQUE INDEX contract_property_document_pkey ON plm.contract_property_document USING btree (capture_id, id)",True,True,True,True,False,False,2,2,True,p,16384,1429,1479,1401,2026-08-30 10:13:43.137824-04
plm,contract_property_capture,contract_property_capture_pkey,CREATE UNIQUE INDEX contract_property_capture_pkey ON plm.contract_property_capture USING btree (id),True,True,True,True,False,False,1,1,True,f,16384,1749,1749,1749,2026-08-30 10:13:35.775493-04
plm,contract_property_capture,contract_property_capture_pkey,CREATE UNIQUE INDEX contract_property_capture_pkey ON plm.contract_property_capture USING btree (id),True,True,True,True,False,False,1,1,True,f,16384,1749,1749,1749,2026-08-30 10:13:35.775493-04
plm,contract_property_document,contract_property_document_pkey,"CREATE UNIQUE INDEX contract_property_document_pkey ON plm.contract_property_document USING btree (capture_id, id)",True,True,True,True,False,False,2,2,True,f,16384,1429,1479,1401,2026-08-30 10:13:43.137824-04
plm,creative_submission_property_resolution_member,creative_submission_property_resolution_member_pkey,CREATE UNIQUE INDEX creative_submission_property_resolution_member_pkey ON plm.creative_submission_property_resolution_member USING btree (resolution_member_id),True,True,True,True,False,False,1,1,True,p,16384,0,0,0,
plm,wwe_submission_capture,wwe_submission_capture_pkey,CREATE UNIQUE INDEX wwe_submission_capture_pkey ON plm.wwe_submission_capture USING btree (id),True,True,True,True,False,False,1,1,True,p,16384,60,60,60,2026-08-30 12:21:03.645318-04
plm,wwe_submission_capture,wwe_submission_capture_capture_key_key,CREATE UNIQUE INDEX wwe_submission_capture_capture_key_key ON plm.wwe_submission_capture USING btree (capture_key),True,False,True,True,False,False,1,1,True,u,16384,1,2,1,2026-08-30 12:21:15.27932-04
plm,wwe_creative_capture,wwe_creative_capture_pkey,CREATE UNIQUE INDEX wwe_creative_capture_pkey ON plm.wwe_creative_capture USING btree (id),True,True,True,True,False,False,1,1,True,p,16384,2944,2944,2944,2026-08-30 12:21:03.645318-04
plm,wwe_creative_capture,wwe_creative_capture_capture_key_key,CREATE UNIQUE INDEX wwe_creative_capture_capture_key_key ON plm.wwe_creative_capture USING btree (capture_key),True,False,True,True,False,False,1,1,True,u,16384,1,2,1,2026-08-30 12:21:15.27932-04
plm,wwe_contract,wwe_contract_pkey,"CREATE UNIQUE INDEX wwe_contract_pkey ON plm.wwe_contract USING btree (capture_id, contract_source_id)",True,True,True,True,False,False,2,2,True,p,16384,12,11,11,2026-08-30 12:21:03.645318-04
plm,wwe_submission_capture,wwe_submission_capture_pkey,CREATE UNIQUE INDEX wwe_submission_capture_pkey ON plm.wwe_submission_capture USING btree (id),True,True,True,True,False,False,1,1,True,f,16384,60,60,60,2026-08-30 12:21:03.645318-04
plm,wwe_property,wwe_property_pkey,"CREATE UNIQUE INDEX wwe_property_pkey ON plm.wwe_property USING btree (capture_id, property_source_id)",True,True,True,True,False,False,2,2,True,p,16384,12,11,11,2026-08-30 12:21:03.645318-04
plm,wwe_submission_capture,wwe_submission_capture_pkey,CREATE UNIQUE INDEX wwe_submission_capture_pkey ON plm.wwe_submission_capture USING btree (id),True,True,True,True,False,False,1,1,True,f,16384,60,60,60,2026-08-30 12:21:03.645318-04
plm,wwe_property,wwe_property_pkey,"CREATE UNIQUE INDEX wwe_property_pkey ON plm.wwe_property USING btree (capture_id, property_source_id)",True,True,True,True,False,False,2,2,True,f,16384,12,11,11,2026-08-30 12:21:03.645318-04
plm,wwe_contract_property,wwe_contract_property_pkey,"CREATE UNIQUE INDEX wwe_contract_property_pkey ON plm.wwe_contract_property USING btree (capture_id, contract_source_id, property_source_id)",True,True,True,True,False,False,3,3,True,p,16384,1,0,0,2026-08-30 12:21:03.645318-04
plm,wwe_contract,wwe_contract_pkey,"CREATE UNIQUE INDEX wwe_contract_pkey ON plm.wwe_contract USING btree (capture_id, contract_source_id)",True,True,True,True,False,False,2,2,True,f,16384,12,11,11,2026-08-30 12:21:03.645318-04
plm,wwe_property,wwe_property_pkey,"CREATE UNIQUE INDEX wwe_property_pkey ON plm.wwe_property USING btree (capture_id, property_source_id)",True,True,True,True,False,False,2,2,True,f,16384,12,11,11,2026-08-30 12:21:03.645318-04
plm,wwe_product_entitlement,wwe_product_entitlement_pkey,CREATE UNIQUE INDEX wwe_product_entitlement_pkey ON plm.wwe_product_entitlement USING btree (id),True,True,True,True,False,False,1,1,True,p,16384,10,0,0,2026-08-30 12:21:03.645318-04
plm,wwe_submission_capture,wwe_submission_capture_pkey,CREATE UNIQUE INDEX wwe_submission_capture_pkey ON plm.wwe_submission_capture USING btree (id),True,True,True,True,False,False,1,1,True,f,16384,60,60,60,2026-08-30 12:21:03.645318-04
plm,wwe_contract,wwe_contract_pkey,"CREATE UNIQUE INDEX wwe_contract_pkey ON plm.wwe_contract USING btree (capture_id, contract_source_id)",True,True,True,True,False,False,2,2,True,f,16384,12,11,11,2026-08-30 12:21:03.645318-04
plm,wwe_property,wwe_property_pkey,"CREATE UNIQUE INDEX wwe_property_pkey ON plm.wwe_property USING btree (capture_id, property_source_id)",True,True,True,True,False,False,2,2,True,f,16384,12,11,11,2026-08-30 12:21:03.645318-04
plm,wwe_submission,wwe_submission_pkey,"CREATE UNIQUE INDEX wwe_submission_pkey ON plm.wwe_submission USING btree (capture_id, submission_number)",True,True,True,True,False,False,2,2,True,p,16384,48,0,0,2026-08-30 12:21:03.645318-04
plm,wwe_submission_capture,wwe_submission_capture_pkey,CREATE UNIQUE INDEX wwe_submission_capture_pkey ON plm.wwe_submission_capture USING btree (id),True,True,True,True,False,False,1,1,True,f,16384,60,60,60,2026-08-30 12:21:03.645318-04
plm,wwe_submission_ip,wwe_submission_ip_pkey,"CREATE UNIQUE INDEX wwe_submission_ip_pkey ON plm.wwe_submission_ip USING btree (capture_id, submission_number, ip_ordinal)",True,True,True,True,False,False,3,3,True,p,16384,54,0,0,2026-08-30 12:21:03.645318-04
plm,wwe_submission,wwe_submission_pkey,"CREATE UNIQUE INDEX wwe_submission_pkey ON plm.wwe_submission USING btree (capture_id, submission_number)",True,True,True,True,False,False,2,2,True,f,16384,48,0,0,2026-08-30 12:21:03.645318-04
plm,wwe_submission_stage,wwe_submission_stage_pkey,"CREATE UNIQUE INDEX wwe_submission_stage_pkey ON plm.wwe_submission_stage USING btree (capture_id, submission_number, stage_ordinal)",True,True,True,True,False,False,3,3,True,p,16384,121,0,0,2026-08-30 12:21:03.645318-04
plm,wwe_submission,wwe_submission_pkey,"CREATE UNIQUE INDEX wwe_submission_pkey ON plm.wwe_submission USING btree (capture_id, submission_number)",True,True,True,True,False,False,2,2,True,f,16384,48,0,0,2026-08-30 12:21:03.645318-04
plm,wwe_submission_image,wwe_submission_image_pkey,"CREATE UNIQUE INDEX wwe_submission_image_pkey ON plm.wwe_submission_image USING btree (capture_id, submission_number, image_source_id)",True,True,True,True,False,False,3,3,True,p,16384,76,0,0,2026-08-30 12:21:03.645318-04
plm,wwe_submission,wwe_submission_pkey,"CREATE UNIQUE INDEX wwe_submission_pkey ON plm.wwe_submission USING btree (capture_id, submission_number)",True,True,True,True,False,False,2,2,True,f,16384,48,0,0,2026-08-30 12:21:03.645318-04
plm,wwe_submission,wwe_submission_pkey,"CREATE UNIQUE INDEX wwe_submission_pkey ON plm.wwe_submission USING btree (capture_id, submission_number)",True,True,True,True,False,False,2,2,True,f,16384,48,0,0,2026-08-30 12:21:03.645318-04
plm,wwe_creative_brand,wwe_creative_brand_pkey,"CREATE UNIQUE INDEX wwe_creative_brand_pkey ON plm.wwe_creative_brand USING btree (capture_id, brand_source_id)",True,True,True,True,False,False,2,2,True,p,16384,30,28,28,2026-08-30 12:21:03.645318-04
plm,wwe_creative_capture,wwe_creative_capture_pkey,CREATE UNIQUE INDEX wwe_creative_capture_pkey ON plm.wwe_creative_capture USING btree (id),True,True,True,True,False,False,1,1,True,f,16384,2944,2944,2944,2026-08-30 12:21:03.645318-04
plm,wwe_style_guide,wwe_style_guide_pkey,"CREATE UNIQUE INDEX wwe_style_guide_pkey ON plm.wwe_style_guide USING btree (capture_id, guideline_source_id)",True,True,True,True,False,False,2,2,True,p,16384,278,252,252,2026-08-30 12:21:03.645318-04
plm,wwe_creative_brand,wwe_creative_brand_pkey,"CREATE UNIQUE INDEX wwe_creative_brand_pkey ON plm.wwe_creative_brand USING btree (capture_id, brand_source_id)",True,True,True,True,False,False,2,2,True,f,16384,30,28,28,2026-08-30 12:21:03.645318-04
plm,wwe_style_guide_page,wwe_style_guide_page_pkey,"CREATE UNIQUE INDEX wwe_style_guide_page_pkey ON plm.wwe_style_guide_page USING btree (capture_id, guideline_source_id, page_source_id)",True,True,True,True,False,False,3,3,True,p,16384,226,0,0,2026-08-30 12:21:03.645318-04
plm,wwe_style_guide,wwe_style_guide_pkey,"CREATE UNIQUE INDEX wwe_style_guide_pkey ON plm.wwe_style_guide USING btree (capture_id, guideline_source_id)",True,True,True,True,False,False,2,2,True,f,16384,278,252,252,2026-08-30 12:21:03.645318-04
plm,wwe_asset_library,wwe_asset_library_pkey,"CREATE UNIQUE INDEX wwe_asset_library_pkey ON plm.wwe_asset_library USING btree (capture_id, library_source_id)",True,True,True,True,False,False,2,2,True,p,16384,11279,11277,11277,2026-08-30 12:21:03.645318-04
plm,wwe_creative_brand,wwe_creative_brand_pkey,"CREATE UNIQUE INDEX wwe_creative_brand_pkey ON plm.wwe_creative_brand USING btree (capture_id, brand_source_id)",True,True,True,True,False,False,2,2,True,f,16384,30,28,28,2026-08-30 12:21:03.645318-04
plm,wwe_creative_capture,wwe_creative_capture_pkey,CREATE UNIQUE INDEX wwe_creative_capture_pkey ON plm.wwe_creative_capture USING btree (id),True,True,True,True,False,False,1,1,True,f,16384,2944,2944,2944,2026-08-30 12:21:03.645318-04
plm,wwe_asset_library,wwe_asset_library_pkey,"CREATE UNIQUE INDEX wwe_asset_library_pkey ON plm.wwe_asset_library USING btree (capture_id, library_source_id)",True,True,True,True,False,False,2,2,True,f,16384,11279,11277,11277,2026-08-30 12:21:03.645318-04
plm,wwe_creative_capture,wwe_creative_capture_pkey,CREATE UNIQUE INDEX wwe_creative_capture_pkey ON plm.wwe_creative_capture USING btree (id),True,True,True,True,False,False,1,1,True,f,16384,2944,2944,2944,2026-08-30 12:21:03.645318-04
plm,wwe_character_candidate,wwe_character_candidate_pkey,"CREATE UNIQUE INDEX wwe_character_candidate_pkey ON plm.wwe_character_candidate USING btree (capture_id, character_candidate_key)",True,True,True,True,False,False,2,2,True,p,16384,76,65,65,2026-08-30 12:21:03.645318-04
plm,wwe_character_candidate,wwe_character_candidate_normalized_uk,"CREATE UNIQUE INDEX wwe_character_candidate_normalized_uk ON plm.wwe_character_candidate USING btree (capture_id, normalized_candidate_label, inference_method)",True,False,True,True,False,False,3,3,True,u,16384,11,0,0,2026-08-30 12:21:03.645318-04
plm,wwe_character_candidate,wwe_character_candidate_pkey,"CREATE UNIQUE INDEX wwe_character_candidate_pkey ON plm.wwe_character_candidate USING btree (capture_id, character_candidate_key)",True,True,True,True,False,False,2,2,True,f,16384,76,65,65,2026-08-30 12:21:03.645318-04
plm,wwe_submission,wwe_submission_pkey,"CREATE UNIQUE INDEX wwe_submission_pkey ON plm.wwe_submission USING btree (capture_id, submission_number)",True,True,True,True,False,False,2,2,True,f,16384,48,0,0,2026-08-30 12:21:03.645318-04
plm,wwe_style_guide_property_inferred,wwe_style_guide_property_inferred_pkey,"CREATE UNIQUE INDEX wwe_style_guide_property_inferred_pkey ON plm.wwe_style_guide_property_inferred USING btree (capture_id, guideline_source_id, property_source_id)",True,True,True,True,False,False,3,3,True,p,16384,26,0,0,2026-08-30 12:21:03.645318-04
plm,wwe_style_guide,wwe_style_guide_pkey,"CREATE UNIQUE INDEX wwe_style_guide_pkey ON plm.wwe_style_guide USING btree (capture_id, guideline_source_id)",True,True,True,True,False,False,2,2,True,f,16384,278,252,252,2026-08-30 12:21:03.645318-04
plm,wwe_style_guide,wwe_style_guide_pkey,"CREATE UNIQUE INDEX wwe_style_guide_pkey ON plm.wwe_style_guide USING btree (capture_id, guideline_source_id)",True,True,True,True,False,False,2,2,True,f,16384,278,252,252,2026-08-30 12:21:03.645318-04
plm,dcp_opa_property_resolution,dcp_opa_property_resolution_pkey,CREATE UNIQUE INDEX dcp_opa_property_resolution_pkey ON plm.dcp_opa_property_resolution USING btree (resolution_id),True,True,True,True,False,False,1,1,True,p,16384,589,589,589,2026-09-02 22:16:18.339652-04
plm,dcp_opa_property_resolution,dcp_opa_property_resolution_supersedes_key,CREATE UNIQUE INDEX dcp_opa_property_resolution_supersedes_key ON plm.dcp_opa_property_resolution USING btree (supersedes_resolution_id),True,False,True,True,False,False,1,1,True,u,16384,0,0,0,
plm,dcp_opa_property_resolution,dcp_opa_property_resolution_pkey,CREATE UNIQUE INDEX dcp_opa_property_resolution_pkey ON plm.dcp_opa_property_resolution USING btree (resolution_id),True,True,True,True,False,False,1,1,True,f,16384,589,589,589,2026-09-02 22:16:18.339652-04
plm,dcp_opa_property_resolution,dcp_opa_property_resolution_pkey,CREATE UNIQUE INDEX dcp_opa_property_resolution_pkey ON plm.dcp_opa_property_resolution USING btree (resolution_id),True,True,True,True,False,False,1,1,True,f,16384,589,589,589,2026-09-02 22:16:18.339652-04
core,licensor,licensor_pkey,CREATE UNIQUE INDEX licensor_pkey ON core.licensor USING btree (id),True,True,True,True,False,False,1,1,True,f,16384,4314,4314,4314,2026-09-04 17:16:04.527943-04
plm,dcp_crawl,dcp_crawl_identity_status_uk,"CREATE UNIQUE INDEX dcp_crawl_identity_status_uk ON plm.dcp_crawl USING btree (crawl_id, status)",True,False,True,True,False,False,2,2,True,u,16384,0,0,0,
plm,dcp_crawl,dcp_crawl_pkey,CREATE UNIQUE INDEX dcp_crawl_pkey ON plm.dcp_crawl USING btree (crawl_id),True,True,True,True,False,False,1,1,True,f,16384,0,0,0,
plm,dcp_crawl,dcp_crawl_identity_status_uk,"CREATE UNIQUE INDEX dcp_crawl_identity_status_uk ON plm.dcp_crawl USING btree (crawl_id, status)",True,False,True,True,False,False,2,2,True,f,16384,0,0,0,
public,hts_rag_rulings,hts_rag_rulings_pkey,CREATE UNIQUE INDEX hts_rag_rulings_pkey ON public.hts_rag_rulings USING btree (id),True,True,True,True,False,False,1,1,True,f,16384,0,0,0,
dflow,users,users_pkey,CREATE UNIQUE INDEX users_pkey ON dflow.users USING btree (id),True,True,True,True,False,False,1,1,True,f,16384,55,57,55,2026-09-02 15:58:55.478535-04
dflow,users,users_pkey,CREATE UNIQUE INDEX users_pkey ON dflow.users USING btree (id),True,True,True,True,False,False,1,1,True,f,16384,55,57,55,2026-09-02 15:58:55.478535-04
app,ai_cache_events,ai_cache_events_feature_created_at_idx,"CREATE INDEX ai_cache_events_feature_created_at_idx ON app.ai_cache_events USING btree (feature, created_at DESC)",False,False,True,True,False,False,2,2,False,,16384,0,0,0,
plm,sega_asset_tag,idx_sega_asset_tag_capture,CREATE INDEX idx_sega_asset_tag_capture ON plm.sega_asset_tag USING btree (capture_id),False,False,True,True,False,False,1,1,False,,16384,0,0,0,
plm,nbcu_character,idx_nbcu_character_lower_label,CREATE INDEX idx_nbcu_character_lower_label ON plm.nbcu_character USING btree (lower(character_label)),False,False,True,True,False,True,1,1,False,,16384,0,0,0,
plm,erp_licensor,plm_erp_licensor_name_norm_idx,CREATE INDEX plm_erp_licensor_name_norm_idx ON plm.erp_licensor USING btree (lower(btrim(name))),False,False,True,True,False,True,1,1,False,,16384,0,0,0,
dflow,RolePermissions,RolePermissions_RoleId_fkey,"CREATE INDEX ""RolePermissions_RoleId_fkey"" ON dflow.""RolePermissions"" USING btree (""RoleId"")",False,False,True,True,False,False,1,1,False,,16384,0,0,0,
storage,objects,bucketid_objname,"CREATE UNIQUE INDEX bucketid_objname ON storage.objects USING btree (bucket_id, name)",True,False,True,True,False,False,2,2,False,,16384,0,0,0,
plm,wb_character_normalized,uq_wb_character_normalized_fallback,"CREATE UNIQUE INDEX uq_wb_character_normalized_fallback ON plm.wb_character_normalized USING btree (source_namespace, fallback_key) WHERE (source_id IS NULL)",True,False,True,True,True,False,2,2,False,,16384,40,0,0,2026-08-30 23:07:59.433588-04
plm,grid_cell_notes,grid_cell_notes_grid_row_col_uq,"CREATE UNIQUE INDEX grid_cell_notes_grid_row_col_uq ON plm.grid_cell_notes USING btree (grid_type, row_id, col_id)",True,False,True,True,False,False,3,3,False,,16384,0,0,0,
plm,dcp_metadata_run,idx_dcp_metadata_run_status,CREATE INDEX idx_dcp_metadata_run_status ON plm.dcp_metadata_run USING btree (status),False,False,True,True,False,False,1,1,False,,16384,2,4,4,2026-09-03 22:14:35.716414-04
public,agent_pairings,idx_agent_pairings_code,CREATE INDEX idx_agent_pairings_code ON public.agent_pairings USING btree (pairing_code) WHERE (status = 'pending'::text),False,False,True,True,True,False,1,1,False,,16384,0,0,0,
core,artist_types,artist_types_created_by_fkey,CREATE INDEX artist_types_created_by_fkey ON core.artist_types USING btree (created_by),False,False,True,True,False,False,1,1,False,,16384,0,0,0,
dflow,productUserAssignment,productUserAssignment_user_idx,"CREATE INDEX ""productUserAssignment_user_idx"" ON dflow.""productUserAssignment"" USING btree (user_id_fk)",False,False,True,True,False,False,1,1,False,,16384,0,0,0,
core,licensor,licensor_pkey,CREATE UNIQUE INDEX licensor_pkey ON core.licensor USING btree (id),True,True,True,True,False,False,1,1,True,p,16384,4314,4314,4314,2026-09-04 17:16:04.527943-04
dflow,sample_approval_event,sample_approval_event_latest_idx,"CREATE INDEX sample_approval_event_latest_idx ON dflow.sample_approval_event USING btree (sample_id_fk, approval_type, created_at DESC, sample_approval_event_id DESC)",False,False,True,True,False,False,4,4,False,,16384,0,0,0,
dflow,artist_types,artist_types_created_by_fkey,CREATE INDEX artist_types_created_by_fkey ON dflow.artist_types USING btree (created_by),False,False,True,True,False,False,1,1,False,,16384,0,0,0,
auth,sessions,sessions_oauth_client_id_idx,CREATE INDEX sessions_oauth_client_id_idx ON auth.sessions USING btree (oauth_client_id),False,False,True,True,False,False,1,1,False,,16384,0,0,0,
dflow,sample_inventory_balance,sample_inventory_balance_screen_idx,"CREATE INDEX sample_inventory_balance_screen_idx ON dflow.sample_inventory_balance USING btree ((
CASE
    WHEN ((location_type = 'terminal'::text) AND (location_id = ANY (ARRAY['nyc_office_inventory'::text, 'ningbo_office_inventory'::text]))) THEN 'office'::text
    ELSE location_type
END), (
CASE
    WHEN (location_id = 'nyc_office_inventory'::text) THEN 'nyc'::text
    WHEN (location_id = 'ningbo_office_inventory'::text) THEN 'ningbo'::text
    ELSE location_id
END), available_since DESC, sample_id_fk DESC) WHERE (quantity > 0)",False,False,True,True,True,True,4,4,False,,16384,0,0,0,
plm,dcp_crawl_section,idx_dcp_crawl_section_crawl,"CREATE INDEX idx_dcp_crawl_section_crawl ON plm.dcp_crawl_section USING btree (crawl_id, status)",False,False,True,True,False,False,2,2,False,,16384,0,0,0,
plm,taxonomy_sync_alert,plm_taxonomy_sync_alert_observation_idx,CREATE INDEX plm_taxonomy_sync_alert_observation_idx ON plm.taxonomy_sync_alert USING btree (observation_id),False,False,True,True,False,False,1,1,False,,16384,0,0,0,
core,taxonomy_owner_ruling,taxonomy_owner_ruling_entity_idx,"CREATE INDEX taxonomy_owner_ruling_entity_idx ON core.taxonomy_owner_ruling USING btree (entity_schema, entity_table, entity_id)",False,False,True,True,False,False,3,3,False,,16384,0,0,0,
app,profile,profile_pkey,CREATE UNIQUE INDEX profile_pkey ON app.profile USING btree (id),True,True,True,True,False,False,1,1,True,f,16384,60,87,86,2026-09-02 18:18:48.316939-04
app,notification,notification_pkey,CREATE UNIQUE INDEX notification_pkey ON app.notification USING btree (id),True,True,True,True,False,False,1,1,True,p,16384,0,0,0,
app,profile,profile_pkey,CREATE UNIQUE INDEX profile_pkey ON app.profile USING btree (id),True,True,True,True,False,False,1,1,True,f,16384,60,87,86,2026-09-02 18:18:48.316939-04
app,profile,profile_pkey,CREATE UNIQUE INDEX profile_pkey ON app.profile USING btree (id),True,True,True,True,False,False,1,1,True,f,16384,60,87,86,2026-09-02 18:18:48.316939-04
plm,licensingMilestone,unique_item_stage,"CREATE UNIQUE INDEX unique_item_stage ON plm.""licensingMilestone"" USING btree (itemheader_id_fk, stage)",True,False,True,True,False,False,2,2,False,,16384,0,0,0,
dflow,artist_types,artist_types_updated_by_fkey,CREATE INDEX artist_types_updated_by_fkey ON dflow.artist_types USING btree (updated_by),False,False,True,True,False,False,1,1,False,,16384,0,0,0,
plm,wwe_style_guide_property_inferred,idx_wwe_style_guide_property_inferred_guide,"CREATE INDEX idx_wwe_style_guide_property_inferred_guide ON plm.wwe_style_guide_property_inferred USING btree (capture_id, guideline_source_id)",False,False,True,True,False,False,2,2,False,,16384,0,0,0,
plm,wwe_submission_capture,idx_wwe_submission_capture_status,"CREATE INDEX idx_wwe_submission_capture_status ON plm.wwe_submission_capture USING btree (status, source_captured_at DESC)",False,False,True,True,False,False,2,2,False,,16384,1,1,1,2026-08-30 12:21:03.645318-04
plm,pmt_capture,idx_pmt_capture_latest_complete_full,"CREATE INDEX idx_pmt_capture_latest_complete_full ON plm.pmt_capture USING btree (completed_at DESC, capture_id DESC) WHERE ((status = 'complete'::text) AND (capture_kind = 'full'::text))",False,False,True,True,True,False,2,2,False,,16384,86,132,132,2026-09-03 22:14:35.716414-04
app,profile,profile_pkey,CREATE UNIQUE INDEX profile_pkey ON app.profile USING btree (id),True,True,True,True,False,False,1,1,True,f,16384,60,87,86,2026-09-02 18:18:48.316939-04
coldlion,change_log,coldlion_change_log_natural_key_idx,CREATE INDEX coldlion_change_log_natural_key_idx ON coldlion.change_log USING gin (natural_key jsonb_path_ops),False,False,True,True,False,False,1,1,False,,16384,0,0,0,
public,hts_rag_rulings,hts_rag_rulings_ruling_date_idx,CREATE INDEX hts_rag_rulings_ruling_date_idx ON public.hts_rag_rulings USING btree (ruling_date DESC),False,False,True,True,False,False,1,1,False,,16384,0,0,0,
core,factory_alias,factory_alias_factory_norm_key,"CREATE UNIQUE INDEX factory_alias_factory_norm_key ON core.factory_alias USING btree (factory_id, normalized_alias)",True,False,True,True,False,False,2,2,False,,16384,0,0,0,
app,ai_cache_events,ai_cache_events_created_at_idx,CREATE INDEX ai_cache_events_created_at_idx ON app.ai_cache_events USING btree (created_at DESC),False,False,True,True,False,False,1,1,False,,16384,0,0,0,
plm,customer_import,plm_customer_import_company_idx,CREATE INDEX plm_customer_import_company_idx ON plm.customer_import USING btree (company_id),False,False,True,True,False,False,1,1,False,,16384,3753,1161,1161,2026-09-03 09:49:58.413623-04
plm,erp_property,plm_erp_property_resolution_idx,"CREATE INDEX plm_erp_property_resolution_idx ON plm.erp_property USING btree (resolution_status, division_code)",False,False,True,True,False,False,2,2,False,,16384,1,30,10,2026-09-02 13:16:46.909369-04
app,profile,profile_pkey,CREATE UNIQUE INDEX profile_pkey ON app.profile USING btree (id),True,True,True,True,False,False,1,1,True,f,16384,60,87,86,2026-09-02 18:18:48.316939-04
public,hts_rag_rulings,hts_rag_rulings_operationally_revoked_idx,CREATE INDEX hts_rag_rulings_operationally_revoked_idx ON public.hts_rag_rulings USING btree (operationally_revoked),False,False,True,True,False,False,1,1,False,,16384,0,0,0,
app,profile,profile_pkey,CREATE UNIQUE INDEX profile_pkey ON app.profile USING btree (id),True,True,True,True,False,False,1,1,True,f,16384,60,87,86,2026-09-02 18:18:48.316939-04
plm,erp_licensor,plm_erp_licensor_last_sync_run_idx,CREATE INDEX plm_erp_licensor_last_sync_run_idx ON plm.erp_licensor USING btree (last_sync_run_id),False,False,True,True,False,False,1,1,False,,16384,0,0,0,
dflow,sample,sample_quantity_migration_state_idx,CREATE INDEX sample_quantity_migration_state_idx ON dflow.sample USING btree (quantity_migration_state),False,False,True,True,False,False,1,1,False,,16384,0,0,0,
app,app_access,app_access_profile_id_app_key,"CREATE UNIQUE INDEX app_access_profile_id_app_key ON app.app_access USING btree (profile_id, app)",True,False,True,True,False,False,2,2,True,u,16384,848,369,369,2026-09-04 12:47:48.922168-04
core,product_depth,product_depth_legacy_id_key,CREATE UNIQUE INDEX product_depth_legacy_id_key ON core.product_depth USING btree (legacy_id) WHERE (legacy_id IS NOT NULL),True,False,True,True,True,False,1,1,False,,16384,0,0,0,
core,art_types,art_types_divisioncode_id_fkey,CREATE INDEX art_types_divisioncode_id_fkey ON core.art_types USING btree (divisioncode_id),False,False,True,True,False,False,1,1,False,,16384,0,0,0,
core,customer_alias,customer_alias_customer_idx,CREATE INDEX customer_alias_customer_idx ON core.customer_alias USING btree (customer_id),False,False,True,True,False,False,1,1,False,,16384,3753,2862,2862,2026-09-03 09:49:58.413623-04
plm,lucasfilm_dcp_crawl,idx_lucasfilm_dcp_crawl_status,"CREATE INDEX idx_lucasfilm_dcp_crawl_status ON plm.lucasfilm_dcp_crawl USING btree (status, started_at DESC)",False,False,True,True,False,False,2,2,False,,16384,0,0,0,
app,app_access,app_access_pkey,CREATE UNIQUE INDEX app_access_pkey ON app.app_access USING btree (id),True,True,True,True,False,False,1,1,True,p,16384,0,0,0,
plm,dcp_crawl_section,idx_dcp_crawl_section_incomplete,CREATE INDEX idx_dcp_crawl_section_incomplete ON plm.dcp_crawl_section USING btree (crawl_id) WHERE (status <> 'complete'::text),False,False,True,True,True,False,1,1,False,,16384,0,0,0,
auth,users,idx_users_name,CREATE INDEX idx_users_name ON auth.users USING btree (((raw_user_meta_data ->> 'name'::text))) WHERE ((raw_user_meta_data ->> 'name'::text) IS NOT NULL),False,False,True,True,True,True,1,1,False,,16384,0,0,0,
plm,peanuts_asset_type,peanuts_asset_type_usage_idx,"CREATE INDEX peanuts_asset_type_usage_idx ON plm.peanuts_asset_type USING btree (capture_id, asset_count)",False,False,True,True,False,False,2,2,False,,16384,0,0,0,
app,profile,profile_pkey,CREATE UNIQUE INDEX profile_pkey ON app.profile USING btree (id),True,True,True,True,False,False,1,1,True,f,16384,60,87,86,2026-09-02 18:18:48.316939-04
plm,wwe_submission_image,idx_wwe_submission_image_submission,"CREATE INDEX idx_wwe_submission_image_submission ON plm.wwe_submission_image USING btree (capture_id, submission_number)",False,False,True,True,False,False,2,2,False,,16384,0,0,0,
app,role,role_pkey,CREATE UNIQUE INDEX role_pkey ON app.role USING btree (id),True,True,True,True,False,False,1,1,True,f,16384,60,60,60,2026-09-03 16:03:26.10708-04
app,profile,profile_pkey,CREATE UNIQUE INDEX profile_pkey ON app.profile USING btree (id),True,True,True,True,False,False,1,1,True,f,16384,60,87,86,2026-09-02 18:18:48.316939-04
plm,peanuts_asset_animation_title,peanuts_asset_animation_title_value_idx,"CREATE INDEX peanuts_asset_animation_title_value_idx ON plm.peanuts_asset_animation_title USING btree (capture_id, animation_title_key)",False,False,True,True,False,False,2,2,False,,16384,0,0,0,
app,user_role,user_role_profile_id_role_id_key,"CREATE UNIQUE INDEX user_role_profile_id_role_id_key ON app.user_role USING btree (profile_id, role_id)",True,False,True,True,False,False,2,2,True,u,16384,51943,24047,23912,2026-09-04 17:15:57.669765-04
app,user_role,user_role_pkey,CREATE UNIQUE INDEX user_role_pkey ON app.user_role USING btree (id),True,True,True,True,False,False,1,1,True,p,16384,0,0,0,
auth,users,users_pkey,CREATE UNIQUE INDEX users_pkey ON auth.users USING btree (id),True,True,True,True,False,False,1,1,True,f,16384,40417,40499,40417,2026-09-04 17:22:29.369229-04
app,profile,profile_email_key,CREATE UNIQUE INDEX profile_email_key ON app.profile USING btree (email),True,False,True,True,False,False,1,1,True,u,16384,0,0,0,
plm,erp_property,plm_erp_property_mg_code_idx,CREATE INDEX plm_erp_property_mg_code_idx ON plm.erp_property USING btree (mg_code),False,False,True,True,False,False,1,1,False,,16384,0,0,0,
plm,lucasfilm_dcp_crawl,idx_lucasfilm_dcp_crawl_latest_complete,"CREATE INDEX idx_lucasfilm_dcp_crawl_latest_complete ON plm.lucasfilm_dcp_crawl USING btree (captured_on DESC, crawl_id DESC) WHERE (status = 'complete'::text)",False,False,True,True,True,False,2,2,False,,16384,0,0,0,
storage,buckets,bname,CREATE UNIQUE INDEX bname ON storage.buckets USING btree (name),True,False,True,True,False,False,1,1,False,,16384,0,0,0,
plm,sega_capture,idx_sega_capture_status_captured,"CREATE INDEX idx_sega_capture_status_captured ON plm.sega_capture USING btree (status, source_captured_at DESC)",False,False,True,True,False,False,2,2,False,,16384,66,132,132,2026-09-03 22:14:35.716414-04
dflow,UIElements,UIElements_ParentId_fkey,"CREATE INDEX ""UIElements_ParentId_fkey"" ON dflow.""UIElements"" USING btree (""ParentId"")",False,False,True,True,False,False,1,1,False,,16384,0,0,0,
dflow,art_piece,fki_art_piece_artist_id_fkey,CREATE INDEX fki_art_piece_artist_id_fkey ON dflow.art_piece USING btree (artist_id),False,False,True,True,False,False,1,1,False,,16384,0,0,0,
plm,merch_group_header,plm_merch_group_header_semantic_key_uidx,"CREATE UNIQUE INDEX plm_merch_group_header_semantic_key_uidx ON plm.merch_group_header USING btree (company_code, division_code, mg_type_code, mg_type_desc)",True,False,True,True,False,False,4,4,True,u,16384,0,0,0,
dflow,sample_attachment,sample_attachment_sample_id_fk_idx,CREATE INDEX sample_attachment_sample_id_fk_idx ON dflow.sample_attachment USING btree (sample_id_fk),False,False,True,True,False,False,1,1,False,,16384,0,0,0,
public,ai_tag_bakeoff_results,idx_ai_tag_bakeoff_results_status,CREATE INDEX idx_ai_tag_bakeoff_results_status ON public.ai_tag_bakeoff_results USING btree (status),False,False,True,True,False,False,1,1,False,,16384,0,0,0,
core,packaging_type,packaging_type_status_name_idx,"CREATE INDEX packaging_type_status_name_idx ON core.packaging_type USING btree (status, name)",False,False,True,True,False,False,2,2,False,,16384,0,0,0,
app,profile,profile_auth_user_id_key,CREATE UNIQUE INDEX profile_auth_user_id_key ON app.profile USING btree (auth_user_id),True,False,True,True,False,False,1,1,True,u,16384,20,129,119,2026-09-01 15:35:38.000466-04
app,profile,profile_pkey,CREATE UNIQUE INDEX profile_pkey ON app.profile USING btree (id),True,True,True,True,False,False,1,1,True,p,16384,60,87,86,2026-09-02 18:18:48.316939-04
app,role,role_slug_key,CREATE UNIQUE INDEX role_slug_key ON app.role USING btree (slug),True,False,True,True,False,False,1,1,True,u,16384,51864,51870,51868,2026-09-04 17:15:57.669765-04
app,role,role_pkey,CREATE UNIQUE INDEX role_pkey ON app.role USING btree (id),True,True,True,True,False,False,1,1,True,p,16384,60,60,60,2026-09-03 16:03:26.10708-04
plm,taxonomy_baseline_pin,plm_taxonomy_baseline_pin_history_idx,"CREATE INDEX plm_taxonomy_baseline_pin_history_idx ON plm.taxonomy_baseline_pin USING btree (baseline_key, metric_key, effective_from DESC)",False,False,True,True,False,False,3,3,False,,16384,0,0,0,
plm,pmt_character,idx_pmt_character_name,CREATE INDEX idx_pmt_character_name ON plm.pmt_character USING btree (character_name),False,False,True,True,False,False,1,1,False,,16384,0,0,0,
designflow_frozen_20260710,art_piece,art_piece_updated_by_fkey,CREATE INDEX art_piece_updated_by_fkey ON designflow_frozen_20260710.art_piece USING btree (updated_by),False,False,True,True,False,False,1,1,False,,16384,0,0,0,
dflow,sample_box,sample_box_owner_factory_idx,CREATE INDEX sample_box_owner_factory_idx ON dflow.sample_box USING btree (owner_factory_id_fk),False,False,True,True,False,False,1,1,False,,16384,0,0,0,
supabase_migrations,schema_migrations,schema_migrations_idempotency_key_key,CREATE UNIQUE INDEX schema_migrations_idempotency_key_key ON supabase_migrations.schema_migrations USING btree (idempotency_key),True,False,True,True,False,False,1,1,True,u,16384,0,0,0,
auth,users,recovery_token_idx,CREATE UNIQUE INDEX recovery_token_idx ON auth.users USING btree (recovery_token) WHERE ((recovery_token)::text !~ '^[0-9 ]*$'::text),True,False,True,True,True,False,1,1,False,,16384,0,0,0,
ingest,sync_run,sync_run_pkey,CREATE UNIQUE INDEX sync_run_pkey ON ingest.sync_run USING btree (id),True,True,True,True,False,False,1,1,True,f,16384,0,0,0,
designflow_frozen_20260710,artists,artists_artist_type_id_fkey,CREATE INDEX artists_artist_type_id_fkey ON designflow_frozen_20260710.artists USING btree (artist_type_id),False,False,True,True,False,False,1,1,False,,16384,0,0,0,
core,licensor,licensor_pkey,CREATE UNIQUE INDEX licensor_pkey ON core.licensor USING btree (id),True,True,True,True,False,False,1,1,True,f,16384,4314,4314,4314,2026-09-04 17:16:04.527943-04
plm,pmt_property,idx_pmt_property_name,CREATE INDEX idx_pmt_property_name ON plm.pmt_property USING btree (property_name),False,False,True,True,False,False,1,1,False,,16384,0,0,0,
core,art_types,art_types_created_by_fkey,CREATE INDEX art_types_created_by_fkey ON core.art_types USING btree (created_by),False,False,True,True,False,False,1,1,False,,16384,0,0,0,
dflow,artists,artists_art_source_id_fkey,CREATE INDEX artists_art_source_id_fkey ON dflow.artists USING btree (art_source_id),False,False,True,True,False,False,1,1,False,,16384,0,0,0,
app,RolePermissions,RolePermissions_ElementId_fkey,"CREATE INDEX ""RolePermissions_ElementId_fkey"" ON app.""RolePermissions"" USING btree (""ElementId"")",False,False,True,True,False,False,1,1,False,,16384,0,0,0,
plm,wwe_character_evidence,idx_wwe_character_evidence_candidate,"CREATE INDEX idx_wwe_character_evidence_candidate ON plm.wwe_character_evidence USING btree (capture_id, character_candidate_key)",False,False,True,True,False,False,2,2,False,,16384,0,0,0,
plm,coke_approval_item,coke_approval_item_item_idx,"CREATE INDEX coke_approval_item_item_idx ON plm.coke_approval_item USING btree (capture_id, item_id)",False,False,True,True,False,False,2,2,False,,16384,0,0,0,
plm,wwe_style_guide,idx_wwe_style_guide_capture,CREATE INDEX idx_wwe_style_guide_capture ON plm.wwe_style_guide USING btree (capture_id),False,False,True,True,False,False,1,1,False,,16384,0,0,0,
public,style_guide_crawl_runs,style_guide_crawl_runs_pkey,CREATE UNIQUE INDEX style_guide_crawl_runs_pkey ON public.style_guide_crawl_runs USING btree (id),True,True,True,True,False,False,1,1,True,f,16384,1531416,1531416,1531416,2026-09-03 22:12:38.340659-04
public,erp_sync_runs,erp_sync_runs_one_running,CREATE UNIQUE INDEX erp_sync_runs_one_running ON public.erp_sync_runs USING btree ((true)) WHERE (status = 'running'::text),True,False,True,True,True,True,1,1,False,,16384,0,0,0,
plm,pmt_authorized_title,idx_pmt_authorized_title_name,CREATE INDEX idx_pmt_authorized_title_name ON plm.pmt_authorized_title USING btree (authorized_title_name),False,False,True,True,False,False,1,1,False,,16384,0,0,0,
public,licensors,licensors_pkey,CREATE UNIQUE INDEX licensors_pkey ON public.licensors USING btree (id),True,True,True,True,False,False,1,1,True,f,16384,1588,1594,1588,2026-09-04 17:16:04.206478-04
plm,marvel_dcp_style_guide,idx_marvel_dcp_style_guide_region_year,"CREATE INDEX idx_marvel_dcp_style_guide_region_year ON plm.marvel_dcp_style_guide USING btree (region, year_segment)",False,False,True,True,False,False,2,2,False,,16384,0,0,0,
dflow,itemLicenseImage,idx_itemlicenseimage_item,"CREATE INDEX idx_itemlicenseimage_item ON dflow.""itemLicenseImage"" USING btree (itemheader_id_fk)",False,False,True,True,False,False,1,1,False,,16384,0,0,0,
dflow,sample_workflow,sample_workflow_queue_idx,"CREATE INDEX sample_workflow_queue_idx ON dflow.sample_workflow USING btree (workflow_type, workflow_state, updated_at DESC)",False,False,True,True,False,False,3,3,False,,16384,0,0,0,
plm,lucasfilm_dcp_metadata_run,idx_lucasfilm_dcp_metadata_run_source_crawl,CREATE INDEX idx_lucasfilm_dcp_metadata_run_source_crawl ON plm.lucasfilm_dcp_metadata_run USING btree (source_crawl_id),False,False,True,True,False,False,1,1,False,,16384,0,0,0,
auth,users,idx_users_email,CREATE INDEX idx_users_email ON auth.users USING btree (email),False,False,True,True,False,False,1,1,False,,16384,1,0,0,2026-09-01 15:35:38.000466-04
public,erp_sync_runs,erp_sync_runs_pkey,CREATE UNIQUE INDEX erp_sync_runs_pkey ON public.erp_sync_runs USING btree (id),True,True,True,True,False,False,1,1,True,f,16384,0,0,0,
plm,wwe_asset_library,idx_wwe_asset_library_brand,"CREATE INDEX idx_wwe_asset_library_brand ON plm.wwe_asset_library USING btree (capture_id, brand_source_id)",False,False,True,True,False,False,2,2,False,,16384,1,2,0,2026-08-30 12:21:15.563337-04
plm,wwe_product_entitlement,idx_wwe_product_entitlement_capture,CREATE INDEX idx_wwe_product_entitlement_capture ON plm.wwe_product_entitlement USING btree (capture_id),False,False,True,True,False,False,1,1,False,,16384,0,0,0,
dflow,artists,artists_divisioncode_id_fkey,CREATE INDEX artists_divisioncode_id_fkey ON dflow.artists USING btree (divisioncode_id),False,False,True,True,False,False,1,1,False,,16384,0,0,0,
auth,custom_oauth_providers,custom_oauth_providers_provider_type_idx,CREATE INDEX custom_oauth_providers_provider_type_idx ON auth.custom_oauth_providers USING btree (provider_type),False,False,True,True,False,False,1,1,False,,16384,0,0,0,
plm,wwe_submission,idx_wwe_submission_capture,CREATE INDEX idx_wwe_submission_capture ON plm.wwe_submission USING btree (capture_id),False,False,True,True,False,False,1,1,False,,16384,306,7818,7818,2026-08-30 12:21:15.563337-04
dflow,GridViewState,GridViewState_user_grid_view,"CREATE UNIQUE INDEX ""GridViewState_user_grid_view"" ON dflow.""GridViewState"" USING btree (user_id_fk, grid_id, view_name)",True,False,True,True,False,False,3,3,False,,16384,0,0,0,
auth,users,users_pkey,CREATE UNIQUE INDEX users_pkey ON auth.users USING btree (id),True,True,True,True,False,False,1,1,True,f,16384,40417,40499,40417,2026-09-04 17:22:29.369229-04
plm,wwe_asset_library,idx_wwe_asset_library_capture,CREATE INDEX idx_wwe_asset_library_capture ON plm.wwe_asset_library USING btree (capture_id),False,False,True,True,False,False,1,1,False,,16384,0,0,0,
public,helper_devices,helper_devices_pkey,CREATE UNIQUE INDEX helper_devices_pkey ON public.helper_devices USING btree (id),True,True,True,True,False,False,1,1,True,f,16384,0,0,0,
dflow,sample_piece_lineage,sample_piece_lineage_parent_idx,CREATE INDEX sample_piece_lineage_parent_idx ON dflow.sample_piece_lineage USING btree (parent_sample_id_fk),False,False,True,True,False,False,1,1,False,,16384,0,0,0,
plm,taxonomy_sync_alert,plm_taxonomy_sync_alert_open_idx,CREATE INDEX plm_taxonomy_sync_alert_open_idx ON plm.taxonomy_sync_alert USING btree (fired_at DESC) WHERE (acknowledged_at IS NULL),False,False,True,True,True,False,1,1,False,,16384,0,0,0,
auth,users,users_pkey,CREATE UNIQUE INDEX users_pkey ON auth.users USING btree (id),True,True,True,True,False,False,1,1,True,f,16384,40417,40499,40417,2026-09-04 17:22:29.369229-04
plm,erp_licensor,plm_erp_licensor_resolution_idx,"CREATE INDEX plm_erp_licensor_resolution_idx ON plm.erp_licensor USING btree (resolution_status, division_code)",False,False,True,True,False,False,2,2,False,,16384,0,0,0,
plm,marvel_asgard_capture,marvel_asgard_one_current_capture_idx,CREATE UNIQUE INDEX marvel_asgard_one_current_capture_idx ON plm.marvel_asgard_capture USING btree (source_system) WHERE is_current,True,False,True,True,True,False,1,1,False,,16384,0,0,0,
plm,wwe_submission_ip,idx_wwe_submission_ip_normalized,CREATE INDEX idx_wwe_submission_ip_normalized ON plm.wwe_submission_ip USING btree (normalized_ip_label),False,False,True,True,False,False,1,1,False,,16384,0,0,0,
public,agent_registrations,agent_registrations_pkey,CREATE UNIQUE INDEX agent_registrations_pkey ON public.agent_registrations USING btree (id),True,True,True,True,False,False,1,1,True,f,16384,984627,1857842,6769,2026-09-04 17:30:29.99939-04
plm,wwe_submission_ip,idx_wwe_submission_ip_submission,"CREATE INDEX idx_wwe_submission_ip_submission ON plm.wwe_submission_ip USING btree (capture_id, submission_number)",False,False,True,True,False,False,2,2,False,,16384,0,0,0,
plm,licensor_import,plm_licensor_import_licensor_idx,CREATE INDEX plm_licensor_import_licensor_idx ON plm.licensor_import USING btree (licensor_id),False,False,True,True,False,False,1,1,False,,16384,0,0,0,
plm,wb_property,idx_wb_property_lifecycle_status,"CREATE INDEX idx_wb_property_lifecycle_status ON plm.wb_property USING btree (status, last_seen_at)",False,False,True,True,False,False,2,2,False,,16384,20,10500,0,2026-09-02 13:54:04.410283-04
public,user_roles,user_roles_user_id_idx,CREATE INDEX user_roles_user_id_idx ON public.user_roles USING btree (user_id),False,False,True,True,False,False,1,1,False,,16384,111,131,131,2026-09-04 17:15:54.788257-04
plm,peanuts_initiative,peanuts_initiative_usage_idx,"CREATE INDEX peanuts_initiative_usage_idx ON plm.peanuts_initiative USING btree (capture_id, asset_count)",False,False,True,True,False,False,2,2,False,,16384,0,0,0,
dflow,sample_shipment,sample_shipment_active_tracking_uniq,"CREATE UNIQUE INDEX sample_shipment_active_tracking_uniq ON dflow.sample_shipment USING btree (carrier_id, lower(tracking_number)) WHERE ((carrier_id IS NOT NULL) AND (state <> 'cancelled'::text))",True,False,True,True,True,True,2,2,False,,16384,0,0,0,
plm,nbcu_character,idx_nbcu_character_capture,CREATE INDEX idx_nbcu_character_capture ON plm.nbcu_character USING btree (capture_id),False,False,True,True,False,False,1,1,False,,16384,0,0,0,
plm,peanuts_holiday,peanuts_holiday_usage_idx,"CREATE INDEX peanuts_holiday_usage_idx ON plm.peanuts_holiday USING btree (capture_id, asset_count)",False,False,True,True,False,False,2,2,False,,16384,0,0,0,
public,asset_checkouts,asset_checkouts_pkey,CREATE UNIQUE INDEX asset_checkouts_pkey ON public.asset_checkouts USING btree (id),True,True,True,True,False,False,1,1,True,p,16384,0,0,0,
dflow,sample_movement,sample_movement_inventory_idx,"CREATE INDEX sample_movement_inventory_idx ON dflow.sample_movement USING btree (to_location_type, to_location_id, occurred_at DESC, sample_id_fk)",False,False,True,True,False,False,4,4,False,,16384,0,0,0,
plm,nbcu_capture,idx_nbcu_capture_status_captured,"CREATE INDEX idx_nbcu_capture_status_captured ON plm.nbcu_capture USING btree (status, source_captured_at DESC)",False,False,True,True,False,False,2,2,False,,16384,46,46,46,2026-09-03 22:14:35.716414-04
dflow,sample_shipment_line,sample_shipment_line_header_idx,"CREATE INDEX sample_shipment_line_header_idx ON dflow.sample_shipment_line USING btree (sample_shipment_id, shipment_line_id) WHERE (sample_shipment_id IS NOT NULL)",False,False,True,True,True,False,2,2,False,,16384,0,0,0,
plm,peanuts_licensing_status,peanuts_licensing_status_usage_idx,"CREATE INDEX peanuts_licensing_status_usage_idx ON plm.peanuts_licensing_status USING btree (capture_id, asset_count)",False,False,True,True,False,False,2,2,False,,16384,0,0,0,
public,helper_tokens,helper_tokens_pkey,CREATE UNIQUE INDEX helper_tokens_pkey ON public.helper_tokens USING btree (id),True,True,True,True,False,False,1,1,True,p,16384,0,0,0,
public,helper_devices,helper_devices_pkey,CREATE UNIQUE INDEX helper_devices_pkey ON public.helper_devices USING btree (id),True,True,True,True,False,False,1,1,True,p,16384,0,0,0,
plm,wb_franchise,idx_wb_franchise_lifecycle_status,"CREATE INDEX idx_wb_franchise_lifecycle_status ON plm.wb_franchise USING btree (status, last_seen_at)",False,False,True,True,False,False,2,2,False,,16384,0,0,0,
plm,erp_vendor,plm_erp_vendor_active_idx,CREATE INDEX plm_erp_vendor_active_idx ON plm.erp_vendor USING btree (active),False,False,True,True,False,False,1,1,False,,16384,0,0,0,
core,mg_category,mg_category_name_key,CREATE UNIQUE INDEX mg_category_name_key ON core.mg_category USING btree (lower(btrim(name))),True,False,True,True,False,True,1,1,False,,16384,0,0,0,
plm,wb_franchise,uq_wb_franchise_source,"CREATE UNIQUE INDEX uq_wb_franchise_source ON plm.wb_franchise USING btree (source_namespace, source_id) WHERE (source_id IS NOT NULL)",True,False,True,True,True,False,2,2,False,,16384,0,0,0,
plm,wwe_property,idx_wwe_property_capture,CREATE INDEX idx_wwe_property_capture ON plm.wwe_property USING btree (capture_id),False,False,True,True,False,False,1,1,False,,16384,0,0,0,
designflow_frozen_20260710,art_piece,fki_art_piece_artist_id_fkey,CREATE INDEX fki_art_piece_artist_id_fkey ON designflow_frozen_20260710.art_piece USING btree (artist_id),False,False,True,True,False,False,1,1,False,,16384,0,0,0,
auth,users,users_pkey,CREATE UNIQUE INDEX users_pkey ON auth.users USING btree (id),True,True,True,True,False,False,1,1,True,f,16384,40417,40499,40417,2026-09-04 17:22:29.369229-04
plm,wwe_creative_capture,idx_wwe_creative_capture_status,"CREATE INDEX idx_wwe_creative_capture_status ON plm.wwe_creative_capture USING btree (status, source_captured_at DESC)",False,False,True,True,False,False,2,2,False,,16384,1,1,1,2026-08-30 12:21:03.645318-04
core,mg_category_merch_group,mg_category_merch_group_category_idx,CREATE INDEX mg_category_merch_group_category_idx ON core.mg_category_merch_group USING btree (mg_category_id),False,False,True,True,False,False,1,1,False,,16384,0,0,0,
plm,wwe_asset_folder,idx_wwe_asset_folder_capture,CREATE INDEX idx_wwe_asset_folder_capture ON plm.wwe_asset_folder USING btree (capture_id),False,False,True,True,False,False,1,1,False,,16384,1,1272,0,2026-08-30 12:21:15.563337-04
designflow_frozen_20260710,art_piece,art_piece_created_by_fkey,CREATE INDEX art_piece_created_by_fkey ON designflow_frozen_20260710.art_piece USING btree (created_by),False,False,True,True,False,False,1,1,False,,16384,0,0,0,
plm,wwe_character_candidate,idx_wwe_character_candidate_normalized,CREATE INDEX idx_wwe_character_candidate_normalized ON plm.wwe_character_candidate USING btree (normalized_candidate_label),False,False,True,True,False,False,1,1,False,,16384,0,0,0,
public,asset_checkouts,asset_checkouts_pkey,CREATE UNIQUE INDEX asset_checkouts_pkey ON public.asset_checkouts USING btree (id),True,True,True,True,False,False,1,1,True,f,16384,0,0,0,
auth,users,users_pkey,CREATE UNIQUE INDEX users_pkey ON auth.users USING btree (id),True,True,True,True,False,False,1,1,True,f,16384,40417,40499,40417,2026-09-04 17:22:29.369229-04
plm,contract_property_capture,contract_property_capture_licensor_idx,CREATE INDEX contract_property_capture_licensor_idx ON plm.contract_property_capture USING btree (licensor_id),False,False,True,True,False,False,1,1,False,,16384,0,0,0,
plm,nbcu_property,idx_nbcu_property_capture,CREATE INDEX idx_nbcu_property_capture ON plm.nbcu_property USING btree (capture_id),False,False,True,True,False,False,1,1,False,,16384,0,0,0,
public,erp_sync_runs,erp_sync_runs_pkey,CREATE UNIQUE INDEX erp_sync_runs_pkey ON public.erp_sync_runs USING btree (id),True,True,True,True,False,False,1,1,True,f,16384,0,0,0,
plm,sega_property_licensor,idx_sega_property_licensor_capture,CREATE INDEX idx_sega_property_licensor_capture ON plm.sega_property_licensor USING btree (capture_id),False,False,True,True,False,False,1,1,False,,16384,0,0,0,
public,app_access,app_access_user_id_app_key,"CREATE UNIQUE INDEX app_access_user_id_app_key ON public.app_access USING btree (user_id, app)",True,False,True,True,False,False,2,2,True,u,16384,1,0,0,2026-09-01 15:35:38.000466-04
public,app_access,app_access_pkey,CREATE UNIQUE INDEX app_access_pkey ON public.app_access USING btree (id),True,True,True,True,False,False,1,1,True,p,16384,0,0,0,
storage,objects,name_prefix_search,CREATE INDEX name_prefix_search ON storage.objects USING btree (name text_pattern_ops),False,False,True,True,False,False,1,1,False,,16384,0,0,0,
plm,sega_submission_capture,idx_sega_submission_capture_status_captured,"CREATE INDEX idx_sega_submission_capture_status_captured ON plm.sega_submission_capture USING btree (status, source_captured_at DESC, load_completed_at DESC, id)",False,False,True,True,False,False,4,4,False,,16384,111,111,111,2026-09-03 15:30:17.136651-04
plm,nbcu_scope,idx_nbcu_scope_capture,CREATE INDEX idx_nbcu_scope_capture ON plm.nbcu_scope USING btree (capture_id),False,False,True,True,False,False,1,1,False,,16384,0,0,0,
dflow,sample_movement,sample_movement_box_idx,"CREATE INDEX sample_movement_box_idx ON dflow.sample_movement USING btree (box_id_fk, occurred_at) WHERE (box_id_fk IS NOT NULL)",False,False,True,True,True,False,2,2,False,,16384,0,0,0,
auth,custom_oauth_providers,custom_oauth_providers_enabled_idx,CREATE INDEX custom_oauth_providers_enabled_idx ON auth.custom_oauth_providers USING btree (enabled),False,False,True,True,False,False,1,1,False,,16384,0,0,0,
auth,users,users_email_partial_key,CREATE UNIQUE INDEX users_email_partial_key ON auth.users USING btree (email) WHERE (is_sso_user = false),True,False,True,True,True,False,1,1,False,,16384,0,0,0,
public,app_access,app_access_user_id_idx,CREATE INDEX app_access_user_id_idx ON public.app_access USING btree (user_id),False,False,True,True,False,False,1,1,False,,16384,0,0,0,
auth,identities,identities_user_id_idx,CREATE INDEX identities_user_id_idx ON auth.identities USING btree (user_id),False,False,True,True,False,False,1,1,False,,16384,14628,28369,28369,2026-09-04 17:22:29.369229-04
plm,contract_property_document,contract_property_document_sha256_uq,CREATE UNIQUE INDEX contract_property_document_sha256_uq ON plm.contract_property_document USING btree (document_sha256),True,False,True,True,False,False,1,1,False,,16384,0,0,0,
public,style_guide_crawl_runs,style_guide_crawl_runs_pkey,CREATE UNIQUE INDEX style_guide_crawl_runs_pkey ON public.style_guide_crawl_runs USING btree (id),True,True,True,True,False,False,1,1,True,p,16384,1531416,1531416,1531416,2026-09-03 22:12:38.340659-04
public,agent_registrations,agent_registrations_agent_name_key,CREATE UNIQUE INDEX agent_registrations_agent_name_key ON public.agent_registrations USING btree (agent_name),True,False,True,True,False,False,1,1,True,u,16384,4,7,4,2026-09-03 14:16:08.828912-04
app,notification,app_notification_pm_target_idx,"CREATE INDEX app_notification_pm_target_idx ON app.notification USING btree (target_schema, target_table, target_id) WHERE (app = 'pm'::app.app_name)",False,False,True,True,True,False,3,3,False,,16384,3,0,0,2026-09-03 16:01:25.404701-04
plm,sega_character_property_inferred,idx_sega_character_property_inferred_property,"CREATE INDEX idx_sega_character_property_inferred_property ON plm.sega_character_property_inferred USING btree (capture_id, property_source_id)",False,False,True,True,False,False,2,2,False,,16384,0,0,0,
core,age_group,age_group_created_by_fkey,CREATE INDEX age_group_created_by_fkey ON core.age_group USING btree (created_by),False,False,True,True,False,False,1,1,False,,16384,0,0,0,
dflow,sample,sample_box_id_fk_idx,CREATE INDEX sample_box_id_fk_idx ON dflow.sample USING btree (box_id_fk),False,False,True,True,False,False,1,1,False,,16384,0,0,0,
plm,coke_sku,coke_sku_sku_idx,"CREATE INDEX coke_sku_sku_idx ON plm.coke_sku USING btree (capture_id, sku)",False,False,True,True,False,False,2,2,False,,16384,0,0,0,
crm,department,crm_department_company_idx,CREATE INDEX crm_department_company_idx ON crm.department USING btree (company_id),False,False,True,True,False,False,1,1,False,,16384,4,4,4,2026-09-03 16:03:25.319482-04
core,age_group,age_group_updated_by_fkey,CREATE INDEX age_group_updated_by_fkey ON core.age_group USING btree (updated_by),False,False,True,True,False,False,1,1,False,,16384,0,0,0,
plm,sega_style_guide_property_inferred,idx_sega_style_guide_property_inferred_evidence_catalog,"CREATE INDEX idx_sega_style_guide_property_inferred_evidence_catalog ON plm.sega_style_guide_property_inferred USING btree (capture_id, evidence_catalog_source_id)",False,False,True,True,False,False,2,2,False,,16384,0,0,0,
public,asset_checkouts,asset_checkouts_one_active_per_asset,"CREATE UNIQUE INDEX asset_checkouts_one_active_per_asset ON public.asset_checkouts USING btree (asset_id) WHERE (status = ANY (ARRAY['active'::checkout_status, 'checkin_queued'::checkout_status, 'uploading'::checkout_status, 'verifying'::checkout_status]))",True,False,True,True,True,False,1,1,False,,16384,4,0,0,2026-09-02 08:50:28.795305-04
plm,nbcu_property,nbcu_property_source_id_uk,"CREATE UNIQUE INDEX nbcu_property_source_id_uk ON plm.nbcu_property USING btree (capture_id, property_source_id) WHERE (property_source_id IS NOT NULL)",True,False,True,True,True,False,2,2,False,,16384,1519,138,138,2026-09-03 08:06:02.362003-04
public,erp_sync_runs,erp_sync_runs_pkey,CREATE UNIQUE INDEX erp_sync_runs_pkey ON public.erp_sync_runs USING btree (id),True,True,True,True,False,False,1,1,True,p,16384,0,0,0,
app,db_data_admin_audit_event,db_data_admin_audit_actor_occurred_idx,"CREATE INDEX db_data_admin_audit_actor_occurred_idx ON app.db_data_admin_audit_event USING btree (actor_profile_id, occurred_at DESC)",False,False,True,True,False,False,2,2,False,,16384,0,0,0,
temp_status_watch,status_change_log,status_change_log_entity_idx,"CREATE INDEX status_change_log_entity_idx ON temp_status_watch.status_change_log USING btree (entity_type, entity_id, changed_at DESC)",False,False,True,True,False,False,3,3,False,,16384,0,0,0,
pim,product_link,pim_product_link_from_product_id_idx,CREATE INDEX pim_product_link_from_product_id_idx ON pim.product_link USING btree (from_product_id),False,False,True,True,False,False,1,1,False,,16384,0,0,0,
plm,sega_character_candidate,idx_sega_character_candidate_capture,CREATE INDEX idx_sega_character_candidate_capture ON plm.sega_character_candidate USING btree (capture_id),False,False,True,True,False,False,1,1,False,,16384,0,0,0,
plm,erp_property,plm_erp_property_last_seen_idx,CREATE INDEX plm_erp_property_last_seen_idx ON plm.erp_property USING btree (last_seen_at DESC),False,False,True,True,False,False,1,1,False,,16384,0,0,0,
dflow,sample_factory_visit,sample_factory_visit_one_active_uniq,"CREATE UNIQUE INDEX sample_factory_visit_one_active_uniq ON dflow.sample_factory_visit USING btree (sample_id_fk) WHERE (state = ANY (ARRAY['shipped'::text, 'at_factory'::text, 'returning'::text]))",True,False,True,True,True,False,1,1,False,,16384,0,0,0,
dflow,sample_shipment_item,sample_shipment_item_box_id_fk_idx,CREATE INDEX sample_shipment_item_box_id_fk_idx ON dflow.sample_shipment_item USING btree (box_id_fk),False,False,True,True,False,False,1,1,False,,16384,0,0,0,
plm,wwe_property,idx_wwe_property_parent,"CREATE INDEX idx_wwe_property_parent ON plm.wwe_property USING btree (capture_id, parent_property_source_id)",False,False,True,True,False,False,2,2,False,,16384,1,1,0,2026-08-30 12:21:15.563337-04
realtime,subscription,ix_realtime_subscription_entity,CREATE INDEX ix_realtime_subscription_entity ON realtime.subscription USING btree (entity),False,False,True,True,False,False,1,1,False,,16384,72426,1046488,0,2026-09-03 21:03:44.299084-04
plm,property_import,plm_property_import_licensor_idx,CREATE INDEX plm_property_import_licensor_idx ON plm.property_import USING btree (licensor_id),False,False,True,True,False,False,1,1,False,,16384,1,467,28,2026-08-30 10:26:34.904932-04
cron,job,jobname_username_uniq,"CREATE UNIQUE INDEX jobname_username_uniq ON cron.job USING btree (jobname, username)",True,False,True,True,False,False,2,2,True,u,16384,0,0,0,
plm,nbcu_character,idx_nbcu_character_unmatched,CREATE INDEX idx_nbcu_character_unmatched ON plm.nbcu_character USING btree (resolution_status) WHERE (resolution_status <> 'matched'::text),False,False,True,True,True,False,1,1,False,,16384,0,0,0,
plm,marvel_dcp_asset,idx_marvel_dcp_asset_file_extension,CREATE INDEX idx_marvel_dcp_asset_file_extension ON plm.marvel_dcp_asset USING btree (file_extension),False,False,True,True,False,False,1,1,False,,16384,0,0,0,
core,customer_alias,customer_alias_norm_idx,CREATE INDEX customer_alias_norm_idx ON core.customer_alias USING btree (normalized_alias),False,False,True,True,False,False,1,1,False,,16384,0,0,0,
plm,taxonomy_sync_alert,plm_taxonomy_sync_alert_source_idx,"CREATE INDEX plm_taxonomy_sync_alert_source_idx ON plm.taxonomy_sync_alert USING btree (source_name, fired_at DESC)",False,False,True,True,False,False,2,2,False,,16384,0,0,0,
core,product_depth_source_ref,product_depth_source_ref_parent_idx,CREATE INDEX product_depth_source_ref_parent_idx ON core.product_depth_source_ref USING btree (product_depth_id),False,False,True,True,False,False,1,1,False,,16384,0,0,0,
cron,job,job_pkey,CREATE UNIQUE INDEX job_pkey ON cron.job USING btree (jobid),True,True,True,True,False,False,1,1,True,p,16384,1,9,9,2026-09-04 17:27:15.915515-04
plm,marvel_dcp_metadata_run,idx_marvel_dcp_metadata_run_source_crawl,CREATE INDEX idx_marvel_dcp_metadata_run_source_crawl ON plm.marvel_dcp_metadata_run USING btree (source_crawl_id),False,False,True,True,False,False,1,1,False,,16384,0,0,0,
dflow,age_group,age_group_created_by_fkey,CREATE INDEX age_group_created_by_fkey ON dflow.age_group USING btree (created_by),False,False,True,True,False,False,1,1,False,,16384,0,0,0,
dflow,sample_movement,sample_movement_source_idx,"CREATE INDEX sample_movement_source_idx ON dflow.sample_movement USING btree (sample_id_fk, from_location_type, from_location_id)",False,False,True,True,False,False,3,3,False,,16384,0,0,0,
dflow,RolePermissions,RolePermissions_unique_role_user_element,"CREATE UNIQUE INDEX ""RolePermissions_unique_role_user_element"" ON dflow.""RolePermissions"" USING btree (""RoleId"", ""UserId"", ""ElementId"")",True,False,True,True,False,False,3,3,False,,16384,0,0,0,
plm,nbcu_ip_family,idx_nbcu_ip_family_capture,CREATE INDEX idx_nbcu_ip_family_capture ON plm.nbcu_ip_family USING btree (capture_id),False,False,True,True,False,False,1,1,False,,16384,0,0,0,
designflow_frozen_20260710,artists,artists_divisioncode_id_fkey,CREATE INDEX artists_divisioncode_id_fkey ON designflow_frozen_20260710.artists USING btree (divisioncode_id),False,False,True,True,False,False,1,1,False,,16384,0,0,0,
public,ai_tag_bakeoff_reviews,idx_ai_tag_bakeoff_reviews_run,CREATE INDEX idx_ai_tag_bakeoff_reviews_run ON public.ai_tag_bakeoff_reviews USING btree (run_id),False,False,True,True,False,False,1,1,False,,16384,0,0,0,
auth,flow_state,idx_user_id_auth_method,"CREATE INDEX idx_user_id_auth_method ON auth.flow_state USING btree (user_id, authentication_method)",False,False,True,True,False,False,2,2,False,,16384,0,0,0,
public,agent_pairings,agent_pairings_pairing_code_key,CREATE UNIQUE INDEX agent_pairings_pairing_code_key ON public.agent_pairings USING btree (pairing_code),True,False,True,True,False,False,1,1,True,u,16384,0,0,0,
plm,nbcu_property,idx_nbcu_property_unmatched,CREATE INDEX idx_nbcu_property_unmatched ON plm.nbcu_property USING btree (resolution_status) WHERE (resolution_status <> 'matched'::text),False,False,True,True,True,False,1,1,False,,16384,0,0,0,
plm,lucasfilm_dcp_crawl_section,idx_lucasfilm_dcp_crawl_section_incomplete,CREATE INDEX idx_lucasfilm_dcp_crawl_section_incomplete ON plm.lucasfilm_dcp_crawl_section USING btree (crawl_id) WHERE (status <> 'complete'::text),False,False,True,True,True,False,1,1,False,,16384,0,0,0,
dflow,RolePermissions,RolePermissions_UserId_fkey,"CREATE INDEX ""RolePermissions_UserId_fkey"" ON dflow.""RolePermissions"" USING btree (""UserId"")",False,False,True,True,False,False,1,1,False,,16384,0,0,0,
core,art_types,art_types_updated_by_fkey,CREATE INDEX art_types_updated_by_fkey ON core.art_types USING btree (updated_by),False,False,True,True,False,False,1,1,False,,16384,0,0,0,
public,agent_pairings,agent_pairings_pkey,CREATE UNIQUE INDEX agent_pairings_pkey ON public.agent_pairings USING btree (id),True,True,True,True,False,False,1,1,True,p,16384,0,0,0,
public,invitations,invitations_email_key,CREATE UNIQUE INDEX invitations_email_key ON public.invitations USING btree (email),True,False,True,True,False,False,1,1,True,u,16384,1,0,0,2026-09-01 15:35:38.000466-04
core,product_material,idx_product_material_status_name,"CREATE INDEX idx_product_material_status_name ON core.product_material USING btree (status, name)",False,False,True,True,False,False,2,2,False,,16384,0,0,0,
dflow,sample_factory_visit,sample_factory_visit_sample_state_idx,"CREATE INDEX sample_factory_visit_sample_state_idx ON dflow.sample_factory_visit USING btree (sample_id_fk, state, visit_order)",False,False,True,True,False,False,3,3,False,,16384,0,0,0,
plm,marvel_dcp_crawl,idx_marvel_dcp_crawl_latest_complete,"CREATE INDEX idx_marvel_dcp_crawl_latest_complete ON plm.marvel_dcp_crawl USING btree (captured_on DESC, crawl_id DESC) WHERE (status = 'complete'::text)",False,False,True,True,True,False,2,2,False,,16384,0,0,0,
public,characters,idx_characters_is_priority,CREATE INDEX idx_characters_is_priority ON public.characters USING btree (is_priority) WHERE (is_priority = true),False,False,True,True,True,False,1,1,False,,16384,20,1540,770,2026-09-03 08:56:49.544363-04
public,invitations,invitations_pkey,CREATE UNIQUE INDEX invitations_pkey ON public.invitations USING btree (id),True,True,True,True,False,False,1,1,True,p,16384,0,0,0,
plm,taxonomy_resolution_review,plm_taxonomy_resolution_review_proposed_property_idx,CREATE INDEX plm_taxonomy_resolution_review_proposed_property_idx ON plm.taxonomy_resolution_review USING btree (proposed_property_id) WHERE (proposed_property_id IS NOT NULL),False,False,True,True,True,False,1,1,False,,16384,0,0,0,
plm,lucasfilm_dcp_crawl_section,idx_lucasfilm_dcp_crawl_section_crawl,"CREATE INDEX idx_lucasfilm_dcp_crawl_section_crawl ON plm.lucasfilm_dcp_crawl_section USING btree (crawl_id, status)",False,False,True,True,False,False,2,2,False,,16384,0,0,0,
plm,sega_property_licensor,idx_sega_property_licensor_normalized,CREATE INDEX idx_sega_property_licensor_normalized ON plm.sega_property_licensor USING btree (normalized_licensor_label),False,False,True,True,False,False,1,1,False,,16384,0,0,0,
plm,peanuts_art_program,peanuts_art_program_usage_idx,"CREATE INDEX peanuts_art_program_usage_idx ON plm.peanuts_art_program USING btree (capture_id, asset_count)",False,False,True,True,False,False,2,2,False,,16384,0,0,0,
dflow,grid_cell_notes,grid_cell_notes_grid_row_col_uq,"CREATE UNIQUE INDEX grid_cell_notes_grid_row_col_uq ON dflow.grid_cell_notes USING btree (grid_type, row_id, col_id)",True,False,True,True,False,False,3,3,False,,16384,0,0,0,
core,licensor_alias,licensor_alias_licensor_idx,CREATE INDEX licensor_alias_licensor_idx ON core.licensor_alias USING btree (licensor_id),False,False,True,True,False,False,1,1,False,,16384,0,0,0,
public,user_roles,user_roles_user_id_role_key,"CREATE UNIQUE INDEX user_roles_user_id_role_key ON public.user_roles USING btree (user_id, role)",True,False,True,True,False,False,2,2,True,u,16384,1,0,0,2026-09-01 15:35:38.000466-04
plm,sega_character_evidence,idx_sega_character_evidence_capture,CREATE INDEX idx_sega_character_evidence_capture ON plm.sega_character_evidence USING btree (capture_id),False,False,True,True,False,False,1,1,False,,16384,0,0,0,
public,user_roles,user_roles_pkey,CREATE UNIQUE INDEX user_roles_pkey ON public.user_roles USING btree (id),True,True,True,True,False,False,1,1,True,p,16384,0,0,0,
dflow,art_piece,art_piece_divisioncode_id_fkey,CREATE INDEX art_piece_divisioncode_id_fkey ON dflow.art_piece USING btree (divisioncode_id),False,False,True,True,False,False,1,1,False,,16384,0,0,0,
plm,taxonomy_resolution_review,plm_taxonomy_resolution_review_open_idx,"CREATE INDEX plm_taxonomy_resolution_review_open_idx ON plm.taxonomy_resolution_review USING btree (entity_type, finding_scope) WHERE (status = 'open'::text)",False,False,True,True,True,False,2,2,False,,16384,0,0,0,
dflow,itemLicenseImage,idx_itemLicenseImage_item,"CREATE INDEX ""idx_itemLicenseImage_item"" ON dflow.""itemLicenseImage"" USING btree (itemheader_id_fk)",False,False,True,True,False,False,1,1,False,,16384,0,0,0,
public,app_access,idx_app_access_user_id,CREATE INDEX idx_app_access_user_id ON public.app_access USING btree (user_id),False,False,True,True,False,False,1,1,False,,16384,0,0,0,
dflow,artists,artists_created_by_fkey,CREATE INDEX artists_created_by_fkey ON dflow.artists USING btree (created_by),False,False,True,True,False,False,1,1,False,,16384,0,0,0,
plm,marvel_dcp_crawl_section,idx_marvel_dcp_crawl_section_crawl,"CREATE INDEX idx_marvel_dcp_crawl_section_crawl ON plm.marvel_dcp_crawl_section USING btree (crawl_id, status)",False,False,True,True,False,False,2,2,False,,16384,0,0,0,
public,profiles,profiles_pkey,CREATE UNIQUE INDEX profiles_pkey ON public.profiles USING btree (user_id),True,True,True,True,False,False,1,1,True,p,16384,3,2,2,2026-09-01 15:35:38.000466-04
dflow,sample_event,sample_event_sample_id_fk_idx,CREATE INDEX sample_event_sample_id_fk_idx ON dflow.sample_event USING btree (sample_id_fk),False,False,True,True,False,False,1,1,False,,16384,0,0,0,
auth,sessions,sessions_user_id_idx,CREATE INDEX sessions_user_id_idx ON auth.sessions USING btree (user_id),False,False,True,True,False,False,1,1,False,,16384,9,111,6,2026-09-03 16:00:32.255831-04
plm,wwe_creative_brand,idx_wwe_creative_brand_capture,CREATE INDEX idx_wwe_creative_brand_capture ON plm.wwe_creative_brand USING btree (capture_id),False,False,True,True,False,False,1,1,False,,16384,1,2,0,2026-08-30 12:21:15.563337-04
public,agent_registrations,agent_registrations_agent_key_hash_key,CREATE UNIQUE INDEX agent_registrations_agent_key_hash_key ON public.agent_registrations USING btree (agent_key_hash),True,False,True,True,False,False,1,1,True,u,16384,2758886,5485255,0,2026-09-04 17:30:40.201658-04
public,agent_registrations,agent_registrations_pkey,CREATE UNIQUE INDEX agent_registrations_pkey ON public.agent_registrations USING btree (id),True,True,True,True,False,False,1,1,True,p,16384,984627,1857842,6769,2026-09-04 17:30:29.99939-04
auth,flow_state,idx_auth_code,CREATE INDEX idx_auth_code ON auth.flow_state USING btree (auth_code),False,False,True,True,False,False,1,1,False,,16384,0,0,0,
plm,wwe_submission,idx_wwe_submission_status,CREATE INDEX idx_wwe_submission_status ON plm.wwe_submission USING btree (status),False,False,True,True,False,False,1,1,False,,16384,0,0,0,
plm,sega_style_guide_candidate,idx_sega_style_guide_candidate_capture,CREATE INDEX idx_sega_style_guide_candidate_capture ON plm.sega_style_guide_candidate USING btree (capture_id),False,False,True,True,False,False,1,1,False,,16384,0,0,0,
plm,merch_group_header,plm_merch_group_header_last_seen_idx,CREATE INDEX plm_merch_group_header_last_seen_idx ON plm.merch_group_header USING btree (last_seen_at DESC),False,False,True,True,False,False,1,1,False,,16384,0,0,0,
dflow,art_piece,art_piece_created_by_fkey,CREATE INDEX art_piece_created_by_fkey ON dflow.art_piece USING btree (created_by),False,False,True,True,False,False,1,1,False,,16384,0,0,0,
dflow,RolePermissions,RolePermissions_ElementId_fkey,"CREATE INDEX ""RolePermissions_ElementId_fkey"" ON dflow.""RolePermissions"" USING btree (""ElementId"")",False,False,True,True,False,False,1,1,False,,16384,0,0,0,
plm,itemLicenseImage,idx_itemLicenseImage_item,"CREATE INDEX ""idx_itemLicenseImage_item"" ON plm.""itemLicenseImage"" USING btree (itemheader_id_fk)",False,False,True,True,False,False,1,1,False,,16384,0,0,0,
plm,marvel_dcp_style_guide,idx_marvel_dcp_style_guide_folder_name,CREATE INDEX idx_marvel_dcp_style_guide_folder_name ON plm.marvel_dcp_style_guide USING btree (folder_name),False,False,True,True,False,False,1,1,False,,16384,0,0,0,
core,product_depth,product_depth_code_key,CREATE UNIQUE INDEX product_depth_code_key ON core.product_depth USING btree (code),True,False,True,True,False,False,1,1,False,,16384,0,0,0,
plm,wildbrain_era,wildbrain_era_one_root_per_capture_uk,CREATE UNIQUE INDEX wildbrain_era_one_root_per_capture_uk ON plm.wildbrain_era USING btree (capture_id) WHERE is_root,True,False,True,True,True,False,1,1,False,,16384,0,0,0,
plm,erp_licensor,plm_erp_licensor_canonical_idx,CREATE INDEX plm_erp_licensor_canonical_idx ON plm.erp_licensor USING btree (licensor_id) WHERE (licensor_id IS NOT NULL),False,False,True,True,True,False,1,1,False,,16384,0,0,0,
dflow,sample_piece_lineage,sample_piece_lineage_root_idx,"CREATE INDEX sample_piece_lineage_root_idx ON dflow.sample_piece_lineage USING btree (root_sample_id_fk, sample_id_fk)",False,False,True,True,False,False,2,2,False,,16384,0,0,0,
core,factory_alias,factory_alias_norm_idx,CREATE INDEX factory_alias_norm_idx ON core.factory_alias USING btree (normalized_alias),False,False,True,True,False,False,1,1,False,,16384,0,0,0,
plm,nbcu_ip_family,idx_nbcu_ip_family_lower_label,CREATE INDEX idx_nbcu_ip_family_lower_label ON plm.nbcu_ip_family USING btree (lower(ip_family_label)),False,False,True,True,False,True,1,1,False,,16384,0,0,0,
dflow,licensingMilestone,unique_item_stage,"CREATE UNIQUE INDEX unique_item_stage ON dflow.""licensingMilestone"" USING btree (itemheader_id_fk, stage)",True,False,True,True,False,False,2,2,False,,16384,0,0,0,
plm,marvel_dcp_metadata_run,idx_marvel_dcp_metadata_run_status,CREATE INDEX idx_marvel_dcp_metadata_run_status ON plm.marvel_dcp_metadata_run USING btree (status),False,False,True,True,False,False,1,1,False,,16384,0,0,0,
plm,wb_capture,idx_wb_capture_header_status,"CREATE INDEX idx_wb_capture_header_status ON plm.wb_capture USING btree (status, target, started_at DESC) WHERE (chunk_number = 0)",False,False,True,True,True,False,3,3,False,,16384,0,0,0,
auth,users,idx_users_last_sign_in_at_desc,CREATE INDEX idx_users_last_sign_in_at_desc ON auth.users USING btree (last_sign_in_at DESC),False,False,True,True,False,False,1,1,False,,16384,0,0,0,
public,licensors,licensors_external_id_key,CREATE UNIQUE INDEX licensors_external_id_key ON public.licensors USING btree (external_id),True,False,True,True,False,False,1,1,True,u,16384,9,16,16,2026-08-30 17:26:13.396928-04
core,licensor_alias,licensor_alias_status_idx,CREATE INDEX licensor_alias_status_idx ON core.licensor_alias USING btree (approval_status),False,False,True,True,False,False,1,1,False,,16384,0,0,0,
plm,pmt_capture,idx_pmt_capture_status,"CREATE INDEX idx_pmt_capture_status ON plm.pmt_capture USING btree (status, capture_kind)",False,False,True,True,False,False,2,2,False,,16384,0,0,0,
dflow,itemType,itemType_status_idx,"CREATE INDEX ""itemType_status_idx"" ON dflow.""itemType"" USING btree (item_type_status)",False,False,True,True,False,False,1,1,False,,16384,0,0,0,
plm,pmt_shrink_override,idx_pmt_shrink_override_capture,CREATE INDEX idx_pmt_shrink_override_capture ON plm.pmt_shrink_override USING btree (capture_id),False,False,True,True,False,False,1,1,False,,16384,0,0,0,
plm,taxonomy_resolution_review,plm_taxonomy_resolution_review_resolved_licensor_idx,CREATE INDEX plm_taxonomy_resolution_review_resolved_licensor_idx ON plm.taxonomy_resolution_review USING btree (resolved_licensor_id) WHERE (resolved_licensor_id IS NOT NULL),False,False,True,True,True,False,1,1,False,,16384,0,0,0,
public,licensors,licensors_pkey,CREATE UNIQUE INDEX licensors_pkey ON public.licensors USING btree (id),True,True,True,True,False,False,1,1,True,p,16384,1588,1594,1588,2026-09-04 17:16:04.206478-04
plm,erp_property,plm_erp_property_name_norm_idx,CREATE INDEX plm_erp_property_name_norm_idx ON plm.erp_property USING btree (lower(btrim(name))),False,False,True,True,False,True,1,1,False,,16384,0,0,0,
core,artist_types,artist_types_updated_by_fkey,CREATE INDEX artist_types_updated_by_fkey ON core.artist_types USING btree (updated_by),False,False,True,True,False,False,1,1,False,,16384,0,0,0,
core,product_depth,product_depth_status_label_idx,"CREATE INDEX product_depth_status_label_idx ON core.product_depth USING btree (status, label)",False,False,True,True,False,False,2,2,False,,16384,0,0,0,
plm,pmt_property_franchise_evidence,idx_pmt_pfe_reverse,"CREATE INDEX idx_pmt_pfe_reverse ON plm.pmt_property_franchise_evidence USING btree (capture_id, franchise_source_id)",False,False,True,True,False,False,2,2,False,,16384,0,0,0,
app,UIElements,UIElements_ParentId_fkey,"CREATE INDEX ""UIElements_ParentId_fkey"" ON app.""UIElements"" USING btree (""ParentId"")",False,False,True,True,False,False,1,1,False,,16384,0,0,0,
plm,lucasfilm_dcp_metadata_run,idx_lucasfilm_dcp_metadata_run_status,CREATE INDEX idx_lucasfilm_dcp_metadata_run_status ON plm.lucasfilm_dcp_metadata_run USING btree (status),False,False,True,True,False,False,1,1,False,,16384,0,0,0,
storage,buckets,buckets_pkey,CREATE UNIQUE INDEX buckets_pkey ON storage.buckets USING btree (id),True,True,True,True,False,False,1,1,True,f,16384,43,43,43,2026-09-04 17:30:17.491007-04
plm,wwe_character_evidence,idx_wwe_character_evidence_submission,"CREATE INDEX idx_wwe_character_evidence_submission ON plm.wwe_character_evidence USING btree (capture_id, submission_number) WHERE (submission_number IS NOT NULL)",False,False,True,True,True,False,2,2,False,,16384,0,0,0,
app,RolePermissions,RolePermissions_RoleId_fkey,"CREATE INDEX ""RolePermissions_RoleId_fkey"" ON app.""RolePermissions"" USING btree (""RoleId"")",False,False,True,True,False,False,1,1,False,,16384,0,0,0,
plm,nbcu_style_guide,idx_nbcu_style_guide_capture,CREATE INDEX idx_nbcu_style_guide_capture ON plm.nbcu_style_guide USING btree (capture_id),False,False,True,True,False,False,1,1,False,,16384,0,0,0,
storage,buckets,buckets_pkey,CREATE UNIQUE INDEX buckets_pkey ON storage.buckets USING btree (id),True,True,True,True,False,False,1,1,True,f,16384,43,43,43,2026-09-04 17:30:17.491007-04
plm,wwe_product_entitlement,idx_wwe_product_entitlement_contract,"CREATE INDEX idx_wwe_product_entitlement_contract ON plm.wwe_product_entitlement USING btree (capture_id, contract_source_id)",False,False,True,True,False,False,2,2,False,,16384,0,0,0,
storage,buckets,buckets_pkey,CREATE UNIQUE INDEX buckets_pkey ON storage.buckets USING btree (id),True,True,True,True,False,False,1,1,True,f,16384,43,43,43,2026-09-04 17:30:17.491007-04
plm,pmt_authorized_title_property,idx_pmt_atp_property,"CREATE INDEX idx_pmt_atp_property ON plm.pmt_authorized_title_property USING btree (capture_id, property_source_id)",False,False,True,True,False,False,2,2,False,,16384,0,0,0,
app,RolePermissions,RolePermissions_UserId_fkey,"CREATE INDEX ""RolePermissions_UserId_fkey"" ON app.""RolePermissions"" USING btree (""UserId"")",False,False,True,True,False,False,1,1,False,,16384,0,0,0,
plm,erp_licensor,plm_erp_licensor_mg_code_idx,CREATE INDEX plm_erp_licensor_mg_code_idx ON plm.erp_licensor USING btree (mg_code),False,False,True,True,False,False,1,1,False,,16384,0,0,0,
plm,nbcu_style_guide,idx_nbcu_style_guide_unmatched,CREATE INDEX idx_nbcu_style_guide_unmatched ON plm.nbcu_style_guide USING btree (resolution_status) WHERE (resolution_status <> 'matched'::text),False,False,True,True,True,False,1,1,False,,16384,0,0,0,
storage,objects,objects_pkey,CREATE UNIQUE INDEX objects_pkey ON storage.objects USING btree (id),True,True,True,True,False,False,1,1,True,p,16384,0,0,0,
storage,buckets,buckets_pkey,CREATE UNIQUE INDEX buckets_pkey ON storage.buckets USING btree (id),True,True,True,True,False,False,1,1,True,p,16384,43,43,43,2026-09-04 17:30:17.491007-04
dflow,ai_cache_events,ai_cache_events_created_at_idx,CREATE INDEX ai_cache_events_created_at_idx ON dflow.ai_cache_events USING btree (created_at DESC),False,False,True,True,False,False,1,1,False,,16384,0,0,0,
dflow,sample_shipment_line,sample_shipment_line_sample_idx,"CREATE INDEX sample_shipment_line_sample_idx ON dflow.sample_shipment_line USING btree (sample_id_fk, created_at DESC)",False,False,True,True,False,False,2,2,False,,16384,0,0,0,
plm,marvel_dcp_asset,idx_marvel_dcp_asset_style_guide,CREATE INDEX idx_marvel_dcp_asset_style_guide ON plm.marvel_dcp_asset USING btree (style_guide_id),False,False,True,True,False,False,1,1,False,,16384,0,0,0,
dflow,art_types,art_types_updated_by_fkey,CREATE INDEX art_types_updated_by_fkey ON dflow.art_types USING btree (updated_by),False,False,True,True,False,False,1,1,False,,16384,0,0,0,
plm,wwe_product_entitlement,idx_wwe_product_entitlement_property,"CREATE INDEX idx_wwe_product_entitlement_property ON plm.wwe_product_entitlement USING btree (capture_id, property_source_id)",False,False,True,True,False,False,2,2,False,,16384,1,10,10,2026-08-30 12:21:15.563337-04
dflow,sample_box,sample_box_active_name_custody_uniq,"CREATE UNIQUE INDEX sample_box_active_name_custody_uniq ON dflow.sample_box USING btree (lower(btrim((box_label)::text)), current_custody_type, current_custody_id) WHERE ((current_custody_type IS NOT NULL) AND ((status)::text <> ALL ((ARRAY['closed'::character varying, 'cancelled'::character varying])::text[])))",True,False,True,True,True,True,3,3,False,,16384,0,0,0,
plm,dcp_metadata_run,idx_dcp_metadata_run_source_crawl,CREATE INDEX idx_dcp_metadata_run_source_crawl ON plm.dcp_metadata_run USING btree (source_crawl_id),False,False,True,True,False,False,1,1,False,,16384,0,0,0,
plm,wwe_style_guide,idx_wwe_style_guide_brand,"CREATE INDEX idx_wwe_style_guide_brand ON plm.wwe_style_guide USING btree (capture_id, brand_source_id)",False,False,True,True,False,False,2,2,False,,16384,1,26,0,2026-08-30 12:21:15.563337-04
app,db_data_admin_audit_event,db_data_admin_audit_occurred_idx,"CREATE INDEX db_data_admin_audit_occurred_idx ON app.db_data_admin_audit_event USING btree (occurred_at DESC, id DESC)",False,False,True,True,False,False,2,2,False,,16384,0,0,0,
storage,migrations,migrations_name_key,CREATE UNIQUE INDEX migrations_name_key ON storage.migrations USING btree (name),True,False,True,True,False,False,1,1,True,u,16384,0,0,0,
plm,coke_sku,coke_sku_approval_item_idx,"CREATE INDEX coke_sku_approval_item_idx ON plm.coke_sku USING btree (capture_id, approval_item_id)",False,False,True,True,False,False,2,2,False,,16384,0,0,0,
dflow,product_category,product_category_updated_by_fkey,CREATE INDEX product_category_updated_by_fkey ON dflow.product_category USING btree (updated_by),False,False,True,True,False,False,1,1,False,,16384,0,0,0,
storage,migrations,migrations_pkey,CREATE UNIQUE INDEX migrations_pkey ON storage.migrations USING btree (id),True,True,True,True,False,False,1,1,True,p,16384,0,0,0,
plm,marvel_dcp_crawl,idx_marvel_dcp_crawl_status,"CREATE INDEX idx_marvel_dcp_crawl_status ON plm.marvel_dcp_crawl USING btree (status, started_at DESC)",False,False,True,True,False,False,2,2,False,,16384,0,0,0,
plm,wwe_style_guide_page,idx_wwe_style_guide_page_guide,"CREATE INDEX idx_wwe_style_guide_page_guide ON plm.wwe_style_guide_page USING btree (capture_id, guideline_source_id)",False,False,True,True,False,False,2,2,False,,16384,0,0,0,
plm,itemLicenseImage,idx_itemlicenseimage_item,"CREATE INDEX idx_itemlicenseimage_item ON plm.""itemLicenseImage"" USING btree (itemheader_id_fk)",False,False,True,True,False,False,1,1,False,,16384,0,0,0,
dflow,grid_cell_notes,grid_cell_notes_grid_type_idx,CREATE INDEX grid_cell_notes_grid_type_idx ON dflow.grid_cell_notes USING btree (grid_type),False,False,True,True,False,False,1,1,False,,16384,0,0,0,
plm,wwe_character_candidate,idx_wwe_character_candidate_capture,CREATE INDEX idx_wwe_character_candidate_capture ON plm.wwe_character_candidate USING btree (capture_id),False,False,True,True,False,False,1,1,False,,16384,1,11,0,2026-08-30 12:21:15.563337-04
dflow,art_types,art_types_divisioncode_id_fkey,CREATE INDEX art_types_divisioncode_id_fkey ON dflow.art_types USING btree (divisioncode_id),False,False,True,True,False,False,1,1,False,,16384,0,0,0,
dflow,vendor,vendor_pkey,CREATE UNIQUE INDEX vendor_pkey ON dflow.vendor USING btree (vendor_id),True,True,True,True,False,False,1,1,True,f,16384,0,0,0,
pim,product_link,pim_product_link_to_product_id_idx,CREATE INDEX pim_product_link_to_product_id_idx ON pim.product_link USING btree (to_product_id),False,False,True,True,False,False,1,1,False,,16384,0,0,0,
dflow,sample_shipment_item,sample_shipment_item_sample_box_uniq,"CREATE UNIQUE INDEX sample_shipment_item_sample_box_uniq ON dflow.sample_shipment_item USING btree (sample_id_fk, box_id_fk)",True,False,True,True,False,False,2,2,True,u,16384,0,0,0,
designflow_frozen_20260710,product_category,product_category_updated_by_fkey,CREATE INDEX product_category_updated_by_fkey ON designflow_frozen_20260710.product_category USING btree (updated_by),False,False,True,True,False,False,1,1,False,,16384,0,0,0,
dflow,sample_box,sample_box_pkey,CREATE UNIQUE INDEX sample_box_pkey ON dflow.sample_box USING btree (box_id_pk),True,True,True,True,False,False,1,1,True,f,16384,0,0,0,
plm,lucasfilm_dcp_metadata_run,idx_lucasfilm_dcp_metadata_run_one_running,CREATE UNIQUE INDEX idx_lucasfilm_dcp_metadata_run_one_running ON plm.lucasfilm_dcp_metadata_run USING btree (source_crawl_id) WHERE (status = 'running'::text),True,False,True,True,True,False,1,1,False,,16384,0,0,0,
dflow,sample,sample_pkey,CREATE UNIQUE INDEX sample_pkey ON dflow.sample USING btree (sample_id_pk),True,True,True,True,False,False,1,1,True,f,16384,0,0,0,
plm,dcp_crawl,idx_dcp_crawl_latest_complete,"CREATE INDEX idx_dcp_crawl_latest_complete ON plm.dcp_crawl USING btree (captured_on DESC, crawl_id DESC) WHERE (status = 'complete'::text)",False,False,True,True,True,False,2,2,False,,16384,0,0,0,
auth,flow_state,flow_state_created_at_idx,CREATE INDEX flow_state_created_at_idx ON auth.flow_state USING btree (created_at DESC),False,False,True,True,False,False,1,1,False,,16384,0,0,0,
designflow_frozen_20260710,artists,artists_updated_by_fkey,CREATE INDEX artists_updated_by_fkey ON designflow_frozen_20260710.artists USING btree (updated_by),False,False,True,True,False,False,1,1,False,,16384,0,0,0,
storage,objects,idx_objects_bucket_id_name,"CREATE INDEX idx_objects_bucket_id_name ON storage.objects USING btree (bucket_id, name COLLATE ""C"")",False,False,True,True,False,False,2,2,False,,16384,0,0,0,
dflow,sample_shipment_item,sample_shipment_item_pkey,CREATE UNIQUE INDEX sample_shipment_item_pkey ON dflow.sample_shipment_item USING btree (shipment_item_id_pk),True,True,True,True,False,False,1,1,True,p,16384,0,0,0,
ingest,sync_run,sync_run_pkey,CREATE UNIQUE INDEX sync_run_pkey ON ingest.sync_run USING btree (id),True,True,True,True,False,False,1,1,True,f,16384,0,0,0,
plm,marvel_dcp_crawl_section,idx_marvel_dcp_crawl_section_incomplete,CREATE INDEX idx_marvel_dcp_crawl_section_incomplete ON plm.marvel_dcp_crawl_section USING btree (crawl_id) WHERE (status <> 'complete'::text),False,False,True,True,True,False,1,1,False,,16384,0,0,0,
plm,wwe_property,idx_wwe_property_source_hash,CREATE INDEX idx_wwe_property_source_hash ON plm.wwe_property USING btree (source_hash),False,False,True,True,False,False,1,1,False,,16384,0,0,0,
plm,vendor_quarantine,vendor_quarantine_pkey,CREATE UNIQUE INDEX vendor_quarantine_pkey ON plm.vendor_quarantine USING btree (id),True,True,True,True,False,False,1,1,True,p,16384,0,0,0,
dflow,licensingFeedbackReply,idx_licensing_feedback_reply_status,"CREATE INDEX idx_licensing_feedback_reply_status ON dflow.""licensingFeedbackReply"" USING btree (licensing_status_id_fk)",False,False,True,True,False,False,1,1,False,,16384,0,0,0,
dflow,sample_factory_visit,sample_factory_visit_order_uniq,"CREATE UNIQUE INDEX sample_factory_visit_order_uniq ON dflow.sample_factory_visit USING btree (sample_id_fk, visit_order) WHERE (state <> 'cancelled'::text)",True,False,True,True,True,False,2,2,False,,16384,0,0,0,
public,hts_rag_rulings,hts_rag_rulings_ruling_number_key,CREATE UNIQUE INDEX hts_rag_rulings_ruling_number_key ON public.hts_rag_rulings USING btree (ruling_number),True,False,True,True,False,False,1,1,True,u,16384,0,0,0,
plm,licensingFeedbackReply,idx_licensing_feedback_reply_status,"CREATE INDEX idx_licensing_feedback_reply_status ON plm.""licensingFeedbackReply"" USING btree (licensing_status_id_fk)",False,False,True,True,False,False,1,1,False,,16384,0,0,0,
public,hts_rag_rulings,hts_rag_rulings_pkey,CREATE UNIQUE INDEX hts_rag_rulings_pkey ON public.hts_rag_rulings USING btree (id),True,True,True,True,False,False,1,1,True,p,16384,0,0,0,
auth,custom_oauth_providers,custom_oauth_providers_created_at_idx,CREATE INDEX custom_oauth_providers_created_at_idx ON auth.custom_oauth_providers USING btree (created_at),False,False,True,True,False,False,1,1,False,,16384,0,0,0,
plm,pmt_franchise,idx_pmt_franchise_name,CREATE INDEX idx_pmt_franchise_name ON plm.pmt_franchise USING btree (franchise_name),False,False,True,True,False,False,1,1,False,,16384,0,0,0,
dflow,artists,artists_artist_type_id_fkey,CREATE INDEX artists_artist_type_id_fkey ON dflow.artists USING btree (artist_type_id),False,False,True,True,False,False,1,1,False,,16384,0,0,0,
plm,taxonomy_resolution_review,plm_taxonomy_resolution_review_source_uidx,"CREATE UNIQUE INDEX plm_taxonomy_resolution_review_source_uidx ON plm.taxonomy_resolution_review USING btree (entity_type, company_code, division_code, mg_type_code, mg_code) WHERE ((finding_scope = 'source'::text) AND (status = ANY (ARRAY['open'::text, 'quarantined'::text, 'conflict'::text])))",True,False,True,True,True,False,5,5,False,,16384,12,0,0,2026-09-02 13:12:05.725925-04
plm,marvel_dcp_asset_tile_observation,idx_marvel_dcp_asset_tile_obs_tile,"CREATE INDEX idx_marvel_dcp_asset_tile_obs_tile ON plm.marvel_dcp_asset_tile_observation USING btree (portal_tile_id, listing_kind)",False,False,True,True,False,False,2,2,False,,16384,0,0,0,
plm,taxonomy_resolution_review,plm_taxonomy_resolution_review_canonical_property_uidx,"CREATE UNIQUE INDEX plm_taxonomy_resolution_review_canonical_property_uidx ON plm.taxonomy_resolution_review USING btree (proposed_property_id) WHERE ((finding_scope = 'canonical_only'::text) AND (entity_type = 'property'::text) AND (proposed_property_id IS NOT NULL) AND (status = ANY (ARRAY['open'::text, 'quarantined'::text, 'conflict'::text])))",True,False,True,True,True,False,1,1,False,,16384,0,0,0,
app,db_data_admin_audit_event,db_data_admin_audit_entity_occurred_idx,"CREATE INDEX db_data_admin_audit_entity_occurred_idx ON app.db_data_admin_audit_event USING btree (entity_type, entity_id, occurred_at DESC)",False,False,True,True,False,False,3,3,False,,16384,0,0,0,
dflow,art_types,art_types_created_by_fkey,CREATE INDEX art_types_created_by_fkey ON dflow.art_types USING btree (created_by),False,False,True,True,False,False,1,1,False,,16384,0,0,0,
plm,wwe_character_property_inferred,idx_wwe_character_property_inferred_property,"CREATE INDEX idx_wwe_character_property_inferred_property ON plm.wwe_character_property_inferred USING btree (capture_id, property_source_id)",False,False,True,True,False,False,2,2,False,,16384,1,11,0,2026-08-30 12:21:15.563337-04
plm,merch_group_header,plm_merch_group_header_last_sync_run_idx,CREATE INDEX plm_merch_group_header_last_sync_run_idx ON plm.merch_group_header USING btree (last_sync_run_id),False,False,True,True,False,False,1,1,False,,16384,0,0,0,
app,profile,profile_pkey,CREATE UNIQUE INDEX profile_pkey ON app.profile USING btree (id),True,True,True,True,False,False,1,1,True,f,16384,60,87,86,2026-09-02 18:18:48.316939-04
plm,pmt_brand,idx_pmt_brand_name,CREATE INDEX idx_pmt_brand_name ON plm.pmt_brand USING btree (brand_name),False,False,True,True,False,False,1,1,False,,16384,0,0,0,
plm,pmt_property,idx_pmt_property_resolution,CREATE INDEX idx_pmt_property_resolution ON plm.pmt_property USING btree (resolution_status),False,False,True,True,False,False,1,1,False,,16384,0,0,0,
realtime,subscription,pk_subscription,CREATE UNIQUE INDEX pk_subscription ON realtime.subscription USING btree (id),True,True,True,True,False,False,1,1,True,p,16384,0,0,0,
app,RolePermissions,RolePermissions_unique_role_user_element,"CREATE UNIQUE INDEX ""RolePermissions_unique_role_user_element"" ON app.""RolePermissions"" USING btree (""RoleId"", ""UserId"", ""ElementId"")",True,False,True,True,False,False,3,3,False,,16384,0,0,0,
realtime,schema_migrations,schema_migrations_pkey,CREATE UNIQUE INDEX schema_migrations_pkey ON realtime.schema_migrations USING btree (version),True,True,True,True,False,False,1,1,True,p,16384,0,0,0,
auth,users,users_pkey,CREATE UNIQUE INDEX users_pkey ON auth.users USING btree (id),True,True,True,True,False,False,1,1,True,f,16384,40417,40499,40417,2026-09-04 17:22:29.369229-04
auth,users,users_pkey,CREATE UNIQUE INDEX users_pkey ON auth.users USING btree (id),True,True,True,True,False,False,1,1,True,f,16384,40417,40499,40417,2026-09-04 17:22:29.369229-04
core,licensor_alias,licensor_alias_norm_key,CREATE UNIQUE INDEX licensor_alias_norm_key ON core.licensor_alias USING btree (normalized_alias),True,False,True,True,False,False,1,1,False,,16384,0,0,0,
auth,custom_oauth_providers,custom_oauth_providers_identifier_key,CREATE UNIQUE INDEX custom_oauth_providers_identifier_key ON auth.custom_oauth_providers USING btree (identifier),True,False,True,True,False,False,1,1,True,u,16384,0,0,0,
auth,custom_oauth_providers,custom_oauth_providers_pkey,CREATE UNIQUE INDEX custom_oauth_providers_pkey ON auth.custom_oauth_providers USING btree (id),True,True,True,True,False,False,1,1,True,p,16384,0,0,0,
temp_status_watch,status_change_log,status_change_log_changed_at_idx,CREATE INDEX status_change_log_changed_at_idx ON temp_status_watch.status_change_log USING btree (changed_at DESC),False,False,True,True,False,False,1,1,False,,16384,0,0,0,
core,channel,channel_pkey,CREATE UNIQUE INDEX channel_pkey ON core.channel USING btree (id),True,True,True,True,False,False,1,1,True,f,16384,0,0,0,
plm,marvel_dcp_metadata_asset,idx_marvel_dcp_metadata_asset_pending,CREATE INDEX idx_marvel_dcp_metadata_asset_pending ON plm.marvel_dcp_metadata_asset USING btree (metadata_run_id) WHERE (fetch_status = 'pending'::text),False,False,True,True,True,False,1,1,False,,16384,0,0,0,
dflow,age_group,age_group_updated_by_fkey,CREATE INDEX age_group_updated_by_fkey ON dflow.age_group USING btree (updated_by),False,False,True,True,False,False,1,1,False,,16384,0,0,0,
plm,pmt_authorized_title,idx_pmt_authorized_title_status,"CREATE INDEX idx_pmt_authorized_title_status ON plm.pmt_authorized_title USING btree (capture_id, capture_status)",False,False,True,True,False,False,2,2,False,,16384,1,58,29,2026-08-29 21:39:34.004924-04
plm,taxonomy_resolution_review,plm_taxonomy_resolution_review_resolved_property_idx,CREATE INDEX plm_taxonomy_resolution_review_resolved_property_idx ON plm.taxonomy_resolution_review USING btree (resolved_property_id) WHERE (resolved_property_id IS NOT NULL),False,False,True,True,True,False,1,1,False,,16384,0,0,0,
plm,wwe_character_property_inferred,idx_wwe_character_property_inferred_candidate,"CREATE INDEX idx_wwe_character_property_inferred_candidate ON plm.wwe_character_property_inferred USING btree (capture_id, character_candidate_key)",False,False,True,True,False,False,2,2,False,,16384,0,0,0,
auth,identities,identities_email_idx,CREATE INDEX identities_email_idx ON auth.identities USING btree (email text_pattern_ops),False,False,True,True,False,False,1,1,False,,16384,3,0,0,2026-09-01 15:35:38.000466-04
plm,erp_property,plm_erp_property_last_sync_run_idx,CREATE INDEX plm_erp_property_last_sync_run_idx ON plm.erp_property USING btree (last_sync_run_id),False,False,True,True,False,False,1,1,False,,16384,0,0,0,
auth,users,users_pkey,CREATE UNIQUE INDEX users_pkey ON auth.users USING btree (id),True,True,True,True,False,False,1,1,True,f,16384,40417,40499,40417,2026-09-04 17:22:29.369229-04
dflow,artists,artists_updated_by_fkey,CREATE INDEX artists_updated_by_fkey ON dflow.artists USING btree (updated_by),False,False,True,True,False,False,1,1,False,,16384,0,0,0,
designflow_frozen_20260710,artists,artists_art_source_id_fkey,CREATE INDEX artists_art_source_id_fkey ON designflow_frozen_20260710.artists USING btree (art_source_id),False,False,True,True,False,False,1,1,False,,16384,0,0,0,
pim,project,pim_project_business_unit_idx,"CREATE INDEX pim_project_business_unit_idx ON pim.project USING btree (lower(COALESCE((metadata ->> 'business_unit'::text), (metadata ->> 'department'::text), ''::text)))",False,False,True,True,False,True,1,1,False,,16384,0,0,0,
auth,sessions,sessions_not_after_idx,CREATE INDEX sessions_not_after_idx ON auth.sessions USING btree (not_after DESC),False,False,True,True,False,False,1,1,False,,16384,0,0,0,
auth,one_time_tokens,one_time_tokens_user_id_token_type_key,"CREATE UNIQUE INDEX one_time_tokens_user_id_token_type_key ON auth.one_time_tokens USING btree (user_id, token_type)",True,False,True,True,False,False,2,2,False,,16384,1,0,0,2026-09-01 15:35:38.000466-04
core,customer_alias,customer_alias_customer_norm_key,"CREATE UNIQUE INDEX customer_alias_customer_norm_key ON core.customer_alias USING btree (customer_id, normalized_alias)",True,False,True,True,False,False,2,2,False,,16384,0,0,0,
auth,users,users_pkey,CREATE UNIQUE INDEX users_pkey ON auth.users USING btree (id),True,True,True,True,False,False,1,1,True,f,16384,40417,40499,40417,2026-09-04 17:22:29.369229-04
plm,peanuts_style_guide,peanuts_style_guide_usage_idx,"CREATE INDEX peanuts_style_guide_usage_idx ON plm.peanuts_style_guide USING btree (capture_id, asset_count)",False,False,True,True,False,False,2,2,False,,16384,0,0,0,
plm,wwe_contract,idx_wwe_contract_capture,CREATE INDEX idx_wwe_contract_capture ON plm.wwe_contract USING btree (capture_id),False,False,True,True,False,False,1,1,False,,16384,1,1,0,2026-08-30 12:21:15.563337-04
dflow,sample_factory_visit_event,sample_factory_visit_event_visit_idx,"CREATE INDEX sample_factory_visit_event_visit_idx ON dflow.sample_factory_visit_event USING btree (sample_factory_visit_id, revision DESC)",False,False,True,True,False,False,2,2,False,,16384,0,0,0,
auth,users,users_is_anonymous_idx,CREATE INDEX users_is_anonymous_idx ON auth.users USING btree (is_anonymous),False,False,True,True,False,False,1,1,False,,16384,0,0,0,
plm,taxonomy_resolution_review,plm_taxonomy_resolution_review_status_idx,"CREATE INDEX plm_taxonomy_resolution_review_status_idx ON plm.taxonomy_resolution_review USING btree (status, entity_type, finding_scope)",False,False,True,True,False,False,3,3,False,,16384,0,0,0,
core,customer_channel,core_customer_channel_channel_idx,"CREATE INDEX core_customer_channel_channel_idx ON core.customer_channel USING btree (channel_id, customer_id)",False,False,True,True,False,False,2,2,False,,16384,0,0,0,
plm,wwe_style_guide_property_inferred,idx_wwe_style_guide_property_inferred_property,"CREATE INDEX idx_wwe_style_guide_property_inferred_property ON plm.wwe_style_guide_property_inferred USING btree (capture_id, property_source_id)",False,False,True,True,False,False,2,2,False,,16384,1,26,0,2026-08-30 12:21:15.563337-04
plm,wildbrain_capture,idx_wildbrain_capture_status_captured,"CREATE INDEX idx_wildbrain_capture_status_captured ON plm.wildbrain_capture USING btree (status, source_captured_at DESC)",False,False,True,True,False,False,2,2,False,,16384,64,128,128,2026-09-03 22:14:35.716414-04
dflow,sample_shipment_item,sample_shipment_item_sample_id_fk_idx,CREATE INDEX sample_shipment_item_sample_id_fk_idx ON dflow.sample_shipment_item USING btree (sample_id_fk),False,False,True,True,False,False,1,1,False,,16384,0,0,0,
auth,users,users_instance_id_email_idx,"CREATE INDEX users_instance_id_email_idx ON auth.users USING btree (instance_id, lower((email)::text))",False,False,True,True,False,True,2,2,False,,16384,52,82,44,2026-09-04 09:25:15.201725-04
plm,erp_licensor,plm_erp_licensor_last_seen_idx,CREATE INDEX plm_erp_licensor_last_seen_idx ON plm.erp_licensor USING btree (last_seen_at DESC),False,False,True,True,False,False,1,1,False,,16384,1,11,0,2026-09-02 13:12:20.048101-04
plm,peanuts_animation_title,peanuts_animation_title_usage_idx,"CREATE INDEX peanuts_animation_title_usage_idx ON plm.peanuts_animation_title USING btree (capture_id, asset_count)",False,False,True,True,False,False,2,2,False,,16384,0,0,0,
core,packaging_type,packaging_type_normalized_name_key,CREATE UNIQUE INDEX packaging_type_normalized_name_key ON core.packaging_type USING btree (normalized_name),True,False,True,True,False,False,1,1,False,,16384,0,0,0,
auth,users,users_pkey,CREATE UNIQUE INDEX users_pkey ON auth.users USING btree (id),True,True,True,True,False,False,1,1,True,f,16384,40417,40499,40417,2026-09-04 17:22:29.369229-04
auth,one_time_tokens,one_time_tokens_pkey,CREATE UNIQUE INDEX one_time_tokens_pkey ON auth.one_time_tokens USING btree (id),True,True,True,True,False,False,1,1,True,p,16384,0,0,0,
plm,GridViewState,GridViewState_user_grid_view,"CREATE UNIQUE INDEX ""GridViewState_user_grid_view"" ON plm.""GridViewState"" USING btree (user_id_fk, grid_id, view_name)",True,False,True,True,False,False,3,3,False,,16384,48,27,24,2026-09-02 15:51:54.192649-04
auth,identities,identities_provider_id_provider_unique,"CREATE UNIQUE INDEX identities_provider_id_provider_unique ON auth.identities USING btree (provider_id, provider)",True,False,True,True,False,False,2,2,True,u,16384,11,10,10,2026-09-04 16:58:55.22013-04
auth,identities,identities_pkey,CREATE UNIQUE INDEX identities_pkey ON auth.identities USING btree (id),True,True,True,True,False,False,1,1,True,p,16384,10,10,10,2026-09-04 16:58:55.22013-04
dflow,sample_movement,sample_movement_sample_time_idx,"CREATE INDEX sample_movement_sample_time_idx ON dflow.sample_movement USING btree (sample_id_fk, occurred_at, movement_id)",False,False,True,True,False,False,3,3,False,,16384,0,0,0,
plm,pmt_relationship_anomaly,idx_pmt_relationship_anomaly_asset,"CREATE INDEX idx_pmt_relationship_anomaly_asset ON plm.pmt_relationship_anomaly USING btree (capture_id, asset_id)",False,False,True,True,False,False,2,2,False,,16384,0,0,0,
plm,sega_asset_tag,idx_sega_asset_tag_tag,"CREATE INDEX idx_sega_asset_tag_tag ON plm.sega_asset_tag USING btree (capture_id, tag_source_key)",False,False,True,True,False,False,2,2,False,,16384,0,0,0,
plm,dcp_metadata_run,idx_dcp_metadata_run_one_running,CREATE UNIQUE INDEX idx_dcp_metadata_run_one_running ON plm.dcp_metadata_run USING btree (source_crawl_id) WHERE (status = 'running'::text),True,False,True,True,True,False,1,1,False,,16384,0,0,0,
plm,erp_property,plm_erp_property_canonical_idx,CREATE INDEX plm_erp_property_canonical_idx ON plm.erp_property USING btree (property_id) WHERE (property_id IS NOT NULL),False,False,True,True,True,False,1,1,False,,16384,0,0,0,
auth,flow_state,flow_state_pkey,CREATE UNIQUE INDEX flow_state_pkey ON auth.flow_state USING btree (id),True,True,True,True,False,False,1,1,True,f,16384,24,24,24,2026-09-04 16:58:55.22013-04
core,factory_alias,factory_alias_factory_idx,CREATE INDEX factory_alias_factory_idx ON core.factory_alias USING btree (factory_id),False,False,True,True,False,False,1,1,False,,16384,91,8,0,2026-08-30 14:06:47.853452-04
plm,wb_capture,uq_wb_capture_one_in_flight_per_target,"CREATE UNIQUE INDEX uq_wb_capture_one_in_flight_per_target ON plm.wb_capture USING btree (target) WHERE ((chunk_number = 0) AND (status = ANY (ARRAY['loading'::text, 'validating'::text])))",True,False,True,True,True,False,1,1,False,,16384,0,0,0,
auth,flow_state,flow_state_pkey,CREATE UNIQUE INDEX flow_state_pkey ON auth.flow_state USING btree (id),True,True,True,True,False,False,1,1,True,p,16384,24,24,24,2026-09-04 16:58:55.22013-04
realtime,subscription,subscription_subscription_id_entity_filters_action_filter_selec,"CREATE UNIQUE INDEX subscription_subscription_id_entity_filters_action_filter_selec ON realtime.subscription USING btree (subscription_id, entity, filters, action_filter, COALESCE(selected_columns, '{}'::text[]))",True,False,True,True,False,True,5,5,False,,16384,160860,981693,9189,2026-09-04 17:22:31.849969-04
plm,grid_cell_notes,grid_cell_notes_grid_type_idx,CREATE INDEX grid_cell_notes_grid_type_idx ON plm.grid_cell_notes USING btree (grid_type),False,False,True,True,False,False,1,1,False,,16384,0,0,0,
auth,users,users_phone_key,CREATE UNIQUE INDEX users_phone_key ON auth.users USING btree (phone),True,False,True,True,False,False,1,1,True,u,16384,0,0,0,
core,taxonomy_owner_ruling,taxonomy_owner_ruling_ruled_at_idx,CREATE INDEX taxonomy_owner_ruling_ruled_at_idx ON core.taxonomy_owner_ruling USING btree (ruled_at DESC),False,False,True,True,False,False,1,1,False,,16384,0,0,0,
dflow,itemType,itemType_name_key,"CREATE UNIQUE INDEX ""itemType_name_key"" ON dflow.""itemType"" USING btree (item_type_name)",True,False,True,True,False,False,1,1,False,,16384,0,0,0,
dflow,ai_cache_events,ai_cache_events_feature_created_at_idx,"CREATE INDEX ai_cache_events_feature_created_at_idx ON dflow.ai_cache_events USING btree (feature, created_at DESC)",False,False,True,True,False,False,2,2,False,,16384,1,0,0,2026-08-31 13:17:26.978168-04
dflow,sample_shipment_line,sample_shipment_line_box_idx,"CREATE INDEX sample_shipment_line_box_idx ON dflow.sample_shipment_line USING btree (box_id_fk, state)",False,False,True,True,False,False,2,2,False,,16384,0,0,0,
crm,ingested_domain,crm_ingested_domain_status_idx,CREATE INDEX crm_ingested_domain_status_idx ON crm.ingested_domain USING btree (status),False,False,True,True,False,False,1,1,False,,16384,1,464,12,2026-09-03 15:51:35.705539-04
auth,custom_oauth_providers,custom_oauth_providers_identifier_idx,CREATE INDEX custom_oauth_providers_identifier_idx ON auth.custom_oauth_providers USING btree (identifier),False,False,True,True,False,False,1,1,False,,16384,0,0,0,
plm,wwe_submission_stage,idx_wwe_submission_stage_submission,"CREATE INDEX idx_wwe_submission_stage_submission ON plm.wwe_submission_stage USING btree (capture_id, submission_number)",False,False,True,True,False,False,2,2,False,,16384,0,0,0,
plm,sega_tag,idx_sega_tag_normalized,CREATE INDEX idx_sega_tag_normalized ON plm.sega_tag USING btree (normalized_tag_label),False,False,True,True,False,False,1,1,False,,16384,0,0,0,
plm,peanuts_character,peanuts_character_usage_idx,"CREATE INDEX peanuts_character_usage_idx ON plm.peanuts_character USING btree (capture_id, asset_count)",False,False,True,True,False,False,2,2,False,,16384,0,0,0,
crm,meeting_note,crm_meeting_note_meeting_at_idx,CREATE INDEX crm_meeting_note_meeting_at_idx ON crm.meeting_note USING btree (meeting_at DESC),False,False,True,True,False,False,1,1,False,,16384,8,216,48,2026-09-03 16:09:25.776016-04
core,mg_category,mg_category_code_key,CREATE UNIQUE INDEX mg_category_code_key ON core.mg_category USING btree (code),True,False,True,True,False,False,1,1,False,,16384,0,0,0,
auth,users,users_instance_id_idx,CREATE INDEX users_instance_id_idx ON auth.users USING btree (instance_id),False,False,True,True,False,False,1,1,False,,16384,0,0,0,
designflow_frozen_20260710,product_category,product_category_created_by_fkey,CREATE INDEX product_category_created_by_fkey ON designflow_frozen_20260710.product_category USING btree (created_by),False,False,True,True,False,False,1,1,False,,16384,0,0,0,
auth,mfa_amr_claims,amr_id_pk,CREATE UNIQUE INDEX amr_id_pk ON auth.mfa_amr_claims USING btree (id),True,True,True,True,False,False,1,1,True,p,16384,0,0,0,
plm,sega_property,idx_sega_property_capture,CREATE INDEX idx_sega_property_capture ON plm.sega_property USING btree (capture_id),False,False,True,True,False,False,1,1,False,,16384,128,14080,14080,2026-09-02 22:13:22.799009-04
dflow,sample_factory_visit,sample_factory_visit_factory_queue_idx,"CREATE INDEX sample_factory_visit_factory_queue_idx ON dflow.sample_factory_visit USING btree (factory_id, state, visit_order)",False,False,True,True,False,False,3,3,False,,16384,0,0,0,
auth,sessions,sessions_pkey,CREATE UNIQUE INDEX sessions_pkey ON auth.sessions USING btree (id),True,True,True,True,False,False,1,1,True,f,16384,16067,16067,16067,2026-09-04 17:22:29.369229-04
dflow,product_category,product_category_created_by_fkey,CREATE INDEX product_category_created_by_fkey ON dflow.product_category USING btree (created_by),False,False,True,True,False,False,1,1,False,,16384,0,0,0,
designflow_frozen_20260710,artists,artists_created_by_fkey,CREATE INDEX artists_created_by_fkey ON designflow_frozen_20260710.artists USING btree (created_by),False,False,True,True,False,False,1,1,False,,16384,0,0,0,
dflow,sample_movement,sample_movement_destination_idx,"CREATE INDEX sample_movement_destination_idx ON dflow.sample_movement USING btree (sample_id_fk, to_location_type, to_location_id)",False,False,True,True,False,False,3,3,False,,16384,0,0,0,
auth,users,idx_users_created_at_desc,CREATE INDEX idx_users_created_at_desc ON auth.users USING btree (created_at DESC),False,False,True,True,False,False,1,1,False,,16384,0,0,0,
plm,dcp_crawl,idx_dcp_crawl_status,"CREATE INDEX idx_dcp_crawl_status ON plm.dcp_crawl USING btree (status, started_at DESC)",False,False,True,True,False,False,2,2,False,,16384,0,0,0,
storage,objects,idx_objects_bucket_id_name_lower,"CREATE INDEX idx_objects_bucket_id_name_lower ON storage.objects USING btree (bucket_id, lower(name) COLLATE ""C"")",False,False,True,True,False,True,2,2,False,,16384,2,2,2,2026-09-03 15:51:42.322067-04
dflow,art_piece,art_piece_updated_by_fkey,CREATE INDEX art_piece_updated_by_fkey ON dflow.art_piece USING btree (updated_by),False,False,True,True,False,False,1,1,False,,16384,0,0,0,
auth,users,users_pkey,CREATE UNIQUE INDEX users_pkey ON auth.users USING btree (id),True,True,True,True,False,False,1,1,True,f,16384,40417,40499,40417,2026-09-04 17:22:29.369229-04
auth,sessions,sessions_pkey,CREATE UNIQUE INDEX sessions_pkey ON auth.sessions USING btree (id),True,True,True,True,False,False,1,1,True,f,16384,16067,16067,16067,2026-09-04 17:22:29.369229-04
auth,users,users_pkey,CREATE UNIQUE INDEX users_pkey ON auth.users USING btree (id),True,True,True,True,False,False,1,1,True,f,16384,40417,40499,40417,2026-09-04 17:22:29.369229-04
plm,pmt_capture,idx_pmt_capture_started_at,CREATE INDEX idx_pmt_capture_started_at ON plm.pmt_capture USING btree (started_at DESC),False,False,True,True,False,False,1,1,False,,16384,0,0,0,
auth,sessions,sessions_pkey,CREATE UNIQUE INDEX sessions_pkey ON auth.sessions USING btree (id),True,True,True,True,False,False,1,1,True,p,16384,16067,16067,16067,2026-09-04 17:22:29.369229-04
plm,wwe_contract_property,idx_wwe_contract_property_property,"CREATE INDEX idx_wwe_contract_property_property ON plm.wwe_contract_property USING btree (capture_id, property_source_id)",False,False,True,True,False,False,2,2,False,,16384,1,1,0,2026-08-30 12:21:15.563337-04
auth,users,users_pkey,CREATE UNIQUE INDEX users_pkey ON auth.users USING btree (id),True,True,True,True,False,False,1,1,True,f,16384,40417,40499,40417,2026-09-04 17:22:29.369229-04
plm,marvel_dcp_metadata_run,idx_marvel_dcp_metadata_run_one_running,CREATE UNIQUE INDEX idx_marvel_dcp_metadata_run_one_running ON plm.marvel_dcp_metadata_run USING btree (source_crawl_id) WHERE (status = 'running'::text),True,False,True,True,True,False,1,1,False,,16384,0,0,0,
plm,taxonomy_baseline_pin,plm_taxonomy_baseline_pin_live_idx,"CREATE UNIQUE INDEX plm_taxonomy_baseline_pin_live_idx ON plm.taxonomy_baseline_pin USING btree (baseline_key, metric_key) WHERE (superseded_at IS NULL)",True,False,True,True,True,False,2,2,False,,16384,0,0,0,
plm,pmt_character,idx_pmt_character_resolution,CREATE INDEX idx_pmt_character_resolution ON plm.pmt_character USING btree (resolution_status),False,False,True,True,False,False,1,1,False,,16384,0,0,0,
public,agent_registrations,idx_agent_registrations_last_heartbeat,CREATE INDEX idx_agent_registrations_last_heartbeat ON public.agent_registrations USING btree (last_heartbeat),False,False,True,True,False,False,1,1,False,,16384,0,0,0,
designflow_frozen_20260710,art_piece,art_piece_divisioncode_id_fkey,CREATE INDEX art_piece_divisioncode_id_fkey ON designflow_frozen_20260710.art_piece USING btree (divisioncode_id),False,False,True,True,False,False,1,1,False,,16384,0,0,0,
auth,schema_migrations,schema_migrations_pkey,CREATE UNIQUE INDEX schema_migrations_pkey ON auth.schema_migrations USING btree (version),True,True,True,True,False,False,1,1,True,p,16384,0,0,0,
plm,wildbrain_character,idx_wildbrain_character_normalized_label,"CREATE INDEX idx_wildbrain_character_normalized_label ON plm.wildbrain_character USING btree (capture_id, normalized_character_label)",False,False,True,True,False,False,2,2,False,,16384,0,0,0,
plm,pmt_property,idx_pmt_property_licensed,CREATE INDEX idx_pmt_property_licensed ON plm.pmt_property USING btree (capture_id) WHERE is_licensed_selection,False,False,True,True,True,False,1,1,False,,16384,0,0,0,
plm,taxonomy_resolution_review,plm_taxonomy_resolution_review_proposed_licensor_idx,CREATE INDEX plm_taxonomy_resolution_review_proposed_licensor_idx ON plm.taxonomy_resolution_review USING btree (proposed_licensor_id) WHERE (proposed_licensor_id IS NOT NULL),False,False,True,True,True,False,1,1,False,,16384,0,0,0,
plm,sega_tag,idx_sega_tag_capture,CREATE INDEX idx_sega_tag_capture ON plm.sega_tag USING btree (capture_id),False,False,True,True,False,False,1,1,False,,16384,0,0,0,
dflow_prod,art_piece_attachment,art_piece_attachment_divisioncode_id_fkey,CREATE INDEX art_piece_attachment_divisioncode_id_fkey ON dflow_prod.art_piece_attachment USING btree (divisioncode_id),False,False,True,True,False,False,1,1,False,,8192,0,0,0,
dflow_archive,AuditLog,AuditLog_username_date_idx,"CREATE INDEX ""AuditLog_username_date_idx"" ON dflow_archive.""AuditLog"" USING btree (username, ""actionDate"" DESC, id DESC)",False,False,True,True,False,False,3,3,False,,8192,0,0,0,
app,file_object,file_object_pkey,CREATE UNIQUE INDEX file_object_pkey ON app.file_object USING btree (id),True,True,True,True,False,False,1,1,True,p,8192,0,0,0,
pim,product_time_entry,pim_product_time_entry_product_id_idx,CREATE INDEX pim_product_time_entry_product_id_idx ON pim.product_time_entry USING btree (product_id),False,False,True,True,False,False,1,1,False,,8192,0,0,0,
dflow_prod,users,users_pkey,CREATE UNIQUE INDEX users_pkey ON dflow_prod.users USING btree (id),True,True,True,True,False,False,1,1,True,p,8192,0,0,0,
dflow_prod,app_settings,app_settings_pkey,CREATE UNIQUE INDEX app_settings_pkey ON dflow_prod.app_settings USING btree (key),True,True,True,True,False,False,1,1,True,p,8192,0,0,0,
plm,twentieth_century_dcp_metadata_load_exception,idx_twentieth_century_dcp_metadata_load_exception_open,CREATE INDEX idx_twentieth_century_dcp_metadata_load_exception_open ON plm.twentieth_century_dcp_metadata_load_exception USING btree (metadata_run_id) WHERE (resolved_at IS NULL),False,False,True,True,True,False,1,1,False,,8192,0,0,0,
pim,product_time_entry,product_time_entry_pkey,CREATE UNIQUE INDEX product_time_entry_pkey ON pim.product_time_entry USING btree (id),True,True,True,True,False,False,1,1,True,p,8192,0,0,0,
pim,product_time_entry,product_time_entry_external_source_external_id_key,"CREATE UNIQUE INDEX product_time_entry_external_source_external_id_key ON pim.product_time_entry USING btree (external_source, external_id) NULLS NOT DISTINCT",True,False,True,True,False,False,2,2,True,u,8192,0,0,0,
core,product_material,product_material_type_subtype_code_key,"CREATE UNIQUE INDEX product_material_type_subtype_code_key ON core.product_material USING btree (product_type_id, product_subtype_id, code) WHERE (code IS NOT NULL)",True,False,True,True,True,False,3,3,False,,8192,0,0,0,
public,hts_rag_precedents,hts_rag_precedents_family_review_idx,"CREATE INDEX hts_rag_precedents_family_review_idx ON public.hts_rag_precedents USING btree (product_family, review_state, created_at DESC)",False,False,True,True,False,False,3,3,False,,8192,0,0,0,
dflow_prod,GridViewState,GridViewState_user_grid_view,"CREATE UNIQUE INDEX ""GridViewState_user_grid_view"" ON dflow_prod.""GridViewState"" USING btree (user_id_fk, grid_id, view_name)",True,False,True,True,False,False,3,3,False,,8192,0,0,0,
dflow_prod,RFQStep,RFQStep_pkey,"CREATE UNIQUE INDEX ""RFQStep_pkey"" ON dflow_prod.""RFQStep"" USING btree (""RFQStep_id"")",True,True,True,True,False,False,1,1,True,p,8192,0,0,0,
dflow_prod,user_notification,user_notification_pkey,CREATE UNIQUE INDEX user_notification_pkey ON dflow_prod.user_notification USING btree (id),True,True,True,True,False,False,1,1,True,p,8192,0,0,0,
dflow_prod,property_character_associations,idx_property_character_associations_property_id,CREATE INDEX idx_property_character_associations_property_id ON dflow_prod.property_character_associations USING btree (property_id),False,False,True,True,False,False,1,1,False,,8192,0,0,0,
auth,users,email_change_token_new_idx,CREATE UNIQUE INDEX email_change_token_new_idx ON auth.users USING btree (email_change_token_new) WHERE ((email_change_token_new)::text !~ '^[0-9 ]*$'::text),True,False,True,True,True,False,1,1,False,,8192,0,0,0,
plm,sesame_theme,sesame_theme_value_idx,"CREATE INDEX sesame_theme_value_idx ON plm.sesame_theme USING btree (capture_id, value_key)",False,False,True,True,False,False,2,2,False,,8192,0,0,0,
dflow_prod,RFQItem,idx_rfqitem_delivery_loc,"CREATE INDEX idx_rfqitem_delivery_loc ON dflow_prod.""RFQItem"" USING btree (""rfqItem_delivery_loc"")",False,False,True,True,False,False,1,1,False,,8192,0,0,0,
core,style_guide,style_guide_pkey,CREATE UNIQUE INDEX style_guide_pkey ON core.style_guide USING btree (id),True,True,True,True,False,False,1,1,True,f,8192,0,0,0,
app,activity,app_activity_target_idx,"CREATE INDEX app_activity_target_idx ON app.activity USING btree (target_schema, target_table, target_id)",False,False,True,True,False,False,3,3,False,,8192,0,0,0,
plm,dcp_metadata_load_exception,idx_dcp_metadata_load_exception_open,CREATE INDEX idx_dcp_metadata_load_exception_open ON plm.dcp_metadata_load_exception USING btree (metadata_run_id) WHERE (resolved_at IS NULL),False,False,True,True,True,False,1,1,False,,8192,0,0,0,
core,product_type,product_type_pkey,CREATE UNIQUE INDEX product_type_pkey ON core.product_type USING btree (id),True,True,True,True,False,False,1,1,True,f,8192,0,0,0,
plm,UDFQuery,UDFQuery_pkey,"CREATE UNIQUE INDEX ""UDFQuery_pkey"" ON plm.""UDFQuery"" USING btree (""UDFQuery_column_name"")",True,True,True,True,False,False,1,1,True,p,8192,0,0,0,
auth,instances,instances_pkey,CREATE UNIQUE INDEX instances_pkey ON auth.instances USING btree (id),True,True,True,True,False,False,1,1,True,p,8192,0,0,0,
dam,asset,asset_pkey,CREATE UNIQUE INDEX asset_pkey ON dam.asset USING btree (id),True,True,True,True,False,False,1,1,True,p,8192,0,0,0,
core,style_guide,idx_style_guide_licensor,CREATE INDEX idx_style_guide_licensor ON core.style_guide USING btree (licensor_id) WHERE (licensor_id IS NOT NULL),False,False,True,True,True,False,1,1,False,,8192,0,0,0,
dflow,ShippingPort,ShippingPort_pkey,"CREATE UNIQUE INDEX ""ShippingPort_pkey"" ON dflow.""ShippingPort"" USING btree (id)",True,True,True,True,False,False,1,1,True,p,8192,0,0,0,
plm,pmt_capture_batch,idx_pmt_capture_batch_incomplete,CREATE INDEX idx_pmt_capture_batch_incomplete ON plm.pmt_capture_batch USING btree (capture_id) WHERE (complete = false),False,False,True,True,True,False,1,1,False,,8192,0,0,0,
dflow_prod,itemLicenseImage,idx_itemlicenseimage_item,"CREATE INDEX idx_itemlicenseimage_item ON dflow_prod.""itemLicenseImage"" USING btree (itemheader_id_fk)",False,False,True,True,False,False,1,1,False,,8192,0,0,0,
public,tiff_optimization_queue,tiff_optimization_queue_claimed_at_idx,CREATE INDEX tiff_optimization_queue_claimed_at_idx ON public.tiff_optimization_queue USING btree (claimed_at) WHERE (claimed_at IS NOT NULL),False,False,True,True,True,False,1,1,False,,8192,0,0,0,
dflow,RFQItemDivision,RFQItemLicense_pkey,"CREATE UNIQUE INDEX ""RFQItemLicense_pkey"" ON dflow.""RFQItemDivision"" USING btree (""RFQItemDivision_id"")",True,True,True,True,False,False,1,1,True,p,8192,0,0,0,
plm,StandardizedProductElementValue,StandardizedProductElementValue_pkey,"CREATE UNIQUE INDEX ""StandardizedProductElementValue_pkey"" ON plm.""StandardizedProductElementValue"" USING btree (id)",True,True,True,True,False,False,1,1,True,p,8192,0,0,0,
plm,sesame_asset_style_guide,sesame_asset_style_guide_value_idx,"CREATE INDEX sesame_asset_style_guide_value_idx ON plm.sesame_asset_style_guide USING btree (capture_id, field_generation, value_key)",False,False,True,True,False,False,3,3,False,,8192,0,0,0,
plm,ShippingPort,ShippingPort_pkey,"CREATE UNIQUE INDEX ""ShippingPort_pkey"" ON plm.""ShippingPort"" USING btree (id)",True,True,True,True,False,False,1,1,True,p,8192,0,0,0,
plm,twentieth_century_dcp_asset_tile_observation,idx_twentieth_century_dcp_asset_tile_obs_asset,CREATE INDEX idx_twentieth_century_dcp_asset_tile_obs_asset ON plm.twentieth_century_dcp_asset_tile_observation USING btree (twentieth_century_dcp_asset_id),False,False,True,True,False,False,1,1,False,,8192,0,0,0,
dam,asset,asset_source_system_source_id_key,"CREATE UNIQUE INDEX asset_source_system_source_id_key ON dam.asset USING btree (source_system, source_id) NULLS NOT DISTINCT",True,False,True,True,False,False,2,2,True,u,8192,0,0,0,
plm,sample,sample_pkey,CREATE UNIQUE INDEX sample_pkey ON plm.sample USING btree (sample_id_pk),True,True,True,True,False,False,1,1,True,f,8192,0,0,0,
storage,buckets_analytics,buckets_analytics_unique_name_idx,CREATE UNIQUE INDEX buckets_analytics_unique_name_idx ON storage.buckets_analytics USING btree (name) WHERE (deleted_at IS NULL),True,False,True,True,True,False,1,1,False,,8192,0,0,0,
plm,wwe_submission_comment,idx_wwe_submission_comment_submission,"CREATE INDEX idx_wwe_submission_comment_submission ON plm.wwe_submission_comment USING btree (capture_id, submission_number)",False,False,True,True,False,False,2,2,False,,8192,1,0,0,2026-08-30 12:21:15.563337-04
plm,sega_tag,sega_tag_fallback_normalized_uk,"CREATE UNIQUE INDEX sega_tag_fallback_normalized_uk ON plm.sega_tag USING btree (capture_id, normalized_tag_label) WHERE (tag_source_id IS NULL)",True,False,True,True,True,False,2,2,False,,8192,0,0,0,
auth,audit_log_entries,audit_logs_instance_id_idx,CREATE INDEX audit_logs_instance_id_idx ON auth.audit_log_entries USING btree (instance_id),False,False,True,True,False,False,1,1,False,,8192,0,0,0,
plm,sesame_asset_brand,sesame_asset_brand_value_idx,"CREATE INDEX sesame_asset_brand_value_idx ON plm.sesame_asset_brand USING btree (capture_id, field_generation, value_key)",False,False,True,True,False,False,3,3,False,,8192,0,0,0,
plm,lucasfilm_dcp_crawl_gap,idx_lucasfilm_dcp_crawl_gap_open,CREATE INDEX idx_lucasfilm_dcp_crawl_gap_open ON plm.lucasfilm_dcp_crawl_gap USING btree (crawl_section_id) WHERE ((resolved_at IS NULL) AND (waived_at IS NULL)),False,False,True,True,True,False,1,1,False,,8192,0,0,0,
plm,sample_shipment_item,sample_shipment_item_pkey,CREATE UNIQUE INDEX sample_shipment_item_pkey ON plm.sample_shipment_item USING btree (shipment_item_id_pk),True,True,True,True,False,False,1,1,True,p,8192,0,0,0,
crm,opportunity,crm_opportunity_company_idx,CREATE INDEX crm_opportunity_company_idx ON crm.opportunity USING btree (company_id),False,False,True,True,False,False,1,1,False,,8192,274559,0,0,2026-09-04 16:15:03.775518-04
dam,style_group,style_group_pkey,CREATE UNIQUE INDEX style_group_pkey ON dam.style_group USING btree (id),True,True,True,True,False,False,1,1,True,f,8192,0,0,0,
dflow,ProdShipmentTransitTime,ProdShipmentTransitTime_pkey,"CREATE UNIQUE INDEX ""ProdShipmentTransitTime_pkey"" ON dflow.""ProdShipmentTransitTime"" USING btree (id)",True,True,True,True,False,False,1,1,True,p,8192,0,0,0,
realtime,messages_2026_09_01,messages_2026_09_01_inserted_at_topic_idx,"CREATE INDEX messages_2026_09_01_inserted_at_topic_idx ON realtime.messages_2026_09_01 USING btree (inserted_at DESC, topic) WHERE ((extension = 'broadcast'::text) AND (private IS TRUE))",False,False,True,True,True,False,2,2,False,,8192,0,0,0,
dflow,artists,artists_core_artist_id_idx,CREATE INDEX artists_core_artist_id_idx ON dflow.artists USING btree (core_artist_id) WHERE (core_artist_id IS NOT NULL),False,False,True,True,True,False,1,1,False,,8192,0,0,0,
app,file_object,file_object_pkey,CREATE UNIQUE INDEX file_object_pkey ON app.file_object USING btree (id),True,True,True,True,False,False,1,1,True,f,8192,0,0,0,
plm,marvel_asgard_character_opa_resolution,marvel_asgard_character_one_confirmed_opa_idx,CREATE UNIQUE INDEX marvel_asgard_character_one_confirmed_opa_idx ON plm.marvel_asgard_character_opa_resolution USING btree (asgard_character_id) WHERE (status = 'confirmed'::text),True,False,True,True,True,False,1,1,False,,8192,0,0,0,
core,product_subtype,product_subtype_pkey,CREATE UNIQUE INDEX product_subtype_pkey ON core.product_subtype USING btree (id),True,True,True,True,False,False,1,1,True,f,8192,0,0,0,
dam,asset,asset_pkey,CREATE UNIQUE INDEX asset_pkey ON dam.asset USING btree (id),True,True,True,True,False,False,1,1,True,f,8192,0,0,0,
core,character,character_licensor_code_key,"CREATE UNIQUE INDEX character_licensor_code_key ON core.""character"" USING btree (licensor_id, code) NULLS NOT DISTINCT WHERE (code IS NOT NULL)",True,False,True,True,True,False,2,2,False,,8192,0,0,0,
dam,asset_character,asset_character_asset_id_character_id_key,"CREATE UNIQUE INDEX asset_character_asset_id_character_id_key ON dam.asset_character USING btree (asset_id, character_id)",True,False,True,True,False,False,2,2,True,u,8192,0,0,0,
crm,opportunity,opportunity_pkey,CREATE UNIQUE INDEX opportunity_pkey ON crm.opportunity USING btree (id),True,True,True,True,False,False,1,1,True,f,8192,0,0,0,
plm,dcp_metadata_load_exception,dcp_metadata_load_exception_pkey,CREATE UNIQUE INDEX dcp_metadata_load_exception_pkey ON plm.dcp_metadata_load_exception USING btree (id),True,True,True,True,False,False,1,1,True,p,8192,0,0,0,
dam,asset,asset_pkey,CREATE UNIQUE INDEX asset_pkey ON dam.asset USING btree (id),True,True,True,True,False,False,1,1,True,f,8192,0,0,0,
plm,sesame_asset_theme,sesame_asset_theme_value_idx,"CREATE INDEX sesame_asset_theme_value_idx ON plm.sesame_asset_theme USING btree (capture_id, field_generation, value_key)",False,False,True,True,False,False,3,3,False,,8192,0,0,0,
plm,twentieth_century_dcp_asset_tile_observation,idx_twentieth_century_dcp_asset_tile_obs_tile,"CREATE INDEX idx_twentieth_century_dcp_asset_tile_obs_tile ON plm.twentieth_century_dcp_asset_tile_observation USING btree (portal_tile_id, listing_kind)",False,False,True,True,False,False,2,2,False,,8192,0,0,0,
plm,art_piece,plm_art_piece_artist_idx,CREATE INDEX plm_art_piece_artist_idx ON plm.art_piece USING btree (artist_id),False,False,True,True,False,False,1,1,False,,8192,0,0,0,
dam,asset_tag,asset_tag_pkey,CREATE UNIQUE INDEX asset_tag_pkey ON dam.asset_tag USING btree (id),True,True,True,True,False,False,1,1,True,p,8192,0,0,0,
pim,customer_order,pim_customer_order_product_id_idx,CREATE INDEX pim_customer_order_product_id_idx ON pim.customer_order USING btree (product_id) WHERE (product_id IS NOT NULL),False,False,True,True,True,False,1,1,False,,8192,0,0,0,
plm,twentieth_century_dcp_metadata_asset,idx_twentieth_century_dcp_metadata_asset_status,"CREATE INDEX idx_twentieth_century_dcp_metadata_asset_status ON plm.twentieth_century_dcp_metadata_asset USING btree (metadata_run_id, fetch_status)",False,False,True,True,False,False,2,2,False,,8192,0,0,0,
plm,sample_box,sample_box_pkey,CREATE UNIQUE INDEX sample_box_pkey ON plm.sample_box USING btree (box_id_pk),True,True,True,True,False,False,1,1,True,f,8192,0,0,0,
public,prod_order_headers_current,idx_prod_order_headers_current_due_date,CREATE INDEX idx_prod_order_headers_current_due_date ON public.prod_order_headers_current USING btree (due_date),False,False,True,True,False,False,1,1,False,,8192,0,0,0,
plm,marvel_asgard_asset,marvel_asgard_asset_style_guide_asset_uidx,CREATE UNIQUE INDEX marvel_asgard_asset_style_guide_asset_uidx ON plm.marvel_asgard_asset USING btree (style_guide_asset_id) WHERE (style_guide_asset_id IS NOT NULL),True,False,True,True,True,False,1,1,False,,8192,0,0,0,
dflow_prod,dflow_prod.properties_and_characters,unique_property_entity,"CREATE UNIQUE INDEX unique_property_entity ON dflow_prod.properties_and_characters USING btree (licensor_id, source_licensed_property_id) WHERE ((type)::text = 'PROPERTY'::text)",True,False,True,True,True,False,2,2,False,,8192,0,0,0,
plm,sample_factory_group,sample_factory_group_pkey,CREATE UNIQUE INDEX sample_factory_group_pkey ON plm.sample_factory_group USING btree (factory_group_id_pk),True,True,True,True,False,False,1,1,True,p,8192,0,0,0,
plm,lucasfilm_dcp_load_exception,idx_lucasfilm_dcp_load_exception_open,CREATE INDEX idx_lucasfilm_dcp_load_exception_open ON plm.lucasfilm_dcp_load_exception USING btree (crawl_id) WHERE ((resolved_at IS NULL) AND (severity = 'rejected'::text)),False,False,True,True,True,False,1,1,False,,8192,0,0,0,
dam,popsg_property_resolution,popsg_property_resolution_tuple_idx,"CREATE INDEX popsg_property_resolution_tuple_idx ON dam.popsg_property_resolution USING btree (licensor_id, normalized_observed_value)",False,False,True,True,False,False,2,2,False,,8192,0,0,0,
dflow,OrderLeadTime,OrderLeadTime_pkey,"CREATE UNIQUE INDEX ""OrderLeadTime_pkey"" ON dflow.""OrderLeadTime"" USING btree (order_id)",True,True,True,True,False,False,1,1,True,p,8192,0,0,0,
crm,opportunity,opportunity_pkey,CREATE UNIQUE INDEX opportunity_pkey ON crm.opportunity USING btree (id),True,True,True,True,False,False,1,1,True,f,8192,0,0,0,
dflow_prod,art_piece_attachment,art_piece_attachment_art_piece_id_fkey,CREATE INDEX art_piece_attachment_art_piece_id_fkey ON dflow_prod.art_piece_attachment USING btree (art_piece_id),False,False,True,True,False,False,1,1,False,,8192,0,0,0,
dam,asset_tag,asset_tag_asset_id_tag_key,"CREATE UNIQUE INDEX asset_tag_asset_id_tag_key ON dam.asset_tag USING btree (asset_id, tag)",True,False,True,True,False,False,2,2,True,u,8192,0,0,0,
core,style_guide,idx_style_guide_parent,CREATE INDEX idx_style_guide_parent ON core.style_guide USING btree (parent_style_guide_id) WHERE (parent_style_guide_id IS NOT NULL),False,False,True,True,True,False,1,1,False,,8192,0,0,0,
dflow_prod,RFQItem,idx_rfqItem_copied_from_id,"CREATE INDEX ""idx_rfqItem_copied_from_id"" ON dflow_prod.""RFQItem"" USING btree (""rfqItem_copied_from_id"") WHERE (""rfqItem_copied_from_id"" IS NOT NULL)",False,False,True,True,True,False,1,1,False,,8192,0,0,0,
dflow,FactoryTime,FactoryTime_pkey,"CREATE UNIQUE INDEX ""FactoryTime_pkey"" ON dflow.""FactoryTime"" USING btree (id)",True,True,True,True,False,False,1,1,True,p,8192,0,0,0,
plm,twentieth_century_dcp_asset_character_observation,idx_twentieth_century_dcp_asset_character_obs_character,CREATE INDEX idx_twentieth_century_dcp_asset_character_obs_character ON plm.twentieth_century_dcp_asset_character_observation USING btree (twentieth_century_dcp_character_id),False,False,True,True,False,False,1,1,False,,8192,0,0,0,
dam,asset,asset_pkey,CREATE UNIQUE INDEX asset_pkey ON dam.asset USING btree (id),True,True,True,True,False,False,1,1,True,f,8192,0,0,0,
dam,asset_path_history,asset_path_history_pkey,CREATE UNIQUE INDEX asset_path_history_pkey ON dam.asset_path_history USING btree (id),True,True,True,True,False,False,1,1,True,p,8192,0,0,0,
dam,popsg_property_resolution,popsg_property_resolution_active_tuple_key,"CREATE UNIQUE INDEX popsg_property_resolution_active_tuple_key ON dam.popsg_property_resolution USING btree (licensor_id, normalized_observed_value) WHERE (decision_state = 'active'::text)",True,False,True,True,True,False,2,2,False,,8192,0,0,0,
dam,asset,asset_pkey,CREATE UNIQUE INDEX asset_pkey ON dam.asset USING btree (id),True,True,True,True,False,False,1,1,True,f,8192,0,0,0,
plm,marvel_dcp_metadata_load_exception,idx_marvel_dcp_metadata_load_exception_run,CREATE INDEX idx_marvel_dcp_metadata_load_exception_run ON plm.marvel_dcp_metadata_load_exception USING btree (metadata_run_id),False,False,True,True,False,False,1,1,False,,8192,0,0,0,
plm,marvel_dcp_crawl_gap,idx_marvel_dcp_crawl_gap_section,CREATE INDEX idx_marvel_dcp_crawl_gap_section ON plm.marvel_dcp_crawl_gap USING btree (crawl_section_id),False,False,True,True,False,False,1,1,False,,8192,0,0,0,
auth,sso_providers,sso_providers_pkey,CREATE UNIQUE INDEX sso_providers_pkey ON auth.sso_providers USING btree (id),True,True,True,True,False,False,1,1,True,f,8192,0,0,0,
dam,asset_checkout,asset_checkout_pkey,CREATE UNIQUE INDEX asset_checkout_pkey ON dam.asset_checkout USING btree (id),True,True,True,True,False,False,1,1,True,p,8192,0,0,0,
public,hts_rag_determinations,hts_rag_determinations_comparison_review_idx,"CREATE INDEX hts_rag_determinations_comparison_review_idx ON public.hts_rag_determinations USING btree (comparison_key, comparison_review_state, created_at DESC)",False,False,True,True,False,False,3,3,False,,8192,0,0,0,
dam,asset,asset_pkey,CREATE UNIQUE INDEX asset_pkey ON dam.asset USING btree (id),True,True,True,True,False,False,1,1,True,f,8192,0,0,0,
dam,agent_registration,agent_registration_pkey,CREATE UNIQUE INDEX agent_registration_pkey ON dam.agent_registration USING btree (id),True,True,True,True,False,False,1,1,True,p,8192,0,0,0,
dflow_prod,art_piece_attachment,art_piece_attachment_created_by_fkey,CREATE INDEX art_piece_attachment_created_by_fkey ON dflow_prod.art_piece_attachment USING btree (created_by),False,False,True,True,False,False,1,1,False,,8192,0,0,0,
plm,twentieth_century_dcp_asset_property_observation,idx_twentieth_century_dcp_asset_property_obs_property,CREATE INDEX idx_twentieth_century_dcp_asset_property_obs_property ON plm.twentieth_century_dcp_asset_property_observation USING btree (twentieth_century_dcp_property_id),False,False,True,True,False,False,1,1,False,,8192,0,0,0,
dam,helper_device,helper_device_pkey,CREATE UNIQUE INDEX helper_device_pkey ON dam.helper_device USING btree (id),True,True,True,True,False,False,1,1,True,p,8192,0,0,0,
plm,twentieth_century_dcp_asset,idx_twentieth_century_dcp_asset_style_guide,CREATE INDEX idx_twentieth_century_dcp_asset_style_guide ON plm.twentieth_century_dcp_asset USING btree (style_guide_id),False,False,True,True,False,False,1,1,False,,8192,0,0,0,
dam,helper_device,helper_device_pkey,CREATE UNIQUE INDEX helper_device_pkey ON dam.helper_device USING btree (id),True,True,True,True,False,False,1,1,True,f,8192,0,0,0,
dam,processing_queue,processing_queue_pkey,CREATE UNIQUE INDEX processing_queue_pkey ON dam.processing_queue USING btree (id),True,True,True,True,False,False,1,1,True,p,8192,0,0,0,
dflow_prod,licensingFeedbackReply,idx_licensing_feedback_reply_status,"CREATE INDEX idx_licensing_feedback_reply_status ON dflow_prod.""licensingFeedbackReply"" USING btree (licensing_status_id_fk)",False,False,True,True,False,False,1,1,False,,8192,0,0,0,
dflow,DesignTeamTime,DesignTeamTime_pkey,"CREATE UNIQUE INDEX ""DesignTeamTime_pkey"" ON dflow.""DesignTeamTime"" USING btree (id)",True,True,True,True,False,False,1,1,True,p,8192,0,0,0,
realtime,messages_2026_09_02,messages_2026_09_02_inserted_at_topic_idx,"CREATE INDEX messages_2026_09_02_inserted_at_topic_idx ON realtime.messages_2026_09_02 USING btree (inserted_at DESC, topic) WHERE ((extension = 'broadcast'::text) AND (private IS TRUE))",False,False,True,True,True,False,2,2,False,,8192,0,0,0,
dflow_prod,licensingMilestone,unique_item_stage_dflow_prod_1774369813518,"CREATE UNIQUE INDEX unique_item_stage_dflow_prod_1774369813518 ON dflow_prod.""licensingMilestone"" USING btree (itemheader_id_fk, stage)",True,False,True,True,False,False,2,2,True,u,8192,0,0,0,
auth,saml_providers,saml_providers_sso_provider_id_idx,CREATE INDEX saml_providers_sso_provider_id_idx ON auth.saml_providers USING btree (sso_provider_id),False,False,True,True,False,False,1,1,False,,8192,0,0,0,
dam,asset,asset_pkey,CREATE UNIQUE INDEX asset_pkey ON dam.asset USING btree (id),True,True,True,True,False,False,1,1,True,f,8192,0,0,0,
dflow,sample_import_job,sample_import_job_state_idx,"CREATE INDEX sample_import_job_state_idx ON dflow.sample_import_job USING btree (state, created_at)",False,False,True,True,False,False,2,2,False,,8192,0,0,0,
dam,style_guide_file,style_guide_file_pkey,CREATE UNIQUE INDEX style_guide_file_pkey ON dam.style_guide_file USING btree (id),True,True,True,True,False,False,1,1,True,p,8192,0,0,0,
core,property_alias,property_alias_norm_idx,CREATE INDEX property_alias_norm_idx ON core.property_alias USING btree (normalized_alias),False,False,True,True,False,False,1,1,False,,8192,0,0,0,
plm,dcp_crawl_gap,idx_dcp_crawl_gap_open,CREATE INDEX idx_dcp_crawl_gap_open ON plm.dcp_crawl_gap USING btree (crawl_section_id) WHERE ((resolved_at IS NULL) AND (waived_at IS NULL)),False,False,True,True,True,False,1,1,False,,8192,0,0,0,
plm,twentieth_century_dcp_crawl,idx_twentieth_century_dcp_crawl_status,"CREATE INDEX idx_twentieth_century_dcp_crawl_status ON plm.twentieth_century_dcp_crawl USING btree (status, started_at DESC)",False,False,True,True,False,False,2,2,False,,8192,0,0,0,
dam,style_guide_file,style_guide_file_source_system_source_id_key,"CREATE UNIQUE INDEX style_guide_file_source_system_source_id_key ON dam.style_guide_file USING btree (source_system, source_id) NULLS NOT DISTINCT",True,False,True,True,False,False,2,2,True,u,8192,0,0,0,
dflow_prod,RolePermissions,RolePermissions_RoleId_UserId_ElementId_key,"CREATE UNIQUE INDEX ""RolePermissions_RoleId_UserId_ElementId_key"" ON dflow_prod.""RolePermissions"" USING btree (""RoleId"", ""UserId"", ""ElementId"")",True,False,True,True,False,False,3,3,True,u,8192,0,0,0,
plm,lucasfilm_dcp_character,idx_lucasfilm_dcp_character_core,CREATE INDEX idx_lucasfilm_dcp_character_core ON plm.lucasfilm_dcp_character USING btree (core_character_id) WHERE (core_character_id IS NOT NULL),False,False,True,True,True,False,1,1,False,,8192,0,0,0,
dflow,ContainerHeader,ContainerHeader_pkey,"CREATE UNIQUE INDEX ""ContainerHeader_pkey"" ON dflow.""ContainerHeader"" USING btree (id)",True,True,True,True,False,False,1,1,True,p,8192,0,0,0,
app,file_object,file_object_pkey,CREATE UNIQUE INDEX file_object_pkey ON app.file_object USING btree (id),True,True,True,True,False,False,1,1,True,f,8192,0,0,0,
plm,coldlion_promotion_audit,plm_coldlion_promotion_audit_entity_idx,"CREATE INDEX plm_coldlion_promotion_audit_entity_idx ON plm.coldlion_promotion_audit USING btree (entity_table, entity_id, decided_at DESC)",False,False,True,True,False,False,3,3,False,,8192,0,0,0,
plm,sample,sample_pkey,CREATE UNIQUE INDEX sample_pkey ON plm.sample USING btree (sample_id_pk),True,True,True,True,False,False,1,1,True,f,8192,0,0,0,
plm,sample_event,sample_event_pkey,CREATE UNIQUE INDEX sample_event_pkey ON plm.sample_event USING btree (event_id_pk),True,True,True,True,False,False,1,1,True,p,8192,0,0,0,
core,style_guide_character,idx_style_guide_character_character,CREATE INDEX idx_style_guide_character_character ON core.style_guide_character USING btree (character_id),False,False,True,True,False,False,1,1,False,,8192,0,0,0,
dflow_prod,RFQWhse,RFQWhse_pkey,"CREATE UNIQUE INDEX ""RFQWhse_pkey"" ON dflow_prod.""RFQWhse"" USING btree (""RFQWhse_id"")",True,True,True,True,False,False,1,1,True,p,8192,0,0,0,
dflow_prod,productUserAssignment,productUserAssignment_item_role_key,"CREATE UNIQUE INDEX ""productUserAssignment_item_role_key"" ON dflow_prod.""productUserAssignment"" USING btree (item_id_fk, role)",True,False,True,True,False,False,2,2,False,,8192,0,0,0,
plm,twentieth_century_dcp_metadata_asset,idx_twentieth_century_dcp_metadata_asset_pending,CREATE INDEX idx_twentieth_century_dcp_metadata_asset_pending ON plm.twentieth_century_dcp_metadata_asset USING btree (metadata_run_id) WHERE (fetch_status = 'pending'::text),False,False,True,True,True,False,1,1,False,,8192,0,0,0,
plm,itemType,itemType_name_key,"CREATE UNIQUE INDEX ""itemType_name_key"" ON plm.""itemType"" USING btree (item_type_name)",True,False,True,True,False,False,1,1,False,,8192,0,0,0,
plm,dcp_crawl,idx_dcp_crawl_baseline,CREATE INDEX idx_dcp_crawl_baseline ON plm.dcp_crawl USING btree (baseline_crawl_id) WHERE (baseline_crawl_id IS NOT NULL),False,False,True,True,True,False,1,1,False,,8192,0,0,0,
plm,marvel_asgard_asset,marvel_asgard_asset_asset_id_uidx,CREATE UNIQUE INDEX marvel_asgard_asset_asset_id_uidx ON plm.marvel_asgard_asset USING btree (asset_id) WHERE (asset_id IS NOT NULL),True,False,True,True,True,False,1,1,False,,8192,0,0,0,
dflow_prod,RFQVendor,RFQVendor_pkey,"CREATE UNIQUE INDEX ""RFQVendor_pkey"" ON dflow_prod.""RFQVendor"" USING btree (""RFQVendor_id"")",True,True,True,True,False,False,1,1,True,p,8192,0,0,0,
crm,task,crm_task_status_due_idx,"CREATE INDEX crm_task_status_due_idx ON crm.task USING btree (status, due_at)",False,False,True,True,False,False,2,2,False,,8192,0,0,0,
plm,dcp_crawl_gap,idx_dcp_crawl_gap_section,CREATE INDEX idx_dcp_crawl_gap_section ON plm.dcp_crawl_gap USING btree (crawl_section_id),False,False,True,True,False,False,1,1,False,,8192,0,0,0,
dflow_prod,RFQItem,idx_rfqitem_home_list,"CREATE INDEX idx_rfqitem_home_list ON dflow_prod.""RFQItem"" USING btree (""rfqItem_active"", ""rfqItem_id"" DESC) WHERE (""rfqItem_archive"" IS NULL)",False,False,True,True,True,False,2,2,False,,8192,0,0,0,
plm,wwe_asset_style_guide_inferred,idx_wwe_asset_style_guide_inferred_asset,"CREATE INDEX idx_wwe_asset_style_guide_inferred_asset ON plm.wwe_asset_style_guide_inferred USING btree (capture_id, asset_source_id)",False,False,True,True,False,False,2,2,False,,8192,0,0,0,
crm,licensor_approval_thread,licensor_approval_thread_external_source_external_id_key,"CREATE UNIQUE INDEX licensor_approval_thread_external_source_external_id_key ON crm.licensor_approval_thread USING btree (external_source, external_id) NULLS NOT DISTINCT",True,False,True,True,False,False,2,2,True,u,8192,0,0,0,
public,product_categories,product_categories_pkey,CREATE UNIQUE INDEX product_categories_pkey ON public.product_categories USING btree (id),True,True,True,True,False,False,1,1,True,f,8192,0,0,0,
dflow_prod,artists,artists_artist_type_id_fkey,CREATE INDEX artists_artist_type_id_fkey ON dflow_prod.artists USING btree (artist_type_id),False,False,True,True,False,False,1,1,False,,8192,0,0,0,
plm,creative_submission_contract_resolution,creative_submission_contract_resolution_latest_idx,"CREATE INDEX creative_submission_contract_resolution_latest_idx ON plm.creative_submission_contract_resolution USING btree (submission_source_system, submission_source_table, submission_source_id, decision_version DESC, resolution_id DESC)",False,False,True,True,False,False,5,5,False,,8192,3058,0,0,2026-09-02 22:13:22.799009-04
dflow_prod,ai_cache_events,ai_cache_events_created_at_idx,CREATE INDEX ai_cache_events_created_at_idx ON dflow_prod.ai_cache_events USING btree (created_at DESC),False,False,True,True,False,False,1,1,False,,8192,0,0,0,
dflow_prod,ai_cache_events,ai_cache_events_feature_created_at_idx,"CREATE INDEX ai_cache_events_feature_created_at_idx ON dflow_prod.ai_cache_events USING btree (feature, created_at DESC)",False,False,True,True,False,False,2,2,False,,8192,0,0,0,
auth,sso_domains,sso_domains_domain_idx,CREATE UNIQUE INDEX sso_domains_domain_idx ON auth.sso_domains USING btree (lower(domain)),True,False,True,True,False,True,1,1,False,,8192,0,0,0,
public,hts_rag_review_events,hts_rag_review_events_subject_created_idx,"CREATE INDEX hts_rag_review_events_subject_created_idx ON public.hts_rag_review_events USING btree (subject_type, subject_id, created_at DESC)",False,False,True,True,False,False,3,3,False,,8192,0,0,0,
plm,dcp_load_exception,dcp_load_exception_pkey,CREATE UNIQUE INDEX dcp_load_exception_pkey ON plm.dcp_load_exception USING btree (id),True,True,True,True,False,False,1,1,True,p,8192,0,0,0,
plm,dcp_crawl_gap,dcp_crawl_gap_pkey,CREATE UNIQUE INDEX dcp_crawl_gap_pkey ON plm.dcp_crawl_gap USING btree (id),True,True,True,True,False,False,1,1,True,p,8192,0,0,0,
plm,twentieth_century_dcp_style_guide,idx_twentieth_century_dcp_style_guide_region_year,"CREATE INDEX idx_twentieth_century_dcp_style_guide_region_year ON plm.twentieth_century_dcp_style_guide USING btree (region, year_segment)",False,False,True,True,False,False,2,2,False,,8192,0,0,0,
auth,saml_relay_states,saml_relay_states_pkey,CREATE UNIQUE INDEX saml_relay_states_pkey ON auth.saml_relay_states USING btree (id),True,True,True,True,False,False,1,1,True,p,8192,0,0,0,
dam,sku_style_guide_source,sku_style_guide_source_pkey,CREATE UNIQUE INDEX sku_style_guide_source_pkey ON dam.sku_style_guide_source USING btree (id),True,True,True,True,False,False,1,1,True,p,8192,0,0,0,
public,product_types,product_types_pkey,CREATE UNIQUE INDEX product_types_pkey ON public.product_types USING btree (id),True,True,True,True,False,False,1,1,True,f,8192,0,0,0,
plm,twentieth_century_dcp_metadata_run,idx_twentieth_century_dcp_metadata_run_source_crawl,CREATE INDEX idx_twentieth_century_dcp_metadata_run_source_crawl ON plm.twentieth_century_dcp_metadata_run USING btree (source_crawl_id),False,False,True,True,False,False,1,1,False,,8192,0,0,0,
dflow_prod,merchGroupRelations,idx_relations_parent,"CREATE INDEX idx_relations_parent ON dflow_prod.""merchGroupRelations"" USING btree (parent_mg_id)",False,False,True,True,False,False,1,1,False,,8192,0,0,0,
dflow_prod,art_piece_attachment,art_piece_attachment_company_code_fkey,CREATE INDEX art_piece_attachment_company_code_fkey ON dflow_prod.art_piece_attachment USING btree (company_code),False,False,True,True,False,False,1,1,False,,8192,0,0,0,
plm,sample,sample_pkey,CREATE UNIQUE INDEX sample_pkey ON plm.sample USING btree (sample_id_pk),True,True,True,True,False,False,1,1,True,f,8192,0,0,0,
dflow_prod,licensingMilestone,unique_item_stage,"CREATE UNIQUE INDEX unique_item_stage ON dflow_prod.""licensingMilestone"" USING btree (itemheader_id_fk, stage)",True,False,True,True,False,False,2,2,False,,8192,0,0,0,
dflow_prod,AuditLog,AuditLog_username_date_idx,"CREATE INDEX ""AuditLog_username_date_idx"" ON dflow_prod.""AuditLog"" USING btree (username, ""actionDate"" DESC, id DESC)",False,False,True,True,False,False,3,3,False,,8192,0,0,0,
dam,sku_style_guide_source,sku_style_guide_source_sku_ref_id_style_guide_file_id_key,"CREATE UNIQUE INDEX sku_style_guide_source_sku_ref_id_style_guide_file_id_key ON dam.sku_style_guide_source USING btree (sku_ref_id, style_guide_file_id) NULLS NOT DISTINCT",True,False,True,True,False,False,2,2,True,u,8192,0,0,0,
dflow_prod,art_piece,art_piece_divisioncode_id_fkey,CREATE INDEX art_piece_divisioncode_id_fkey ON dflow_prod.art_piece USING btree (divisioncode_id),False,False,True,True,False,False,1,1,False,,8192,0,0,0,
core,style_guide,style_guide_pkey,CREATE UNIQUE INDEX style_guide_pkey ON core.style_guide USING btree (id),True,True,True,True,False,False,1,1,True,f,8192,0,0,0,
plm,marvel_asgard_guide_opa_property_resolution,marvel_asgard_guide_one_confirmed_opa_idx,CREATE UNIQUE INDEX marvel_asgard_guide_one_confirmed_opa_idx ON plm.marvel_asgard_guide_opa_property_resolution USING btree (asgard_style_guide_id) WHERE (status = 'confirmed'::text),True,False,True,True,True,False,1,1,False,,8192,0,0,0,
plm,item,item_product_size_id_idx,CREATE INDEX item_product_size_id_idx ON plm.item USING btree (product_size_id) WHERE (product_size_id IS NOT NULL),False,False,True,True,True,False,1,1,False,,8192,0,0,0,
dflow_prod,art_piece,art_piece_created_by_fkey,CREATE INDEX art_piece_created_by_fkey ON dflow_prod.art_piece USING btree (created_by),False,False,True,True,False,False,1,1,False,,8192,0,0,0,
core,sku_ref,sku_ref_pkey,CREATE UNIQUE INDEX sku_ref_pkey ON core.sku_ref USING btree (id),True,True,True,True,False,False,1,1,True,f,8192,0,0,0,
dam,style_guide_file,style_guide_file_pkey,CREATE UNIQUE INDEX style_guide_file_pkey ON dam.style_guide_file USING btree (id),True,True,True,True,False,False,1,1,True,f,8192,0,0,0,
dam,erp_item_snapshot,erp_item_snapshot_pkey,CREATE UNIQUE INDEX erp_item_snapshot_pkey ON dam.erp_item_snapshot USING btree (id),True,True,True,True,False,False,1,1,True,p,8192,0,0,0,
plm,twentieth_century_dcp_load_exception,idx_twentieth_century_dcp_load_exception_reason_code,CREATE INDEX idx_twentieth_century_dcp_load_exception_reason_code ON plm.twentieth_century_dcp_load_exception USING btree (reason_code),False,False,True,True,False,False,1,1,False,,8192,0,0,0,
dflow_prod,productUserAssignment,productUserAssignment_user_idx,"CREATE INDEX ""productUserAssignment_user_idx"" ON dflow_prod.""productUserAssignment"" USING btree (user_id_fk)",False,False,True,True,False,False,1,1,False,,8192,0,0,0,
plm,twentieth_century_dcp_asset_tile_observation,idx_twentieth_century_dcp_asset_tile_obs_section,CREATE INDEX idx_twentieth_century_dcp_asset_tile_obs_section ON plm.twentieth_century_dcp_asset_tile_observation USING btree (crawl_section_id) WHERE (crawl_section_id IS NOT NULL),False,False,True,True,True,False,1,1,False,,8192,0,0,0,
plm,dcp_character,idx_dcp_character_core,CREATE INDEX idx_dcp_character_core ON plm.dcp_character USING btree (core_character_id) WHERE (core_character_id IS NOT NULL),False,False,True,True,True,False,1,1,False,,8192,0,0,0,
dam,erp_item_snapshot,erp_item_snapshot_source_system_source_id_key,"CREATE UNIQUE INDEX erp_item_snapshot_source_system_source_id_key ON dam.erp_item_snapshot USING btree (source_system, source_id) NULLS NOT DISTINCT",True,False,True,True,False,False,2,2,True,u,8192,0,0,0,
plm,sesame_asset_asset_type,sesame_asset_asset_type_value_idx,"CREATE INDEX sesame_asset_asset_type_value_idx ON plm.sesame_asset_asset_type USING btree (capture_id, field_generation, value_key)",False,False,True,True,False,False,3,3,False,,8192,0,0,0,
dflow,user_notification,user_notification_idempotency_key,CREATE UNIQUE INDEX user_notification_idempotency_key ON dflow.user_notification USING btree (idempotency_key) WHERE (idempotency_key IS NOT NULL),True,False,True,True,True,False,1,1,False,,8192,0,0,0,
public,product_subtypes,product_subtypes_pkey,CREATE UNIQUE INDEX product_subtypes_pkey ON public.product_subtypes USING btree (id),True,True,True,True,False,False,1,1,True,f,8192,0,0,0,
dam,production_order_snapshot,production_order_snapshot_pkey,CREATE UNIQUE INDEX production_order_snapshot_pkey ON dam.production_order_snapshot USING btree (id),True,True,True,True,False,False,1,1,True,p,8192,0,0,0,
plm,sample_comments,sample_comments_pkey,CREATE UNIQUE INDEX sample_comments_pkey ON plm.sample_comments USING btree (id),True,True,True,True,False,False,1,1,True,p,8192,0,0,0,
plm,twentieth_century_dcp_asset_crawl,idx_twentieth_century_dcp_asset_crawl_asset,CREATE INDEX idx_twentieth_century_dcp_asset_crawl_asset ON plm.twentieth_century_dcp_asset_crawl USING btree (twentieth_century_dcp_asset_id),False,False,True,True,False,False,1,1,False,,8192,0,0,0,
dflow_prod,artists,artists_created_by_fkey,CREATE INDEX artists_created_by_fkey ON dflow_prod.artists USING btree (created_by),False,False,True,True,False,False,1,1,False,,8192,0,0,0,
dflow_prod,product_category,product_category_created_by_fkey,CREATE INDEX product_category_created_by_fkey ON dflow_prod.product_category USING btree (created_by),False,False,True,True,False,False,1,1,False,,8192,0,0,0,
pim,design_asset,design_asset_pkey,CREATE UNIQUE INDEX design_asset_pkey ON pim.design_asset USING btree (id),True,True,True,True,False,False,1,1,True,p,8192,0,0,0,
dflow,UDFQuery,UDFQuery_pkey,"CREATE UNIQUE INDEX ""UDFQuery_pkey"" ON dflow.""UDFQuery"" USING btree (""UDFQuery_column_name"")",True,True,True,True,False,False,1,1,True,p,8192,0,0,0,
dam,production_order_snapshot,production_order_snapshot_source_system_source_id_key,"CREATE UNIQUE INDEX production_order_snapshot_source_system_source_id_key ON dam.production_order_snapshot USING btree (source_system, source_id) NULLS NOT DISTINCT",True,False,True,True,False,False,2,2,True,u,8192,0,0,0,
plm,marvel_dcp_load_exception,idx_marvel_dcp_load_exception_open,CREATE INDEX idx_marvel_dcp_load_exception_open ON plm.marvel_dcp_load_exception USING btree (crawl_id) WHERE ((resolved_at IS NULL) AND (severity = 'rejected'::text)),False,False,True,True,True,False,1,1,False,,8192,0,0,0,
dflow_prod,AuditLog,AuditLog_date_idx,"CREATE INDEX ""AuditLog_date_idx"" ON dflow_prod.""AuditLog"" USING btree (""actionDate"" DESC, id DESC)",False,False,True,True,False,False,2,2,False,,8192,0,0,0,
core,style_guide,idx_style_guide_property,CREATE INDEX idx_style_guide_property ON core.style_guide USING btree (property_id) WHERE (property_id IS NOT NULL),False,False,True,True,True,False,1,1,False,,8192,0,0,0,
dflow_prod,art_types,art_types_created_by_fkey,CREATE INDEX art_types_created_by_fkey ON dflow_prod.art_types USING btree (created_by),False,False,True,True,False,False,1,1,False,,8192,0,0,0,
pim,design_collection,design_collection_pkey,CREATE UNIQUE INDEX design_collection_pkey ON pim.design_collection USING btree (id),True,True,True,True,False,False,1,1,True,p,8192,0,0,0,
plm,sample_box,sample_box_pkey,CREATE UNIQUE INDEX sample_box_pkey ON plm.sample_box USING btree (box_id_pk),True,True,True,True,False,False,1,1,True,p,8192,0,0,0,
dflow_prod,RFQItem,idx_rfqitem_choosen_vendor,"CREATE INDEX idx_rfqitem_choosen_vendor ON dflow_prod.""RFQItem"" USING btree (""rfqItem_choosen_vendor"")",False,False,True,True,False,False,1,1,False,,8192,0,0,0,
plm,itemType,itemType_status_idx,"CREATE INDEX ""itemType_status_idx"" ON plm.""itemType"" USING btree (item_type_status)",False,False,True,True,False,False,1,1,False,,8192,0,0,0,
dflow_prod,GridLayout,RFQLayout_pkey,"CREATE UNIQUE INDEX ""RFQLayout_pkey"" ON dflow_prod.""GridLayout"" USING btree (id)",True,True,True,True,False,False,1,1,True,p,8192,0,0,0,
dflow_prod,vendorGroup,vendorGroup_pkey,"CREATE UNIQUE INDEX ""vendorGroup_pkey"" ON dflow_prod.""vendorGroup"" USING btree (id)",True,True,True,True,False,False,1,1,True,p,8192,0,0,0,
plm,taxonomy_circuit_breaker_event,plm_taxonomy_circuit_breaker_event_lane_idx,"CREATE INDEX plm_taxonomy_circuit_breaker_event_lane_idx ON plm.taxonomy_circuit_breaker_event USING btree (lane, occurred_at DESC)",False,False,True,True,False,False,2,2,False,,8192,0,0,0,
pim,design_collection,design_collection_external_source_external_id_key,"CREATE UNIQUE INDEX design_collection_external_source_external_id_key ON pim.design_collection USING btree (external_source, external_id) NULLS NOT DISTINCT",True,False,True,True,False,False,2,2,True,u,8192,0,0,0,
plm,marvel_dcp_property,idx_marvel_dcp_property_core,CREATE INDEX idx_marvel_dcp_property_core ON plm.marvel_dcp_property USING btree (core_property_id) WHERE (core_property_id IS NOT NULL),False,False,True,True,True,False,1,1,False,,8192,0,0,0,
dflow_prod,auth_token,signUpToken_pkey,"CREATE UNIQUE INDEX ""signUpToken_pkey"" ON dflow_prod.auth_token USING btree (id)",True,True,True,True,False,False,1,1,True,p,8192,0,0,0,
pim,design_asset,design_asset_design_id_asset_id_link_type_key,"CREATE UNIQUE INDEX design_asset_design_id_asset_id_link_type_key ON pim.design_asset USING btree (design_id, asset_id, link_type)",True,False,True,True,False,False,3,3,True,u,8192,0,0,0,
plm,sample,sample_pkey,CREATE UNIQUE INDEX sample_pkey ON plm.sample USING btree (sample_id_pk),True,True,True,True,False,False,1,1,True,f,8192,0,0,0,
core,property_alias,property_alias_property_idx,CREATE INDEX property_alias_property_idx ON core.property_alias USING btree (property_id),False,False,True,True,False,False,1,1,False,,8192,0,0,0,
public,hygiene_findings,idx_hygiene_findings_check_type,CREATE INDEX idx_hygiene_findings_check_type ON public.hygiene_findings USING btree (check_type),False,False,True,True,False,False,1,1,False,,8192,0,0,0,
plm,productUserAssignment,productUserAssignment_user_idx,"CREATE INDEX ""productUserAssignment_user_idx"" ON plm.""productUserAssignment"" USING btree (user_id_fk)",False,False,True,True,False,False,1,1,False,,8192,0,0,0,
plm,nbcu_asset_character,idx_nbcu_asset_character_character,"CREATE INDEX idx_nbcu_asset_character_character ON plm.nbcu_asset_character USING btree (capture_id, character_key)",False,False,True,True,False,False,2,2,False,,8192,0,0,0,
plm,marvel_asgard_guide_node,marvel_asgard_node_source_key_uidx,"CREATE UNIQUE INDEX marvel_asgard_node_source_key_uidx ON plm.marvel_asgard_guide_node USING btree (style_guide_id, source_node_key) WHERE (source_node_key IS NOT NULL)",True,False,True,True,True,False,2,2,False,,8192,0,0,0,
public,prod_order_headers_current,prod_order_headers_current_external_id_key,CREATE UNIQUE INDEX prod_order_headers_current_external_id_key ON public.prod_order_headers_current USING btree (external_id),True,False,True,True,False,False,1,1,True,u,8192,0,0,0,
dflow_prod,sample_shipment_item,sample_shipment_item_pkey,CREATE UNIQUE INDEX sample_shipment_item_pkey ON dflow_prod.sample_shipment_item USING btree (shipment_item_id_pk),True,True,True,True,False,False,1,1,True,p,8192,0,0,0,
dflow_prod,sample,sample_pkey,CREATE UNIQUE INDEX sample_pkey ON dflow_prod.sample USING btree (sample_id_pk),True,True,True,True,False,False,1,1,True,p,8192,0,0,0,
dflow_prod,sample_factory_group,sample_factory_group_pkey,CREATE UNIQUE INDEX sample_factory_group_pkey ON dflow_prod.sample_factory_group USING btree (factory_group_id_pk),True,True,True,True,False,False,1,1,True,p,8192,0,0,0,
dflow_prod,artists,artists_art_source_id_fkey,CREATE INDEX artists_art_source_id_fkey ON dflow_prod.artists USING btree (art_source_id),False,False,True,True,False,False,1,1,False,,8192,0,0,0,
core,product_material,idx_product_material_type,CREATE INDEX idx_product_material_type ON core.product_material USING btree (product_type_id) WHERE (product_type_id IS NOT NULL),False,False,True,True,True,False,1,1,False,,8192,0,0,0,
plm,sesame_style_guide,sesame_style_guide_family_idx,"CREATE INDEX sesame_style_guide_family_idx ON plm.sesame_style_guide USING btree (capture_id, guide_family) WHERE (guide_family IS NOT NULL)",False,False,True,True,True,False,2,2,False,,8192,0,0,0,
public,prod_order_headers_current,prod_order_headers_current_pkey,CREATE UNIQUE INDEX prod_order_headers_current_pkey ON public.prod_order_headers_current USING btree (id),True,True,True,True,False,False,1,1,True,p,8192,0,0,0,
dflow_prod,sample_event,idx_sample_event_sample_id_fk,CREATE INDEX idx_sample_event_sample_id_fk ON dflow_prod.sample_event USING btree (sample_id_fk),False,False,True,True,False,False,1,1,False,,8192,0,0,0,
plm,taxonomy_parallel_observation,plm_taxonomy_parallel_observation_pass_idx,"CREATE INDEX plm_taxonomy_parallel_observation_pass_idx ON plm.taxonomy_parallel_observation USING btree (pass, observation_date DESC) WHERE (is_drill = false)",False,False,True,True,True,False,2,2,False,,8192,0,0,0,
plm,twentieth_century_dcp_metadata_asset,twentieth_century_dcp_metadata_asset_success_key,"CREATE UNIQUE INDEX twentieth_century_dcp_metadata_asset_success_key ON plm.twentieth_century_dcp_metadata_asset USING btree (metadata_run_id, twentieth_century_dcp_asset_id, fetch_status)",True,False,True,True,False,False,3,3,True,f,8192,0,0,0,
dflow_prod,sample_event,sample_event_pkey,CREATE UNIQUE INDEX sample_event_pkey ON dflow_prod.sample_event USING btree (event_id_pk),True,True,True,True,False,False,1,1,True,p,8192,0,0,0,
public,prod_order_headers_raw,prod_order_headers_raw_pkey,CREATE UNIQUE INDEX prod_order_headers_raw_pkey ON public.prod_order_headers_raw USING btree (id),True,True,True,True,False,False,1,1,True,p,8192,0,0,0,
plm,sample_attachment,sample_attachment_pkey,CREATE UNIQUE INDEX sample_attachment_pkey ON plm.sample_attachment USING btree (sample_attachment_id),True,True,True,True,False,False,1,1,True,p,8192,0,0,0,
plm,sample,sample_pkey,CREATE UNIQUE INDEX sample_pkey ON plm.sample USING btree (sample_id_pk),True,True,True,True,False,False,1,1,True,p,8192,0,0,0,
dflow_prod,sample_comments,sample_comments_pkey,CREATE UNIQUE INDEX sample_comments_pkey ON dflow_prod.sample_comments USING btree (id),True,True,True,True,False,False,1,1,True,p,8192,0,0,0,
plm,pmt_property_capture_log,idx_pmt_pcl_incomplete,CREATE INDEX idx_pmt_pcl_incomplete ON plm.pmt_property_capture_log USING btree (capture_id) WHERE (complete = false),False,False,True,True,True,False,1,1,False,,8192,0,0,0,
plm,sample_factory_group,sample_factory_group_pkey,CREATE UNIQUE INDEX sample_factory_group_pkey ON plm.sample_factory_group USING btree (factory_group_id_pk),True,True,True,True,False,False,1,1,True,f,8192,0,0,0,
dflow_prod,sample_box,sample_box_pkey,CREATE UNIQUE INDEX sample_box_pkey ON dflow_prod.sample_box USING btree (box_id_pk),True,True,True,True,False,False,1,1,True,p,8192,0,0,0,
dflow_prod,sample_attachment,sample_attachment_pkey,CREATE UNIQUE INDEX sample_attachment_pkey ON dflow_prod.sample_attachment USING btree (sample_attachment_id),True,True,True,True,False,False,1,1,True,p,8192,0,0,0,
public,prod_order_sync_runs,prod_order_sync_runs_pkey,CREATE UNIQUE INDEX prod_order_sync_runs_pkey ON public.prod_order_sync_runs USING btree (id),True,True,True,True,False,False,1,1,True,p,8192,0,0,0,
plm,twentieth_century_dcp_metadata_load_exception,idx_twentieth_century_dcp_metadata_load_exception_reason_code,CREATE INDEX idx_twentieth_century_dcp_metadata_load_exception_reason_code ON plm.twentieth_century_dcp_metadata_load_exception USING btree (reason_code),False,False,True,True,False,False,1,1,False,,8192,0,0,0,
dflow_prod,property_character_associations,property_character_associations_pkey,"CREATE UNIQUE INDEX property_character_associations_pkey ON dflow_prod.property_character_associations USING btree (property_id, character_id, licensor_id)",True,True,True,True,False,False,3,3,True,p,8192,0,0,0,
pim,product_assignee,pim_product_assignee_product_id_idx,CREATE INDEX pim_product_assignee_product_id_idx ON pim.product_assignee USING btree (product_id),False,False,True,True,False,False,1,1,False,,8192,2,0,0,2026-09-03 16:02:40.060921-04
auth,sso_providers,sso_providers_pkey,CREATE UNIQUE INDEX sso_providers_pkey ON auth.sso_providers USING btree (id),True,True,True,True,False,False,1,1,True,f,8192,0,0,0,
dflow_prod,dflow_prod.properties_and_characters,idx_properties_licensor_id,CREATE INDEX idx_properties_licensor_id ON dflow_prod.properties_and_characters USING btree (licensor_id),False,False,True,True,False,False,1,1,False,,8192,0,0,0,
dflow_prod,dflow_prod.properties_and_characters,properties_and_characters_pkey,CREATE UNIQUE INDEX properties_and_characters_pkey ON dflow_prod.properties_and_characters USING btree (id),True,True,True,True,False,False,1,1,True,p,8192,0,0,0,
dflow_prod,product_category,product_category_pkey,CREATE UNIQUE INDEX product_category_pkey ON dflow_prod.product_category USING btree (id),True,True,True,True,False,False,1,1,True,p,8192,0,0,0,
dflow_prod,productUserAssignment,productUserAssignment_pkey,"CREATE UNIQUE INDEX ""productUserAssignment_pkey"" ON dflow_prod.""productUserAssignment"" USING btree (id)",True,True,True,True,False,False,1,1,True,p,8192,0,0,0,
public,hygiene_findings,idx_hygiene_findings_asset_id,CREATE INDEX idx_hygiene_findings_asset_id ON public.hygiene_findings USING btree (asset_id),False,False,True,True,False,False,1,1,False,,8192,0,0,0,
dflow_prod,grid_cell_notes,grid_cell_notes_grid_type_idx,CREATE INDEX grid_cell_notes_grid_type_idx ON dflow_prod.grid_cell_notes USING btree (grid_type),False,False,True,True,False,False,1,1,False,,8192,0,0,0,
public,prod_order_headers_current,idx_prod_order_headers_current_prod_order_number,CREATE INDEX idx_prod_order_headers_current_prod_order_number ON public.prod_order_headers_current USING btree (prod_order_number),False,False,True,True,False,False,1,1,False,,8192,0,0,0,
dflow_prod,sample,idx_sample_box_id_fk,CREATE INDEX idx_sample_box_id_fk ON dflow_prod.sample USING btree (box_id_fk),False,False,True,True,False,False,1,1,False,,8192,0,0,0,
plm,sesame_style_guide,sesame_style_guide_value_idx,"CREATE INDEX sesame_style_guide_value_idx ON plm.sesame_style_guide USING btree (capture_id, value_key)",False,False,True,True,False,False,2,2,False,,8192,0,0,0,
dflow_prod,RFQItem,RFQItem_pkey,"CREATE UNIQUE INDEX ""RFQItem_pkey"" ON dflow_prod.""RFQItem"" USING btree (""rfqItem_id"")",True,True,True,True,False,False,1,1,True,p,8192,0,0,0,
plm,twentieth_century_dcp_character,twentieth_century_dcp_character_pkey,CREATE UNIQUE INDEX twentieth_century_dcp_character_pkey ON plm.twentieth_century_dcp_character USING btree (id),True,True,True,True,False,False,1,1,True,f,8192,0,0,0,
plm,twentieth_century_dcp_asset_character_observation,idx_twentieth_century_dcp_asset_character_obs_run,CREATE INDEX idx_twentieth_century_dcp_asset_character_obs_run ON plm.twentieth_century_dcp_asset_character_observation USING btree (metadata_run_id),False,False,True,True,False,False,1,1,False,,8192,0,0,0,
auth,saml_providers,saml_providers_entity_id_key,CREATE UNIQUE INDEX saml_providers_entity_id_key ON auth.saml_providers USING btree (entity_id),True,False,True,True,False,False,1,1,True,u,8192,0,0,0,
core,character,character_name_idx,"CREATE INDEX character_name_idx ON core.""character"" USING btree (name)",False,False,True,True,False,False,1,1,False,,8192,0,0,0,
plm,dcp_load_exception,idx_dcp_load_exception_open,CREATE INDEX idx_dcp_load_exception_open ON plm.dcp_load_exception USING btree (crawl_id) WHERE ((resolved_at IS NULL) AND (severity = 'rejected'::text)),False,False,True,True,True,False,1,1,False,,8192,0,0,0,
plm,sample_box,sample_box_pkey,CREATE UNIQUE INDEX sample_box_pkey ON plm.sample_box USING btree (box_id_pk),True,True,True,True,False,False,1,1,True,f,8192,0,0,0,
plm,twentieth_century_dcp_asset_character_observation,twentieth_century_dcp_asset_character_obs_pkey,"CREATE UNIQUE INDEX twentieth_century_dcp_asset_character_obs_pkey ON plm.twentieth_century_dcp_asset_character_observation USING btree (metadata_run_id, twentieth_century_dcp_asset_id, twentieth_century_dcp_character_id)",True,True,True,True,False,False,3,3,True,p,8192,0,0,0,
dflow_prod,artist_types,artist_types_updated_by_fkey,CREATE INDEX artist_types_updated_by_fkey ON dflow_prod.artist_types USING btree (updated_by),False,False,True,True,False,False,1,1,False,,8192,0,0,0,
auth,saml_providers,saml_providers_pkey,CREATE UNIQUE INDEX saml_providers_pkey ON auth.saml_providers USING btree (id),True,True,True,True,False,False,1,1,True,p,8192,0,0,0,
plm,twentieth_century_dcp_metadata_asset,twentieth_century_dcp_metadata_asset_success_key,"CREATE UNIQUE INDEX twentieth_century_dcp_metadata_asset_success_key ON plm.twentieth_century_dcp_metadata_asset USING btree (metadata_run_id, twentieth_century_dcp_asset_id, fetch_status)",True,False,True,True,False,False,3,3,True,f,8192,0,0,0,
plm,wb_franchise,uq_wb_franchise_fallback,"CREATE UNIQUE INDEX uq_wb_franchise_fallback ON plm.wb_franchise USING btree (source_namespace, fallback_key) WHERE (source_id IS NULL)",True,False,True,True,True,False,2,2,False,,8192,0,0,0,
plm,twentieth_century_dcp_property,twentieth_century_dcp_property_pkey,CREATE UNIQUE INDEX twentieth_century_dcp_property_pkey ON plm.twentieth_century_dcp_property USING btree (id),True,True,True,True,False,False,1,1,True,f,8192,0,0,0,
crm,licensor_approval_thread,licensor_approval_thread_pkey,CREATE UNIQUE INDEX licensor_approval_thread_pkey ON crm.licensor_approval_thread USING btree (id),True,True,True,True,False,False,1,1,True,p,8192,0,0,0,
plm,RFQItemDivision,RFQItemLicense_pkey,"CREATE UNIQUE INDEX ""RFQItemLicense_pkey"" ON plm.""RFQItemDivision"" USING btree (""RFQItemDivision_id"")",True,True,True,True,False,False,1,1,True,p,8192,0,0,0,
auth,sso_providers,sso_providers_pkey,CREATE UNIQUE INDEX sso_providers_pkey ON auth.sso_providers USING btree (id),True,True,True,True,False,False,1,1,True,f,8192,0,0,0,
public,prod_order_sync_runs,prod_order_sync_runs_pkey,CREATE UNIQUE INDEX prod_order_sync_runs_pkey ON public.prod_order_sync_runs USING btree (id),True,True,True,True,False,False,1,1,True,f,8192,0,0,0,
auth,sso_providers,sso_providers_resource_id_pattern_idx,CREATE INDEX sso_providers_resource_id_pattern_idx ON auth.sso_providers USING btree (resource_id text_pattern_ops),False,False,True,True,False,False,1,1,False,,8192,0,0,0,
pim,design,design_pkey,CREATE UNIQUE INDEX design_pkey ON pim.design USING btree (id),True,True,True,True,False,False,1,1,True,f,8192,0,0,0,
dflow_prod,property_character_associations,idx_property_character_associations_licensor_id,CREATE INDEX idx_property_character_associations_licensor_id ON dflow_prod.property_character_associations USING btree (licensor_id),False,False,True,True,False,False,1,1,False,,8192,0,0,0,
dflow_prod,RFQItemStatus,RFQItemStatus_pkey,"CREATE UNIQUE INDEX ""RFQItemStatus_pkey"" ON dflow_prod.""RFQItemStatus"" USING btree (""RFQItemStatus_id"")",True,True,True,True,False,False,1,1,True,p,8192,0,0,0,
plm,twentieth_century_dcp_asset_property_observation,twentieth_century_dcp_asset_property_obs_pkey,"CREATE UNIQUE INDEX twentieth_century_dcp_asset_property_obs_pkey ON plm.twentieth_century_dcp_asset_property_observation USING btree (metadata_run_id, twentieth_century_dcp_asset_id, twentieth_century_dcp_property_id)",True,True,True,True,False,False,3,3,True,p,8192,0,0,0,
public,erp_enrichment_log,idx_eel_run_id,CREATE INDEX idx_eel_run_id ON public.erp_enrichment_log USING btree (run_id),False,False,True,True,False,False,1,1,False,,8192,0,0,0,
plm,item_character_associations,idx_item_character_associations_character_id,CREATE INDEX idx_item_character_associations_character_id ON plm.item_character_associations USING btree (character_id),False,False,True,True,False,False,1,1,False,,8192,0,0,0,
public,hts_rag_provider_responses,hts_rag_provider_responses_determination_idx,"CREATE INDEX hts_rag_provider_responses_determination_idx ON public.hts_rag_provider_responses USING btree (determination_id, turn_index) WHERE (determination_id IS NOT NULL)",False,False,True,True,True,False,2,2,False,,8192,0,0,0,
public,prod_order_sync_runs,prod_order_sync_runs_pkey,CREATE UNIQUE INDEX prod_order_sync_runs_pkey ON public.prod_order_sync_runs USING btree (id),True,True,True,True,False,False,1,1,True,f,8192,0,0,0,
core,style_guide,idx_style_guide_status_name,"CREATE INDEX idx_style_guide_status_name ON core.style_guide USING btree (status, name)",False,False,True,True,False,False,2,2,False,,8192,0,0,0,
plm,twentieth_century_dcp_metadata_run,twentieth_century_dcp_metadata_run_pkey,CREATE UNIQUE INDEX twentieth_century_dcp_metadata_run_pkey ON plm.twentieth_century_dcp_metadata_run USING btree (metadata_run_id),True,True,True,True,False,False,1,1,True,f,8192,0,0,0,
plm,productUserAssignment,productUserAssignment_pkey,"CREATE UNIQUE INDEX ""productUserAssignment_pkey"" ON plm.""productUserAssignment"" USING btree (id)",True,True,True,True,False,False,1,1,True,p,8192,0,0,0,
public,hts_rag_determinations,hts_rag_determinations_family_created_idx,"CREATE INDEX hts_rag_determinations_family_created_idx ON public.hts_rag_determinations USING btree (product_example_id, created_at DESC)",False,False,True,True,False,False,2,2,False,,8192,0,0,0,
public,tiff_optimization_queue,tiff_optimization_queue_claimed_by_idx,CREATE INDEX tiff_optimization_queue_claimed_by_idx ON public.tiff_optimization_queue USING btree (claimed_by) WHERE (claimed_by IS NOT NULL),False,False,True,True,True,False,1,1,False,,8192,0,0,0,
plm,wwe_character_evidence,idx_wwe_character_evidence_asset,"CREATE INDEX idx_wwe_character_evidence_asset ON plm.wwe_character_evidence USING btree (capture_id, asset_source_id) WHERE (asset_source_id IS NOT NULL)",False,False,True,True,True,False,2,2,False,,8192,0,0,0,
dflow_prod,quote_auth_token,quote_auth_token_pkey,CREATE UNIQUE INDEX quote_auth_token_pkey ON dflow_prod.quote_auth_token USING btree (id),True,False,True,True,False,False,1,1,False,,8192,0,0,0,
dam,asset,dam_asset_sku_idx,CREATE INDEX dam_asset_sku_idx ON dam.asset USING btree (sku),False,False,True,True,False,False,1,1,False,,8192,0,0,0,
plm,nbcu_property,idx_nbcu_property_core_property,CREATE INDEX idx_nbcu_property_core_property ON plm.nbcu_property USING btree (core_property_id) WHERE (core_property_id IS NOT NULL),False,False,True,True,True,False,1,1,False,,8192,2,0,0,2026-09-03 15:30:48.929029-04
auth,users,confirmation_token_idx,CREATE UNIQUE INDEX confirmation_token_idx ON auth.users USING btree (confirmation_token) WHERE ((confirmation_token)::text !~ '^[0-9 ]*$'::text),True,False,True,True,True,False,1,1,False,,8192,0,0,0,
dflow_prod,merchGroup,merchGroup_pkey,"CREATE UNIQUE INDEX ""merchGroup_pkey"" ON dflow_prod.""merchGroup"" USING btree (mg_id)",True,True,True,True,False,False,1,1,True,p,8192,0,0,0,
plm,art_piece_item,plm_art_piece_item_art_piece_idx,CREATE INDEX plm_art_piece_item_art_piece_idx ON plm.art_piece_item USING btree (art_piece_id),False,False,True,True,False,False,1,1,False,,8192,0,0,0,
crm,opportunity,opportunity_pkey,CREATE UNIQUE INDEX opportunity_pkey ON crm.opportunity USING btree (id),True,True,True,True,False,False,1,1,True,f,8192,0,0,0,
plm,sesame_asset_art_style,sesame_asset_art_style_value_idx,"CREATE INDEX sesame_asset_art_style_value_idx ON plm.sesame_asset_art_style USING btree (capture_id, field_generation, value_key)",False,False,True,True,False,False,3,3,False,,8192,0,0,0,
pim,design_collection,design_collection_pkey,CREATE UNIQUE INDEX design_collection_pkey ON pim.design_collection USING btree (id),True,True,True,True,False,False,1,1,True,f,8192,0,0,0,
dflow_prod,StandardizedVersion,StandardizedVersion_pkey,"CREATE UNIQUE INDEX ""StandardizedVersion_pkey"" ON dflow_prod.""StandardizedVersion"" USING btree (id)",True,True,True,True,False,False,1,1,True,p,8192,0,0,0,
plm,nbcu_style_guide,idx_nbcu_style_guide_core_style_guide,CREATE INDEX idx_nbcu_style_guide_core_style_guide ON plm.nbcu_style_guide USING btree (core_style_guide_id) WHERE (core_style_guide_id IS NOT NULL),False,False,True,True,True,False,1,1,False,,8192,0,0,0,
public,erp_items_current,idx_erp_items_current_dismissed,CREATE INDEX idx_erp_items_current_dismissed ON public.erp_items_current USING btree (dismissed) WHERE (dismissed = true),False,False,True,True,True,False,1,1,False,,8192,0,0,0,
plm,customer_import,plm_customer_import_company_logo_recent_idx,"CREATE INDEX plm_customer_import_company_logo_recent_idx ON plm.customer_import USING btree (company_id, updated_at DESC, imported_at DESC) WHERE (NULLIF(logo_url, ''::text) IS NOT NULL)",False,False,True,True,True,False,3,3,False,,8192,1652,0,0,2026-09-03 16:03:25.227351-04
dflow_prod,itemLicenseImage,idx_itemLicenseImage_item,"CREATE INDEX ""idx_itemLicenseImage_item"" ON dflow_prod.""itemLicenseImage"" USING btree (itemheader_id_fk)",False,False,True,True,False,False,1,1,False,,8192,0,0,0,
dflow_prod,art_piece,fki_art_piece_artist_id_fkey,CREATE INDEX fki_art_piece_artist_id_fkey ON dflow_prod.art_piece USING btree (artist_id),False,False,True,True,False,False,1,1,False,,8192,0,0,0,
dflow_prod,art_types,art_types_updated_by_fkey,CREATE INDEX art_types_updated_by_fkey ON dflow_prod.art_types USING btree (updated_by),False,False,True,True,False,False,1,1,False,,8192,0,0,0,
pim,design,design_pkey,CREATE UNIQUE INDEX design_pkey ON pim.design USING btree (id),True,True,True,True,False,False,1,1,True,p,8192,0,0,0,
plm,art_piece_item,plm_art_piece_item_sku_idx,"CREATE INDEX plm_art_piece_item_sku_idx ON plm.art_piece_item USING btree (normalized_sku) WHERE (NULLIF(normalized_sku, ''::text) IS NOT NULL)",False,False,True,True,True,False,1,1,False,,8192,0,0,0,
plm,taxonomy_parallel_observation,plm_taxonomy_parallel_observation_observed_idx,CREATE INDEX plm_taxonomy_parallel_observation_observed_idx ON plm.taxonomy_parallel_observation USING btree (observed_at DESC),False,False,True,True,False,False,1,1,False,,8192,0,0,0,
pim,design,design_external_source_external_id_key,"CREATE UNIQUE INDEX design_external_source_external_id_key ON pim.design USING btree (external_source, external_id) NULLS NOT DISTINCT",True,False,True,True,False,False,2,2,True,u,8192,0,0,0,
auth,webauthn_challenges,webauthn_challenges_pkey,CREATE UNIQUE INDEX webauthn_challenges_pkey ON auth.webauthn_challenges USING btree (id),True,True,True,True,False,False,1,1,True,p,8192,0,0,0,
plm,marvel_asgard_style_guide,marvel_asgard_guide_source_key_uidx,CREATE UNIQUE INDEX marvel_asgard_guide_source_key_uidx ON plm.marvel_asgard_style_guide USING btree (source_guide_key) WHERE (source_guide_key IS NOT NULL),True,False,True,True,True,False,1,1,False,,8192,0,0,0,
plm,sesame_asset_character,sesame_asset_character_value_idx,"CREATE INDEX sesame_asset_character_value_idx ON plm.sesame_asset_character USING btree (capture_id, field_generation, value_key)",False,False,True,True,False,False,3,3,False,,8192,0,0,0,
plm,twentieth_century_dcp_metadata_run,idx_twentieth_century_dcp_metadata_run_status,CREATE INDEX idx_twentieth_century_dcp_metadata_run_status ON plm.twentieth_century_dcp_metadata_run USING btree (status),False,False,True,True,False,False,1,1,False,,8192,0,0,0,
auth,webauthn_credentials,webauthn_credentials_pkey,CREATE UNIQUE INDEX webauthn_credentials_pkey ON auth.webauthn_credentials USING btree (id),True,True,True,True,False,False,1,1,True,p,8192,0,0,0,
plm,twentieth_century_dcp_style_guide,idx_twentieth_century_dcp_style_guide_folder_name,CREATE INDEX idx_twentieth_century_dcp_style_guide_folder_name ON plm.twentieth_century_dcp_style_guide USING btree (folder_name),False,False,True,True,False,False,1,1,False,,8192,0,0,0,
dflow_prod,merchGroupRelations,merchGroupRelations_pkey,"CREATE UNIQUE INDEX ""merchGroupRelations_pkey"" ON dflow_prod.""merchGroupRelations"" USING btree (id)",True,True,True,True,False,False,1,1,True,p,8192,0,0,0,
plm,item_taxonomy_disagreement,item_taxonomy_disagreement_status_idx,"CREATE INDEX item_taxonomy_disagreement_status_idx ON plm.item_taxonomy_disagreement USING btree (status, division_code)",False,False,True,True,False,False,2,2,False,,8192,0,0,0,
plm,ProdShipmentTransitTime,ProdShipmentTransitTime_pkey,"CREATE UNIQUE INDEX ""ProdShipmentTransitTime_pkey"" ON plm.""ProdShipmentTransitTime"" USING btree (id)",True,True,True,True,False,False,1,1,True,p,8192,0,0,0,
plm,lucasfilm_dcp_metadata_load_exception,idx_lucasfilm_dcp_metadata_load_exception_reason_code,CREATE INDEX idx_lucasfilm_dcp_metadata_load_exception_reason_code ON plm.lucasfilm_dcp_metadata_load_exception USING btree (reason_code),False,False,True,True,False,False,1,1,False,,8192,0,0,0,
auth,webauthn_challenges,webauthn_challenges_expires_at_idx,CREATE INDEX webauthn_challenges_expires_at_idx ON auth.webauthn_challenges USING btree (expires_at),False,False,True,True,False,False,1,1,False,,8192,0,0,0,
dflow_prod,merchGroupMaster,merchGroupMaster_pkey,"CREATE UNIQUE INDEX ""merchGroupMaster_pkey"" ON dflow_prod.""merchGroupMaster"" USING btree (mg_id)",True,True,True,True,False,False,1,1,True,p,8192,0,0,0,
dflow_prod,merchGroupHeaders,merchGroupHeaders_pkey,"CREATE UNIQUE INDEX ""merchGroupHeaders_pkey"" ON dflow_prod.""merchGroupHeaders"" USING btree (id)",True,True,True,True,False,False,1,1,True,p,8192,0,0,0,
public,processing_queue,idx_processing_queue_status,CREATE INDEX idx_processing_queue_status ON public.processing_queue USING btree (status),False,False,True,True,False,False,1,1,False,,8192,0,0,0,
plm,OrderLeadTime,OrderLeadTime_pkey,"CREATE UNIQUE INDEX ""OrderLeadTime_pkey"" ON plm.""OrderLeadTime"" USING btree (order_id)",True,True,True,True,False,False,1,1,True,p,8192,0,0,0,
plm,twentieth_century_dcp_crawl_section,idx_twentieth_century_dcp_crawl_section_crawl,"CREATE INDEX idx_twentieth_century_dcp_crawl_section_crawl ON plm.twentieth_century_dcp_crawl_section USING btree (crawl_id, status)",False,False,True,True,False,False,2,2,False,,8192,0,0,0,
auth,saml_relay_states,saml_relay_states_created_at_idx,CREATE INDEX saml_relay_states_created_at_idx ON auth.saml_relay_states USING btree (created_at DESC),False,False,True,True,False,False,1,1,False,,8192,0,0,0,
dflow_prod,licensingStatus,licensingStatus_pkey,"CREATE UNIQUE INDEX ""licensingStatus_pkey"" ON dflow_prod.""licensingStatus"" USING btree (id)",True,True,True,True,False,False,1,1,True,p,8192,0,0,0,
dflow_archive,AuditLog,AuditLog_user_date_idx,"CREATE INDEX ""AuditLog_user_date_idx"" ON dflow_archive.""AuditLog"" USING btree (user_id_fk, ""actionDate"" DESC, id DESC)",False,False,True,True,False,False,3,3,False,,8192,0,0,0,
plm,coldlion_promotion_audit,plm_coldlion_promotion_audit_applied_idx,CREATE INDEX plm_coldlion_promotion_audit_applied_idx ON plm.coldlion_promotion_audit USING btree (decided_at DESC) WHERE (decision = 'applied'::text),False,False,True,True,True,False,1,1,False,,8192,0,0,0,
dflow_prod,licensingMilestone,licensingMilestone_pkey,"CREATE UNIQUE INDEX ""licensingMilestone_pkey"" ON dflow_prod.""licensingMilestone"" USING btree (id)",True,True,True,True,False,False,1,1,True,p,8192,0,0,0,
dflow_prod,licensingFeedbackReply,licensingFeedbackReply_pkey,"CREATE UNIQUE INDEX ""licensingFeedbackReply_pkey"" ON dflow_prod.""licensingFeedbackReply"" USING btree (id)",True,True,True,True,False,False,1,1,True,p,8192,0,0,0,
auth,sso_domains,sso_domains_sso_provider_id_idx,CREATE INDEX sso_domains_sso_provider_id_idx ON auth.sso_domains USING btree (sso_provider_id),False,False,True,True,False,False,1,1,False,,8192,0,0,0,
dflow_prod,AuditLog,AuditLog_record_date_idx,"CREATE INDEX ""AuditLog_record_date_idx"" ON dflow_prod.""AuditLog"" USING btree (""moduleName"", ref_id_fk, ""actionDate"" DESC, id DESC)",False,False,True,True,False,False,4,4,False,,8192,0,0,0,
dflow_prod,licenseList,licenseList_pkey,"CREATE UNIQUE INDEX ""licenseList_pkey"" ON dflow_prod.""licenseList"" USING btree (""licenseList_id"")",True,True,True,True,False,False,1,1,True,p,8192,0,0,0,
auth,oauth_consents,oauth_consents_user_order_idx,"CREATE INDEX oauth_consents_user_order_idx ON auth.oauth_consents USING btree (user_id, granted_at DESC)",False,False,True,True,False,False,2,2,False,,8192,0,0,0,
plm,itemType,itemType_pkey,"CREATE UNIQUE INDEX ""itemType_pkey"" ON plm.""itemType"" USING btree (item_type_id)",True,True,True,True,False,False,1,1,True,p,8192,0,0,0,
plm,twentieth_century_dcp_metadata_asset,idx_twentieth_century_dcp_metadata_asset_crawl,CREATE INDEX idx_twentieth_century_dcp_metadata_asset_crawl ON plm.twentieth_century_dcp_metadata_asset USING btree (source_crawl_id),False,False,True,True,False,False,1,1,False,,8192,0,0,0,
plm,marvel_dcp_load_exception,idx_marvel_dcp_load_exception_crawl,"CREATE INDEX idx_marvel_dcp_load_exception_crawl ON plm.marvel_dcp_load_exception USING btree (crawl_id, severity)",False,False,True,True,False,False,2,2,False,,8192,0,0,0,
plm,twentieth_century_dcp_asset_property_observation,idx_twentieth_century_dcp_asset_property_obs_run,CREATE INDEX idx_twentieth_century_dcp_asset_property_obs_run ON plm.twentieth_century_dcp_asset_property_observation USING btree (metadata_run_id),False,False,True,True,False,False,1,1,False,,8192,0,0,0,
dflow_prod,RFQItem,idx_rfqitem_rfq_group,"CREATE INDEX idx_rfqitem_rfq_group ON dflow_prod.""RFQItem"" USING btree (""rfqItem_rfq_group"")",False,False,True,True,False,False,1,1,False,,8192,0,0,0,
dflow_prod,RFQItem,idx_dflow_prod_rfqitem_style_number_normalized,"CREATE INDEX idx_dflow_prod_rfqitem_style_number_normalized ON dflow_prod.""RFQItem"" USING btree (upper(TRIM(BOTH FROM ""rfqItem_style_number""))) WHERE ((""rfqItem_rfq_group"" IS NOT NULL) AND (NULLIF(TRIM(BOTH FROM ""rfqItem_style_number""), ''::text) IS NOT NULL))",False,False,True,True,True,True,1,1,False,,8192,0,0,0,
dflow_prod,item_prod_order_detail_associations,item_prod_order_detail_associations_pkey,CREATE UNIQUE INDEX item_prod_order_detail_associations_pkey ON dflow_prod.item_prod_order_detail_associations USING btree (id),True,True,True,True,False,False,1,1,True,p,8192,0,0,0,
dflow_prod,StandardizedDetail,StandardizedVersionDetail_pkey,"CREATE UNIQUE INDEX ""StandardizedVersionDetail_pkey"" ON dflow_prod.""StandardizedDetail"" USING btree (id)",True,False,True,True,False,False,1,1,False,,8192,0,0,0,
plm,twentieth_century_dcp_asset_term_observation,idx_twentieth_century_dcp_asset_term_obs_term,CREATE INDEX idx_twentieth_century_dcp_asset_term_obs_term ON plm.twentieth_century_dcp_asset_term_observation USING btree (twentieth_century_dcp_term_id),False,False,True,True,False,False,1,1,False,,8192,0,0,0,
plm,dcp_asset_tile_observation,idx_dcp_asset_tile_obs_section,CREATE INDEX idx_dcp_asset_tile_obs_section ON plm.dcp_asset_tile_observation USING btree (crawl_section_id) WHERE (crawl_section_id IS NOT NULL),False,False,True,True,True,False,1,1,False,,8192,0,0,0,
dflow_prod,StandardizedVendor,StandardizedVendor_pkey,"CREATE UNIQUE INDEX ""StandardizedVendor_pkey"" ON dflow_prod.""StandardizedVendor"" USING btree (""pKey"")",True,True,True,True,False,False,1,1,True,p,8192,0,0,0,
coldlion,sync_run,coldlion_sync_run_window_idx,"CREATE INDEX coldlion_sync_run_window_idx ON coldlion.sync_run USING btree (endpoint, window_from, window_to) WHERE (window_from IS NOT NULL)",False,False,True,True,True,False,3,3,False,,8192,0,0,0,
pim,design_collection,design_collection_pkey,CREATE UNIQUE INDEX design_collection_pkey ON pim.design_collection USING btree (id),True,True,True,True,False,False,1,1,True,f,8192,0,0,0,
plm,item_character_associations,item_character_associations_pkey,CREATE UNIQUE INDEX item_character_associations_pkey ON plm.item_character_associations USING btree (id),True,True,True,True,False,False,1,1,True,p,8192,0,0,0,
crm,ai_model_config,ai_model_config_feature_key,CREATE UNIQUE INDEX ai_model_config_feature_key ON crm.ai_model_config USING btree (feature),True,False,True,True,False,False,1,1,True,u,8192,0,0,0,
plm,item_character_associations,item_character_associations_item_header_id_key,CREATE UNIQUE INDEX item_character_associations_item_header_id_key ON plm.item_character_associations USING btree (item_header_id),True,False,True,True,False,False,1,1,True,u,8192,0,0,0,
dam,asset,asset_pkey,CREATE UNIQUE INDEX asset_pkey ON dam.asset USING btree (id),True,True,True,True,False,False,1,1,True,f,8192,0,0,0,
dflow_prod,item_prod_order_detail_associations,item_prod_order_detail_associ_item_header_id_prod_order_det_key,"CREATE UNIQUE INDEX item_prod_order_detail_associ_item_header_id_prod_order_det_key ON dflow_prod.item_prod_order_detail_associations USING btree (item_header_id, prod_order_detail_pkey)",True,False,True,True,False,False,2,2,True,u,8192,0,0,0,
plm,FactoryTime,FactoryTime_pkey,"CREATE UNIQUE INDEX ""FactoryTime_pkey"" ON plm.""FactoryTime"" USING btree (id)",True,True,True,True,False,False,1,1,True,p,8192,0,0,0,
crm,opportunity_product,opportunity_product_pkey,CREATE UNIQUE INDEX opportunity_product_pkey ON crm.opportunity_product USING btree (id),True,True,True,True,False,False,1,1,True,p,8192,0,0,0,
ingest,coldlion_product_size_run,coldlion_product_size_run_pkey,CREATE UNIQUE INDEX coldlion_product_size_run_pkey ON ingest.coldlion_product_size_run USING btree (id),True,True,True,True,False,False,1,1,True,f,8192,0,0,0,
plm,lucasfilm_dcp_style_guide,uq_lucasfilm_dcp_style_guide_source_guide_id,"CREATE UNIQUE INDEX uq_lucasfilm_dcp_style_guide_source_guide_id ON plm.lucasfilm_dcp_style_guide USING btree (source_system, source_guide_id) WHERE (source_guide_id IS NOT NULL)",True,False,True,True,True,False,2,2,False,,8192,0,0,0,
ingest,coldlion_product_size_landing,coldlion_product_size_landing_identity_unique,"CREATE UNIQUE INDEX coldlion_product_size_landing_identity_unique ON ingest.coldlion_product_size_landing USING btree (run_id, company_code, division_code, mg_type_code, code)",True,False,True,True,False,False,5,5,True,u,8192,0,0,0,
dflow_prod,age_group,age_group_created_by_fkey,CREATE INDEX age_group_created_by_fkey ON dflow_prod.age_group USING btree (created_by),False,False,True,True,False,False,1,1,False,,8192,0,0,0,
app,db_data_admin_grid_state,db_data_admin_grid_state_pkey,"CREATE UNIQUE INDEX db_data_admin_grid_state_pkey ON app.db_data_admin_grid_state USING btree (profile_id, entity_type, view_key)",True,True,True,True,False,False,3,3,True,p,8192,28,0,0,2026-09-03 09:49:58.374352-04
dflow_prod,RFQItem,idx_rfqitem_container,"CREATE INDEX idx_rfqitem_container ON dflow_prod.""RFQItem"" USING btree (rfq_container_id_fk)",False,False,True,True,False,False,1,1,False,,8192,0,0,0,
plm,twentieth_century_dcp_metadata_run,idx_twentieth_century_dcp_metadata_run_one_running,CREATE UNIQUE INDEX idx_twentieth_century_dcp_metadata_run_one_running ON plm.twentieth_century_dcp_metadata_run USING btree (source_crawl_id) WHERE (status = 'running'::text),True,False,True,True,True,False,1,1,False,,8192,0,0,0,
public,hygiene_findings,hygiene_findings_pkey,CREATE UNIQUE INDEX hygiene_findings_pkey ON public.hygiene_findings USING btree (id),True,True,True,True,False,False,1,1,True,p,8192,0,0,0,
plm,marvel_dcp_asset_tile_observation,idx_marvel_dcp_asset_tile_obs_section,CREATE INDEX idx_marvel_dcp_asset_tile_obs_section ON plm.marvel_dcp_asset_tile_observation USING btree (crawl_section_id) WHERE (crawl_section_id IS NOT NULL),False,False,True,True,True,False,1,1,False,,8192,0,0,0,
plm,DesignTeamTime,DesignTeamTime_pkey,"CREATE UNIQUE INDEX ""DesignTeamTime_pkey"" ON plm.""DesignTeamTime"" USING btree (id)",True,True,True,True,False,False,1,1,True,p,8192,0,0,0,
ingest,coldlion_product_size_landing,coldlion_product_size_landing_pkey,CREATE UNIQUE INDEX coldlion_product_size_landing_pkey ON ingest.coldlion_product_size_landing USING btree (id),True,True,True,True,False,False,1,1,True,p,8192,0,0,0,
auth,mfa_factors,mfa_factors_user_id_idx,CREATE INDEX mfa_factors_user_id_idx ON auth.mfa_factors USING btree (user_id),False,False,True,True,False,False,1,1,False,,8192,0,0,0,
plm,sesame_asset_category,sesame_asset_category_category_idx,"CREATE INDEX sesame_asset_category_category_idx ON plm.sesame_asset_category USING btree (capture_id, category_source_id)",False,False,True,True,False,False,2,2,False,,8192,0,0,0,
ingest,coldlion_product_size_run,coldlion_product_size_run_pkey,CREATE UNIQUE INDEX coldlion_product_size_run_pkey ON ingest.coldlion_product_size_run USING btree (id),True,True,True,True,False,False,1,1,True,p,8192,0,0,0,
core,property_character_associations,property_character_associations_character_id_idx,CREATE INDEX property_character_associations_character_id_idx ON core.property_character_associations USING btree (character_id),False,False,True,True,False,False,1,1,False,,8192,0,0,0,
plm,coldlion_promotion_quarantine,plm_coldlion_promotion_quarantine_key_idx,"CREATE INDEX plm_coldlion_promotion_quarantine_key_idx ON plm.coldlion_promotion_quarantine USING btree (company_code, division_code, mg_type_code, mg_code, detected_at DESC)",False,False,True,True,False,False,5,5,False,,8192,0,0,0,
plm,taxonomy_parallel_observation,plm_taxonomy_parallel_observation_date_idx,"CREATE INDEX plm_taxonomy_parallel_observation_date_idx ON plm.taxonomy_parallel_observation USING btree (observation_date DESC, observed_at DESC)",False,False,True,True,False,False,2,2,False,,8192,0,0,0,
public,erp_enrichment_log,erp_enrichment_log_pkey,CREATE UNIQUE INDEX erp_enrichment_log_pkey ON public.erp_enrichment_log USING btree (id),True,True,True,True,False,False,1,1,True,p,8192,0,0,0,
plm,twentieth_century_dcp_load_exception,idx_twentieth_century_dcp_load_exception_crawl,"CREATE INDEX idx_twentieth_century_dcp_load_exception_crawl ON plm.twentieth_century_dcp_load_exception USING btree (crawl_id, severity)",False,False,True,True,False,False,2,2,False,,8192,0,0,0,
plm,sega_asset_property,idx_sega_asset_property_property,"CREATE INDEX idx_sega_asset_property_property ON plm.sega_asset_property USING btree (capture_id, property_source_id)",False,False,True,True,False,False,2,2,False,,8192,0,0,0,
core,sku_ref,core_sku_ref_normalized_sku_idx,CREATE INDEX core_sku_ref_normalized_sku_idx ON core.sku_ref USING btree (normalized_sku),False,False,True,True,False,False,1,1,False,,8192,0,0,0,
plm,ContainerHeader,ContainerHeader_pkey,"CREATE UNIQUE INDEX ""ContainerHeader_pkey"" ON plm.""ContainerHeader"" USING btree (id)",True,True,True,True,False,False,1,1,True,p,8192,0,0,0,
dflow_prod,item_character_associations,item_character_associations_pkey,CREATE UNIQUE INDEX item_character_associations_pkey ON dflow_prod.item_character_associations USING btree (id),True,True,True,True,False,False,1,1,True,p,8192,0,0,0,
ingest,coldlion_product_size_run,coldlion_product_size_run_status_started_idx,"CREATE INDEX coldlion_product_size_run_status_started_idx ON ingest.coldlion_product_size_run USING btree (status, started_at DESC)",False,False,True,True,False,False,2,2,False,,8192,0,0,0,
dflow_prod,ai_cache_events,ai_cache_events_pkey,CREATE UNIQUE INDEX ai_cache_events_pkey ON dflow_prod.ai_cache_events USING btree (id),True,True,True,True,False,False,1,1,True,p,8192,0,0,0,
dflow_prod,item_character_associations,item_character_associations_item_header_id_key,CREATE UNIQUE INDEX item_character_associations_item_header_id_key ON dflow_prod.item_character_associations USING btree (item_header_id),True,False,True,True,False,False,1,1,True,u,8192,0,0,0,
dam,popsg_property_resolution,popsg_property_resolution_state_idx,CREATE INDEX popsg_property_resolution_state_idx ON dam.popsg_property_resolution USING btree (decision_state),False,False,True,True,False,False,1,1,False,,8192,0,0,0,
dflow_prod,art_types,art_types_divisioncode_id_fkey,CREATE INDEX art_types_divisioncode_id_fkey ON dflow_prod.art_types USING btree (divisioncode_id),False,False,True,True,False,False,1,1,False,,8192,0,0,0,
dflow_prod,merchGroupRelations,idx_relations_grand_parent,"CREATE INDEX idx_relations_grand_parent ON dflow_prod.""merchGroupRelations"" USING btree (grand_parent_mg_id)",False,False,True,True,False,False,1,1,False,,8192,0,0,0,
dflow,sample_factory_group,sample_factory_group_pkey,CREATE UNIQUE INDEX sample_factory_group_pkey ON dflow.sample_factory_group USING btree (factory_group_id_pk),True,True,True,True,False,False,1,1,True,f,8192,0,0,0,
dflow,sample_comments,sample_comments_pkey,CREATE UNIQUE INDEX sample_comments_pkey ON dflow.sample_comments USING btree (id),True,True,True,True,False,False,1,1,True,p,8192,0,0,0,
dflow_prod,itemType,itemType_pkey,"CREATE UNIQUE INDEX ""itemType_pkey"" ON dflow_prod.""itemType"" USING btree (item_type_id)",True,True,True,True,False,False,1,1,True,p,8192,0,0,0,
dflow,user_notification,user_notification_action_recipient,"CREATE UNIQUE INDEX user_notification_action_recipient ON dflow.user_notification USING btree (workflow_action_id, user_id_fk) WHERE (workflow_action_id IS NOT NULL)",True,False,True,True,True,False,2,2,False,,8192,0,0,0,
dflow_prod,dflow_prod.properties_and_characters,unique_character_entity,"CREATE UNIQUE INDEX unique_character_entity ON dflow_prod.properties_and_characters USING btree (licensor_id, source_licensed_property_id, source_character_id) WHERE ((type)::text = 'CHARACTER'::text)",True,False,True,True,True,False,3,3,False,,8192,0,0,0,
dflow_prod,RFQItemDivision,RFQItemLicense_pkey,"CREATE UNIQUE INDEX ""RFQItemLicense_pkey"" ON dflow_prod.""RFQItemDivision"" USING btree (""RFQItemDivision_id"")",True,True,True,True,False,False,1,1,True,p,8192,0,0,0,
dflow_prod,itemSize,itemSize_pkey,"CREATE UNIQUE INDEX ""itemSize_pkey"" ON dflow_prod.""itemSize"" USING btree (""itemSize_id"")",True,True,True,True,False,False,1,1,True,p,8192,0,0,0,
dflow,sample_factory_group,sample_factory_group_pkey,CREATE UNIQUE INDEX sample_factory_group_pkey ON dflow.sample_factory_group USING btree (factory_group_id_pk),True,True,True,True,False,False,1,1,True,p,8192,0,0,0,
core,sku_ref,core_sku_ref_source_uidx,"CREATE UNIQUE INDEX core_sku_ref_source_uidx ON core.sku_ref USING btree (source_system, source_table, source_id) WHERE ((source_system IS NOT NULL) AND (source_table IS NOT NULL) AND (source_id IS NOT NULL))",True,False,True,True,True,False,3,3,False,,8192,0,0,0,
ingest,coldlion_product_size_landing,coldlion_product_size_landing_run_idx,CREATE INDEX coldlion_product_size_landing_run_idx ON ingest.coldlion_product_size_landing USING btree (run_id),False,False,True,True,False,False,1,1,False,,8192,0,0,0,
dflow,Roles,roles_app_role_id_uidx,"CREATE UNIQUE INDEX roles_app_role_id_uidx ON dflow.""Roles"" USING btree (app_role_id) WHERE (app_role_id IS NOT NULL)",True,False,True,True,True,False,1,1,False,,8192,0,0,0,
auth,saml_relay_states,saml_relay_states_for_email_idx,CREATE INDEX saml_relay_states_for_email_idx ON auth.saml_relay_states USING btree (for_email),False,False,True,True,False,False,1,1,False,,8192,0,0,0,
dflow_prod,RFQVendor,idx_rfqvendor_item_fk,"CREATE INDEX idx_rfqvendor_item_fk ON dflow_prod.""RFQVendor"" USING btree (""RFQitem_id_fk"")",False,False,True,True,False,False,1,1,False,,8192,0,0,0,
auth,sso_domains,sso_domains_pkey,CREATE UNIQUE INDEX sso_domains_pkey ON auth.sso_domains USING btree (id),True,True,True,True,False,False,1,1,True,p,8192,0,0,0,
plm,sample,idx_sample_box_id_fk,CREATE INDEX idx_sample_box_id_fk ON plm.sample USING btree (box_id_fk),False,False,True,True,False,False,1,1,False,,8192,0,0,0,
plm,twentieth_century_dcp_asset,idx_twentieth_century_dcp_asset_file_name_lower,CREATE INDEX idx_twentieth_century_dcp_asset_file_name_lower ON plm.twentieth_century_dcp_asset USING btree (lower(file_name)),False,False,True,True,False,True,1,1,False,,8192,0,0,0,
dflow_prod,StandardizedSize,StandardizedSize_pkey,"CREATE UNIQUE INDEX ""StandardizedSize_pkey"" ON dflow_prod.""StandardizedSize"" USING btree (id)",True,True,True,True,False,False,1,1,True,p,8192,0,0,0,
dflow_prod,merchGroupRelations,idx_relations_child,"CREATE INDEX idx_relations_child ON dflow_prod.""merchGroupRelations"" USING btree (child_mg_id)",False,False,True,True,False,False,1,1,False,,8192,0,0,0,
auth,oauth_client_states,oauth_client_states_pkey,CREATE UNIQUE INDEX oauth_client_states_pkey ON auth.oauth_client_states USING btree (id),True,True,True,True,False,False,1,1,True,p,8192,0,0,0,
dflow_prod,itemAttachment,itemPackage_pkey,"CREATE UNIQUE INDEX ""itemPackage_pkey"" ON dflow_prod.""itemAttachment"" USING btree (item_attachment_id)",True,True,True,True,False,False,1,1,True,p,8192,0,0,0,
plm,marvel_dcp_metadata_load_exception,idx_marvel_dcp_metadata_load_exception_open,CREATE INDEX idx_marvel_dcp_metadata_load_exception_open ON plm.marvel_dcp_metadata_load_exception USING btree (metadata_run_id) WHERE (resolved_at IS NULL),False,False,True,True,True,False,1,1,False,,8192,0,0,0,
auth,oauth_client_states,idx_oauth_client_states_created_at,CREATE INDEX idx_oauth_client_states_created_at ON auth.oauth_client_states USING btree (created_at),False,False,True,True,False,False,1,1,False,,8192,0,0,0,
dflow_prod,itemLicenseImage,itemLicenseImage_pkey,"CREATE UNIQUE INDEX ""itemLicenseImage_pkey"" ON dflow_prod.""itemLicenseImage"" USING btree (id)",True,True,True,True,False,False,1,1,True,p,8192,0,0,0,
public,style_guide_tag_aliases,idx_style_guide_tag_aliases_tag_id,CREATE INDEX idx_style_guide_tag_aliases_tag_id ON public.style_guide_tag_aliases USING btree (tag_id),False,False,True,True,False,False,1,1,False,,8192,0,0,0,
plm,lucasfilm_dcp_load_exception,idx_lucasfilm_dcp_load_exception_reason_code,CREATE INDEX idx_lucasfilm_dcp_load_exception_reason_code ON plm.lucasfilm_dcp_load_exception USING btree (reason_code),False,False,True,True,False,False,1,1,False,,8192,0,0,0,
coldlion,sync_run,coldlion_sync_run_status_started_idx,"CREATE INDEX coldlion_sync_run_status_started_idx ON coldlion.sync_run USING btree (status, started_at DESC)",False,False,True,True,False,False,2,2,False,,8192,0,0,0,
plm,sample_event,idx_sample_event_sample_id_fk,CREATE INDEX idx_sample_event_sample_id_fk ON plm.sample_event USING btree (sample_id_fk),False,False,True,True,False,False,1,1,False,,8192,0,0,0,
dflow_prod,itemHeader,itemHeader_pkey,"CREATE UNIQUE INDEX ""itemHeader_pkey"" ON dflow_prod.""itemHeader"" USING btree (item_id_pk)",True,True,True,True,False,False,1,1,True,p,8192,0,0,0,
dflow_prod,merchGroupRelations,uniq_parent_child_no_grand,"CREATE UNIQUE INDEX uniq_parent_child_no_grand ON dflow_prod.""merchGroupRelations"" USING btree (parent_mg_id, child_mg_id) WHERE (grand_parent_mg_id IS NULL)",True,False,True,True,True,False,2,2,False,,8192,0,0,0,
public,hts_rag_precedent_rulings,hts_rag_precedent_rulings_relationship_idx,"CREATE INDEX hts_rag_precedent_rulings_relationship_idx ON public.hts_rag_precedent_rulings USING btree (final_relationship, verifier_relevance)",False,False,True,True,False,False,2,2,False,,8192,0,0,0,
plm,twentieth_century_dcp_crawl_gap,idx_twentieth_century_dcp_crawl_gap_open,CREATE INDEX idx_twentieth_century_dcp_crawl_gap_open ON plm.twentieth_century_dcp_crawl_gap USING btree (crawl_section_id) WHERE ((resolved_at IS NULL) AND (waived_at IS NULL)),False,False,True,True,True,False,1,1,False,,8192,0,0,0,
auth,sso_providers,sso_providers_pkey,CREATE UNIQUE INDEX sso_providers_pkey ON auth.sso_providers USING btree (id),True,True,True,True,False,False,1,1,True,p,8192,0,0,0,
auth,oauth_clients,oauth_clients_pkey,CREATE UNIQUE INDEX oauth_clients_pkey ON auth.oauth_clients USING btree (id),True,True,True,True,False,False,1,1,True,f,8192,0,0,0,
public,asset_checkouts,asset_checkouts_awaiting_verification,CREATE INDEX asset_checkouts_awaiting_verification ON public.asset_checkouts USING btree (verify_deadline_at) WHERE ((status = 'verifying'::checkout_status) AND (source_provider = 'seafile'::text)),False,False,True,True,True,False,1,1,False,,8192,10637,0,0,2026-09-04 17:30:31.368307-04
dflow_prod,merchGroup,merchGroup_pkey,"CREATE UNIQUE INDEX ""merchGroup_pkey"" ON dflow_prod.""merchGroup"" USING btree (mg_id)",True,True,True,True,False,False,1,1,True,f,8192,0,0,0,
plm,twentieth_century_dcp_metadata_load_exception,idx_twentieth_century_dcp_metadata_load_exception_run,CREATE INDEX idx_twentieth_century_dcp_metadata_load_exception_run ON plm.twentieth_century_dcp_metadata_load_exception USING btree (metadata_run_id),False,False,True,True,False,False,1,1,False,,8192,0,0,0,
dflow_prod,itemDetail,itemDetail_pkey,"CREATE UNIQUE INDEX ""itemDetail_pkey"" ON dflow_prod.""itemDetail"" USING btree (item_pk)",True,True,True,True,False,False,1,1,True,p,8192,0,0,0,
dflow_prod,product_category,product_category_updated_by_fkey,CREATE INDEX product_category_updated_by_fkey ON dflow_prod.product_category USING btree (updated_by),False,False,True,True,False,False,1,1,False,,8192,0,0,0,
dflow_prod,users,users_pkey,CREATE UNIQUE INDEX users_pkey ON dflow_prod.users USING btree (id),True,True,True,True,False,False,1,1,True,f,8192,0,0,0,
dflow_prod,itemDepth,itemDepth_pkey,"CREATE UNIQUE INDEX ""itemDepth_pkey"" ON dflow_prod.""itemDepth"" USING btree (""itemDepth_id"")",True,True,True,True,False,False,1,1,True,p,8192,0,0,0,
dflow_prod,groups,groups_pkey,CREATE UNIQUE INDEX groups_pkey ON dflow_prod.groups USING btree (id),True,True,True,True,False,False,1,1,True,p,8192,0,0,0,
plm,item_taxonomy_disagreement,item_taxonomy_disagreement_pkey,"CREATE UNIQUE INDEX item_taxonomy_disagreement_pkey ON plm.item_taxonomy_disagreement USING btree (company_code, division_code, item_no)",True,True,True,True,False,False,3,3,True,p,8192,0,0,0,
dflow_prod,users,users_pkey,CREATE UNIQUE INDEX users_pkey ON dflow_prod.users USING btree (id),True,True,True,True,False,False,1,1,True,f,8192,0,0,0,
plm,sega_asset_property,sega_asset_property_pkey,"CREATE UNIQUE INDEX sega_asset_property_pkey ON plm.sega_asset_property USING btree (capture_id, asset_source_id, property_source_id)",True,True,True,True,False,False,3,3,True,p,8192,0,0,0,
auth,oauth_clients,oauth_clients_pkey,CREATE UNIQUE INDEX oauth_clients_pkey ON auth.oauth_clients USING btree (id),True,True,True,True,False,False,1,1,True,f,8192,0,0,0,
core,product_material,idx_product_material_subtype,CREATE INDEX idx_product_material_subtype ON core.product_material USING btree (product_subtype_id) WHERE (product_subtype_id IS NOT NULL),False,False,True,True,True,False,1,1,False,,8192,0,0,0,
plm,marvel_asgard_term,marvel_asgard_term_source_key_uidx,"CREATE UNIQUE INDEX marvel_asgard_term_source_key_uidx ON plm.marvel_asgard_term USING btree (term_kind, source_term_key) WHERE (source_term_key IS NOT NULL)",True,False,True,True,True,False,2,2,False,,8192,0,0,0,
dflow_prod,StandardizedGroup,StandardizedGroup_pkey,"CREATE UNIQUE INDEX ""StandardizedGroup_pkey"" ON dflow_prod.""StandardizedGroup"" USING btree (id)",True,True,True,True,False,False,1,1,True,p,8192,0,0,0,
plm,licensing_status,licensing_status_pkey,CREATE UNIQUE INDEX licensing_status_pkey ON plm.licensing_status USING btree (id),True,True,True,True,False,False,1,1,True,p,8192,0,0,0,
public,tiff_optimization_queue,tiff_optimization_queue_relative_path_key,CREATE UNIQUE INDEX tiff_optimization_queue_relative_path_key ON public.tiff_optimization_queue USING btree (relative_path),True,False,True,True,False,False,1,1,True,u,8192,0,0,0,
dflow_prod,RolePermissions,RolePermissions_unique_role_user_element,"CREATE UNIQUE INDEX ""RolePermissions_unique_role_user_element"" ON dflow_prod.""RolePermissions"" USING btree (""RoleId"", ""UserId"", ""ElementId"")",True,False,True,True,False,False,3,3,False,,8192,0,0,0,
vault,secrets,secrets_pkey,CREATE UNIQUE INDEX secrets_pkey ON vault.secrets USING btree (id),True,True,True,True,False,False,1,1,True,p,8192,0,0,0,
public,style_group_tags,style_group_tags_active_group_idx,"CREATE INDEX style_group_tags_active_group_idx ON public.style_group_tags USING btree (style_group_id, tag) WHERE (status = 'active'::text)",False,False,True,True,True,False,2,2,False,,8192,3075420,0,0,2026-09-04 16:46:23.368679-04
plm,wb_franchise_property_evidence,wb_franchise_property_evidence_pkey,"CREATE UNIQUE INDEX wb_franchise_property_evidence_pkey ON plm.wb_franchise_property_evidence USING btree (franchise_id, property_id, evidence_source)",True,True,True,True,False,False,3,3,True,p,8192,0,0,0,
public,tiff_optimization_queue,tiff_optimization_queue_pkey,CREATE UNIQUE INDEX tiff_optimization_queue_pkey ON public.tiff_optimization_queue USING btree (id),True,True,True,True,False,False,1,1,True,p,8192,0,0,0,
auth,saml_relay_states,saml_relay_states_sso_provider_id_idx,CREATE INDEX saml_relay_states_sso_provider_id_idx ON auth.saml_relay_states USING btree (sso_provider_id),False,False,True,True,False,False,1,1,False,,8192,0,0,0,
pim,customer_order,customer_order_pkey,CREATE UNIQUE INDEX customer_order_pkey ON pim.customer_order USING btree (id),True,True,True,True,False,False,1,1,True,p,8192,0,0,0,
plm,sesame_art_style,sesame_art_style_value_idx,"CREATE INDEX sesame_art_style_value_idx ON plm.sesame_art_style USING btree (capture_id, value_key)",False,False,True,True,False,False,2,2,False,,8192,0,0,0,
pim,design,design_pkey,CREATE UNIQUE INDEX design_pkey ON pim.design USING btree (id),True,True,True,True,False,False,1,1,True,f,8192,0,0,0,
dflow_prod,GridLayout,GridLayout_pkey,"CREATE UNIQUE INDEX ""GridLayout_pkey"" ON dflow_prod.""GridLayout"" USING btree (id)",True,False,True,True,False,False,1,1,False,,8192,0,0,0,
plm,twentieth_century_dcp_load_exception,idx_twentieth_century_dcp_load_exception_open,CREATE INDEX idx_twentieth_century_dcp_load_exception_open ON plm.twentieth_century_dcp_load_exception USING btree (crawl_id) WHERE ((resolved_at IS NULL) AND (severity = 'rejected'::text)),False,False,True,True,True,False,1,1,False,,8192,0,0,0,
dflow_prod,RFQVendor,idx_rfqvendor_vendor_archived,"CREATE INDEX idx_rfqvendor_vendor_archived ON dflow_prod.""RFQVendor"" USING btree (vendor_id_fk, ""RFQVendor_archived"")",False,False,True,True,False,False,2,2,False,,8192,0,0,0,
dflow_prod,divisionCode,DivisionCode_pkey,"CREATE UNIQUE INDEX ""DivisionCode_pkey"" ON dflow_prod.""divisionCode"" USING btree (""divCode_id"")",True,True,True,True,False,False,1,1,True,f,8192,0,0,0,
plm,art_piece,art_piece_source_system_source_id_key,"CREATE UNIQUE INDEX art_piece_source_system_source_id_key ON plm.art_piece USING btree (source_system, source_id) NULLS NOT DISTINCT",True,False,True,True,False,False,2,2,True,u,8192,0,0,0,
plm,taxonomy_baseline_activation,taxonomy_baseline_activation_pkey,CREATE UNIQUE INDEX taxonomy_baseline_activation_pkey ON plm.taxonomy_baseline_activation USING btree (singleton),True,True,True,True,False,False,1,1,True,p,8192,0,0,0,
plm,licensing_status,licensing_status_source_system_source_id_key,"CREATE UNIQUE INDEX licensing_status_source_system_source_id_key ON plm.licensing_status USING btree (source_system, source_id) NULLS NOT DISTINCT",True,False,True,True,False,False,2,2,True,u,8192,0,0,0,
dam,popsg_property_resolution,popsg_property_resolution_batch_idx,CREATE INDEX popsg_property_resolution_batch_idx ON dam.popsg_property_resolution USING btree (evidence_batch_id),False,False,True,True,False,False,1,1,False,,8192,0,0,0,
crm,ai_model_config,ai_model_config_pkey,CREATE UNIQUE INDEX ai_model_config_pkey ON crm.ai_model_config USING btree (id),True,True,True,True,False,False,1,1,True,p,8192,0,0,0,
plm,twentieth_century_dcp_asset,idx_twentieth_century_dcp_asset_file_extension,CREATE INDEX idx_twentieth_century_dcp_asset_file_extension ON plm.twentieth_century_dcp_asset USING btree (file_extension),False,False,True,True,False,False,1,1,False,,8192,0,0,0,
plm,art_piece,art_piece_pkey,CREATE UNIQUE INDEX art_piece_pkey ON plm.art_piece USING btree (id),True,True,True,True,False,False,1,1,True,p,8192,0,0,0,
app,file_object,file_object_pkey,CREATE UNIQUE INDEX file_object_pkey ON app.file_object USING btree (id),True,True,True,True,False,False,1,1,True,f,8192,0,0,0,
plm,item_attachment,item_attachment_source_system_source_id_key,"CREATE UNIQUE INDEX item_attachment_source_system_source_id_key ON plm.item_attachment USING btree (source_system, source_id) NULLS NOT DISTINCT",True,False,True,True,False,False,2,2,True,u,8192,0,0,0,
plm,item_attachment,item_attachment_pkey,CREATE UNIQUE INDEX item_attachment_pkey ON plm.item_attachment USING btree (id),True,True,True,True,False,False,1,1,True,p,8192,0,0,0,
dflow_prod,RolePermissions,RolePermissions_ElementId_fkey,"CREATE INDEX ""RolePermissions_ElementId_fkey"" ON dflow_prod.""RolePermissions"" USING btree (""ElementId"")",False,False,True,True,False,False,1,1,False,,8192,0,0,0,
dam,asset_character,asset_character_pkey,CREATE UNIQUE INDEX asset_character_pkey ON dam.asset_character USING btree (id),True,True,True,True,False,False,1,1,True,p,8192,0,0,0,
plm,item_detail,item_detail_source_system_source_id_key,"CREATE UNIQUE INDEX item_detail_source_system_source_id_key ON plm.item_detail USING btree (source_system, source_id) NULLS NOT DISTINCT",True,False,True,True,False,False,2,2,True,u,8192,0,0,0,
auth,oauth_consents,oauth_consents_user_client_unique,"CREATE UNIQUE INDEX oauth_consents_user_client_unique ON auth.oauth_consents USING btree (user_id, client_id)",True,False,True,True,False,False,2,2,True,u,8192,0,0,0,
dflow_prod,SeasonCode,SeasonCode_pkey,"CREATE UNIQUE INDEX ""SeasonCode_pkey"" ON dflow_prod.""SeasonCode"" USING btree (id)",True,True,True,True,False,False,1,1,True,f,8192,0,0,0,
plm,item_detail,item_detail_pkey,CREATE UNIQUE INDEX item_detail_pkey ON plm.item_detail USING btree (id),True,True,True,True,False,False,1,1,True,p,8192,0,0,0,
plm,wb_style_guide_normalized,uq_wb_style_guide_normalized_source,"CREATE UNIQUE INDEX uq_wb_style_guide_normalized_source ON plm.wb_style_guide_normalized USING btree (source_namespace, source_id) WHERE (source_id IS NOT NULL)",True,False,True,True,True,False,2,2,False,,8192,97,0,0,2026-08-30 23:07:57.976338-04
core,merch_group,merch_group_pkey,CREATE UNIQUE INDEX merch_group_pkey ON core.merch_group USING btree (id),True,True,True,True,False,False,1,1,True,f,8192,0,0,0,
core,product_type,product_type_pkey,CREATE UNIQUE INDEX product_type_pkey ON core.product_type USING btree (id),True,True,True,True,False,False,1,1,True,f,8192,0,0,0,
dflow_prod,merchGroup,merchGroup_pkey,"CREATE UNIQUE INDEX ""merchGroup_pkey"" ON dflow_prod.""merchGroup"" USING btree (mg_id)",True,True,True,True,False,False,1,1,True,f,8192,0,0,0,
crm,task,crm_task_status_idx,CREATE INDEX crm_task_status_idx ON crm.task USING btree (status),False,False,True,True,False,False,1,1,False,,8192,0,0,0,
dflow_prod,merchGroup,merchGroup_pkey,"CREATE UNIQUE INDEX ""merchGroup_pkey"" ON dflow_prod.""merchGroup"" USING btree (mg_id)",True,True,True,True,False,False,1,1,True,f,8192,0,0,0,
plm,sesame_capture,sesame_capture_pkey,CREATE UNIQUE INDEX sesame_capture_pkey ON plm.sesame_capture USING btree (id),True,True,True,True,False,False,1,1,True,p,8192,0,0,0,
plm,sesame_brand,sesame_brand_pkey,"CREATE UNIQUE INDEX sesame_brand_pkey ON plm.sesame_brand USING btree (capture_id, field_generation, value_key)",True,True,True,True,False,False,3,3,True,p,8192,0,0,0,
plm,sesame_capture,sesame_capture_pkey,CREATE UNIQUE INDEX sesame_capture_pkey ON plm.sesame_capture USING btree (id),True,True,True,True,False,False,1,1,True,f,8192,0,0,0,
plm,sesame_sub_brand,sesame_sub_brand_pkey,"CREATE UNIQUE INDEX sesame_sub_brand_pkey ON plm.sesame_sub_brand USING btree (capture_id, field_generation, value_key)",True,True,True,True,False,False,3,3,True,p,8192,0,0,0,
plm,sesame_capture,sesame_capture_pkey,CREATE UNIQUE INDEX sesame_capture_pkey ON plm.sesame_capture USING btree (id),True,True,True,True,False,False,1,1,True,f,8192,0,0,0,
plm,sesame_character,sesame_character_pkey,"CREATE UNIQUE INDEX sesame_character_pkey ON plm.sesame_character USING btree (capture_id, field_generation, value_key)",True,True,True,True,False,False,3,3,True,p,8192,0,0,0,
plm,sesame_capture,sesame_capture_pkey,CREATE UNIQUE INDEX sesame_capture_pkey ON plm.sesame_capture USING btree (id),True,True,True,True,False,False,1,1,True,f,8192,0,0,0,
plm,sesame_art_style,sesame_art_style_pkey,"CREATE UNIQUE INDEX sesame_art_style_pkey ON plm.sesame_art_style USING btree (capture_id, field_generation, value_key)",True,True,True,True,False,False,3,3,True,p,8192,0,0,0,
plm,sesame_capture,sesame_capture_pkey,CREATE UNIQUE INDEX sesame_capture_pkey ON plm.sesame_capture USING btree (id),True,True,True,True,False,False,1,1,True,f,8192,0,0,0,
plm,sesame_asset_type,sesame_asset_type_pkey,"CREATE UNIQUE INDEX sesame_asset_type_pkey ON plm.sesame_asset_type USING btree (capture_id, field_generation, value_key)",True,True,True,True,False,False,3,3,True,p,8192,0,0,0,
plm,sesame_capture,sesame_capture_pkey,CREATE UNIQUE INDEX sesame_capture_pkey ON plm.sesame_capture USING btree (id),True,True,True,True,False,False,1,1,True,f,8192,0,0,0,
plm,sesame_theme,sesame_theme_pkey,"CREATE UNIQUE INDEX sesame_theme_pkey ON plm.sesame_theme USING btree (capture_id, field_generation, value_key)",True,True,True,True,False,False,3,3,True,p,8192,0,0,0,
plm,sesame_capture,sesame_capture_pkey,CREATE UNIQUE INDEX sesame_capture_pkey ON plm.sesame_capture USING btree (id),True,True,True,True,False,False,1,1,True,f,8192,0,0,0,
plm,sesame_style_guide,sesame_style_guide_pkey,"CREATE UNIQUE INDEX sesame_style_guide_pkey ON plm.sesame_style_guide USING btree (capture_id, field_generation, value_key)",True,True,True,True,False,False,3,3,True,p,8192,0,0,0,
plm,sesame_capture,sesame_capture_pkey,CREATE UNIQUE INDEX sesame_capture_pkey ON plm.sesame_capture USING btree (id),True,True,True,True,False,False,1,1,True,f,8192,0,0,0,
dflow_prod,users,users_pkey,CREATE UNIQUE INDEX users_pkey ON dflow_prod.users USING btree (id),True,True,True,True,False,False,1,1,True,f,8192,0,0,0,
dflow_prod,users,users_pkey,CREATE UNIQUE INDEX users_pkey ON dflow_prod.users USING btree (id),True,True,True,True,False,False,1,1,True,f,8192,0,0,0,
plm,sesame_category,sesame_category_pkey,"CREATE UNIQUE INDEX sesame_category_pkey ON plm.sesame_category USING btree (capture_id, category_source_id)",True,True,True,True,False,False,2,2,True,p,8192,0,0,0,
plm,sesame_category,sesame_category_path_uniq,"CREATE UNIQUE INDEX sesame_category_path_uniq ON plm.sesame_category USING btree (capture_id, category_path)",True,False,True,True,False,False,2,2,True,u,8192,0,0,0,
plm,sesame_capture,sesame_capture_pkey,CREATE UNIQUE INDEX sesame_capture_pkey ON plm.sesame_capture USING btree (id),True,True,True,True,False,False,1,1,True,f,8192,0,0,0,
plm,sesame_category,sesame_category_pkey,"CREATE UNIQUE INDEX sesame_category_pkey ON plm.sesame_category USING btree (capture_id, category_source_id)",True,True,True,True,False,False,2,2,True,f,8192,0,0,0,
plm,sesame_asset,sesame_asset_pkey,"CREATE UNIQUE INDEX sesame_asset_pkey ON plm.sesame_asset USING btree (capture_id, asset_source_id)",True,True,True,True,False,False,2,2,True,p,8192,0,0,0,
plm,sesame_capture,sesame_capture_pkey,CREATE UNIQUE INDEX sesame_capture_pkey ON plm.sesame_capture USING btree (id),True,True,True,True,False,False,1,1,True,f,8192,0,0,0,
plm,sesame_asset_brand,sesame_asset_brand_pkey,"CREATE UNIQUE INDEX sesame_asset_brand_pkey ON plm.sesame_asset_brand USING btree (capture_id, asset_source_id, field_generation, value_key)",True,True,True,True,False,False,4,4,True,p,8192,0,0,0,
plm,sesame_asset,sesame_asset_pkey,"CREATE UNIQUE INDEX sesame_asset_pkey ON plm.sesame_asset USING btree (capture_id, asset_source_id)",True,True,True,True,False,False,2,2,True,f,8192,0,0,0,
plm,sesame_brand,sesame_brand_pkey,"CREATE UNIQUE INDEX sesame_brand_pkey ON plm.sesame_brand USING btree (capture_id, field_generation, value_key)",True,True,True,True,False,False,3,3,True,f,8192,0,0,0,
plm,sesame_asset_sub_brand,sesame_asset_sub_brand_pkey,"CREATE UNIQUE INDEX sesame_asset_sub_brand_pkey ON plm.sesame_asset_sub_brand USING btree (capture_id, asset_source_id, field_generation, value_key)",True,True,True,True,False,False,4,4,True,p,8192,0,0,0,
plm,sesame_asset,sesame_asset_pkey,"CREATE UNIQUE INDEX sesame_asset_pkey ON plm.sesame_asset USING btree (capture_id, asset_source_id)",True,True,True,True,False,False,2,2,True,f,8192,0,0,0,
plm,sesame_sub_brand,sesame_sub_brand_pkey,"CREATE UNIQUE INDEX sesame_sub_brand_pkey ON plm.sesame_sub_brand USING btree (capture_id, field_generation, value_key)",True,True,True,True,False,False,3,3,True,f,8192,0,0,0,
plm,sesame_asset_character,sesame_asset_character_pkey,"CREATE UNIQUE INDEX sesame_asset_character_pkey ON plm.sesame_asset_character USING btree (capture_id, asset_source_id, field_generation, value_key)",True,True,True,True,False,False,4,4,True,p,8192,0,0,0,
plm,sesame_asset,sesame_asset_pkey,"CREATE UNIQUE INDEX sesame_asset_pkey ON plm.sesame_asset USING btree (capture_id, asset_source_id)",True,True,True,True,False,False,2,2,True,f,8192,0,0,0,
plm,sesame_character,sesame_character_pkey,"CREATE UNIQUE INDEX sesame_character_pkey ON plm.sesame_character USING btree (capture_id, field_generation, value_key)",True,True,True,True,False,False,3,3,True,f,8192,0,0,0,
plm,sesame_asset_style_guide,sesame_asset_style_guide_pkey,"CREATE UNIQUE INDEX sesame_asset_style_guide_pkey ON plm.sesame_asset_style_guide USING btree (capture_id, asset_source_id, field_generation, value_key)",True,True,True,True,False,False,4,4,True,p,8192,0,0,0,
plm,sesame_asset,sesame_asset_pkey,"CREATE UNIQUE INDEX sesame_asset_pkey ON plm.sesame_asset USING btree (capture_id, asset_source_id)",True,True,True,True,False,False,2,2,True,f,8192,0,0,0,
plm,sesame_style_guide,sesame_style_guide_pkey,"CREATE UNIQUE INDEX sesame_style_guide_pkey ON plm.sesame_style_guide USING btree (capture_id, field_generation, value_key)",True,True,True,True,False,False,3,3,True,f,8192,0,0,0,
plm,sesame_asset_art_style,sesame_asset_art_style_pkey,"CREATE UNIQUE INDEX sesame_asset_art_style_pkey ON plm.sesame_asset_art_style USING btree (capture_id, asset_source_id, field_generation, value_key)",True,True,True,True,False,False,4,4,True,p,8192,0,0,0,
plm,sesame_asset,sesame_asset_pkey,"CREATE UNIQUE INDEX sesame_asset_pkey ON plm.sesame_asset USING btree (capture_id, asset_source_id)",True,True,True,True,False,False,2,2,True,f,8192,0,0,0,
plm,sesame_art_style,sesame_art_style_pkey,"CREATE UNIQUE INDEX sesame_art_style_pkey ON plm.sesame_art_style USING btree (capture_id, field_generation, value_key)",True,True,True,True,False,False,3,3,True,f,8192,0,0,0,
plm,sesame_asset_asset_type,sesame_asset_asset_type_pkey,"CREATE UNIQUE INDEX sesame_asset_asset_type_pkey ON plm.sesame_asset_asset_type USING btree (capture_id, asset_source_id, field_generation, value_key)",True,True,True,True,False,False,4,4,True,p,8192,0,0,0,
plm,sesame_asset,sesame_asset_pkey,"CREATE UNIQUE INDEX sesame_asset_pkey ON plm.sesame_asset USING btree (capture_id, asset_source_id)",True,True,True,True,False,False,2,2,True,f,8192,0,0,0,
plm,sesame_asset_type,sesame_asset_type_pkey,"CREATE UNIQUE INDEX sesame_asset_type_pkey ON plm.sesame_asset_type USING btree (capture_id, field_generation, value_key)",True,True,True,True,False,False,3,3,True,f,8192,0,0,0,
plm,sesame_style_guide_character,sesame_style_guide_character_pkey,"CREATE UNIQUE INDEX sesame_style_guide_character_pkey ON plm.sesame_style_guide_character USING btree (capture_id, guide_value_key, character_value_key)",True,True,True,True,False,False,3,3,True,p,8192,0,0,0,
plm,sesame_style_guide,sesame_style_guide_pkey,"CREATE UNIQUE INDEX sesame_style_guide_pkey ON plm.sesame_style_guide USING btree (capture_id, field_generation, value_key)",True,True,True,True,False,False,3,3,True,f,8192,0,0,0,
plm,sesame_character,sesame_character_pkey,"CREATE UNIQUE INDEX sesame_character_pkey ON plm.sesame_character USING btree (capture_id, field_generation, value_key)",True,True,True,True,False,False,3,3,True,f,8192,0,0,0,
dflow_prod,users,users_pkey,CREATE UNIQUE INDEX users_pkey ON dflow_prod.users USING btree (id),True,True,True,True,False,False,1,1,True,f,8192,0,0,0,
dflow_prod,merchGroup,merchGroup_pkey,"CREATE UNIQUE INDEX ""merchGroup_pkey"" ON dflow_prod.""merchGroup"" USING btree (mg_id)",True,True,True,True,False,False,1,1,True,f,8192,0,0,0,
pim,customer_order,pim_customer_order_project_id_idx,CREATE INDEX pim_customer_order_project_id_idx ON pim.customer_order USING btree (project_id) WHERE (project_id IS NOT NULL),False,False,True,True,True,False,1,1,False,,8192,0,0,0,
dam,popsg_property_resolution,popsg_property_resolution_pkey,CREATE UNIQUE INDEX popsg_property_resolution_pkey ON dam.popsg_property_resolution USING btree (id),True,True,True,True,False,False,1,1,True,f,8192,0,0,0,
dam,popsg_property_resolution,popsg_property_resolution_pkey,CREATE UNIQUE INDEX popsg_property_resolution_pkey ON dam.popsg_property_resolution USING btree (id),True,True,True,True,False,False,1,1,True,p,8192,0,0,0,
pim,customer_order,customer_order_external_source_external_id_key,"CREATE UNIQUE INDEX customer_order_external_source_external_id_key ON pim.customer_order USING btree (external_source, external_id) NULLS NOT DISTINCT",True,False,True,True,False,False,2,2,True,u,8192,0,0,0,
dflow_prod,merchGroup,merchGroup_pkey,"CREATE UNIQUE INDEX ""merchGroup_pkey"" ON dflow_prod.""merchGroup"" USING btree (mg_id)",True,True,True,True,False,False,1,1,True,f,8192,0,0,0,
core,property_alias,property_alias_pkey,CREATE UNIQUE INDEX property_alias_pkey ON core.property_alias USING btree (id),True,True,True,True,False,False,1,1,True,p,8192,0,0,0,
coldlion,window_ledger,coldlion_window_ledger_last_run_idx,CREATE INDEX coldlion_window_ledger_last_run_idx ON coldlion.window_ledger USING btree (last_run_id),False,False,True,True,False,False,1,1,False,,8192,0,0,0,
dflow_prod,art_piece,art_piece_updated_by_fkey,CREATE INDEX art_piece_updated_by_fkey ON dflow_prod.art_piece USING btree (updated_by),False,False,True,True,False,False,1,1,False,,8192,0,0,0,
plm,coldlion_promotion_quarantine,coldlion_promotion_quarantine_pkey,CREATE UNIQUE INDEX coldlion_promotion_quarantine_pkey ON plm.coldlion_promotion_quarantine USING btree (id),True,True,True,True,False,False,1,1,True,p,8192,0,0,0,
auth,mfa_factors,unique_phone_factor_per_user,"CREATE UNIQUE INDEX unique_phone_factor_per_user ON auth.mfa_factors USING btree (user_id, phone)",True,False,True,True,False,False,2,2,False,,8192,14617,0,0,2026-09-04 17:22:29.369229-04
dflow,itemDetail,idx_itemdetail_coldlion_identity,"CREATE INDEX idx_itemdetail_coldlion_identity ON dflow.""itemDetail"" USING btree (item_num_id, compan_code_fk, div_code_fk) WHERE (item_num_id IS NOT NULL)",False,False,True,True,True,False,3,3,False,,8192,0,0,0,
plm,coldlion_promotion_audit,coldlion_promotion_audit_pkey,CREATE UNIQUE INDEX coldlion_promotion_audit_pkey ON plm.coldlion_promotion_audit USING btree (id),True,True,True,True,False,False,1,1,True,p,8192,0,0,0,
plm,wwe_character_evidence,idx_wwe_character_evidence_folder,"CREATE INDEX idx_wwe_character_evidence_folder ON plm.wwe_character_evidence USING btree (capture_id, folder_source_id) WHERE (folder_source_id IS NOT NULL)",False,False,True,True,True,False,2,2,False,,8192,0,0,0,
core,style_guide,style_guide_pkey,CREATE UNIQUE INDEX style_guide_pkey ON core.style_guide USING btree (id),True,True,True,True,False,False,1,1,True,f,8192,0,0,0,
coldlion,change_log,coldlion_change_log_run_idx,CREATE INDEX coldlion_change_log_run_idx ON coldlion.change_log USING btree (run_id),False,False,True,True,False,False,1,1,False,,8192,0,0,0,
auth,oauth_consents,oauth_consents_pkey,CREATE UNIQUE INDEX oauth_consents_pkey ON auth.oauth_consents USING btree (id),True,True,True,True,False,False,1,1,True,p,8192,0,0,0,
dflow_prod,artist_types,artist_types_pkey,CREATE UNIQUE INDEX artist_types_pkey ON dflow_prod.artist_types USING btree (id),True,True,True,True,False,False,1,1,True,f,8192,0,0,0,
dflow_prod,users,users_pkey,CREATE UNIQUE INDEX users_pkey ON dflow_prod.users USING btree (id),True,True,True,True,False,False,1,1,True,f,8192,0,0,0,
dflow_prod,divisionCode,DivisionCode_pkey,"CREATE UNIQUE INDEX ""DivisionCode_pkey"" ON dflow_prod.""divisionCode"" USING btree (""divCode_id"")",True,True,True,True,False,False,1,1,True,f,8192,0,0,0,
dflow_archive,AuditLog,AuditLog_record_date_idx,"CREATE INDEX ""AuditLog_record_date_idx"" ON dflow_archive.""AuditLog"" USING btree (""moduleName"", ref_id_fk, ""actionDate"" DESC, id DESC)",False,False,True,True,False,False,4,4,False,,8192,0,0,0,
core,style_guide_character,style_guide_character_pkey,"CREATE UNIQUE INDEX style_guide_character_pkey ON core.style_guide_character USING btree (style_guide_id, character_id)",True,True,True,True,False,False,2,2,True,p,8192,0,0,0,
plm,sesame_sub_brand,sesame_sub_brand_value_idx,"CREATE INDEX sesame_sub_brand_value_idx ON plm.sesame_sub_brand USING btree (capture_id, value_key)",False,False,True,True,False,False,2,2,False,,8192,0,0,0,
core,style_guide,style_guide_pkey,CREATE UNIQUE INDEX style_guide_pkey ON core.style_guide USING btree (id),True,True,True,True,False,False,1,1,True,f,8192,0,0,0,
dflow_prod,age_group,age_group_pkey,CREATE UNIQUE INDEX age_group_pkey ON dflow_prod.age_group USING btree (id),True,True,True,True,False,False,1,1,True,p,8192,0,0,0,
plm,art_piece_item,plm_art_piece_item_item_idx,CREATE INDEX plm_art_piece_item_item_idx ON plm.art_piece_item USING btree (item_id),False,False,True,True,False,False,1,1,False,,8192,0,0,0,
core,style_guide,style_guide_licensor_id_name_key,"CREATE UNIQUE INDEX style_guide_licensor_id_name_key ON core.style_guide USING btree (licensor_id, name) NULLS NOT DISTINCT",True,False,True,True,False,False,2,2,True,u,8192,0,0,0,
dflow_prod,age_group,age_group_updated_by_fkey,CREATE INDEX age_group_updated_by_fkey ON dflow_prod.age_group USING btree (updated_by),False,False,True,True,False,False,1,1,False,,8192,0,0,0,
core,style_guide,style_guide_pkey,CREATE UNIQUE INDEX style_guide_pkey ON core.style_guide USING btree (id),True,True,True,True,False,False,1,1,True,p,8192,0,0,0,
dflow_prod,UIElements,UIElements_pkey,"CREATE UNIQUE INDEX ""UIElements_pkey"" ON dflow_prod.""UIElements"" USING btree (""Id"")",True,True,True,True,False,False,1,1,True,p,8192,0,0,0,
plm,taxonomy_circuit_breaker_event,taxonomy_circuit_breaker_event_pkey,CREATE UNIQUE INDEX taxonomy_circuit_breaker_event_pkey ON plm.taxonomy_circuit_breaker_event USING btree (id),True,True,True,True,False,False,1,1,True,p,8192,0,0,0,
pim,product,pim_product_design_id_idx,CREATE INDEX pim_product_design_id_idx ON pim.product USING btree (design_id) WHERE (design_id IS NOT NULL),False,False,True,True,True,False,1,1,False,,8192,0,0,0,
plm,licensing_feedback,licensing_feedback_pkey,CREATE UNIQUE INDEX licensing_feedback_pkey ON plm.licensing_feedback USING btree (id),True,True,True,True,False,False,1,1,True,p,8192,0,0,0,
plm,licensing_feedback,licensing_feedback_source_system_source_id_key,"CREATE UNIQUE INDEX licensing_feedback_source_system_source_id_key ON plm.licensing_feedback USING btree (source_system, source_id) NULLS NOT DISTINCT",True,False,True,True,False,False,2,2,True,u,8192,0,0,0,
dflow_prod,AdditionalUserEmail,AdditionalUserEmail_pkey,"CREATE UNIQUE INDEX ""AdditionalUserEmail_pkey"" ON dflow_prod.""AdditionalUserEmail"" USING btree (id)",True,True,True,True,False,False,1,1,True,p,8192,0,0,0,
dflow_prod,AuditLog,AuditLog_pkey,"CREATE UNIQUE INDEX ""AuditLog_pkey"" ON dflow_prod.""AuditLog"" USING btree (id)",True,True,True,True,False,False,1,1,True,p,8192,0,0,0,
dflow_prod,ContainerHeader,ContainerHeader_pkey,"CREATE UNIQUE INDEX ""ContainerHeader_pkey"" ON dflow_prod.""ContainerHeader"" USING btree (id)",True,True,True,True,False,False,1,1,True,p,8192,0,0,0,
dflow_prod,DesignTeamTime,DesignTeamTime_pkey,"CREATE UNIQUE INDEX ""DesignTeamTime_pkey"" ON dflow_prod.""DesignTeamTime"" USING btree (id)",True,True,True,True,False,False,1,1,True,p,8192,0,0,0,
dflow_prod,DesignTeamTimes,DesignTeamTimes_pkey,"CREATE UNIQUE INDEX ""DesignTeamTimes_pkey"" ON dflow_prod.""DesignTeamTimes"" USING btree (id)",True,True,True,True,False,False,1,1,True,p,8192,0,0,0,
dflow_prod,divisionCode,DivisionCode_pkey,"CREATE UNIQUE INDEX ""DivisionCode_pkey"" ON dflow_prod.""divisionCode"" USING btree (""divCode_id"")",True,True,True,True,False,False,1,1,True,p,8192,0,0,0,
dflow_prod,FOBCountry,FOBCountry_pkey,"CREATE UNIQUE INDEX ""FOBCountry_pkey"" ON dflow_prod.""FOBCountry"" USING btree (""FOBCountry_id"")",True,True,True,True,False,False,1,1,True,p,8192,0,0,0,
dflow_prod,FactoryTime,FactoryTime_pkey,"CREATE UNIQUE INDEX ""FactoryTime_pkey"" ON dflow_prod.""FactoryTime"" USING btree (id)",True,True,True,True,False,False,1,1,True,p,8192,0,0,0,
dflow_prod,FactoryTimes,FactoryTimes_pkey,"CREATE UNIQUE INDEX ""FactoryTimes_pkey"" ON dflow_prod.""FactoryTimes"" USING btree (id)",True,True,True,True,False,False,1,1,True,p,8192,0,0,0,
dflow_prod,Factory,Factory_pkey,"CREATE UNIQUE INDEX ""Factory_pkey"" ON dflow_prod.""Factory"" USING btree (id)",True,True,True,True,False,False,1,1,True,p,8192,0,0,0,
dflow_prod,GridChildrenLayoutOrder,GridChildrenLayoutOrder_pkey,"CREATE UNIQUE INDEX ""GridChildrenLayoutOrder_pkey"" ON dflow_prod.""GridChildrenLayoutOrder"" USING btree (id)",True,True,True,True,False,False,1,1,True,p,8192,0,0,0,
dflow_prod,GridChildrenLayout,GridChildrenLayout_pkey,"CREATE UNIQUE INDEX ""GridChildrenLayout_pkey"" ON dflow_prod.""GridChildrenLayout"" USING btree (field)",True,True,True,True,False,False,1,1,True,p,8192,0,0,0,
dflow_prod,GridViewState,GridViewState_pkey,"CREATE UNIQUE INDEX ""GridViewState_pkey"" ON dflow_prod.""GridViewState"" USING btree (id)",True,True,True,True,False,False,1,1,True,p,8192,0,0,0,
dflow_prod,LicenseFeedBacks,LicenseFeedBacks_pkey,"CREATE UNIQUE INDEX ""LicenseFeedBacks_pkey"" ON dflow_prod.""LicenseFeedBacks"" USING btree (id)",True,True,True,True,False,False,1,1,True,p,8192,0,0,0,
dflow_prod,LicensingTime,LicensingTime_pkey,"CREATE UNIQUE INDEX ""LicensingTime_pkey"" ON dflow_prod.""LicensingTime"" USING btree (id)",True,True,True,True,False,False,1,1,True,p,8192,0,0,0,
dflow_prod,LicensingTimes,LicensingTimes_pkey,"CREATE UNIQUE INDEX ""LicensingTimes_pkey"" ON dflow_prod.""LicensingTimes"" USING btree (id)",True,True,True,True,False,False,1,1,True,p,8192,0,0,0,
dflow_prod,OrderLeadTime,OrderLeadTime_pkey,"CREATE UNIQUE INDEX ""OrderLeadTime_pkey"" ON dflow_prod.""OrderLeadTime"" USING btree (order_id)",True,True,True,True,False,False,1,1,True,p,8192,0,0,0,
dflow_prod,ProdOrderDetail,ProdOrderDetail_pkey1,"CREATE UNIQUE INDEX ""ProdOrderDetail_pkey1"" ON dflow_prod.""ProdOrderDetail"" USING btree (pkey)",True,True,True,True,False,False,1,1,True,p,8192,0,0,0,
dflow_prod,ProdOrderHeader,ProdOrderHeader_pkey,"CREATE UNIQUE INDEX ""ProdOrderHeader_pkey"" ON dflow_prod.""ProdOrderHeader"" USING btree (""prodOrderNo"")",True,True,True,True,False,False,1,1,True,p,8192,0,0,0,
dflow_prod,ProdShipmentTransitTime,ProdShipmentTransitTime_pkey,"CREATE UNIQUE INDEX ""ProdShipmentTransitTime_pkey"" ON dflow_prod.""ProdShipmentTransitTime"" USING btree (id)",True,True,True,True,False,False,1,1,True,p,8192,0,0,0,
dflow_prod,ProductNickname,ProductNickname_pkey,"CREATE UNIQUE INDEX ""ProductNickname_pkey"" ON dflow_prod.""ProductNickname"" USING btree (id)",True,True,True,True,False,False,1,1,True,p,8192,0,0,0,
dflow_prod,RFQContainer,RFQContainer_pkey,"CREATE UNIQUE INDEX ""RFQContainer_pkey"" ON dflow_prod.""RFQContainer"" USING btree (""RFQContainer_id"")",True,True,True,True,False,False,1,1,True,p,8192,0,0,0,
dflow_prod,GridAccessLevel,RFQCustomLayout_pkey,"CREATE UNIQUE INDEX ""RFQCustomLayout_pkey"" ON dflow_prod.""GridAccessLevel"" USING btree (id)",True,True,True,True,False,False,1,1,True,p,8192,0,0,0,
dflow_prod,RFQGroup,RFQGroup_pkey,"CREATE UNIQUE INDEX ""RFQGroup_pkey"" ON dflow_prod.""RFQGroup"" USING btree (""RFQGroup_id"")",True,True,True,True,False,False,1,1,True,p,8192,0,0,0,
dflow_prod,users,users_pkey,CREATE UNIQUE INDEX users_pkey ON dflow_prod.users USING btree (id),True,True,True,True,False,False,1,1,True,f,8192,0,0,0,
dflow_prod,RFQItem,RFQItem_pkey,"CREATE UNIQUE INDEX ""RFQItem_pkey"" ON dflow_prod.""RFQItem"" USING btree (""rfqItem_id"")",True,True,True,True,False,False,1,1,True,f,8192,0,0,0,
dflow_prod,itemHeader,itemHeader_pkey,"CREATE UNIQUE INDEX ""itemHeader_pkey"" ON dflow_prod.""itemHeader"" USING btree (item_id_pk)",True,True,True,True,False,False,1,1,True,f,8192,0,0,0,
dflow_prod,dflow_prod.properties_and_characters,properties_and_characters_pkey,CREATE UNIQUE INDEX properties_and_characters_pkey ON dflow_prod.properties_and_characters USING btree (id),True,True,True,True,False,False,1,1,True,f,8192,0,0,0,
dflow_prod,itemHeader,itemHeader_pkey,"CREATE UNIQUE INDEX ""itemHeader_pkey"" ON dflow_prod.""itemHeader"" USING btree (item_id_pk)",True,True,True,True,False,False,1,1,True,f,8192,0,0,0,
dflow_prod,itemHeader,itemHeader_pkey,"CREATE UNIQUE INDEX ""itemHeader_pkey"" ON dflow_prod.""itemHeader"" USING btree (item_id_pk)",True,True,True,True,False,False,1,1,True,f,8192,0,0,0,
dflow_prod,ProdOrderDetail,ProdOrderDetail_pkey1,"CREATE UNIQUE INDEX ""ProdOrderDetail_pkey1"" ON dflow_prod.""ProdOrderDetail"" USING btree (pkey)",True,True,True,True,False,False,1,1,True,f,8192,0,0,0,
dflow_prod,licensingStatus,licensingStatus_pkey,"CREATE UNIQUE INDEX ""licensingStatus_pkey"" ON dflow_prod.""licensingStatus"" USING btree (id)",True,True,True,True,False,False,1,1,True,f,8192,0,0,0,
dflow_prod,groups,groups_pkey,CREATE UNIQUE INDEX groups_pkey ON dflow_prod.groups USING btree (id),True,True,True,True,False,False,1,1,True,f,8192,0,0,0,
dflow_prod,merchGroupMaster,merchGroupMaster_pkey,"CREATE UNIQUE INDEX ""merchGroupMaster_pkey"" ON dflow_prod.""merchGroupMaster"" USING btree (mg_id)",True,True,True,True,False,False,1,1,True,f,8192,0,0,0,
dflow_prod,merchGroupMaster,merchGroupMaster_pkey,"CREATE UNIQUE INDEX ""merchGroupMaster_pkey"" ON dflow_prod.""merchGroupMaster"" USING btree (mg_id)",True,True,True,True,False,False,1,1,True,f,8192,0,0,0,
dflow_prod,merchGroupMaster,merchGroupMaster_pkey,"CREATE UNIQUE INDEX ""merchGroupMaster_pkey"" ON dflow_prod.""merchGroupMaster"" USING btree (mg_id)",True,True,True,True,False,False,1,1,True,f,8192,0,0,0,
dflow_prod,itemHeader,itemHeader_pkey,"CREATE UNIQUE INDEX ""itemHeader_pkey"" ON dflow_prod.""itemHeader"" USING btree (item_id_pk)",True,True,True,True,False,False,1,1,True,f,8192,0,0,0,
dflow_prod,users,users_pkey,CREATE UNIQUE INDEX users_pkey ON dflow_prod.users USING btree (id),True,True,True,True,False,False,1,1,True,f,8192,0,0,0,
dflow_prod,licenseList,licenseList_pkey,"CREATE UNIQUE INDEX ""licenseList_pkey"" ON dflow_prod.""licenseList"" USING btree (""licenseList_id"")",True,True,True,True,False,False,1,1,True,f,8192,0,0,0,
dflow_prod,dflow_prod.properties_and_characters,properties_and_characters_pkey,CREATE UNIQUE INDEX properties_and_characters_pkey ON dflow_prod.properties_and_characters USING btree (id),True,True,True,True,False,False,1,1,True,f,8192,0,0,0,
dflow_prod,licenseList,licenseList_pkey,"CREATE UNIQUE INDEX ""licenseList_pkey"" ON dflow_prod.""licenseList"" USING btree (""licenseList_id"")",True,True,True,True,False,False,1,1,True,f,8192,0,0,0,
dflow_prod,dflow_prod.properties_and_characters,properties_and_characters_pkey,CREATE UNIQUE INDEX properties_and_characters_pkey ON dflow_prod.properties_and_characters USING btree (id),True,True,True,True,False,False,1,1,True,f,8192,0,0,0,
dflow_prod,sample,sample_pkey,CREATE UNIQUE INDEX sample_pkey ON dflow_prod.sample USING btree (sample_id_pk),True,True,True,True,False,False,1,1,True,f,8192,0,0,0,
dflow_prod,sample_box,sample_box_pkey,CREATE UNIQUE INDEX sample_box_pkey ON dflow_prod.sample_box USING btree (box_id_pk),True,True,True,True,False,False,1,1,True,f,8192,0,0,0,
dflow_prod,sample,sample_pkey,CREATE UNIQUE INDEX sample_pkey ON dflow_prod.sample USING btree (sample_id_pk),True,True,True,True,False,False,1,1,True,f,8192,0,0,0,
dflow_prod,users,users_pkey,CREATE UNIQUE INDEX users_pkey ON dflow_prod.users USING btree (id),True,True,True,True,False,False,1,1,True,f,8192,0,0,0,
dflow_prod,sample,sample_pkey,CREATE UNIQUE INDEX sample_pkey ON dflow_prod.sample USING btree (sample_id_pk),True,True,True,True,False,False,1,1,True,f,8192,0,0,0,
dflow_prod,sample_factory_group,sample_factory_group_pkey,CREATE UNIQUE INDEX sample_factory_group_pkey ON dflow_prod.sample_factory_group USING btree (factory_group_id_pk),True,True,True,True,False,False,1,1,True,f,8192,0,0,0,
dflow_prod,sample_box,sample_box_pkey,CREATE UNIQUE INDEX sample_box_pkey ON dflow_prod.sample_box USING btree (box_id_pk),True,True,True,True,False,False,1,1,True,f,8192,0,0,0,
dflow_prod,sample,sample_pkey,CREATE UNIQUE INDEX sample_pkey ON dflow_prod.sample USING btree (sample_id_pk),True,True,True,True,False,False,1,1,True,f,8192,0,0,0,
dflow_archive,AuditLog,AuditLog_pkey,"CREATE UNIQUE INDEX ""AuditLog_pkey"" ON dflow_archive.""AuditLog"" USING btree (id)",True,True,True,True,False,False,1,1,True,p,8192,0,0,0,
coldlion,item_header,item_header_pkey,"CREATE UNIQUE INDEX item_header_pkey ON coldlion.item_header USING btree (company_code, division_code, item_no)",True,True,True,True,False,False,3,3,True,p,8192,0,0,0,
coldlion,sync_run,sync_run_pkey,CREATE UNIQUE INDEX sync_run_pkey ON coldlion.sync_run USING btree (id),True,True,True,True,False,False,1,1,True,f,8192,0,0,0,
coldlion,merch_group_header,merch_group_header_pkey,"CREATE UNIQUE INDEX merch_group_header_pkey ON coldlion.merch_group_header USING btree (company_code, division_code, mg_type_code)",True,True,True,True,False,False,3,3,True,p,8192,0,0,0,
coldlion,sync_run,sync_run_pkey,CREATE UNIQUE INDEX sync_run_pkey ON coldlion.sync_run USING btree (id),True,True,True,True,False,False,1,1,True,f,8192,0,0,0,
coldlion,merch_group_detail,merch_group_detail_pkey,"CREATE UNIQUE INDEX merch_group_detail_pkey ON coldlion.merch_group_detail USING btree (company_code, division_code, mg_type_code, mg_code)",True,True,True,True,False,False,4,4,True,p,8192,0,0,0,
coldlion,sync_run,sync_run_pkey,CREATE UNIQUE INDEX sync_run_pkey ON coldlion.sync_run USING btree (id),True,True,True,True,False,False,1,1,True,f,8192,0,0,0,
coldlion,merch_group_header,merch_group_header_pkey,"CREATE UNIQUE INDEX merch_group_header_pkey ON coldlion.merch_group_header USING btree (company_code, division_code, mg_type_code)",True,True,True,True,False,False,3,3,True,f,8192,0,0,0,
coldlion,item_merch_group,item_merch_group_pkey,"CREATE UNIQUE INDEX item_merch_group_pkey ON coldlion.item_merch_group USING btree (company_code, division_code, item_no, slot_no)",True,True,True,True,False,False,4,4,True,p,8192,0,0,0,
coldlion,sync_run,sync_run_pkey,CREATE UNIQUE INDEX sync_run_pkey ON coldlion.sync_run USING btree (id),True,True,True,True,False,False,1,1,True,f,8192,0,0,0,
coldlion,item_header,item_header_pkey,"CREATE UNIQUE INDEX item_header_pkey ON coldlion.item_header USING btree (company_code, division_code, item_no)",True,True,True,True,False,False,3,3,True,f,8192,0,0,0,
coldlion,item_detail,item_detail_pkey,"CREATE UNIQUE INDEX item_detail_pkey ON coldlion.item_detail USING btree (company_code, division_code, item_no, item_pkey)",True,True,True,True,False,False,4,4,True,p,8192,0,0,0,
coldlion,sync_run,sync_run_pkey,CREATE UNIQUE INDEX sync_run_pkey ON coldlion.sync_run USING btree (id),True,True,True,True,False,False,1,1,True,f,8192,0,0,0,
coldlion,item_header,item_header_pkey,"CREATE UNIQUE INDEX item_header_pkey ON coldlion.item_header USING btree (company_code, division_code, item_no)",True,True,True,True,False,False,3,3,True,f,8192,0,0,0,
coldlion,order_history_line,order_history_line_sales_order_no_item_no_label_code_line_s_key,"CREATE UNIQUE INDEX order_history_line_sales_order_no_item_no_label_code_line_s_key ON coldlion.order_history_line USING btree (sales_order_no, item_no, label_code, line_source_hash) NULLS NOT DISTINCT",True,False,True,True,False,False,4,4,True,u,8192,0,0,0,
coldlion,sync_run,sync_run_pkey,CREATE UNIQUE INDEX sync_run_pkey ON coldlion.sync_run USING btree (id),True,True,True,True,False,False,1,1,True,f,8192,0,0,0,
coldlion,order_history_component,order_history_component_sales_order_no_item_no_label_code_s_key,"CREATE UNIQUE INDEX order_history_component_sales_order_no_item_no_label_code_s_key ON coldlion.order_history_component USING btree (sales_order_no, item_no, label_code, sub_item_no, component_source_hash) NULLS NOT DISTINCT",True,False,True,True,False,False,5,5,True,u,8192,0,0,0,
coldlion,sync_run,sync_run_pkey,CREATE UNIQUE INDEX sync_run_pkey ON coldlion.sync_run USING btree (id),True,True,True,True,False,False,1,1,True,f,8192,0,0,0,
coldlion,prod_history_line,prod_history_line_prod_order_no_prod_line_seq_stage_code_li_key,"CREATE UNIQUE INDEX prod_history_line_prod_order_no_prod_line_seq_stage_code_li_key ON coldlion.prod_history_line USING btree (prod_order_no, prod_line_seq, stage_code, line_source_hash)",True,False,True,True,False,False,4,4,True,u,8192,0,0,0,
coldlion,sync_run,sync_run_pkey,CREATE UNIQUE INDEX sync_run_pkey ON coldlion.sync_run USING btree (id),True,True,True,True,False,False,1,1,True,f,8192,0,0,0,
coldlion,prod_history_component,prod_history_component_prod_order_no_prod_line_seq_stage_co_key,"CREATE UNIQUE INDEX prod_history_component_prod_order_no_prod_line_seq_stage_co_key ON coldlion.prod_history_component USING btree (prod_order_no, prod_line_seq, stage_code, prepack_item_no, component_source_hash)",True,False,True,True,False,False,5,5,True,u,8192,0,0,0,
coldlion,sync_run,sync_run_pkey,CREATE UNIQUE INDEX sync_run_pkey ON coldlion.sync_run USING btree (id),True,True,True,True,False,False,1,1,True,f,8192,0,0,0,
coldlion,prod_history_last_lookup,prod_history_last_lookup_prod_order_no_prod_line_seq_stage__key,"CREATE UNIQUE INDEX prod_history_last_lookup_prod_order_no_prod_line_seq_stage__key ON coldlion.prod_history_last_lookup USING btree (prod_order_no, prod_line_seq, stage_code, lookup_source_hash)",True,False,True,True,False,False,4,4,True,u,8192,0,0,0,
coldlion,sync_run,sync_run_pkey,CREATE UNIQUE INDEX sync_run_pkey ON coldlion.sync_run USING btree (id),True,True,True,True,False,False,1,1,True,f,8192,0,0,0,
coldlion,customer,customer_pkey,"CREATE UNIQUE INDEX customer_pkey ON coldlion.customer USING btree (company_code, customer_code)",True,True,True,True,False,False,2,2,True,p,8192,0,0,0,
coldlion,sync_run,sync_run_pkey,CREATE UNIQUE INDEX sync_run_pkey ON coldlion.sync_run USING btree (id),True,True,True,True,False,False,1,1,True,f,8192,0,0,0,
coldlion,vendor,vendor_pkey,"CREATE UNIQUE INDEX vendor_pkey ON coldlion.vendor USING btree (company_code, vendor_code)",True,True,True,True,False,False,2,2,True,p,8192,0,0,0,
coldlion,sync_run,sync_run_pkey,CREATE UNIQUE INDEX sync_run_pkey ON coldlion.sync_run USING btree (id),True,True,True,True,False,False,1,1,True,f,8192,0,0,0,
ingest,dedupe_candidate,dedupe_candidate_pkey,CREATE UNIQUE INDEX dedupe_candidate_pkey ON ingest.dedupe_candidate USING btree (id),True,True,True,True,False,False,1,1,True,p,8192,0,0,0,
plm,sesame_brand,sesame_brand_value_idx,"CREATE INDEX sesame_brand_value_idx ON plm.sesame_brand USING btree (capture_id, value_key)",False,False,True,True,False,False,2,2,False,,8192,0,0,0,
storage,vector_indexes,vector_indexes_name_bucket_id_idx,"CREATE UNIQUE INDEX vector_indexes_name_bucket_id_idx ON storage.vector_indexes USING btree (name, bucket_id)",True,False,True,True,False,False,2,2,False,,8192,0,0,0,
plm,coldlion_promotion_quarantine,plm_coldlion_promotion_quarantine_open_idx,CREATE INDEX plm_coldlion_promotion_quarantine_open_idx ON plm.coldlion_promotion_quarantine USING btree (detected_at DESC) WHERE (resolved_at IS NULL),False,False,True,True,True,False,1,1,False,,8192,0,0,0,
dflow_prod,divisionCode,DivisionCode_pkey,"CREATE UNIQUE INDEX ""DivisionCode_pkey"" ON dflow_prod.""divisionCode"" USING btree (""divCode_id"")",True,True,True,True,False,False,1,1,True,f,8192,0,0,0,
dflow_prod,StandardizedDetail,StandardizedDetail_pkey,"CREATE UNIQUE INDEX ""StandardizedDetail_pkey"" ON dflow_prod.""StandardizedDetail"" USING btree (id)",True,True,True,True,False,False,1,1,True,p,8192,0,0,0,
dflow_prod,StandardizedProductType,StandardizedProduct_pkey,"CREATE UNIQUE INDEX ""StandardizedProduct_pkey"" ON dflow_prod.""StandardizedProductType"" USING btree (id)",True,True,True,True,False,False,1,1,True,p,8192,0,0,0,
dflow_prod,StandardizedProductElement,StandardizedProductElement_pkey,"CREATE UNIQUE INDEX ""StandardizedProductElement_pkey"" ON dflow_prod.""StandardizedProductElement"" USING btree (id)",True,True,True,True,False,False,1,1,True,p,8192,0,0,0,
public,hts_rag_extraction_jobs,hts_rag_extraction_jobs_idempotency_idx,"CREATE UNIQUE INDEX hts_rag_extraction_jobs_idempotency_idx ON public.hts_rag_extraction_jobs USING btree (product_example_id, prompt_version, model_version, extraction_version, input_hash)",True,False,True,True,False,False,5,5,False,,8192,0,0,0,
auth,oauth_consents,oauth_consents_active_client_idx,CREATE INDEX oauth_consents_active_client_idx ON auth.oauth_consents USING btree (client_id) WHERE (revoked_at IS NULL),False,False,True,True,True,False,1,1,False,,8192,0,0,0,
dflow_prod,ShippingPort,ShippingPort_pkey,"CREATE UNIQUE INDEX ""ShippingPort_pkey"" ON dflow_prod.""ShippingPort"" USING btree (id)",True,True,True,True,False,False,1,1,True,p,8192,0,0,0,
dflow_prod,grid_cell_notes,grid_cell_notes_pkey,CREATE UNIQUE INDEX grid_cell_notes_pkey ON dflow_prod.grid_cell_notes USING btree (id),True,True,True,True,False,False,1,1,True,p,8192,0,0,0,
auth,webauthn_challenges,webauthn_challenges_user_id_idx,CREATE INDEX webauthn_challenges_user_id_idx ON auth.webauthn_challenges USING btree (user_id),False,False,True,True,False,False,1,1,False,,8192,0,0,0,
public,hts_rag_precedents,hts_rag_precedents_extraction_idempotency_idx,"CREATE UNIQUE INDEX hts_rag_precedents_extraction_idempotency_idx ON public.hts_rag_precedents USING btree (fixture_version, prompt_version, classifier_model, verifier_model, extraction_version, fixture_hash, input_hash, raw_result_hash)",True,False,True,True,False,False,8,8,False,,8192,0,0,0,
plm,sesame_capture,sesame_capture_capture_key_key,CREATE UNIQUE INDEX sesame_capture_capture_key_key ON plm.sesame_capture USING btree (capture_key),True,False,True,True,False,False,1,1,True,u,8192,0,0,0,
plm,licensing_status,licensing_status_pkey,CREATE UNIQUE INDEX licensing_status_pkey ON plm.licensing_status USING btree (id),True,True,True,True,False,False,1,1,True,f,8192,0,0,0,
dflow_prod,users,users_pkey,CREATE UNIQUE INDEX users_pkey ON dflow_prod.users USING btree (id),True,True,True,True,False,False,1,1,True,f,8192,0,0,0,
dflow_prod,merchGroup,merchGroup_pkey,"CREATE UNIQUE INDEX ""merchGroup_pkey"" ON dflow_prod.""merchGroup"" USING btree (mg_id)",True,True,True,True,False,False,1,1,True,f,8192,0,0,0,
coldlion,sync_run,sync_run_pkey,CREATE UNIQUE INDEX sync_run_pkey ON coldlion.sync_run USING btree (id),True,True,True,True,False,False,1,1,True,f,8192,0,0,0,
plm,twentieth_century_dcp_crawl_gap,idx_twentieth_century_dcp_crawl_gap_section,CREATE INDEX idx_twentieth_century_dcp_crawl_gap_section ON plm.twentieth_century_dcp_crawl_gap USING btree (crawl_section_id),False,False,True,True,False,False,1,1,False,,8192,0,0,0,
dflow_prod,UDFTable,UDFTable_pkey,"CREATE UNIQUE INDEX ""UDFTable_pkey"" ON dflow_prod.""UDFTable"" USING btree (""UDFTable_id"")",True,True,True,True,False,False,1,1,True,p,8192,0,0,0,
plm,taxonomy_parallel_observation,taxonomy_parallel_observation_pkey,CREATE UNIQUE INDEX taxonomy_parallel_observation_pkey ON plm.taxonomy_parallel_observation USING btree (id),True,True,True,True,False,False,1,1,True,f,8192,0,0,0,
public,style_group_tags,style_group_tags_pkey,CREATE UNIQUE INDEX style_group_tags_pkey ON public.style_group_tags USING btree (id),True,True,True,True,False,False,1,1,True,p,8192,0,0,0,
public,style_group_tags,style_group_tags_unique,"CREATE UNIQUE INDEX style_group_tags_unique ON public.style_group_tags USING btree (style_group_id, tag)",True,False,True,True,False,False,2,2,True,u,8192,32524,0,0,2026-09-03 03:03:53.553889-04
dflow_prod,SeasonCode,SeasonCode_pkey,"CREATE UNIQUE INDEX ""SeasonCode_pkey"" ON dflow_prod.""SeasonCode"" USING btree (id)",True,True,True,True,False,False,1,1,True,p,8192,0,0,0,
coldlion,change_log,change_log_pkey,CREATE UNIQUE INDEX change_log_pkey ON coldlion.change_log USING btree (id),True,True,True,True,False,False,1,1,True,p,8192,0,0,0,
coldlion,window_ledger,window_ledger_pkey,CREATE UNIQUE INDEX window_ledger_pkey ON coldlion.window_ledger USING btree (id),True,True,True,True,False,False,1,1,True,p,8192,0,0,0,
dflow,item_user_assignment,item_user_assignment_one_active,"CREATE UNIQUE INDEX item_user_assignment_one_active ON dflow.item_user_assignment USING btree (rfq_item_id, function_key, user_id) WHERE (effective_to IS NULL)",True,False,True,True,True,False,3,3,False,,8192,0,0,0,
public,hts_rag_precedent_rulings,hts_rag_precedent_rulings_ruling_idx,CREATE INDEX hts_rag_precedent_rulings_ruling_idx ON public.hts_rag_precedent_rulings USING btree (ruling_id),False,False,True,True,False,False,1,1,False,,8192,0,0,0,
dflow,item_workflow_action,item_workflow_action_item_time,"CREATE INDEX item_workflow_action_item_time ON dflow.item_workflow_action USING btree (rfq_item_id, occurred_at, id)",False,False,True,True,False,False,3,3,False,,8192,0,0,0,
plm,twentieth_century_dcp_metadata_asset,idx_twentieth_century_dcp_metadata_asset_asset,CREATE INDEX idx_twentieth_century_dcp_metadata_asset_asset ON plm.twentieth_century_dcp_metadata_asset USING btree (twentieth_century_dcp_asset_id),False,False,True,True,False,False,1,1,False,,8192,0,0,0,
dflow_prod,UDFQuery,UDFQuery_pkey,"CREATE UNIQUE INDEX ""UDFQuery_pkey"" ON dflow_prod.""UDFQuery"" USING btree (""UDFQuery_column_name"")",True,True,True,True,False,False,1,1,True,p,8192,0,0,0,
dam,style_group,dam_style_group_sku_idx,CREATE INDEX dam_style_group_sku_idx ON dam.style_group USING btree (sku),False,False,True,True,False,False,1,1,False,,8192,0,0,0,
app,comment,comment_pkey,CREATE UNIQUE INDEX comment_pkey ON app.comment USING btree (id),True,True,True,True,False,False,1,1,True,f,8192,0,0,0,
dflow_prod,users,users_pkey,CREATE UNIQUE INDEX users_pkey ON dflow_prod.users USING btree (id),True,True,True,True,False,False,1,1,True,f,8192,0,0,0,
plm,sesame_category,sesame_category_pkey,"CREATE UNIQUE INDEX sesame_category_pkey ON plm.sesame_category USING btree (capture_id, category_source_id)",True,True,True,True,False,False,2,2,True,f,8192,0,0,0,
plm,twentieth_century_dcp_style_guide,uq_twentieth_century_dcp_style_guide_source_guide_id,"CREATE UNIQUE INDEX uq_twentieth_century_dcp_style_guide_source_guide_id ON plm.twentieth_century_dcp_style_guide USING btree (source_system, source_guide_id) WHERE (source_guide_id IS NOT NULL)",True,False,True,True,True,False,2,2,False,,8192,0,0,0,
plm,sega_asset_property,idx_sega_asset_property_capture,CREATE INDEX idx_sega_asset_property_capture ON plm.sega_asset_property USING btree (capture_id),False,False,True,True,False,False,1,1,False,,8192,0,0,0,
plm,coldlion_promotion_quarantine,plm_coldlion_promotion_quarantine_reason_idx,"CREATE INDEX plm_coldlion_promotion_quarantine_reason_idx ON plm.coldlion_promotion_quarantine USING btree (reason, detected_at DESC)",False,False,True,True,False,False,2,2,False,,8192,0,0,0,
app,activity,app_activity_pm_target_idx,"CREATE INDEX app_activity_pm_target_idx ON app.activity USING btree (target_schema, target_table, target_id, action) WHERE (action = ANY (ARRAY['pm_dependency'::text, 'pm_decision'::text]))",False,False,True,True,True,False,4,4,False,,8192,5,0,0,2026-09-03 16:03:19.687714-04
core,character,character_pkey,"CREATE UNIQUE INDEX character_pkey ON core.""character"" USING btree (id)",True,True,True,True,False,False,1,1,True,f,8192,0,0,0,
auth,oauth_clients,oauth_clients_pkey,CREATE UNIQUE INDEX oauth_clients_pkey ON auth.oauth_clients USING btree (id),True,True,True,True,False,False,1,1,True,f,8192,0,0,0,
crm,opportunity,opportunity_pkey,CREATE UNIQUE INDEX opportunity_pkey ON crm.opportunity USING btree (id),True,True,True,True,False,False,1,1,True,f,8192,0,0,0,
dflow_prod,ProdOrderDetail,ProdOrderDetail_pkey,"CREATE UNIQUE INDEX ""ProdOrderDetail_pkey"" ON dflow_prod.""ProdOrderDetail"" USING btree (id)",True,False,True,True,False,False,1,1,False,,8192,0,0,0,
dflow_prod,StandardizedProductElementValue,StandardizedProductElementValue_pkey,"CREATE UNIQUE INDEX ""StandardizedProductElementValue_pkey"" ON dflow_prod.""StandardizedProductElementValue"" USING btree (id)",True,True,True,True,False,False,1,1,True,p,8192,0,0,0,
plm,sesame_asset,sesame_asset_pkey,"CREATE UNIQUE INDEX sesame_asset_pkey ON plm.sesame_asset USING btree (capture_id, asset_source_id)",True,True,True,True,False,False,2,2,True,f,8192,0,0,0,
auth,mfa_factors,mfa_factors_user_friendly_name_unique,"CREATE UNIQUE INDEX mfa_factors_user_friendly_name_unique ON auth.mfa_factors USING btree (friendly_name, user_id) WHERE (TRIM(BOTH FROM friendly_name) <> ''::text)",True,False,True,True,True,False,2,2,False,,8192,0,0,0,
dflow_prod,UDFGroup,UDFGroup_pkey,"CREATE UNIQUE INDEX ""UDFGroup_pkey"" ON dflow_prod.""UDFGroup"" USING btree (""UDFGroup_id"")",True,True,True,True,False,False,1,1,True,p,8192,0,0,0,
dflow_prod,UDFElement,UDFElement_pkey,"CREATE UNIQUE INDEX ""UDFElement_pkey"" ON dflow_prod.""UDFElement"" USING btree (""UDFElement_id"")",True,True,True,True,False,False,1,1,True,p,8192,0,0,0,
plm,taxonomy_parallel_observation,taxonomy_parallel_observation_pkey,CREATE UNIQUE INDEX taxonomy_parallel_observation_pkey ON plm.taxonomy_parallel_observation USING btree (id),True,True,True,True,False,False,1,1,True,f,8192,0,0,0,
dflow_prod,UDFElementType,UDFElementType_pkey,"CREATE UNIQUE INDEX ""UDFElementType_pkey"" ON dflow_prod.""UDFElementType"" USING btree (""UDFElementType_id"")",True,True,True,True,False,False,1,1,True,p,8192,0,0,0,
auth,oauth_authorizations,oauth_authorizations_authorization_code_key,CREATE UNIQUE INDEX oauth_authorizations_authorization_code_key ON auth.oauth_authorizations USING btree (authorization_code),True,False,True,True,False,False,1,1,True,u,8192,0,0,0,
dflow_prod,AuditLog,AuditLog_user_date_idx,"CREATE INDEX ""AuditLog_user_date_idx"" ON dflow_prod.""AuditLog"" USING btree (user_id_fk, ""actionDate"" DESC, id DESC)",False,False,True,True,False,False,3,3,False,,8192,0,0,0,
plm,coke_approval_comment,coke_approval_comment_pkey,"CREATE UNIQUE INDEX coke_approval_comment_pkey ON plm.coke_approval_comment USING btree (capture_id, approval_route_id, comment_source_key)",True,True,True,True,False,False,3,3,True,p,8192,0,0,0,
plm,productUserAssignment,productUserAssignment_item_role_key,"CREATE UNIQUE INDEX ""productUserAssignment_item_role_key"" ON plm.""productUserAssignment"" USING btree (item_id_fk, role)",True,False,True,True,False,False,2,2,False,,8192,0,0,0,
plm,marvel_asgard_guide_opa_property_resolution,marvel_asgard_guide_opa_property_resolution_pkey,CREATE UNIQUE INDEX marvel_asgard_guide_opa_property_resolution_pkey ON plm.marvel_asgard_guide_opa_property_resolution USING btree (id),True,True,True,True,False,False,1,1,True,p,8192,0,0,0,
dflow_prod,RolePermissions,RolePermissions_UserId_fkey,"CREATE INDEX ""RolePermissions_UserId_fkey"" ON dflow_prod.""RolePermissions"" USING btree (""UserId"")",False,False,True,True,False,False,1,1,False,,8192,0,0,0,
plm,sesame_asset_category,sesame_asset_category_pkey,"CREATE UNIQUE INDEX sesame_asset_category_pkey ON plm.sesame_asset_category USING btree (capture_id, asset_source_id, category_source_id)",True,True,True,True,False,False,3,3,True,p,8192,0,0,0,
dflow,sample_stop_closeout,sample_stop_closeout_open_idx,"CREATE INDEX sample_stop_closeout_open_idx ON dflow.sample_stop_closeout USING btree (sample_id_fk, location_type, location_id, state)",False,False,True,True,False,False,4,4,False,,8192,6,0,0,2026-09-02 15:52:24.094194-04
plm,twentieth_century_dcp_asset,twentieth_century_dcp_asset_pkey,CREATE UNIQUE INDEX twentieth_century_dcp_asset_pkey ON plm.twentieth_century_dcp_asset USING btree (id),True,True,True,True,False,False,1,1,True,f,8192,0,0,0,
plm,twentieth_century_dcp_metadata_run,twentieth_century_dcp_metadata_run_pkey,CREATE UNIQUE INDEX twentieth_century_dcp_metadata_run_pkey ON plm.twentieth_century_dcp_metadata_run USING btree (metadata_run_id),True,True,True,True,False,False,1,1,True,f,8192,0,0,0,
realtime,messages_2026_09_04,messages_2026_09_04_inserted_at_topic_idx,"CREATE INDEX messages_2026_09_04_inserted_at_topic_idx ON realtime.messages_2026_09_04 USING btree (inserted_at DESC, topic) WHERE ((extension = 'broadcast'::text) AND (private IS TRUE))",False,False,True,True,True,False,2,2,False,,8192,0,0,0,
plm,twentieth_century_dcp_metadata_load_exception,twentieth_century_dcp_metadata_load_exception_pkey,CREATE UNIQUE INDEX twentieth_century_dcp_metadata_load_exception_pkey ON plm.twentieth_century_dcp_metadata_load_exception USING btree (id),True,True,True,True,False,False,1,1,True,p,8192,0,0,0,
public,processing_queue,processing_queue_pkey,CREATE UNIQUE INDEX processing_queue_pkey ON public.processing_queue USING btree (id),True,True,True,True,False,False,1,1,True,p,8192,0,0,0,
coldlion,sync_run,coldlion_sync_run_endpoint_started_idx,"CREATE INDEX coldlion_sync_run_endpoint_started_idx ON coldlion.sync_run USING btree (endpoint, started_at DESC)",False,False,True,True,False,False,2,2,False,,8192,0,0,0,
plm,twentieth_century_dcp_metadata_run,twentieth_century_dcp_metadata_run_pkey,CREATE UNIQUE INDEX twentieth_century_dcp_metadata_run_pkey ON plm.twentieth_century_dcp_metadata_run USING btree (metadata_run_id),True,True,True,True,False,False,1,1,True,f,8192,0,0,0,
plm,taxonomy_parallel_observation,taxonomy_parallel_observation_pkey,CREATE UNIQUE INDEX taxonomy_parallel_observation_pkey ON plm.taxonomy_parallel_observation USING btree (id),True,True,True,True,False,False,1,1,True,p,8192,0,0,0,
plm,twentieth_century_dcp_metadata_chunk_ledger,twentieth_century_dcp_metadata_chunk_ledger_pkey,"CREATE UNIQUE INDEX twentieth_century_dcp_metadata_chunk_ledger_pkey ON plm.twentieth_century_dcp_metadata_chunk_ledger USING btree (metadata_run_id, chunk_number)",True,True,True,True,False,False,2,2,True,p,8192,0,0,0,
dflow_prod,externalVendor,externalVendor_pkey,"CREATE UNIQUE INDEX ""externalVendor_pkey"" ON dflow_prod.""externalVendor"" USING btree (""vendorCode"")",True,True,True,True,False,False,1,1,True,p,8192,0,0,0,
plm,twentieth_century_dcp_crawl,twentieth_century_dcp_crawl_pkey,CREATE UNIQUE INDEX twentieth_century_dcp_crawl_pkey ON plm.twentieth_century_dcp_crawl USING btree (crawl_id),True,True,True,True,False,False,1,1,True,f,8192,0,0,0,
plm,twentieth_century_dcp_chunk_ledger,twentieth_century_dcp_chunk_ledger_pkey,"CREATE UNIQUE INDEX twentieth_century_dcp_chunk_ledger_pkey ON plm.twentieth_century_dcp_chunk_ledger USING btree (crawl_id, chunk_number)",True,True,True,True,False,False,2,2,True,p,8192,0,0,0,
plm,marvel_dcp_metadata_load_exception,marvel_dcp_metadata_load_exception_pkey,CREATE UNIQUE INDEX marvel_dcp_metadata_load_exception_pkey ON plm.marvel_dcp_metadata_load_exception USING btree (id),True,True,True,True,False,False,1,1,True,p,8192,0,0,0,
plm,licensing_feedback,licensing_feedback_pkey,CREATE UNIQUE INDEX licensing_feedback_pkey ON plm.licensing_feedback USING btree (id),True,True,True,True,False,False,1,1,True,f,8192,0,0,0,
plm,sesame_theme,sesame_theme_pkey,"CREATE UNIQUE INDEX sesame_theme_pkey ON plm.sesame_theme USING btree (capture_id, field_generation, value_key)",True,True,True,True,False,False,3,3,True,f,8192,0,0,0,
plm,lucasfilm_dcp_metadata_load_exception,lucasfilm_dcp_metadata_load_exception_pkey,CREATE UNIQUE INDEX lucasfilm_dcp_metadata_load_exception_pkey ON plm.lucasfilm_dcp_metadata_load_exception USING btree (id),True,True,True,True,False,False,1,1,True,p,8192,0,0,0,
plm,twentieth_century_dcp_metadata_asset,twentieth_century_dcp_metadata_asset_success_key,"CREATE UNIQUE INDEX twentieth_century_dcp_metadata_asset_success_key ON plm.twentieth_century_dcp_metadata_asset USING btree (metadata_run_id, twentieth_century_dcp_asset_id, fetch_status)",True,False,True,True,False,False,3,3,True,f,8192,0,0,0,
plm,twentieth_century_dcp_term,twentieth_century_dcp_term_pkey,CREATE UNIQUE INDEX twentieth_century_dcp_term_pkey ON plm.twentieth_century_dcp_term USING btree (id),True,True,True,True,False,False,1,1,True,f,8192,0,0,0,
plm,twentieth_century_dcp_metadata_asset,idx_twentieth_century_dcp_metadata_asset_normalized_hash,"CREATE INDEX idx_twentieth_century_dcp_metadata_asset_normalized_hash ON plm.twentieth_century_dcp_metadata_asset USING btree (twentieth_century_dcp_asset_id, normalized_hash) WHERE (normalized_hash IS NOT NULL)",False,False,True,True,True,False,2,2,False,,8192,0,0,0,
plm,sesame_asset,sesame_asset_pkey,"CREATE UNIQUE INDEX sesame_asset_pkey ON plm.sesame_asset USING btree (capture_id, asset_source_id)",True,True,True,True,False,False,2,2,True,f,8192,0,0,0,
plm,marvel_asgard_guide_opa_property_resolution,marvel_asgard_guide_opa_property_resolution_pkey,CREATE UNIQUE INDEX marvel_asgard_guide_opa_property_resolution_pkey ON plm.marvel_asgard_guide_opa_property_resolution USING btree (id),True,True,True,True,False,False,1,1,True,f,8192,0,0,0,
public,product_subtypes,product_subtypes_external_id_key,CREATE UNIQUE INDEX product_subtypes_external_id_key ON public.product_subtypes USING btree (external_id),True,False,True,True,False,False,1,1,True,u,8192,0,0,0,
core,property_alias,property_alias_licensor_norm_key,"CREATE UNIQUE INDEX property_alias_licensor_norm_key ON core.property_alias USING btree (licensor_id, normalized_alias)",True,False,True,True,False,False,2,2,False,,8192,0,0,0,
public,product_subtypes,product_subtypes_pkey,CREATE UNIQUE INDEX product_subtypes_pkey ON public.product_subtypes USING btree (id),True,True,True,True,False,False,1,1,True,p,8192,0,0,0,
public,product_types,product_types_external_id_key,CREATE UNIQUE INDEX product_types_external_id_key ON public.product_types USING btree (external_id),True,False,True,True,False,False,1,1,True,u,8192,0,0,0,
pim,product_assignee,product_assignee_pkey,CREATE UNIQUE INDEX product_assignee_pkey ON pim.product_assignee USING btree (id),True,True,True,True,False,False,1,1,True,p,8192,0,0,0,
dflow_prod,RolePermissions,RolePermissions_RoleId_fkey,"CREATE INDEX ""RolePermissions_RoleId_fkey"" ON dflow_prod.""RolePermissions"" USING btree (""RoleId"")",False,False,True,True,False,False,1,1,False,,8192,0,0,0,
plm,creative_submission_property_resolution,creative_submission_property_resolution_supersedes_uidx,CREATE UNIQUE INDEX creative_submission_property_resolution_supersedes_uidx ON plm.creative_submission_property_resolution USING btree (supersedes_resolution_id) WHERE (supersedes_resolution_id IS NOT NULL),True,False,True,True,True,False,1,1,False,,8192,20614,0,0,2026-09-02 22:13:22.799009-04
public,hygiene_findings,idx_hygiene_findings_relative_path,CREATE INDEX idx_hygiene_findings_relative_path ON public.hygiene_findings USING btree (relative_path),False,False,True,True,False,False,1,1,False,,8192,0,0,0,
auth,oauth_authorizations,oauth_authorizations_authorization_id_key,CREATE UNIQUE INDEX oauth_authorizations_authorization_id_key ON auth.oauth_authorizations USING btree (authorization_id),True,False,True,True,False,False,1,1,True,u,8192,0,0,0,
core,character,character_pkey,"CREATE UNIQUE INDEX character_pkey ON core.""character"" USING btree (id)",True,True,True,True,False,False,1,1,True,f,8192,0,0,0,
plm,wb_asset_canonical_property_edge,wb_asset_canonical_property_edge_pkey,"CREATE UNIQUE INDEX wb_asset_canonical_property_edge_pkey ON plm.wb_asset_canonical_property_edge USING btree (source_entity_id, canonical_property_id, assertion_type, evidence_source)",True,True,True,True,False,False,4,4,True,p,8192,0,0,0,
plm,sesame_asset_theme,sesame_asset_theme_pkey,"CREATE UNIQUE INDEX sesame_asset_theme_pkey ON plm.sesame_asset_theme USING btree (capture_id, asset_source_id, field_generation, value_key)",True,True,True,True,False,False,4,4,True,p,8192,0,0,0,
pim,product_assignee,product_assignee_product_id_profile_id_assignment_type_key,"CREATE UNIQUE INDEX product_assignee_product_id_profile_id_assignment_type_key ON pim.product_assignee USING btree (product_id, profile_id, assignment_type)",True,False,True,True,False,False,3,3,True,u,8192,0,0,0,
public,hygiene_findings,idx_hygiene_findings_status,CREATE INDEX idx_hygiene_findings_status ON public.hygiene_findings USING btree (status),False,False,True,True,False,False,1,1,False,,8192,0,0,0,
public,product_types,product_types_pkey,CREATE UNIQUE INDEX product_types_pkey ON public.product_types USING btree (id),True,True,True,True,False,False,1,1,True,p,8192,0,0,0,
auth,users,reauthentication_token_idx,CREATE UNIQUE INDEX reauthentication_token_idx ON auth.users USING btree (reauthentication_token) WHERE ((reauthentication_token)::text !~ '^[0-9 ]*$'::text),True,False,True,True,True,False,1,1,False,,8192,0,0,0,
plm,twentieth_century_dcp_asset_term_observation,twentieth_century_dcp_asset_term_obs_pkey,"CREATE UNIQUE INDEX twentieth_century_dcp_asset_term_obs_pkey ON plm.twentieth_century_dcp_asset_term_observation USING btree (metadata_run_id, twentieth_century_dcp_asset_id, twentieth_century_dcp_term_id)",True,True,True,True,False,False,3,3,True,p,8192,0,0,0,
dflow_prod,externalCustomer,externalCustomer_pkey,"CREATE UNIQUE INDEX ""externalCustomer_pkey"" ON dflow_prod.""externalCustomer"" USING btree (""customerCode"")",True,True,True,True,False,False,1,1,True,p,8192,0,0,0,
crm,opportunity,opportunity_pkey,CREATE UNIQUE INDEX opportunity_pkey ON crm.opportunity USING btree (id),True,True,True,True,False,False,1,1,True,f,8192,0,0,0,
dflow_prod,grid_cell_notes,grid_cell_notes_grid_row_col_uq,"CREATE UNIQUE INDEX grid_cell_notes_grid_row_col_uq ON dflow_prod.grid_cell_notes USING btree (grid_type, row_id, col_id)",True,False,True,True,False,False,3,3,False,,8192,0,0,0,
plm,twentieth_century_dcp_metadata_run,twentieth_century_dcp_metadata_run_pkey,CREATE UNIQUE INDEX twentieth_century_dcp_metadata_run_pkey ON plm.twentieth_century_dcp_metadata_run USING btree (metadata_run_id),True,True,True,True,False,False,1,1,True,f,8192,0,0,0,
plm,twentieth_century_dcp_term,twentieth_century_dcp_term_unique,"CREATE UNIQUE INDEX twentieth_century_dcp_term_unique ON plm.twentieth_century_dcp_term USING btree (source_system, term_kind, source_value)",True,False,True,True,False,False,3,3,True,u,8192,0,0,0,
plm,twentieth_century_dcp_term,twentieth_century_dcp_term_pkey,CREATE UNIQUE INDEX twentieth_century_dcp_term_pkey ON plm.twentieth_century_dcp_term USING btree (id),True,True,True,True,False,False,1,1,True,p,8192,0,0,0,
plm,sesame_character,sesame_character_value_idx,"CREATE INDEX sesame_character_value_idx ON plm.sesame_character USING btree (capture_id, value_key)",False,False,True,True,False,False,2,2,False,,8192,0,0,0,
dam,asset,asset_pkey,CREATE UNIQUE INDEX asset_pkey ON dam.asset USING btree (id),True,True,True,True,False,False,1,1,True,f,8192,0,0,0,
dflow_prod,itemType,itemType_name_key,"CREATE UNIQUE INDEX ""itemType_name_key"" ON dflow_prod.""itemType"" USING btree (item_type_name)",True,False,True,True,False,False,1,1,False,,8192,0,0,0,
plm,twentieth_century_dcp_metadata_run,twentieth_century_dcp_metadata_run_pkey,CREATE UNIQUE INDEX twentieth_century_dcp_metadata_run_pkey ON plm.twentieth_century_dcp_metadata_run USING btree (metadata_run_id),True,True,True,True,False,False,1,1,True,f,8192,0,0,0,
plm,wb_character_canonical_property_edge,wb_character_canonical_property_edge_pkey,"CREATE UNIQUE INDEX wb_character_canonical_property_edge_pkey ON plm.wb_character_canonical_property_edge USING btree (source_entity_id, canonical_property_id, assertion_type, evidence_source)",True,True,True,True,False,False,4,4,True,p,8192,0,0,0,
plm,wb_style_guide_canonical_property_edge,wb_style_guide_canonical_property_edge_pkey,"CREATE UNIQUE INDEX wb_style_guide_canonical_property_edge_pkey ON plm.wb_style_guide_canonical_property_edge USING btree (source_entity_id, canonical_property_id, assertion_type, evidence_source)",True,True,True,True,False,False,4,4,True,p,8192,0,0,0,
plm,twentieth_century_dcp_metadata_run,twentieth_century_dcp_metadata_run_pkey,CREATE UNIQUE INDEX twentieth_century_dcp_metadata_run_pkey ON plm.twentieth_century_dcp_metadata_run USING btree (metadata_run_id),True,True,True,True,False,False,1,1,True,f,8192,0,0,0,
dflow_prod,Roles,Roles_pkey,"CREATE UNIQUE INDEX ""Roles_pkey"" ON dflow_prod.""Roles"" USING btree (""Id"")",True,True,True,True,False,False,1,1,True,p,8192,0,0,0,
core,sku_ref,sku_ref_pkey,CREATE UNIQUE INDEX sku_ref_pkey ON core.sku_ref USING btree (id),True,True,True,True,False,False,1,1,True,p,8192,0,0,0,
core,product_type,product_type_pkey,CREATE UNIQUE INDEX product_type_pkey ON core.product_type USING btree (id),True,True,True,True,False,False,1,1,True,f,8192,0,0,0,
auth,mfa_factors,mfa_factors_pkey,CREATE UNIQUE INDEX mfa_factors_pkey ON auth.mfa_factors USING btree (id),True,True,True,True,False,False,1,1,True,f,8192,0,0,0,
plm,twentieth_century_dcp_character,twentieth_century_dcp_character_unique,"CREATE UNIQUE INDEX twentieth_century_dcp_character_unique ON plm.twentieth_century_dcp_character USING btree (source_system, source_id)",True,False,True,True,False,False,2,2,True,u,8192,0,0,0,
plm,twentieth_century_dcp_character,twentieth_century_dcp_character_pkey,CREATE UNIQUE INDEX twentieth_century_dcp_character_pkey ON plm.twentieth_century_dcp_character USING btree (id),True,True,True,True,False,False,1,1,True,p,8192,0,0,0,
plm,sega_character_evidence,idx_sega_character_evidence_asset,"CREATE INDEX idx_sega_character_evidence_asset ON plm.sega_character_evidence USING btree (capture_id, asset_source_id) WHERE (asset_source_id IS NOT NULL)",False,False,True,True,True,False,2,2,False,,8192,0,0,0,
public,product_categories,product_categories_external_id_key,CREATE UNIQUE INDEX product_categories_external_id_key ON public.product_categories USING btree (external_id),True,False,True,True,False,False,1,1,True,u,8192,0,0,0,
dflow_prod,item_prod_order_detail_associations,item_prod_order_detail_associations_prod_detail_idx,CREATE INDEX item_prod_order_detail_associations_prod_detail_idx ON dflow_prod.item_prod_order_detail_associations USING btree (prod_order_detail_pkey),False,False,True,True,False,False,1,1,False,,8192,0,0,0,
plm,twentieth_century_dcp_metadata_run,twentieth_century_dcp_metadata_run_pkey,CREATE UNIQUE INDEX twentieth_century_dcp_metadata_run_pkey ON plm.twentieth_century_dcp_metadata_run USING btree (metadata_run_id),True,True,True,True,False,False,1,1,True,f,8192,0,0,0,
public,style_guide_tag_aliases,style_guide_tag_aliases_normalized_unique,CREATE UNIQUE INDEX style_guide_tag_aliases_normalized_unique ON public.style_guide_tag_aliases USING btree (normalized_alias),True,False,True,True,False,False,1,1,True,u,8192,0,0,0,
public,hts_rag_determinations,hts_rag_determinations_comparison_category_idx,"CREATE INDEX hts_rag_determinations_comparison_category_idx ON public.hts_rag_determinations USING btree (comparison_category, created_at DESC)",False,False,True,True,False,False,2,2,False,,8192,0,0,0,
public,tiff_optimization_queue,idx_tiff_opt_compression,CREATE INDEX idx_tiff_opt_compression ON public.tiff_optimization_queue USING btree (compression_type),False,False,True,True,False,False,1,1,False,,8192,0,0,0,
plm,twentieth_century_dcp_metadata_run,twentieth_century_dcp_metadata_run_pkey,CREATE UNIQUE INDEX twentieth_century_dcp_metadata_run_pkey ON plm.twentieth_century_dcp_metadata_run USING btree (metadata_run_id),True,True,True,True,False,False,1,1,True,f,8192,0,0,0,
plm,twentieth_century_dcp_property,twentieth_century_dcp_property_unique,"CREATE UNIQUE INDEX twentieth_century_dcp_property_unique ON plm.twentieth_century_dcp_property USING btree (source_system, source_id)",True,False,True,True,False,False,2,2,True,u,8192,0,0,0,
app,comment,app_comment_target_idx,"CREATE INDEX app_comment_target_idx ON app.comment USING btree (target_schema, target_table, target_id)",False,False,True,True,False,False,3,3,False,,8192,2,0,0,2026-09-03 16:02:41.257176-04
public,product_categories,product_categories_pkey,CREATE UNIQUE INDEX product_categories_pkey ON public.product_categories USING btree (id),True,True,True,True,False,False,1,1,True,p,8192,0,0,0,
plm,dcp_load_exception,idx_dcp_load_exception_crawl,"CREATE INDEX idx_dcp_load_exception_crawl ON plm.dcp_load_exception USING btree (crawl_id, severity)",False,False,True,True,False,False,2,2,False,,8192,0,0,0,
plm,twentieth_century_dcp_property,twentieth_century_dcp_property_pkey,CREATE UNIQUE INDEX twentieth_century_dcp_property_pkey ON plm.twentieth_century_dcp_property USING btree (id),True,True,True,True,False,False,1,1,True,p,8192,0,0,0,
plm,twentieth_century_dcp_metadata_asset,twentieth_century_dcp_metadata_asset_success_key,"CREATE UNIQUE INDEX twentieth_century_dcp_metadata_asset_success_key ON plm.twentieth_century_dcp_metadata_asset USING btree (metadata_run_id, twentieth_century_dcp_asset_id, fetch_status)",True,False,True,True,False,False,3,3,True,u,8192,0,0,0,
plm,marvel_asgard_capture_gap,marvel_asgard_capture_gap_pkey,CREATE UNIQUE INDEX marvel_asgard_capture_gap_pkey ON plm.marvel_asgard_capture_gap USING btree (id),True,True,True,True,False,False,1,1,True,p,8192,0,0,0,
plm,marvel_asgard_capture_gap,marvel_asgard_capture_gap_capture_key_object_class_source_k_key,"CREATE UNIQUE INDEX marvel_asgard_capture_gap_capture_key_object_class_source_k_key ON plm.marvel_asgard_capture_gap USING btree (capture_key, object_class, source_key_or_path, gap_reason)",True,False,True,True,False,False,4,4,True,u,8192,0,0,0,
auth,mfa_challenges,mfa_challenges_pkey,CREATE UNIQUE INDEX mfa_challenges_pkey ON auth.mfa_challenges USING btree (id),True,True,True,True,False,False,1,1,True,p,8192,0,0,0,
plm,twentieth_century_dcp_metadata_asset,twentieth_century_dcp_metadata_asset_pkey,"CREATE UNIQUE INDEX twentieth_century_dcp_metadata_asset_pkey ON plm.twentieth_century_dcp_metadata_asset USING btree (metadata_run_id, twentieth_century_dcp_asset_id)",True,True,True,True,False,False,2,2,True,p,8192,0,0,0,
plm,art_piece_item,plm_art_piece_item_style_number_idx,"CREATE INDEX plm_art_piece_item_style_number_idx ON plm.art_piece_item USING btree (normalized_style_number) WHERE (NULLIF(normalized_style_number, ''::text) IS NOT NULL)",False,False,True,True,True,False,1,1,False,,8192,0,0,0,
core,vendor_contact,vendor_contact_factory_id_contact_id_role_key,"CREATE UNIQUE INDEX vendor_contact_factory_id_contact_id_role_key ON core.vendor_contact USING btree (factory_id, contact_id, role) NULLS NOT DISTINCT",True,False,True,True,False,False,3,3,True,u,8192,0,0,0,
plm,wwe_asset_style_guide_inferred,idx_wwe_asset_style_guide_inferred_guide,"CREATE INDEX idx_wwe_asset_style_guide_inferred_guide ON plm.wwe_asset_style_guide_inferred USING btree (capture_id, guideline_source_id)",False,False,True,True,False,False,2,2,False,,8192,1,0,0,2026-08-30 12:21:15.563337-04
core,vendor_contact,vendor_contact_pkey,CREATE UNIQUE INDEX vendor_contact_pkey ON core.vendor_contact USING btree (id),True,True,True,True,False,False,1,1,True,p,8192,0,0,0,
plm,twentieth_century_dcp_crawl,twentieth_century_dcp_crawl_pkey,CREATE UNIQUE INDEX twentieth_century_dcp_crawl_pkey ON plm.twentieth_century_dcp_crawl USING btree (crawl_id),True,True,True,True,False,False,1,1,True,f,8192,0,0,0,
plm,twentieth_century_dcp_metadata_run,twentieth_century_dcp_metadata_run_run_crawl_unique,"CREATE UNIQUE INDEX twentieth_century_dcp_metadata_run_run_crawl_unique ON plm.twentieth_century_dcp_metadata_run USING btree (metadata_run_id, source_crawl_id)",True,False,True,True,False,False,2,2,True,u,8192,0,0,0,
public,style_guide_tag_aliases,style_guide_tag_aliases_pkey,CREATE UNIQUE INDEX style_guide_tag_aliases_pkey ON public.style_guide_tag_aliases USING btree (id),True,True,True,True,False,False,1,1,True,p,8192,0,0,0,
plm,twentieth_century_dcp_metadata_run,twentieth_century_dcp_metadata_run_pkey,CREATE UNIQUE INDEX twentieth_century_dcp_metadata_run_pkey ON plm.twentieth_century_dcp_metadata_run USING btree (metadata_run_id),True,True,True,True,False,False,1,1,True,p,8192,0,0,0,
auth,oauth_authorizations,oauth_authorizations_pkey,CREATE UNIQUE INDEX oauth_authorizations_pkey ON auth.oauth_authorizations USING btree (id),True,True,True,True,False,False,1,1,True,p,8192,0,0,0,
dflow_prod,divisionCode,DivisionCode_pkey,"CREATE UNIQUE INDEX ""DivisionCode_pkey"" ON dflow_prod.""divisionCode"" USING btree (""divCode_id"")",True,True,True,True,False,False,1,1,True,f,8192,0,0,0,
plm,twentieth_century_dcp_asset_crawl,twentieth_century_dcp_asset_crawl_pkey,"CREATE UNIQUE INDEX twentieth_century_dcp_asset_crawl_pkey ON plm.twentieth_century_dcp_asset_crawl USING btree (crawl_id, twentieth_century_dcp_asset_id)",True,True,True,True,False,False,2,2,True,f,8192,0,0,0,
dflow_prod,externalApi,externalApi_pkey,"CREATE UNIQUE INDEX ""externalApi_pkey"" ON dflow_prod.""externalApi"" USING btree (""externalApi_id"")",True,True,True,True,False,False,1,1,True,p,8192,0,0,0,
plm,twentieth_century_dcp_metadata_run,twentieth_century_dcp_metadata_run_run_crawl_unique,"CREATE UNIQUE INDEX twentieth_century_dcp_metadata_run_run_crawl_unique ON plm.twentieth_century_dcp_metadata_run USING btree (metadata_run_id, source_crawl_id)",True,False,True,True,False,False,2,2,True,f,8192,0,0,0,
plm,marvel_asgard_character_opa_resolution,marvel_asgard_character_opa_resolution_pkey,CREATE UNIQUE INDEX marvel_asgard_character_opa_resolution_pkey ON plm.marvel_asgard_character_opa_resolution USING btree (id),True,True,True,True,False,False,1,1,True,p,8192,0,0,0,
plm,twentieth_century_dcp_crawl_section,twentieth_century_dcp_crawl_section_pkey,CREATE UNIQUE INDEX twentieth_century_dcp_crawl_section_pkey ON plm.twentieth_century_dcp_crawl_section USING btree (id),True,True,True,True,False,False,1,1,True,f,8192,0,0,0,
plm,twentieth_century_dcp_portal_tile,twentieth_century_dcp_portal_tile_pkey,CREATE UNIQUE INDEX twentieth_century_dcp_portal_tile_pkey ON plm.twentieth_century_dcp_portal_tile USING btree (id),True,True,True,True,False,False,1,1,True,f,8192,0,0,0,
plm,marvel_asgard_character_opa_resolution,marvel_asgard_character_opa_resolution_pkey,CREATE UNIQUE INDEX marvel_asgard_character_opa_resolution_pkey ON plm.marvel_asgard_character_opa_resolution USING btree (id),True,True,True,True,False,False,1,1,True,f,8192,0,0,0,
plm,twentieth_century_dcp_asset,twentieth_century_dcp_asset_pkey,CREATE UNIQUE INDEX twentieth_century_dcp_asset_pkey ON plm.twentieth_century_dcp_asset USING btree (id),True,True,True,True,False,False,1,1,True,f,8192,0,0,0,
plm,marvel_asgard_guide_category,marvel_asgard_category_source_key_uidx,CREATE UNIQUE INDEX marvel_asgard_category_source_key_uidx ON plm.marvel_asgard_guide_category USING btree (source_category_key) WHERE (source_category_key IS NOT NULL),True,False,True,True,True,False,1,1,False,,8192,0,0,0,
dflow_prod,email_logs,email_logs_pkey,CREATE UNIQUE INDEX email_logs_pkey ON dflow_prod.email_logs USING btree (id),True,True,True,True,False,False,1,1,True,p,8192,0,0,0,
dflow_prod,deliveryLocation,deliveryLocation_pkey,"CREATE UNIQUE INDEX ""deliveryLocation_pkey"" ON dflow_prod.""deliveryLocation"" USING btree (""deliveryLocation_id"")",True,True,True,True,False,False,1,1,True,p,8192,0,0,0,
dflow,item_workflow_action,item_workflow_action_pkey,CREATE UNIQUE INDEX item_workflow_action_pkey ON dflow.item_workflow_action USING btree (id),True,True,True,True,False,False,1,1,True,f,8192,0,0,0,
plm,twentieth_century_dcp_crawl,twentieth_century_dcp_crawl_pkey,CREATE UNIQUE INDEX twentieth_century_dcp_crawl_pkey ON plm.twentieth_century_dcp_crawl USING btree (crawl_id),True,True,True,True,False,False,1,1,True,f,8192,0,0,0,
plm,twentieth_century_dcp_asset_tile_observation,twentieth_century_dcp_asset_tile_observation_pkey,"CREATE UNIQUE INDEX twentieth_century_dcp_asset_tile_observation_pkey ON plm.twentieth_century_dcp_asset_tile_observation USING btree (crawl_id, twentieth_century_dcp_asset_id, portal_tile_id, listing_kind)",True,True,True,True,False,False,4,4,True,p,8192,0,0,0,
plm,twentieth_century_dcp_crawl_section,twentieth_century_dcp_crawl_section_pkey,CREATE UNIQUE INDEX twentieth_century_dcp_crawl_section_pkey ON plm.twentieth_century_dcp_crawl_section USING btree (id),True,True,True,True,False,False,1,1,True,f,8192,0,0,0,
plm,twentieth_century_dcp_crawl,twentieth_century_dcp_crawl_pkey,CREATE UNIQUE INDEX twentieth_century_dcp_crawl_pkey ON plm.twentieth_century_dcp_crawl USING btree (crawl_id),True,True,True,True,False,False,1,1,True,f,8192,0,0,0,
plm,twentieth_century_dcp_load_exception,twentieth_century_dcp_load_exception_pkey,CREATE UNIQUE INDEX twentieth_century_dcp_load_exception_pkey ON plm.twentieth_century_dcp_load_exception USING btree (id),True,True,True,True,False,False,1,1,True,p,8192,0,0,0,
plm,twentieth_century_dcp_asset,twentieth_century_dcp_asset_pkey,CREATE UNIQUE INDEX twentieth_century_dcp_asset_pkey ON plm.twentieth_century_dcp_asset USING btree (id),True,True,True,True,False,False,1,1,True,f,8192,0,0,0,
plm,twentieth_century_dcp_crawl,twentieth_century_dcp_crawl_pkey,CREATE UNIQUE INDEX twentieth_century_dcp_crawl_pkey ON plm.twentieth_century_dcp_crawl USING btree (crawl_id),True,True,True,True,False,False,1,1,True,f,8192,0,0,0,
plm,twentieth_century_dcp_asset_crawl,twentieth_century_dcp_asset_crawl_pkey,"CREATE UNIQUE INDEX twentieth_century_dcp_asset_crawl_pkey ON plm.twentieth_century_dcp_asset_crawl USING btree (crawl_id, twentieth_century_dcp_asset_id)",True,True,True,True,False,False,2,2,True,p,8192,0,0,0,
auth,audit_log_entries,audit_log_entries_pkey,CREATE UNIQUE INDEX audit_log_entries_pkey ON auth.audit_log_entries USING btree (id),True,True,True,True,False,False,1,1,True,p,8192,0,0,0,
dflow_prod,artists,artists_divisioncode_id_fkey,CREATE INDEX artists_divisioncode_id_fkey ON dflow_prod.artists USING btree (divisioncode_id),False,False,True,True,False,False,1,1,False,,8192,0,0,0,
plm,lucasfilm_dcp_load_exception,idx_lucasfilm_dcp_load_exception_crawl,"CREATE INDEX idx_lucasfilm_dcp_load_exception_crawl ON plm.lucasfilm_dcp_load_exception USING btree (crawl_id, severity)",False,False,True,True,False,False,2,2,False,,8192,0,0,0,
dflow_prod,customers,customers_pkey,CREATE UNIQUE INDEX customers_pkey ON dflow_prod.customers USING btree (customers_id),True,True,True,True,False,False,1,1,True,p,8192,0,0,0,
dflow_prod,item_prod_order_detail_associations,item_prod_order_detail_associations_item_header_idx,CREATE INDEX item_prod_order_detail_associations_item_header_idx ON dflow_prod.item_prod_order_detail_associations USING btree (item_header_id),False,False,True,True,False,False,1,1,False,,8192,0,0,0,
plm,nbcu_asset_character,nbcu_asset_character_pkey,"CREATE UNIQUE INDEX nbcu_asset_character_pkey ON plm.nbcu_asset_character USING btree (capture_id, asset_source_key, character_key)",True,True,True,True,False,False,3,3,True,p,8192,0,0,0,
auth,webauthn_credentials,webauthn_credentials_user_id_idx,CREATE INDEX webauthn_credentials_user_id_idx ON auth.webauthn_credentials USING btree (user_id),False,False,True,True,False,False,1,1,False,,8192,0,0,0,
public,prod_order_headers_current,idx_prod_order_headers_current_style_number,CREATE INDEX idx_prod_order_headers_current_style_number ON public.prod_order_headers_current USING btree (style_number),False,False,True,True,False,False,1,1,False,,8192,4,0,0,2026-09-02 08:50:20.210409-04
dflow_prod,UDFComponent,UDFComponent_pkey,"CREATE UNIQUE INDEX ""UDFComponent_pkey"" ON dflow_prod.""UDFComponent"" USING btree (""UDFComponent_id"")",True,True,True,True,False,False,1,1,True,p,8192,0,0,0,
dflow_prod,companyCode,companyCode_pkey,"CREATE UNIQUE INDEX ""companyCode_pkey"" ON dflow_prod.""companyCode"" USING btree (""comCode_id"")",True,True,True,True,False,False,1,1,True,p,8192,0,0,0,
plm,dcp_metadata_load_exception,idx_dcp_metadata_load_exception_run,CREATE INDEX idx_dcp_metadata_load_exception_run ON plm.dcp_metadata_load_exception USING btree (metadata_run_id),False,False,True,True,False,False,1,1,False,,8192,0,0,0,
dflow_prod,comments,comments_pkey,CREATE UNIQUE INDEX comments_pkey ON dflow_prod.comments USING btree (id),True,True,True,True,False,False,1,1,True,p,8192,0,0,0,
plm,dcp_metadata_load_exception,idx_dcp_metadata_load_exception_reason_code,CREATE INDEX idx_dcp_metadata_load_exception_reason_code ON plm.dcp_metadata_load_exception USING btree (reason_code),False,False,True,True,False,False,1,1,False,,8192,0,0,0,
dflow_prod,merchGroupRelations,uniq_grand_parent_parent_child,"CREATE UNIQUE INDEX uniq_grand_parent_parent_child ON dflow_prod.""merchGroupRelations"" USING btree (grand_parent_mg_id, parent_mg_id, child_mg_id)",True,False,True,True,False,False,3,3,False,,8192,0,0,0,
core,product_subtype,product_subtype_pkey,CREATE UNIQUE INDEX product_subtype_pkey ON core.product_subtype USING btree (id),True,True,True,True,False,False,1,1,True,f,8192,0,0,0,
dflow_prod,quote_auth_token,auth_token_pkey,CREATE UNIQUE INDEX auth_token_pkey ON dflow_prod.quote_auth_token USING btree (id),True,True,True,True,False,False,1,1,True,p,8192,0,0,0,
auth,oauth_clients,oauth_clients_pkey,CREATE UNIQUE INDEX oauth_clients_pkey ON auth.oauth_clients USING btree (id),True,True,True,True,False,False,1,1,True,p,8192,0,0,0,
crm,task,task_pkey,CREATE UNIQUE INDEX task_pkey ON crm.task USING btree (id),True,True,True,True,False,False,1,1,True,p,8192,0,0,0,
plm,twentieth_century_dcp_crawl_section,twentieth_century_dcp_crawl_section_pkey,CREATE UNIQUE INDEX twentieth_century_dcp_crawl_section_pkey ON plm.twentieth_century_dcp_crawl_section USING btree (id),True,True,True,True,False,False,1,1,True,f,8192,0,0,0,
plm,marvel_dcp_load_exception,idx_marvel_dcp_load_exception_reason_code,CREATE INDEX idx_marvel_dcp_load_exception_reason_code ON plm.marvel_dcp_load_exception USING btree (reason_code),False,False,True,True,False,False,1,1,False,,8192,0,0,0,
plm,twentieth_century_dcp_portal_tile,twentieth_century_dcp_portal_tile_pkey,CREATE UNIQUE INDEX twentieth_century_dcp_portal_tile_pkey ON plm.twentieth_century_dcp_portal_tile USING btree (id),True,True,True,True,False,False,1,1,True,f,8192,0,0,0,
auth,mfa_factors,mfa_factors_last_challenged_at_key,CREATE UNIQUE INDEX mfa_factors_last_challenged_at_key ON auth.mfa_factors USING btree (last_challenged_at),True,False,True,True,False,False,1,1,True,u,8192,0,0,0,
plm,twentieth_century_dcp_crawl,twentieth_century_dcp_crawl_pkey,CREATE UNIQUE INDEX twentieth_century_dcp_crawl_pkey ON plm.twentieth_century_dcp_crawl USING btree (crawl_id),True,True,True,True,False,False,1,1,True,f,8192,0,0,0,
plm,twentieth_century_dcp_crawl_section,idx_twentieth_century_dcp_crawl_section_incomplete,CREATE INDEX idx_twentieth_century_dcp_crawl_section_incomplete ON plm.twentieth_century_dcp_crawl_section USING btree (crawl_id) WHERE (status <> 'complete'::text),False,False,True,True,True,False,1,1,False,,8192,0,0,0,
plm,twentieth_century_dcp_crawl_section,twentieth_century_dcp_crawl_section_unique,"CREATE UNIQUE INDEX twentieth_century_dcp_crawl_section_unique ON plm.twentieth_century_dcp_crawl_section USING btree (crawl_id, portal_tile_id, listing_kind)",True,False,True,True,False,False,3,3,True,u,8192,0,0,0,
plm,twentieth_century_dcp_crawl_section,twentieth_century_dcp_crawl_section_pkey,CREATE UNIQUE INDEX twentieth_century_dcp_crawl_section_pkey ON plm.twentieth_century_dcp_crawl_section USING btree (id),True,True,True,True,False,False,1,1,True,p,8192,0,0,0,
plm,twentieth_century_dcp_crawl_gap,twentieth_century_dcp_crawl_gap_pkey,CREATE UNIQUE INDEX twentieth_century_dcp_crawl_gap_pkey ON plm.twentieth_century_dcp_crawl_gap USING btree (id),True,True,True,True,False,False,1,1,True,p,8192,0,0,0,
dflow_prod,itemType,itemType_status_idx,"CREATE INDEX ""itemType_status_idx"" ON dflow_prod.""itemType"" USING btree (item_type_status)",False,False,True,True,False,False,1,1,False,,8192,0,0,0,
plm,twentieth_century_dcp_crawl,twentieth_century_dcp_crawl_pkey,CREATE UNIQUE INDEX twentieth_century_dcp_crawl_pkey ON plm.twentieth_century_dcp_crawl USING btree (crawl_id),True,True,True,True,False,False,1,1,True,f,8192,0,0,0,
realtime,messages_2026_09_01,messages_2026_09_01_pkey,"CREATE UNIQUE INDEX messages_2026_09_01_pkey ON realtime.messages_2026_09_01 USING btree (id, inserted_at)",True,True,True,True,False,False,2,2,True,p,8192,0,0,0,
realtime,messages_2026_09_02,messages_2026_09_02_pkey,"CREATE UNIQUE INDEX messages_2026_09_02_pkey ON realtime.messages_2026_09_02 USING btree (id, inserted_at)",True,True,True,True,False,False,2,2,True,p,8192,0,0,0,
crm,opportunity,opportunity_pkey,CREATE UNIQUE INDEX opportunity_pkey ON crm.opportunity USING btree (id),True,True,True,True,False,False,1,1,True,f,8192,0,0,0,
crm,note,note_pkey,CREATE UNIQUE INDEX note_pkey ON crm.note USING btree (id),True,True,True,True,False,False,1,1,True,p,8192,0,0,0,
auth,webauthn_credentials,webauthn_credentials_credential_id_key,CREATE UNIQUE INDEX webauthn_credentials_credential_id_key ON auth.webauthn_credentials USING btree (credential_id),True,False,True,True,False,False,1,1,False,,8192,0,0,0,
dflow,sample_import_row,sample_import_row_job_idx,"CREATE INDEX sample_import_row_job_idx ON dflow.sample_import_row USING btree (import_job_id, row_number)",False,False,True,True,False,False,2,2,False,,8192,0,0,0,
dflow,item_user_assignment,item_user_assignment_active_lookup,"CREATE INDEX item_user_assignment_active_lookup ON dflow.item_user_assignment USING btree (rfq_item_id, function_key, effective_from, id) INCLUDE (user_id) WHERE (effective_to IS NULL)",False,False,True,True,True,False,4,5,False,,8192,0,0,0,
plm,item,item_product_depth_id_idx,CREATE INDEX item_product_depth_id_idx ON plm.item USING btree (product_depth_id) WHERE (product_depth_id IS NOT NULL),False,False,True,True,True,False,1,1,False,,8192,0,0,0,
dflow_prod,artists,artists_pkey,CREATE UNIQUE INDEX artists_pkey ON dflow_prod.artists USING btree (id),True,True,True,True,False,False,1,1,True,p,8192,0,0,0,
dflow_prod,artist_types,artist_types_pkey,CREATE UNIQUE INDEX artist_types_pkey ON dflow_prod.artist_types USING btree (id),True,True,True,True,False,False,1,1,True,p,8192,0,0,0,
core,style_guide,style_guide_licensor_code_key,"CREATE UNIQUE INDEX style_guide_licensor_code_key ON core.style_guide USING btree (licensor_id, code) WHERE (code IS NOT NULL)",True,False,True,True,True,False,2,2,False,,8192,0,0,0,
plm,twentieth_century_dcp_character,idx_twentieth_century_dcp_character_core,CREATE INDEX idx_twentieth_century_dcp_character_core ON plm.twentieth_century_dcp_character USING btree (core_character_id) WHERE (core_character_id IS NOT NULL),False,False,True,True,True,False,1,1,False,,8192,0,0,0,
core,product_type,product_type_pkey,CREATE UNIQUE INDEX product_type_pkey ON core.product_type USING btree (id),True,True,True,True,False,False,1,1,True,f,8192,0,0,0,
auth,oauth_consents,oauth_consents_active_user_client_idx,"CREATE INDEX oauth_consents_active_user_client_idx ON auth.oauth_consents USING btree (user_id, client_id) WHERE (revoked_at IS NULL)",False,False,True,True,True,False,2,2,False,,8192,0,0,0,
plm,marvel_dcp_metadata_load_exception,idx_marvel_dcp_metadata_load_exception_reason_code,CREATE INDEX idx_marvel_dcp_metadata_load_exception_reason_code ON plm.marvel_dcp_metadata_load_exception USING btree (reason_code),False,False,True,True,False,False,1,1,False,,8192,0,0,0,
plm,marvel_dcp_crawl_gap,idx_marvel_dcp_crawl_gap_open,CREATE INDEX idx_marvel_dcp_crawl_gap_open ON plm.marvel_dcp_crawl_gap USING btree (crawl_section_id) WHERE ((resolved_at IS NULL) AND (waived_at IS NULL)),False,False,True,True,True,False,1,1,False,,8192,0,0,0,
storage,buckets_analytics,buckets_analytics_pkey,CREATE UNIQUE INDEX buckets_analytics_pkey ON storage.buckets_analytics USING btree (id),True,True,True,True,False,False,1,1,True,p,8192,0,0,0,
public,prod_order_headers_raw,idx_prod_order_headers_raw_external_id,CREATE INDEX idx_prod_order_headers_raw_external_id ON public.prod_order_headers_raw USING btree (external_id),False,False,True,True,False,False,1,1,False,,8192,0,0,0,
storage,buckets_vectors,buckets_vectors_pkey,CREATE UNIQUE INDEX buckets_vectors_pkey ON storage.buckets_vectors USING btree (id),True,True,True,True,False,False,1,1,True,f,8192,0,0,0,
storage,vector_indexes,vector_indexes_pkey,CREATE UNIQUE INDEX vector_indexes_pkey ON storage.vector_indexes USING btree (id),True,True,True,True,False,False,1,1,True,p,8192,0,0,0,
dflow_prod,artist_types,artist_types_code_key,CREATE UNIQUE INDEX artist_types_code_key ON dflow_prod.artist_types USING btree (code),True,False,True,True,False,False,1,1,True,u,8192,0,0,0,
pim,product_style_group,product_style_group_pkey,CREATE UNIQUE INDEX product_style_group_pkey ON pim.product_style_group USING btree (id),True,True,True,True,False,False,1,1,True,p,8192,0,0,0,
public,tiff_optimization_queue,idx_tiff_opt_status,CREATE INDEX idx_tiff_opt_status ON public.tiff_optimization_queue USING btree (status),False,False,True,True,False,False,1,1,False,,8192,109736,0,0,2026-09-04 17:30:41.684883-04
app,file_object,file_object_pkey,CREATE UNIQUE INDEX file_object_pkey ON app.file_object USING btree (id),True,True,True,True,False,False,1,1,True,f,8192,0,0,0,
realtime,messages_2026_09_07,messages_2026_09_07_inserted_at_topic_idx,"CREATE INDEX messages_2026_09_07_inserted_at_topic_idx ON realtime.messages_2026_09_07 USING btree (inserted_at DESC, topic) WHERE ((extension = 'broadcast'::text) AND (private IS TRUE))",False,False,True,True,True,False,2,2,False,,8192,0,0,0,
dflow,sample_import_job,sample_import_job_pkey,CREATE UNIQUE INDEX sample_import_job_pkey ON dflow.sample_import_job USING btree (import_job_id),True,True,True,True,False,False,1,1,True,f,8192,0,0,0,
plm,wwe_submission_comment,wwe_submission_comment_pkey,"CREATE UNIQUE INDEX wwe_submission_comment_pkey ON plm.wwe_submission_comment USING btree (capture_id, submission_number, comment_hash)",True,True,True,True,False,False,3,3,True,p,8192,0,0,0,
storage,buckets_vectors,buckets_vectors_pkey,CREATE UNIQUE INDEX buckets_vectors_pkey ON storage.buckets_vectors USING btree (id),True,True,True,True,False,False,1,1,True,p,8192,0,0,0,
dflow_prod,art_piece_attachment,art_piece_attachment_updated_by_fkey,CREATE INDEX art_piece_attachment_updated_by_fkey ON dflow_prod.art_piece_attachment USING btree (updated_by),False,False,True,True,False,False,1,1,False,,8192,0,0,0,
auth,mfa_challenges,mfa_challenge_created_at_idx,CREATE INDEX mfa_challenge_created_at_idx ON auth.mfa_challenges USING btree (created_at DESC),False,False,True,True,False,False,1,1,False,,8192,0,0,0,
plm,coldlion_promotion_audit,plm_coldlion_promotion_audit_run_idx,CREATE INDEX plm_coldlion_promotion_audit_run_idx ON plm.coldlion_promotion_audit USING btree (sync_run_id),False,False,True,True,False,False,1,1,False,,8192,0,0,0,
core,character,character_licensor_id_idx,"CREATE INDEX character_licensor_id_idx ON core.""character"" USING btree (licensor_id)",False,False,True,True,False,False,1,1,False,,8192,0,0,0,
dflow,sample_import_row,sample_import_row_import_job_id_row_number_key,"CREATE UNIQUE INDEX sample_import_row_import_job_id_row_number_key ON dflow.sample_import_row USING btree (import_job_id, row_number)",True,False,True,True,False,False,2,2,True,u,8192,0,0,0,
pim,product_style_group,product_style_group_product_id_style_group_id_key,"CREATE UNIQUE INDEX product_style_group_product_id_style_group_id_key ON pim.product_style_group USING btree (product_id, style_group_id)",True,False,True,True,False,False,2,2,True,u,8192,0,0,0,
dflow,sample_import_row,sample_import_row_pkey,CREATE UNIQUE INDEX sample_import_row_pkey ON dflow.sample_import_row USING btree (import_row_id),True,True,True,True,False,False,1,1,True,p,8192,0,0,0,
dflow_prod,artist_types,artist_types_created_by_fkey,CREATE INDEX artist_types_created_by_fkey ON dflow_prod.artist_types USING btree (created_by),False,False,True,True,False,False,1,1,False,,8192,0,0,0,
plm,twentieth_century_dcp_crawl,twentieth_century_dcp_crawl_pkey,CREATE UNIQUE INDEX twentieth_century_dcp_crawl_pkey ON plm.twentieth_century_dcp_crawl USING btree (crawl_id),True,True,True,True,False,False,1,1,True,f,8192,0,0,0,
plm,twentieth_century_dcp_style_guide,twentieth_century_dcp_style_guide_pkey,CREATE UNIQUE INDEX twentieth_century_dcp_style_guide_pkey ON plm.twentieth_century_dcp_style_guide USING btree (id),True,True,True,True,False,False,1,1,True,f,8192,0,0,0,
public,prod_order_headers_raw,idx_prod_order_headers_raw_sync_run_id,CREATE INDEX idx_prod_order_headers_raw_sync_run_id ON public.prod_order_headers_raw USING btree (sync_run_id),False,False,True,True,False,False,1,1,False,,8192,0,0,0,
plm,twentieth_century_dcp_asset,twentieth_century_dcp_asset_unique,"CREATE UNIQUE INDEX twentieth_century_dcp_asset_unique ON plm.twentieth_century_dcp_asset USING btree (source_system, source_path)",True,False,True,True,False,False,2,2,True,u,8192,0,0,0,
core,merch_group,merch_group_pkey,CREATE UNIQUE INDEX merch_group_pkey ON core.merch_group USING btree (id),True,True,True,True,False,False,1,1,True,f,8192,0,0,0,
auth,mfa_factors,mfa_factors_pkey,CREATE UNIQUE INDEX mfa_factors_pkey ON auth.mfa_factors USING btree (id),True,True,True,True,False,False,1,1,True,p,8192,0,0,0,
core,merch_group,merch_group_parent_id_code_key,"CREATE UNIQUE INDEX merch_group_parent_id_code_key ON core.merch_group USING btree (parent_id, code) NULLS NOT DISTINCT",True,False,True,True,False,False,2,2,True,u,8192,0,0,0,
core,merch_group,merch_group_pkey,CREATE UNIQUE INDEX merch_group_pkey ON core.merch_group USING btree (id),True,True,True,True,False,False,1,1,True,p,8192,0,0,0,
plm,twentieth_century_dcp_asset,twentieth_century_dcp_asset_pkey,CREATE UNIQUE INDEX twentieth_century_dcp_asset_pkey ON plm.twentieth_century_dcp_asset USING btree (id),True,True,True,True,False,False,1,1,True,p,8192,0,0,0,
core,style_guide,style_guide_pkey,CREATE UNIQUE INDEX style_guide_pkey ON core.style_guide USING btree (id),True,True,True,True,False,False,1,1,True,f,8192,0,0,0,
dam,style_group,style_group_pkey,CREATE UNIQUE INDEX style_group_pkey ON dam.style_group USING btree (id),True,True,True,True,False,False,1,1,True,f,8192,0,0,0,
core,product_type,product_type_pkey,CREATE UNIQUE INDEX product_type_pkey ON core.product_type USING btree (id),True,True,True,True,False,False,1,1,True,f,8192,0,0,0,
core,product_subtype,product_subtype_product_type_id_name_key,"CREATE UNIQUE INDEX product_subtype_product_type_id_name_key ON core.product_subtype USING btree (product_type_id, name) NULLS NOT DISTINCT",True,False,True,True,False,False,2,2,True,u,8192,0,0,0,
plm,twentieth_century_dcp_crawl,twentieth_century_dcp_crawl_pkey,CREATE UNIQUE INDEX twentieth_century_dcp_crawl_pkey ON plm.twentieth_century_dcp_crawl USING btree (crawl_id),True,True,True,True,False,False,1,1,True,f,8192,0,0,0,
storage,s3_multipart_uploads,s3_multipart_uploads_pkey,CREATE UNIQUE INDEX s3_multipart_uploads_pkey ON storage.s3_multipart_uploads USING btree (id),True,True,True,True,False,False,1,1,True,f,8192,0,0,0,
plm,sesame_asset_type,sesame_asset_type_value_idx,"CREATE INDEX sesame_asset_type_value_idx ON plm.sesame_asset_type USING btree (capture_id, value_key)",False,False,True,True,False,False,2,2,False,,8192,0,0,0,
plm,twentieth_century_dcp_crawl,twentieth_century_dcp_crawl_pkey,CREATE UNIQUE INDEX twentieth_century_dcp_crawl_pkey ON plm.twentieth_century_dcp_crawl USING btree (crawl_id),True,True,True,True,False,False,1,1,True,f,8192,0,0,0,
storage,s3_multipart_uploads_parts,s3_multipart_uploads_parts_pkey,CREATE UNIQUE INDEX s3_multipart_uploads_parts_pkey ON storage.s3_multipart_uploads_parts USING btree (id),True,True,True,True,False,False,1,1,True,p,8192,0,0,0,
dam,asset,asset_pkey,CREATE UNIQUE INDEX asset_pkey ON dam.asset USING btree (id),True,True,True,True,False,False,1,1,True,f,8192,0,0,0,
core,product_subtype,product_subtype_product_type_id_code_key,"CREATE UNIQUE INDEX product_subtype_product_type_id_code_key ON core.product_subtype USING btree (product_type_id, code) NULLS NOT DISTINCT",True,False,True,True,False,False,2,2,True,u,8192,0,0,0,
core,product_subtype,product_subtype_pkey,CREATE UNIQUE INDEX product_subtype_pkey ON core.product_subtype USING btree (id),True,True,True,True,False,False,1,1,True,p,8192,0,0,0,
dflow_prod,RFQItem,idx_rfqitem_customer,"CREATE INDEX idx_rfqitem_customer ON dflow_prod.""RFQItem"" USING btree (""rfqItem_customer"")",False,False,True,True,False,False,1,1,False,,8192,0,0,0,
plm,sesame_style_guide_character,sesame_style_guide_character_character_idx,"CREATE INDEX sesame_style_guide_character_character_idx ON plm.sesame_style_guide_character USING btree (capture_id, character_value_key)",False,False,True,True,False,False,2,2,False,,8192,0,0,0,
plm,wwe_asset_style_guide_inferred,wwe_asset_style_guide_inferred_pkey,"CREATE UNIQUE INDEX wwe_asset_style_guide_inferred_pkey ON plm.wwe_asset_style_guide_inferred USING btree (capture_id, asset_source_id, guideline_source_id)",True,True,True,True,False,False,3,3,True,p,8192,0,0,0,
core,product_category,product_category_pkey,CREATE UNIQUE INDEX product_category_pkey ON core.product_category USING btree (id),True,True,True,True,False,False,1,1,True,f,8192,0,0,0,
plm,coldlion_promotion_audit,plm_coldlion_promotion_audit_key_idx,"CREATE INDEX plm_coldlion_promotion_audit_key_idx ON plm.coldlion_promotion_audit USING btree (company_code, division_code, mg_type_code, mg_code, decided_at DESC)",False,False,True,True,False,False,5,5,False,,8192,0,0,0,
crm,opportunity,crm_opportunity_stage_idx,CREATE INDEX crm_opportunity_stage_idx ON crm.opportunity USING btree (stage),False,False,True,True,False,False,1,1,False,,8192,0,0,0,
plm,twentieth_century_dcp_style_guide,twentieth_century_dcp_style_guide_unique,"CREATE UNIQUE INDEX twentieth_century_dcp_style_guide_unique ON plm.twentieth_century_dcp_style_guide USING btree (source_system, source_path)",True,False,True,True,False,False,2,2,True,u,8192,0,0,0,
public,erp_enrichment_log,idx_eel_target_id,CREATE INDEX idx_eel_target_id ON public.erp_enrichment_log USING btree (target_id),False,False,True,True,False,False,1,1,False,,8192,0,0,0,
plm,twentieth_century_dcp_style_guide,twentieth_century_dcp_style_guide_pkey,CREATE UNIQUE INDEX twentieth_century_dcp_style_guide_pkey ON plm.twentieth_century_dcp_style_guide USING btree (id),True,True,True,True,False,False,1,1,True,p,8192,0,0,0,
storage,s3_multipart_uploads,s3_multipart_uploads_pkey,CREATE UNIQUE INDEX s3_multipart_uploads_pkey ON storage.s3_multipart_uploads USING btree (id),True,True,True,True,False,False,1,1,True,p,8192,0,0,0,
dflow_prod,users,users_pkey,CREATE UNIQUE INDEX users_pkey ON dflow_prod.users USING btree (id),True,True,True,True,False,False,1,1,True,f,8192,0,0,0,
plm,twentieth_century_dcp_crawl,twentieth_century_dcp_crawl_pkey,CREATE UNIQUE INDEX twentieth_century_dcp_crawl_pkey ON plm.twentieth_century_dcp_crawl USING btree (crawl_id),True,True,True,True,False,False,1,1,True,f,8192,0,0,0,
plm,twentieth_century_dcp_crawl,twentieth_century_dcp_crawl_pkey,CREATE UNIQUE INDEX twentieth_century_dcp_crawl_pkey ON plm.twentieth_century_dcp_crawl USING btree (crawl_id),True,True,True,True,False,False,1,1,True,f,8192,0,0,0,
realtime,messages_2026_09_06,messages_2026_09_06_inserted_at_topic_idx,"CREATE INDEX messages_2026_09_06_inserted_at_topic_idx ON realtime.messages_2026_09_06 USING btree (inserted_at DESC, topic) WHERE ((extension = 'broadcast'::text) AND (private IS TRUE))",False,False,True,True,True,False,2,2,False,,8192,0,0,0,
plm,twentieth_century_dcp_portal_tile,twentieth_century_dcp_portal_tile_unique,"CREATE UNIQUE INDEX twentieth_century_dcp_portal_tile_unique ON plm.twentieth_century_dcp_portal_tile USING btree (source_system, source_key)",True,False,True,True,False,False,2,2,True,u,8192,0,0,0,
core,character,character_pkey,"CREATE UNIQUE INDEX character_pkey ON core.""character"" USING btree (id)",True,True,True,True,False,False,1,1,True,p,8192,0,0,0,
crm,opportunity_product,opportunity_product_opportunity_id_product_id_relationship__key,"CREATE UNIQUE INDEX opportunity_product_opportunity_id_product_id_relationship__key ON crm.opportunity_product USING btree (opportunity_id, product_id, relationship_type)",True,False,True,True,False,False,3,3,True,u,8192,0,0,0,
core,product_type,product_type_category_id_name_key,"CREATE UNIQUE INDEX product_type_category_id_name_key ON core.product_type USING btree (category_id, name) NULLS NOT DISTINCT",True,False,True,True,False,False,2,2,True,u,8192,0,0,0,
dflow_prod,item_prod_order_detail_associations,item_prod_order_detail_associations_matched_item_number_idx,CREATE INDEX item_prod_order_detail_associations_matched_item_number_idx ON dflow_prod.item_prod_order_detail_associations USING btree (matched_item_number),False,False,True,True,False,False,1,1,False,,8192,0,0,0,
dflow,StandardizedProductElementValue,StandardizedProductElementValue_pkey,"CREATE UNIQUE INDEX ""StandardizedProductElementValue_pkey"" ON dflow.""StandardizedProductElementValue"" USING btree (id)",True,True,True,True,False,False,1,1,True,p,8192,0,0,0,
plm,pmt_property,idx_pmt_property_core,CREATE INDEX idx_pmt_property_core ON plm.pmt_property USING btree (core_property_id) WHERE (core_property_id IS NOT NULL),False,False,True,True,True,False,1,1,False,,8192,2,0,0,2026-09-03 15:30:48.929029-04
plm,creative_submission_contract_resolution,creative_submission_contract_resolution_pkey,CREATE UNIQUE INDEX creative_submission_contract_resolution_pkey ON plm.creative_submission_contract_resolution USING btree (resolution_id),True,True,True,True,False,False,1,1,True,p,8192,0,0,0,
plm,creative_submission_contract_resolution,creative_submission_contract_resolution_identity_version_uq,"CREATE UNIQUE INDEX creative_submission_contract_resolution_identity_version_uq ON plm.creative_submission_contract_resolution USING btree (submission_source_system, submission_source_table, submission_source_id, decision_version)",True,False,True,True,False,False,4,4,True,u,8192,0,0,0,
plm,creative_submission_contract_resolution,creative_submission_contract_resolution_supersedes_uq,CREATE UNIQUE INDEX creative_submission_contract_resolution_supersedes_uq ON plm.creative_submission_contract_resolution USING btree (supersedes_resolution_id),True,False,True,True,False,False,1,1,True,u,8192,0,0,0,
plm,creative_submission_contract_resolution,creative_submission_contract_resolution_pkey,CREATE UNIQUE INDEX creative_submission_contract_resolution_pkey ON plm.creative_submission_contract_resolution USING btree (resolution_id),True,True,True,True,False,False,1,1,True,f,8192,0,0,0,
realtime,messages_2026_09_03,messages_2026_09_03_pkey,"CREATE UNIQUE INDEX messages_2026_09_03_pkey ON realtime.messages_2026_09_03 USING btree (id, inserted_at)",True,True,True,True,False,False,2,2,True,p,8192,0,0,0,
public,hts_rag_precedents,hts_rag_precedents_pkey,CREATE UNIQUE INDEX hts_rag_precedents_pkey ON public.hts_rag_precedents USING btree (id),True,True,True,True,False,False,1,1,True,p,8192,0,0,0,
public,hts_rag_product_examples,hts_rag_product_examples_pkey,CREATE UNIQUE INDEX hts_rag_product_examples_pkey ON public.hts_rag_product_examples USING btree (id),True,True,True,True,False,False,1,1,True,p,8192,0,0,0,
public,hts_rag_precedent_rulings,hts_rag_precedent_rulings_pkey,CREATE UNIQUE INDEX hts_rag_precedent_rulings_pkey ON public.hts_rag_precedent_rulings USING btree (id),True,True,True,True,False,False,1,1,True,p,8192,0,0,0,
public,hts_rag_precedent_rulings,hts_rag_precedent_rulings_precedent_id_ruling_id_key,"CREATE UNIQUE INDEX hts_rag_precedent_rulings_precedent_id_ruling_id_key ON public.hts_rag_precedent_rulings USING btree (precedent_id, ruling_id)",True,False,True,True,False,False,2,2,True,u,8192,0,0,0,
public,hts_rag_precedents,hts_rag_precedents_pkey,CREATE UNIQUE INDEX hts_rag_precedents_pkey ON public.hts_rag_precedents USING btree (id),True,True,True,True,False,False,1,1,True,f,8192,0,0,0,
storage,s3_multipart_uploads,idx_multipart_uploads_list,"CREATE INDEX idx_multipart_uploads_list ON storage.s3_multipart_uploads USING btree (bucket_id, key, created_at)",False,False,True,True,False,False,3,3,False,,8192,0,0,0,
public,hts_rag_product_examples,hts_rag_product_examples_fixture_version_fixture_hash_input_key,"CREATE UNIQUE INDEX hts_rag_product_examples_fixture_version_fixture_hash_input_key ON public.hts_rag_product_examples USING btree (fixture_version, fixture_hash, input_hash)",True,False,True,True,False,False,3,3,True,u,8192,0,0,0,
public,hts_rag_determinations,hts_rag_determinations_pkey,CREATE UNIQUE INDEX hts_rag_determinations_pkey ON public.hts_rag_determinations USING btree (id),True,True,True,True,False,False,1,1,True,p,8192,0,0,0,
public,hts_rag_product_examples,hts_rag_product_examples_pkey,CREATE UNIQUE INDEX hts_rag_product_examples_pkey ON public.hts_rag_product_examples USING btree (id),True,True,True,True,False,False,1,1,True,f,8192,0,0,0,
public,hts_rag_precedents,hts_rag_precedents_pkey,CREATE UNIQUE INDEX hts_rag_precedents_pkey ON public.hts_rag_precedents USING btree (id),True,True,True,True,False,False,1,1,True,f,8192,0,0,0,
public,hts_rag_extraction_jobs,hts_rag_extraction_jobs_pkey,CREATE UNIQUE INDEX hts_rag_extraction_jobs_pkey ON public.hts_rag_extraction_jobs USING btree (id),True,True,True,True,False,False,1,1,True,p,8192,0,0,0,
public,hts_rag_product_examples,hts_rag_product_examples_pkey,CREATE UNIQUE INDEX hts_rag_product_examples_pkey ON public.hts_rag_product_examples USING btree (id),True,True,True,True,False,False,1,1,True,f,8192,0,0,0,
public,hts_rag_review_events,hts_rag_review_events_pkey,CREATE UNIQUE INDEX hts_rag_review_events_pkey ON public.hts_rag_review_events USING btree (id),True,True,True,True,False,False,1,1,True,p,8192,0,0,0,
public,hts_rag_product_family_allowlist,hts_rag_product_family_allowlist_pkey,CREATE UNIQUE INDEX hts_rag_product_family_allowlist_pkey ON public.hts_rag_product_family_allowlist USING btree (product_family),True,True,True,True,False,False,1,1,True,p,8192,0,0,0,
realtime,messages_2026_09_04,messages_2026_09_04_pkey,"CREATE UNIQUE INDEX messages_2026_09_04_pkey ON realtime.messages_2026_09_04 USING btree (id, inserted_at)",True,True,True,True,False,False,2,2,True,p,8192,0,0,0,
realtime,messages_2026_09_05,messages_2026_09_05_pkey,"CREATE UNIQUE INDEX messages_2026_09_05_pkey ON realtime.messages_2026_09_05 USING btree (id, inserted_at)",True,True,True,True,False,False,2,2,True,p,8192,0,0,0,
dflow,item_user_assignment,item_user_assignment_pkey,CREATE UNIQUE INDEX item_user_assignment_pkey ON dflow.item_user_assignment USING btree (id),True,True,True,True,False,False,1,1,True,p,8192,0,0,0,
plm,twentieth_century_dcp_portal_tile,twentieth_century_dcp_portal_tile_pkey,CREATE UNIQUE INDEX twentieth_century_dcp_portal_tile_pkey ON plm.twentieth_century_dcp_portal_tile USING btree (id),True,True,True,True,False,False,1,1,True,p,8192,0,0,0,
plm,opa_property_character,idx_opa_property_character_property_id,CREATE INDEX idx_opa_property_character_property_id ON plm.opa_property_character USING btree (property_id) WHERE (property_id IS NOT NULL),False,False,True,True,True,False,1,1,False,,8192,1,0,0,2026-08-30 10:26:34.904932-04
auth,users,email_change_token_current_idx,CREATE UNIQUE INDEX email_change_token_current_idx ON auth.users USING btree (email_change_token_current) WHERE ((email_change_token_current)::text !~ '^[0-9 ]*$'::text),True,False,True,True,True,False,1,1,False,,8192,0,0,0,
dflow,item_workflow_action,item_workflow_action_pkey,CREATE UNIQUE INDEX item_workflow_action_pkey ON dflow.item_workflow_action USING btree (id),True,True,True,True,False,False,1,1,True,p,8192,0,0,0,
dflow,item_workflow_action,item_workflow_action_correlation_key_key,CREATE UNIQUE INDEX item_workflow_action_correlation_key_key ON dflow.item_workflow_action USING btree (correlation_key),True,False,True,True,False,False,1,1,True,u,8192,0,0,0,
plm,twentieth_century_dcp_crawl,twentieth_century_dcp_crawl_pkey,CREATE UNIQUE INDEX twentieth_century_dcp_crawl_pkey ON plm.twentieth_century_dcp_crawl USING btree (crawl_id),True,True,True,True,False,False,1,1,True,p,8192,0,0,0,
plm,source_resolution,source_resolution_pkey,"CREATE UNIQUE INDEX source_resolution_pkey ON plm.source_resolution USING btree (source_system, entity_kind, source_id)",True,True,True,True,False,False,3,3,True,p,8192,11,0,0,2026-09-03 15:30:49.379503-04
coldlion,season,coldlion_season_pkey,"CREATE UNIQUE INDEX coldlion_season_pkey ON coldlion.season USING btree (company_code, division_code, season_code)",True,True,True,True,False,False,3,3,True,p,8192,0,0,0,
coldlion,sync_run,sync_run_pkey,CREATE UNIQUE INDEX sync_run_pkey ON coldlion.sync_run USING btree (id),True,True,True,True,False,False,1,1,True,f,8192,0,0,0,
coldlion,salesperson,coldlion_salesperson_pkey,"CREATE UNIQUE INDEX coldlion_salesperson_pkey ON coldlion.salesperson USING btree (company_code, salesperson_code)",True,True,True,True,False,False,2,2,True,p,8192,0,0,0,
coldlion,sync_run,sync_run_pkey,CREATE UNIQUE INDEX sync_run_pkey ON coldlion.sync_run USING btree (id),True,True,True,True,False,False,1,1,True,f,8192,0,0,0,
public,hts_rag_determinations,hts_rag_determinations_completion_key_uq,CREATE UNIQUE INDEX hts_rag_determinations_completion_key_uq ON public.hts_rag_determinations USING btree (completion_key),True,False,True,True,False,False,1,1,True,u,8192,0,0,0,
public,hts_rag_provider_responses,hts_rag_provider_responses_pkey,CREATE UNIQUE INDEX hts_rag_provider_responses_pkey ON public.hts_rag_provider_responses USING btree (id),True,True,True,True,False,False,1,1,True,p,8192,0,0,0,
public,hts_rag_provider_responses,hts_rag_provider_responses_turn_uq,"CREATE UNIQUE INDEX hts_rag_provider_responses_turn_uq ON public.hts_rag_provider_responses USING btree (session_id, turn_role, turn_index)",True,False,True,True,False,False,3,3,True,u,8192,0,0,0,
public,hts_rag_determinations,hts_rag_determinations_pkey,CREATE UNIQUE INDEX hts_rag_determinations_pkey ON public.hts_rag_determinations USING btree (id),True,True,True,True,False,False,1,1,True,f,8192,0,0,0,
public,hts_rag_extraction_jobs,hts_rag_extraction_jobs_pkey,CREATE UNIQUE INDEX hts_rag_extraction_jobs_pkey ON public.hts_rag_extraction_jobs USING btree (id),True,True,True,True,False,False,1,1,True,f,8192,0,0,0,
realtime,messages_2026_09_06,messages_2026_09_06_pkey,"CREATE UNIQUE INDEX messages_2026_09_06_pkey ON realtime.messages_2026_09_06 USING btree (id, inserted_at)",True,True,True,True,False,False,2,2,True,p,8192,0,0,0,
core,character,character_pkey,"CREATE UNIQUE INDEX character_pkey ON core.""character"" USING btree (id)",True,True,True,True,False,False,1,1,True,f,8192,0,0,0,
core,character,character_pkey,"CREATE UNIQUE INDEX character_pkey ON core.""character"" USING btree (id)",True,True,True,True,False,False,1,1,True,f,8192,0,0,0,
core,character,character_pkey,"CREATE UNIQUE INDEX character_pkey ON core.""character"" USING btree (id)",True,True,True,True,False,False,1,1,True,f,8192,0,0,0,
realtime,messages_2026_09_07,messages_2026_09_07_pkey,"CREATE UNIQUE INDEX messages_2026_09_07_pkey ON realtime.messages_2026_09_07 USING btree (id, inserted_at)",True,True,True,True,False,False,2,2,True,p,8192,0,0,0,
auth,oauth_authorizations,oauth_auth_pending_exp_idx,CREATE INDEX oauth_auth_pending_exp_idx ON auth.oauth_authorizations USING btree (expires_at) WHERE (status = 'pending'::auth.oauth_authorization_status),False,False,True,True,True,False,1,1,False,,8192,0,0,0,
dflow,users,users_app_profile_id_uidx,CREATE UNIQUE INDEX users_app_profile_id_uidx ON dflow.users USING btree (app_profile_id) WHERE (app_profile_id IS NOT NULL),True,False,True,True,True,False,1,1,False,,8192,0,0,0,
dflow,comments,comments_app_comment_id_uidx,CREATE UNIQUE INDEX comments_app_comment_id_uidx ON dflow.comments USING btree (app_comment_id) WHERE (app_comment_id IS NOT NULL),True,False,True,True,True,False,1,1,False,,8192,0,0,0,
dflow_prod,RFQItem,idx_rfqitem_step,"CREATE INDEX idx_rfqitem_step ON dflow_prod.""RFQItem"" USING btree (""rfqItem_step"")",False,False,True,True,False,False,1,1,False,,8192,0,0,0,
core,product_type,product_type_category_id_code_key,"CREATE UNIQUE INDEX product_type_category_id_code_key ON core.product_type USING btree (category_id, code) NULLS NOT DISTINCT",True,False,True,True,False,False,2,2,True,u,8192,0,0,0,
dflow_prod,companyCode,companyCode_pkey,"CREATE UNIQUE INDEX ""companyCode_pkey"" ON dflow_prod.""companyCode"" USING btree (""comCode_id"")",True,True,True,True,False,False,1,1,True,f,8192,0,0,0,
dflow_prod,art_piece,art_piece_pkey,CREATE UNIQUE INDEX art_piece_pkey ON dflow_prod.art_piece USING btree (id),True,True,True,True,False,False,1,1,True,f,8192,0,0,0,
plm,twentieth_century_dcp_asset_term_observation,idx_twentieth_century_dcp_asset_term_obs_run,CREATE INDEX idx_twentieth_century_dcp_asset_term_obs_run ON plm.twentieth_century_dcp_asset_term_observation USING btree (metadata_run_id),False,False,True,True,False,False,1,1,False,,8192,0,0,0,
core,product_type,product_type_pkey,CREATE UNIQUE INDEX product_type_pkey ON core.product_type USING btree (id),True,True,True,True,False,False,1,1,True,p,8192,0,0,0,
core,style_guide,style_guide_pkey,CREATE UNIQUE INDEX style_guide_pkey ON core.style_guide USING btree (id),True,True,True,True,False,False,1,1,True,f,8192,0,0,0,
crm,opportunity,opportunity_pkey,CREATE UNIQUE INDEX opportunity_pkey ON crm.opportunity USING btree (id),True,True,True,True,False,False,1,1,True,p,8192,0,0,0,
core,product_category,product_category_pkey,CREATE UNIQUE INDEX product_category_pkey ON core.product_category USING btree (id),True,True,True,True,False,False,1,1,True,f,8192,0,0,0,
plm,lucasfilm_dcp_metadata_load_exception,idx_lucasfilm_dcp_metadata_load_exception_open,CREATE INDEX idx_lucasfilm_dcp_metadata_load_exception_open ON plm.lucasfilm_dcp_metadata_load_exception USING btree (metadata_run_id) WHERE (resolved_at IS NULL),False,False,True,True,True,False,1,1,False,,8192,0,0,0,
core,product_category,product_category_name_key,CREATE UNIQUE INDEX product_category_name_key ON core.product_category USING btree (name),True,False,True,True,False,False,1,1,True,u,8192,0,0,0,
core,product_category,product_category_pkey,CREATE UNIQUE INDEX product_category_pkey ON core.product_category USING btree (id),True,True,True,True,False,False,1,1,True,p,8192,0,0,0,
plm,art_piece,art_piece_pkey,CREATE UNIQUE INDEX art_piece_pkey ON plm.art_piece USING btree (id),True,True,True,True,False,False,1,1,True,f,8192,0,0,0,
plm,rfq_group,rfq_group_pkey,CREATE UNIQUE INDEX rfq_group_pkey ON plm.rfq_group USING btree (id),True,True,True,True,False,False,1,1,True,p,8192,0,0,0,
public,hts_rag_extraction_jobs,hts_rag_extraction_jobs_pending_claim_idx,"CREATE INDEX hts_rag_extraction_jobs_pending_claim_idx ON public.hts_rag_extraction_jobs USING btree (available_at, created_at) WHERE (status = 'pending'::text)",False,False,True,True,True,False,2,2,False,,8192,0,0,0,
plm,rfq_group,rfq_group_source_system_source_id_key,"CREATE UNIQUE INDEX rfq_group_source_system_source_id_key ON plm.rfq_group USING btree (source_system, source_id) NULLS NOT DISTINCT",True,False,True,True,False,False,2,2,True,u,8192,0,0,0,
public,hygiene_findings,uq_hygiene_findings_path_check,"CREATE UNIQUE INDEX uq_hygiene_findings_path_check ON public.hygiene_findings USING btree (relative_path, check_type) WHERE (status <> 'resolved'::text)",True,False,True,True,True,False,2,2,False,,8192,0,0,0,
plm,art_piece_item,art_piece_item_art_piece_id_item_id_normalized_sku_normaliz_key,"CREATE UNIQUE INDEX art_piece_item_art_piece_id_item_id_normalized_sku_normaliz_key ON plm.art_piece_item USING btree (art_piece_id, item_id, normalized_sku, normalized_style_number, source_system, source_id) NULLS NOT DISTINCT",True,False,True,True,False,False,6,6,True,u,8192,0,0,0,
dflow_prod,merchGroup,merchGroup_pkey,"CREATE UNIQUE INDEX ""merchGroup_pkey"" ON dflow_prod.""merchGroup"" USING btree (mg_id)",True,True,True,True,False,False,1,1,True,f,8192,0,0,0,
dflow_prod,merchGroup,merchGroup_pkey,"CREATE UNIQUE INDEX ""merchGroup_pkey"" ON dflow_prod.""merchGroup"" USING btree (mg_id)",True,True,True,True,False,False,1,1,True,f,8192,0,0,0,
dflow_prod,merchGroup,merchGroup_pkey,"CREATE UNIQUE INDEX ""merchGroup_pkey"" ON dflow_prod.""merchGroup"" USING btree (mg_id)",True,True,True,True,False,False,1,1,True,f,8192,0,0,0,
dflow_prod,merchGroup,merchGroup_pkey,"CREATE UNIQUE INDEX ""merchGroup_pkey"" ON dflow_prod.""merchGroup"" USING btree (mg_id)",True,True,True,True,False,False,1,1,True,f,8192,0,0,0,
dflow_prod,users,users_pkey,CREATE UNIQUE INDEX users_pkey ON dflow_prod.users USING btree (id),True,True,True,True,False,False,1,1,True,f,8192,0,0,0,
dflow_prod,artists,artists_updated_by_fkey,CREATE INDEX artists_updated_by_fkey ON dflow_prod.artists USING btree (updated_by),False,False,True,True,False,False,1,1,False,,8192,0,0,0,
dflow_prod,RFQItem,idx_rfqitem_divcode,"CREATE INDEX idx_rfqitem_divcode ON dflow_prod.""RFQItem"" USING btree (""rfqItem_divCode_id_fk"")",False,False,True,True,False,False,1,1,False,,8192,0,0,0,
dflow_prod,sample_attachment,idx_sample_attachment_sample_id_fk,CREATE INDEX idx_sample_attachment_sample_id_fk ON dflow_prod.sample_attachment USING btree (sample_id_fk),False,False,True,True,False,False,1,1,False,,8192,0,0,0,
dflow,sample_import_job,sample_import_job_confirmation_idempotency_key_key,CREATE UNIQUE INDEX sample_import_job_confirmation_idempotency_key_key ON dflow.sample_import_job USING btree (confirmation_idempotency_key),True,False,True,True,False,False,1,1,True,u,8192,0,0,0,
dflow_prod,item_prod_order_detail_associations,item_prod_order_detail_associations_unique_pair,"CREATE UNIQUE INDEX item_prod_order_detail_associations_unique_pair ON dflow_prod.item_prod_order_detail_associations USING btree (item_header_id, prod_order_detail_pkey)",True,False,True,True,False,False,2,2,False,,8192,0,0,0,
dflow_prod,property_character_associations,idx_property_character_associations_character_id,CREATE INDEX idx_property_character_associations_character_id ON dflow_prod.property_character_associations USING btree (character_id),False,False,True,True,False,False,1,1,False,,8192,0,0,0,
plm,marvel_dcp_load_exception,marvel_dcp_load_exception_pkey,CREATE UNIQUE INDEX marvel_dcp_load_exception_pkey ON plm.marvel_dcp_load_exception USING btree (id),True,True,True,True,False,False,1,1,True,p,8192,0,0,0,
dflow_prod,RolePermissions,RolePermissions_pkey,"CREATE UNIQUE INDEX ""RolePermissions_pkey"" ON dflow_prod.""RolePermissions"" USING btree (""Id"")",True,True,True,True,False,False,1,1,True,p,8192,0,0,0,
dflow,sample_import_job,sample_import_job_uploader_user_content_hash_key,"CREATE UNIQUE INDEX sample_import_job_uploader_user_content_hash_key ON dflow.sample_import_job USING btree (uploader_user, content_hash)",True,False,True,True,False,False,2,2,True,u,8192,0,0,0,
plm,lucasfilm_dcp_property,idx_lucasfilm_dcp_property_core,CREATE INDEX idx_lucasfilm_dcp_property_core ON plm.lucasfilm_dcp_property USING btree (core_property_id) WHERE (core_property_id IS NOT NULL),False,False,True,True,True,False,1,1,False,,8192,0,0,0,
public,prod_order_sync_runs,idx_prod_order_sync_runs_started_at,CREATE INDEX idx_prod_order_sync_runs_started_at ON public.prod_order_sync_runs USING btree (started_at DESC),False,False,True,True,False,False,1,1,False,,8192,0,0,0,
plm,marvel_dcp_character,idx_marvel_dcp_character_core,CREATE INDEX idx_marvel_dcp_character_core ON plm.marvel_dcp_character USING btree (core_character_id) WHERE (core_character_id IS NOT NULL),False,False,True,True,True,False,1,1,False,,8192,0,0,0,
plm,marvel_dcp_crawl_gap,marvel_dcp_crawl_gap_pkey,CREATE UNIQUE INDEX marvel_dcp_crawl_gap_pkey ON plm.marvel_dcp_crawl_gap USING btree (id),True,True,True,True,False,False,1,1,True,p,8192,0,0,0,
core,style_guide,style_guide_pkey,CREATE UNIQUE INDEX style_guide_pkey ON core.style_guide USING btree (id),True,True,True,True,False,False,1,1,True,f,8192,0,0,0,
dflow_prod,users,users_pkey,CREATE UNIQUE INDEX users_pkey ON dflow_prod.users USING btree (id),True,True,True,True,False,False,1,1,True,f,8192,0,0,0,
dflow,sample_import_job,sample_import_job_pkey,CREATE UNIQUE INDEX sample_import_job_pkey ON dflow.sample_import_job USING btree (import_job_id),True,True,True,True,False,False,1,1,True,p,8192,0,0,0,
dflow_prod,UIElements,UIElements_pkey,"CREATE UNIQUE INDEX ""UIElements_pkey"" ON dflow_prod.""UIElements"" USING btree (""Id"")",True,True,True,True,False,False,1,1,True,f,8192,0,0,0,
dam,asset,dam_asset_style_group_idx,CREATE INDEX dam_asset_style_group_idx ON dam.asset USING btree (style_group_id),False,False,True,True,False,False,1,1,False,,8192,0,0,0,
coldlion,window_ledger,coldlion_window_ledger_state_idx,"CREATE INDEX coldlion_window_ledger_state_idx ON coldlion.window_ledger USING btree (endpoint, state, window_from)",False,False,True,True,False,False,3,3,False,,8192,0,0,0,
plm,lucasfilm_dcp_metadata_load_exception,idx_lucasfilm_dcp_metadata_load_exception_run,CREATE INDEX idx_lucasfilm_dcp_metadata_load_exception_run ON plm.lucasfilm_dcp_metadata_load_exception USING btree (metadata_run_id),False,False,True,True,False,False,1,1,False,,8192,0,0,0,
plm,rfq_item,rfq_item_pkey,CREATE UNIQUE INDEX rfq_item_pkey ON plm.rfq_item USING btree (id),True,True,True,True,False,False,1,1,True,p,8192,0,0,0,
dflow_prod,UIElements,UIElements_ParentId_fkey,"CREATE INDEX ""UIElements_ParentId_fkey"" ON dflow_prod.""UIElements"" USING btree (""ParentId"")",False,False,True,True,False,False,1,1,False,,8192,0,0,0,
auth,sso_providers,sso_providers_resource_id_idx,CREATE UNIQUE INDEX sso_providers_resource_id_idx ON auth.sso_providers USING btree (lower(resource_id)),True,False,True,True,False,True,1,1,False,,8192,0,0,0,
plm,rfq_item,rfq_item_source_system_source_id_key,"CREATE UNIQUE INDEX rfq_item_source_system_source_id_key ON plm.rfq_item USING btree (source_system, source_id) NULLS NOT DISTINCT",True,False,True,True,False,False,2,2,True,u,8192,0,0,0,
plm,rfq_group,rfq_group_pkey,CREATE UNIQUE INDEX rfq_group_pkey ON plm.rfq_group USING btree (id),True,True,True,True,False,False,1,1,True,f,8192,0,0,0,
dflow_prod,art_types,art_types_pkey,CREATE UNIQUE INDEX art_types_pkey ON dflow_prod.art_types USING btree (id),True,True,True,True,False,False,1,1,True,p,8192,0,0,0,
realtime,messages_2026_09_05,messages_2026_09_05_inserted_at_topic_idx,"CREATE INDEX messages_2026_09_05_inserted_at_topic_idx ON realtime.messages_2026_09_05 USING btree (inserted_at DESC, topic) WHERE ((extension = 'broadcast'::text) AND (private IS TRUE))",False,False,True,True,True,False,2,2,False,,8192,0,0,0,
auth,mfa_factors,factor_id_created_at_idx,"CREATE INDEX factor_id_created_at_idx ON auth.mfa_factors USING btree (user_id, created_at)",False,False,True,True,False,False,2,2,False,,8192,0,0,0,
plm,twentieth_century_dcp_crawl,idx_twentieth_century_dcp_crawl_latest_complete,"CREATE INDEX idx_twentieth_century_dcp_crawl_latest_complete ON plm.twentieth_century_dcp_crawl USING btree (captured_on DESC, crawl_id DESC) WHERE (status = 'complete'::text)",False,False,True,True,True,False,2,2,False,,8192,0,0,0,
plm,lucasfilm_dcp_crawl_gap,idx_lucasfilm_dcp_crawl_gap_section,CREATE INDEX idx_lucasfilm_dcp_crawl_gap_section ON plm.lucasfilm_dcp_crawl_gap USING btree (crawl_section_id),False,False,True,True,False,False,1,1,False,,8192,0,0,0,
plm,rfq_vendor,rfq_vendor_pkey,CREATE UNIQUE INDEX rfq_vendor_pkey ON plm.rfq_vendor USING btree (id),True,True,True,True,False,False,1,1,True,p,8192,0,0,0,
plm,rfq_vendor,rfq_vendor_source_system_source_id_key,"CREATE UNIQUE INDEX rfq_vendor_source_system_source_id_key ON plm.rfq_vendor USING btree (source_system, source_id) NULLS NOT DISTINCT",True,False,True,True,False,False,2,2,True,u,8192,0,0,0,
dflow_prod,AuditLog,AuditLog_action_date_idx,"CREATE INDEX ""AuditLog_action_date_idx"" ON dflow_prod.""AuditLog"" USING btree (""actionType"", ""actionDate"" DESC, id DESC)",False,False,True,True,False,False,3,3,False,,8192,0,0,0,
plm,nbcu_character,idx_nbcu_character_core_character,CREATE INDEX idx_nbcu_character_core_character ON plm.nbcu_character USING btree (core_character_id) WHERE (core_character_id IS NOT NULL),False,False,True,True,True,False,1,1,False,,8192,2,0,0,2026-09-03 09:23:27.096342-04
public,hts_rag_product_examples,hts_rag_product_examples_family_idx,"CREATE INDEX hts_rag_product_examples_family_idx ON public.hts_rag_product_examples USING btree (product_family, created_at DESC)",False,False,True,True,False,False,2,2,False,,8192,0,0,0,
plm,rfq_group,rfq_group_pkey,CREATE UNIQUE INDEX rfq_group_pkey ON plm.rfq_group USING btree (id),True,True,True,True,False,False,1,1,True,f,8192,0,0,0,
plm,reference_value,reference_value_pkey,CREATE UNIQUE INDEX reference_value_pkey ON plm.reference_value USING btree (id),True,True,True,True,False,False,1,1,True,p,8192,0,0,0,
dflow_prod,users,users_pkey,CREATE UNIQUE INDEX users_pkey ON dflow_prod.users USING btree (id),True,True,True,True,False,False,1,1,True,f,8192,0,0,0,
plm,sample_attachment,idx_sample_attachment_sample_id_fk,CREATE INDEX idx_sample_attachment_sample_id_fk ON plm.sample_attachment USING btree (sample_id_fk),False,False,True,True,False,False,1,1,False,,8192,0,0,0,
plm,marvel_asgard_character,marvel_asgard_character_source_key_uidx,CREATE UNIQUE INDEX marvel_asgard_character_source_key_uidx ON plm.marvel_asgard_character USING btree (source_character_key) WHERE (source_character_key IS NOT NULL),True,False,True,True,True,False,1,1,False,,8192,0,0,0,
core,property_character_associations,property_character_associations_pkey,"CREATE UNIQUE INDEX property_character_associations_pkey ON core.property_character_associations USING btree (property_id, character_id)",True,True,True,True,False,False,2,2,True,p,8192,0,0,0,
dflow_prod,item_character_associations,idx_item_character_associations_character_id,CREATE INDEX idx_item_character_associations_character_id ON dflow_prod.item_character_associations USING btree (character_id),False,False,True,True,False,False,1,1,False,,8192,0,0,0,
auth,oauth_clients,oauth_clients_deleted_at_idx,CREATE INDEX oauth_clients_deleted_at_idx ON auth.oauth_clients USING btree (deleted_at),False,False,True,True,False,False,1,1,False,,8192,0,0,0,
dflow_prod,dflow_prod.properties_and_characters,idx_properties_name,CREATE INDEX idx_properties_name ON dflow_prod.properties_and_characters USING btree (name),False,False,True,True,False,False,1,1,False,,8192,0,0,0,
plm,sesame_category,sesame_category_guide_level_idx,CREATE INDEX sesame_category_guide_level_idx ON plm.sesame_category USING btree (capture_id) WHERE is_guide_level,False,False,True,True,True,False,1,1,False,,8192,0,0,0,
plm,pmt_character,idx_pmt_character_core,CREATE INDEX idx_pmt_character_core ON plm.pmt_character USING btree (core_character_id) WHERE (core_character_id IS NOT NULL),False,False,True,True,True,False,1,1,False,,8192,2,0,0,2026-09-03 09:23:27.096342-04
plm,sesame_category,sesame_category_parent_idx,"CREATE INDEX sesame_category_parent_idx ON plm.sesame_category USING btree (capture_id, parent_category_source_id)",False,False,True,True,False,False,2,2,False,,8192,0,0,0,
plm,reference_value,reference_value_family_source_system_source_table_source_id_key,"CREATE UNIQUE INDEX reference_value_family_source_system_source_table_source_id_key ON plm.reference_value USING btree (family, source_system, source_table, source_id) NULLS NOT DISTINCT",True,False,True,True,False,False,4,4,True,u,8192,0,0,0,
plm,dcp_load_exception,idx_dcp_load_exception_reason_code,CREATE INDEX idx_dcp_load_exception_reason_code ON plm.dcp_load_exception USING btree (reason_code),False,False,True,True,False,False,1,1,False,,8192,0,0,0,
plm,lucasfilm_dcp_asset_tile_observation,idx_lucasfilm_dcp_asset_tile_obs_section,CREATE INDEX idx_lucasfilm_dcp_asset_tile_obs_section ON plm.lucasfilm_dcp_asset_tile_observation USING btree (crawl_section_id) WHERE (crawl_section_id IS NOT NULL),False,False,True,True,True,False,1,1,False,,8192,0,0,0,
dam,style_group,style_group_pkey,CREATE UNIQUE INDEX style_group_pkey ON dam.style_group USING btree (id),True,True,True,True,False,False,1,1,True,p,8192,0,0,0,
plm,dcp_property,idx_dcp_property_core,CREATE INDEX idx_dcp_property_core ON plm.dcp_property USING btree (core_property_id) WHERE (core_property_id IS NOT NULL),False,False,True,True,True,False,1,1,False,,8192,0,0,0,
plm,nbcu_asset,idx_nbcu_asset_dam_asset,CREATE INDEX idx_nbcu_asset_dam_asset ON plm.nbcu_asset USING btree (dam_asset_id) WHERE (dam_asset_id IS NOT NULL),False,False,True,True,True,False,1,1,False,,8192,0,0,0,
dflow_archive,AuditLog,AuditLog_action_date_idx,"CREATE INDEX ""AuditLog_action_date_idx"" ON dflow_archive.""AuditLog"" USING btree (""actionType"", ""actionDate"" DESC, id DESC)",False,False,True,True,False,False,3,3,False,,8192,0,0,0,
dflow_prod,art_types,art_types_name_key,CREATE UNIQUE INDEX art_types_name_key ON dflow_prod.art_types USING btree (name),True,False,True,True,False,False,1,1,True,u,8192,0,0,0,
realtime,messages_2026_09_03,messages_2026_09_03_inserted_at_topic_idx,"CREATE INDEX messages_2026_09_03_inserted_at_topic_idx ON realtime.messages_2026_09_03 USING btree (inserted_at DESC, topic) WHERE ((extension = 'broadcast'::text) AND (private IS TRUE))",False,False,True,True,True,False,2,2,False,,8192,0,0,0,
plm,taxonomy_parallel_observation,plm_taxonomy_parallel_observation_nondrill_idx,CREATE INDEX plm_taxonomy_parallel_observation_nondrill_idx ON plm.taxonomy_parallel_observation USING btree (observed_at DESC) WHERE (is_drill = false),False,False,True,True,True,False,1,1,False,,8192,0,0,0,
app,activity,activity_pkey,CREATE UNIQUE INDEX activity_pkey ON app.activity USING btree (id),True,True,True,True,False,False,1,1,True,p,8192,0,0,0,
plm,lucasfilm_dcp_load_exception,lucasfilm_dcp_load_exception_pkey,CREATE UNIQUE INDEX lucasfilm_dcp_load_exception_pkey ON plm.lucasfilm_dcp_load_exception USING btree (id),True,True,True,True,False,False,1,1,True,p,8192,0,0,0,
plm,twentieth_century_dcp_property,idx_twentieth_century_dcp_property_core,CREATE INDEX idx_twentieth_century_dcp_property_core ON plm.twentieth_century_dcp_property USING btree (core_property_id) WHERE (core_property_id IS NOT NULL),False,False,True,True,True,False,1,1,False,,8192,0,0,0,
plm,art_piece_item,art_piece_item_pkey,CREATE UNIQUE INDEX art_piece_item_pkey ON plm.art_piece_item USING btree (id),True,True,True,True,False,False,1,1,True,p,8192,0,0,0,
dflow,sample_stop_closeout,sample_stop_closeout_pkey,CREATE UNIQUE INDEX sample_stop_closeout_pkey ON dflow.sample_stop_closeout USING btree (closeout_id),True,True,True,True,False,False,1,1,True,f,8192,0,0,0,
app,comment,comment_pkey,CREATE UNIQUE INDEX comment_pkey ON app.comment USING btree (id),True,True,True,True,False,False,1,1,True,p,8192,0,0,0,
dam,style_guide_file,idx_style_guide_file_style_guide_id,CREATE INDEX idx_style_guide_file_style_guide_id ON dam.style_guide_file USING btree (style_guide_id) WHERE (style_guide_id IS NOT NULL),False,False,True,True,True,False,1,1,False,,8192,0,0,0,
dflow_prod,Roles,Roles_pkey,"CREATE UNIQUE INDEX ""Roles_pkey"" ON dflow_prod.""Roles"" USING btree (""Id"")",True,True,True,True,False,False,1,1,True,f,8192,0,0,0,
dflow,sample_stop_closeout,sample_stop_closeout_sample_id_fk_location_type_location_id_key,"CREATE UNIQUE INDEX sample_stop_closeout_sample_id_fk_location_type_location_id_key ON dflow.sample_stop_closeout USING btree (sample_id_fk, location_type, location_id, revision)",True,False,True,True,False,False,4,4,True,u,8192,0,0,0,
plm,marvel_dcp_style_guide,uq_marvel_dcp_style_guide_source_guide_id,"CREATE UNIQUE INDEX uq_marvel_dcp_style_guide_source_guide_id ON plm.marvel_dcp_style_guide USING btree (source_system, source_guide_id) WHERE (source_guide_id IS NOT NULL)",True,False,True,True,True,False,2,2,False,,8192,0,0,0,
vault,secrets,secrets_name_idx,CREATE UNIQUE INDEX secrets_name_idx ON vault.secrets USING btree (name) WHERE (name IS NOT NULL),True,False,True,True,True,False,1,1,False,,8192,0,0,0,
dflow,sample_stop_closeout,sample_stop_closeout_pkey,CREATE UNIQUE INDEX sample_stop_closeout_pkey ON dflow.sample_stop_closeout USING btree (closeout_id),True,True,True,True,False,False,1,1,True,p,8192,0,0,0,
dam,style_group,style_group_source_system_source_id_key,"CREATE UNIQUE INDEX style_group_source_system_source_id_key ON dam.style_group USING btree (source_system, source_id) NULLS NOT DISTINCT",True,False,True,True,False,False,2,2,True,u,8192,0,0,0,
plm,taxonomy_resolution_review,plm_taxonomy_resolution_review_canonical_licensor_uidx,"CREATE UNIQUE INDEX plm_taxonomy_resolution_review_canonical_licensor_uidx ON plm.taxonomy_resolution_review USING btree (proposed_licensor_id) WHERE ((finding_scope = 'canonical_only'::text) AND (entity_type = 'licensor'::text) AND (proposed_licensor_id IS NOT NULL) AND (status = ANY (ARRAY['open'::text, 'quarantined'::text, 'conflict'::text])))",True,False,True,True,True,False,1,1,False,,8192,0,0,0,
plm,lucasfilm_dcp_crawl_gap,lucasfilm_dcp_crawl_gap_pkey,CREATE UNIQUE INDEX lucasfilm_dcp_crawl_gap_pkey ON plm.lucasfilm_dcp_crawl_gap USING btree (id),True,True,True,True,False,False,1,1,True,p,8192,0,0,0,
dflow_archive,AuditLog,AuditLog_date_idx,"CREATE INDEX ""AuditLog_date_idx"" ON dflow_archive.""AuditLog"" USING btree (""actionDate"" DESC, id DESC)",False,False,True,True,False,False,2,2,False,,8192,0,0,0,
coldlion,change_log,coldlion_change_log_table_changed_idx,"CREATE INDEX coldlion_change_log_table_changed_idx ON coldlion.change_log USING btree (table_name, changed_at DESC)",False,False,True,True,False,False,2,2,False,,8192,0,0,0,
dflow_prod,art_types,art_types_code_key,CREATE UNIQUE INDEX art_types_code_key ON dflow_prod.art_types USING btree (code),True,False,True,True,False,False,1,1,True,u,8192,0,0,0,
dflow_prod,art_piece,art_piece_pkey,CREATE UNIQUE INDEX art_piece_pkey ON dflow_prod.art_piece USING btree (id),True,True,True,True,False,False,1,1,True,p,8192,0,0,0,
coldlion,sync_run,sync_run_pkey,CREATE UNIQUE INDEX sync_run_pkey ON coldlion.sync_run USING btree (id),True,True,True,True,False,False,1,1,True,f,8192,0,0,0,
coldlion,window_ledger,coldlion_window_ledger_identity_unique,"CREATE UNIQUE INDEX coldlion_window_ledger_identity_unique ON coldlion.window_ledger USING btree (endpoint, company_code, window_from)",True,False,True,True,False,False,3,3,True,u,8192,0,0,0,
dflow_prod,art_piece_attachment,art_piece_attachment_pkey,CREATE UNIQUE INDEX art_piece_attachment_pkey ON dflow_prod.art_piece_attachment USING btree (id),True,True,True,True,False,False,1,1,True,p,8192,0,0,0,
plm,sesame_asset_sub_brand,sesame_asset_sub_brand_value_idx,"CREATE INDEX sesame_asset_sub_brand_value_idx ON plm.sesame_asset_sub_brand USING btree (capture_id, field_generation, value_key)",False,False,True,True,False,False,3,3,False,,8192,0,0,0,
core,style_guide,style_guide_pkey,CREATE UNIQUE INDEX style_guide_pkey ON core.style_guide USING btree (id),True,True,True,True,False,False,1,1,True,f,8192,0,0,0,
dflow_prod,art_piece,art_piece_art_number_key,CREATE UNIQUE INDEX art_piece_art_number_key ON dflow_prod.art_piece USING btree (art_number),True,False,True,True,False,False,1,1,True,u,8192,0,0,0,
crm,opportunity,opportunity_external_source_external_id_key,"CREATE UNIQUE INDEX opportunity_external_source_external_id_key ON crm.opportunity USING btree (external_source, external_id) NULLS NOT DISTINCT",True,False,True,True,False,False,2,2,True,u,8192,0,0,0,
app,file_object,file_object_source_system_source_table_source_id_key,"CREATE UNIQUE INDEX file_object_source_system_source_table_source_id_key ON app.file_object USING btree (source_system, source_table, source_id) NULLS NOT DISTINCT",True,False,True,True,False,False,3,3,True,u,8192,0,0,0,
coldlion,sync_run,sync_run_pkey,CREATE UNIQUE INDEX sync_run_pkey ON coldlion.sync_run USING btree (id),True,True,True,True,False,False,1,1,True,p,8192,0,0,0,
core,packaging_type,packaging_type_code_key,CREATE UNIQUE INDEX packaging_type_code_key ON core.packaging_type USING btree (code) WHERE (code IS NOT NULL),True,False,True,True,True,False,1,1,False,,8192,0,0,0,
dflow_prod,UIElements,UIElements_pkey,"CREATE UNIQUE INDEX ""UIElements_pkey"" ON dflow_prod.""UIElements"" USING btree (""Id"")",True,True,True,True,False,False,1,1,True,f,8192,0,0,0,
dflow_prod,vendor,vendor_pkey,CREATE UNIQUE INDEX vendor_pkey ON dflow_prod.vendor USING btree (vendor_id),True,True,True,True,False,False,1,1,True,p,8192,0,0,0,
net,_http_response,_http_response_created_idx,CREATE INDEX _http_response_created_idx ON net._http_response USING btree (created),False,False,True,True,False,False,1,1,False,,8192,0,0,0,
realtime,messages,messages_pkey,"CREATE UNIQUE INDEX messages_pkey ON ONLY realtime.messages USING btree (id, inserted_at)",True,True,True,True,False,False,2,2,True,p,0,,,,
realtime,messages,messages_inserted_at_topic_index,"CREATE INDEX messages_inserted_at_topic_index ON ONLY realtime.messages USING btree (inserted_at DESC, topic) WHERE ((extension = 'broadcast'::text) AND (private IS TRUE))",False,False,True,True,True,False,2,2,False,,0,,,,
